index,comment,sentiment,emotion
0,Wait first let me buy a gaming laptop so that I can spend my time in lockdown well.,1,enthusiasm
1,I dont even care anymore at this rate just kill me,-1,sad
2,"I’m a Pediatric Pulmonary RN. This is NOT a new virus. This is already very well established in the US. From Wikipedia:

“As of 2016, it was the second most common cause (after respiratory syncytial virus (RSV)) of acute respiratory tract illness in otherwise-healthy children under the age of 5 in a large US outpatient clinic.[3]”

We’ve already reached some sort of equilibrium with this virus in our population. China is just having a local epidemic. Which is different from a pandemic. I know everyone’s still a bit traumatized by Covid 19, but this is not equivalent. Please, stop spreading unfounded fear.",0,relief
3,"![gif](giphy|1B96DyGOryGLKFb1HQ)

We got something else on our minds",0,unemotional
4,"""new""",0,unemotional
5,"Being lockdown with GTA 6, Damn.",1,joy
6,![gif](giphy|p7ESzgUi7li93Hxjte|downsized),0,unemotional
7,Because it’s not fucking new,-1,anger
8,"Bro what.... this virus has been identified in 2001. Its not a new virus at all. Perhaps there was the first significant number of infections more recently, but we're all pretending this is something new that doctors have never seen before like covid",0,unemotional
9,"Oh you want me to take another multi-month staycation to play videogames for 16 hours a day?

Say it ain't so",-1,disgust
10,Not new and didn't start in China,,
11,"Not again bro, The pandemic took years of my 20s",-1,sad
12,"Tbh, I kinda enjoyed the covid years.",1,relief
13,"""The clinical features and severity of HMPV are similar to those of RSV""

So yes, it is a joke.",-1,anger
14,Is coffin dance coming back though?,0,surprise
15,It isn't a new virus. Jesus fucking Christ social media really sucks nowadays,-1,anger
16,Why be afraid when you can embrace the sweet release of death?,-1,sad
17,No way we got pandemic s2 before gta6,-1,suprise
18,That's what happens when people can't catch a break. Life's been so bad lately I wouldn't mind a virus hitting me at this point.,-1,sympathy
19,"God, Bro just gave up and go play rebel inc instead, you suck ass at plague inc",-1,anger
20,"HMPV is nothing. Like a cold, lasts 2-5 days, and goes away on its own. It is not something to be concerned with.",1,relief
21,The sad stuff about this is most 'internet people' actually miss the pandemic and lockdown. And they would be happy if it happens again.,-1,sad
22,This virus is not new and was first identified in 2001 in the Netherlands.,1,relief
23,"Every few years there is a new virus that will supposedly cause a pandemic, but only one did so far",-1,disgust
24,"I mean yeah, it's the internet of course we'll make memes.

And NGL even if the virus spread around it ain't reaching covid levels, people and companies and governments are significantly more used to dealing with lockdowns.",0,unemotional
25,"Aww shit, here we go again",-1,disgust
26,Hmpv isn't new,0,unemotional
27,![gif](giphy|j6ZlX8ghxNFRknObVk|downsized),0,unemotional
28,We didn't learn anything from covid,-1,anger
29,"Yes, it is a bloody joke.",-1,disgust
30,This virus comes from people with doo doo breath,-1,disgust
31,"It’s not a new virus 

That’s why you have a name for it. HMPV. Bc it’s not new.",-1,disgust
32,The fuck do you want me to do?,-1,anger
33,"Yes, yes you are a joke to me, because you are a mere common little pshetic virus

I am laughing",1,joy
34,"Why should we be afraid? It's a common cold and even experts say not to bother worrying about it. Its effects are known to mostly be mild.

Covid was borderline worth the lockdowns it caused; it really was quite lethal in people of poor health and the elderly, and also seemed to randomly be more deadly in healthy people. With that said, I think many people agree now that we may have gone abit far after not reacting quickly enough to quell it before it really got going.

The media is just causing panic, again, for clicks. It's highly unethical and should be against journalistic integrity. But, I guess that integrity went out the window when 24/7 media became a thing.",0,unemotional
35,"Chill 2120 is far away, and as we know all big plague outbreaks happen once every 100 years(1720 plague, 1820 cholera, 1920 bird flu, 2020 covid)",1,joy
36,"Fool me once shame on you, fool me twice shame on meme, fool me thrice... uhhh crap, gna need more meme ideas",1,joy
37,Not again. Not doing this a second time...,-1,fear
38,"And what are we going to do about it? We have an administration coming in that doesn’t believe in inoculating against health threats. A president who espoused drinking bleach, and trying to illuminate our interiors to kill coronavirus. What a tool. He’s going to take us out of the World Health Organization and cut us off from the rest of the world because that’s what fascists do. 15 million voters didn’t come out in support of a Democratic candidate. But they do support this clown show.",-1,anger
39,"We need to meme every virus going forward. Less we want to be under a 2 week, years long lock down again. Some of you may die. But that's a risk I'm willing to take.",0,unemotional
40,"Aren't the risks of a pandemic in both cases (H5N1 and HMPV) low? H5N1 needs a mutation for human-human transmission and countries are already stockpiling vaccines just in case, and HMPV isn't nearly as lethal as Covid and usually mild in healthy adults (which doesn't mean it's not a threat, but compared to how many regular adults were knocked out due to covid its a good sign).",0,unemotional
41,Gotta admit the covid lockdown was one of my favourite times.. xd,1,joy
42,I blame the same president that was in office during our 2020 lockdown,-1,anger
43,"This meme has big 2020 energy

We're screwed",0,joy
44,Anyone got any bleach left over from Covid? We can just inject that right? Maybe drink it this time?,-1,disgust
45,Atleast this time people might listen and not die,0,unemotional
46,lol I chuckled,1,fear
47,"I thought it was just one of those viruses that are already go around during this time of year. The Flu and common cold aren't the only common sicknesses.


Maybe I'm thinking of something else, but I didn't think it was a new virus.",1,sympathy
48,Hell naw. This is MY pandemic. All y’all got to lockdown and have fun while we still had to work and keep the city running. This time you guys work and we get to lock down for 2 weeks.,-1,fear
49,😂😂😂,1,sympathy
50,We already had that one. It was called COVID.,0,unemotional
51,Dude hmpv is a weak virus that causes cold-like symptoms. Stop fear mongering.,-1,sad
52,Again?,0,unemotional
53,"I didn't know they are making pandemic season 2
What's the time release though?",1,sympathy
54,"New pandemic my ass, remember Monkeypox? Everyone was talking about it during August to September period, and then everyone forgot.",-1,fear
55,[removed],0,unemotional
56,"The world rn: ""I GUESS HISTORY ISN'T HAPPENING HARD ENOUGH FOR YOU TO LEARN FROM IT!""",1,happy
57,Essential worker pay and stimmy checks lez goooo,1,sympathy
58,Sometimes I miss early 2020 when things seemed like we wouldnt get out again. Everything slowed down. All the boys were always online. It was a great time for gamers.,1,sad
59,"""How many times do we have to teach you this lesson old man!""",0,enthusiasm
60,It's gallows humor.,1,anger
61,H1N1 spread out in USA a few month ago? Avian flu and others?,1,sympathy
62,"the neural net is broke...

its scrambling",1,fear
63,"![gif](giphy|b6GZTb2n25pl716ZMZ|downsized)

I'm all in",1,sympathy
64,Aew we gonna get a second lock down before GTA6?,1,sympathy
65,There's a zero percent chance people are complying with a 2nd round of lockdowns 😂,0,unemotional
66,China is in the middle of a cold and harsh winter so there’s obviously plenty of people getting sick at the same time and this ain’t a new virus either so don’t freak out just yet.,1,anger
67,Getting afraid weakens your immune system,1,sympathy
68,Well I’ve already had two close brushes with death recently so nah I’d win,0,unemotional
69,Time to get that sweet pandemic paycheck,0,unemotional
70,Afraid of what? Being locked up? Dying? We are already past that.,0,fear
71,What's going on in China??,0,unemotional
72,"Remember when people were saying COVID was just like the flu? (Spoiler: it wasn't)

This is like that, except it actually is just like a bad flu.",1,sympathy
73,Wfh brotha ... the bump in internet usage is gonna be a boon for tech jobs as well,0,unemotional
74,And thus balance has been restored,0,unemotional
75,Why is it china again? I thought india was next,0,unemotional
76,"I got this in September last year and wound up getting viral pneumonia.

My partner kept telling me I was way worse than I thought, and now I have to listen to her in the future lol.",0,unemotional
77,"Liverpool favorites for winning the league, it all makes sense now",0,unemotional
78,not even a new virus,1,sympathy
79,"Just let it go. I will sacrifice myself to this virus. Almost died from covid, might try again as well.
Maybe some corpo rich bastards will also perish.",0,unemotional
80,Season 2?,1,sympathy
81,[removed],1,joy
82,Oh goody- I was wondering what the bio-terror manufacturers have been up to after their big hit.,1,sympathy
83,The world is so unserious now that if a deadly asteroid was heading towards earth we’d make memes about it as well,1,joy
84,It's basically the flu.,0,fear
85,"Please, it's bird flu we have to worry about now, not HMPV.",1,fear
86,Yes virus. Yes you are a joke to me,-1,surprise
87,"Hey wait, I saw this about 5 years ago, and everyone shrugged and said it wasn't china's fault.",1,fear
88,"i might get downvoted or smth for this, but people always say india is so unhygienic when covid, hmpv, sars, etc viruses all originated from china and nobody says anything about that. nothing against china, just doesn’t make much sense",1,sympathy
89,Back to wanking and gaming all day woo hoo !!!,1,happy
90,Lock down the world and sink the global economic system over whats a basically a cold and good luck getting the public to trust you again. Classic boy who cried wolf,1,sympathy
91,"I'm watching you, Wazowski.",0,unemotional
92,">Virus: am i a joke to you?

Only until you kill me.",1,joy
93,"Covid was an overblown scam. Why would we fall for that shit twice? Unvaxxed and unfazed, baby!",0,unemotional
94,Not again,-1,anger
95,Mike washouskey,1,sympathy
96,"It's just right wingers pumping up the propaganda to try to get people to overreact so in 2 years they can go ""wow those people are dumb"".",-1,sad
97,"""i've play this game before""😭😭",1,sympathy
98,You realize almost all recent viral threats have been in some way experimented with gain of function in a lab setting before infecting outside the lab? It’s intentional.,1,sympathy
99,"No need to worry guys . It was first discovered in 2001 , it's not a new virus which came into existence. But one thing ,there is no vaccine for HMPV 💀",0,unemotional
100,"I am less than one month away from my trip to Japan... don't screw it up

![gif](giphy|617YFOSF9TvTmyInAj)",0,unemotional
101,![gif](giphy|kqJt1cSSN0DrwwMmY5|downsized),0,unemotional
102,"I wouldn't mind another pandemic and lockdown, big chilling",1,enthusiasm
103,If you read anything about it you know there is nothing to fear,1,relief
104,"Bring back coffin dance, that cat vibing Turkish drum man, Among Us, Fall Guys …Squid Games is already back 💀",1,joy
105,It's not a new virus. Been around for 25 years.,0,unemotional
106,"Well worry but everyone! We elected a president that takes pandemics seriously and professionally so it's chill 




On an unrelated note does anybody know a good therapist?",0,unemotional
107,"Our leaders were too stupid to do anything last time, other than fuck up small businesses and print money for the wealthy.

Why should we stop life again?",-1,anger
108,Bruhh we’re cooked like a jack rabbit on a skillet in the middle of July!,-1,fear
109,Hold up. Let me upgrade my pc. I can't stay inside with such a potato.,1,enthusiasm
110,We made memes of covid,0,unemotional
111,Cringe not funny,-1,disgust
112,"2020 changed everything, now we know what to do.",1,relief
113,Memes are our only coping mechanism against forces beyond our control.,0,unemotional
114,"Well, looks like it's round two",-1,fear
115,I WILL NEVER FORGIVE THE JAPANESE,-1,anger
116,anger,0,fear
117,I have it right now it kinda sucked painful cough but over it in 3 days,0,relief
118,I want panic until there’s a toilet roll shortage,-1,anger
119,Thia vírus is an old vírus. There is no risk to became an epidemic,0,unemotional
120,Looks like virus is going to have a late winter arc boys.,0,unemotional
121,"As big of a joke as the last one was, yeah",-1,disgust
122,"That thing is just a flu, anyone want to stay inside just do it, just fuck off my back.",-1,anger
123,"“They” will keep tweaking and mutating new viruses until it kills off enough people to keep the population under control. Mainly kill off the immune suppressed and elderly, which is costing all governments more than they can afford.",-1,fear
124,Definitely calling this one the China Virus,-1,anger
125,Waiting for March...,0,unemotional
126,a meme Abt a meme,0,unemotional
127,We did this for Covid 19 …………..,0,unemotional
128,"Please just kill everyone, we all deserve to die anyway.",-1,sad
129,Some grey hairs as it’s 24 years old.,0,unemotional
130,We’re cooked like some bacon 😭😂,-1,sad
131,"That's part of the psyop. 


Americans showed the world who (which demographics) you should target if you want your virus to spread quickly.

Just try to target events where people don't take it seriously.",-1,anger
132,"I hope we get another one, I got ripped off on the last one and still had to go to work",-1,anger
133,This is just a common respiratory virus with the same severity as RSV.,0,unemotional
134,YOU FOOL. I SURVIVED COVID.,0,unemotional
135,It’s not new,0,unemotional
136,Looks like DJT to me! LOL,0,unemotional
137,"Will the virus make housing cheaper? How about groceries? If not, big deal.",-1,disgust
138,Why is it always China… also well ain’t that just great,-1,anger
139,Deja vu,0,unemotional
140,This is what they call... immunity,0,unemotional
141,Well yea it is a god damn joke. I'm just wondering how come all the new viruses come from china?,-1,disgust
142,Pandemic round 2! Lets gooo! This time lets hope it gets all the geezers I’m congress holding the US back!,-1,anger
143,"Can I get an apartment, ps5 and be mostly done with college before the next pandemic plz?",0,unemotional
144,"Literally the only people I'm aware of talking about this are meme subs. The news of all people aren't talking about it and I haven't seen scientists talking about it. Tf are you talking about?


Insert someone sending some random link to a tweet ",0,unemotional
145,What’s funny is shouldn’t we be way more scared of the chance that the bird flu mutates and becomes airborne?,-1,fear
146,test failed ok lets do it again...,0,unemotional
147,Sur your forgetting that I ate Flintstones vitamins as a child henceforth I am unkillable,0,
148,and somehow Instagram keep recommending me china reels as it's normal 😑,-1,disgust
149,"The number of times I've read the ""new virus in China"" headline since Covid is insanely high. The number of times it actually proved to be anything? Zero.",0,unemotional
150,Not again I still remember those lockdown days bohot ke liye that phase was great na exams na school but for many it was horrible phase many lost their close ones one of my classmate lost his father my parents were covid positive I still get scared thinking abt those days abhi bohot log kahenge ki wapas se lockdown lg jaye exam cancel hojaye but they don't know how much people will suffer,-1,fear
151,HMPV is literally just the common cold...,0,unemotional
152,"This is a 20yr old virus that has peaked in previous years, simlar to RSV.  Panic is new, the virus is not.",0,unemotional
153,"""H1N5 has entered the chat""",0,unemotional
154,I see people are already jerking off to the next fear porn session,-1,disgust
155,Time to stock up on toilet paper,0,unemotional
156,Thought we couldn’t say virus’s came from China,-1,disgust
157,what happend,0,unemotional
158,"Mm, new, totally not fabricated (again), excuse for keeping population occupied with ""justified"" right to oppress people.",-1,anger
159,"Yes, common cold, you are a joke",-1,disgust
160,Maybe it's because COVID was a big joke.,-1,disgust
161,It's not a new virus. The fact we already know what it is would indicate it's not exactly new.,0,unemotional
162,"Fool me once shame on you, fool me twice….",-1,anger
163,I mean being afraid does nothing. Atleast making memes makes us laugh 🤷🏽‍♂️,0,unemotional
164,There is definitely a fear campaign going on to make people extremely nervous about this virus for no reason. People need to pay attention. This is not a new virus.,0,unemotional
165,"Yeah nobody is gunna fall for it again. Everyone remembers how governments tried to spin that into total dictatorship. 

A lot of people are going to die questioning the legitimacy of diseases for generations because of the damage done by that.",-1,feaer
166,What if the life we live now is the virus 🤔,0,surprise
167,"Remember, if the media starts fearmongering, it's trivial in reality.


If the media starts saying it definitely isn't a big deal, * that's * when you start worrying.",1,relief
168,Every winter.,0,unemotional
169,stop eating authentic shit!,-1,disgust
170,Can we get zombies this time 🥹,1,enthusiasm
171,"Viruses and shit suck.  But people need to chill.  Eat properly(chicken noodles soup and plenty of liquids), get rest, etc.  Unless youre unhealthy, most people can survive shit that's not outright AIDS.",0,sympathy
172,"Being afraid won't help anything, all we can do is wait and see. Gallows humor is a natural response to feeling powerless and coping with difficult situations.",1,relief
173,"Yeah it is a joke at this point we haven't nuked China over the viral attack they perpetrated against the rest of the world in 2020.  And now another pandemic is upon us and where has it started? Oh China again?  HEY CHINA!!! Put the cute little vial down, you obviously will never know what you are doing, and there's no point in trying anymore go back to making cheap junk that will be thrown in the garbage heap in a week.  You were better at that.",-1,anger
174,Definitely making sure I get some premium toilet paper so I have currency to trade with,1,enthusiasm
175,😂,1,joy
176,Isn't hmpv the common cold?,0,unemotional
177,I HAVE PLAYED THESE GAMES BEFORE,0,unemotional
178,Not a new virus.,0,unemotional
179,"Yall please take this seriously. The last time we didn't bill gates said ""next time they'll see"" and he will engineer more vicious virus",-1,fear
180,Ah shit here we go again,-1,disgust
181,Boy who cried wolf. Response to Covid was so overblown people are either not going to take the next one seriously or are still double-masking daily.,-1,anger
182,"""Possible pandemic""

""As of 2016, it was the second most common cause (after respiratory syncytial virus (RSV)) of acute respiratory tract illness in otherwise-healthy children under the age of 5 in a large US outpatient clinic.""

![gif](giphy|B2Rojmkel8EcE)",0,unemotional
183,What does being afraid serve anyone? Show no fear. Fear is useless.,1,relief
184,Hahahha @eightpancakes you would block me cause you're a complete fucking idiot. Here's my reply since you blocked me. I dont think your life is though that's why you sit on your keyboard talking shit on reddit. Judging by your comments that's all you do is troll to make yourself feel better. Sad sad existence. Bet you can't even afford a house let alone a car in the uk. You probably still live with your mum in her flat because you're still jerking it to fucking pics of the queen. Bet you have no idea how vaccines work other than what some dipshit on the TV told you,-1,anger
185,Can we throw China away yet,-1,anger
186,Except it isn't a new pandemic do some research please.,0,unemotional
187,"“Instead of being afraid”

Like being scared is going to solve anything",1,relief
188,Bruh I'm training to be a first responder rn I do not need this,0,unemotional
189,"Oh, trust me, we're plenty afraid.",-1,fear
190,"Another vaccine won't hurt, we're already bugged at this point",1,enthusiasm
191,[deleted],0,unemotional
192,Are ya guys ready for round two? -God probably,0,surprise
193,"Until I'm dead, kinda.",-1,fear
194,![gif](giphy|D71E9uMpHp292),0,unemotional
195,"Ffs, **IT'S NOT NEW.** It's a very common virus",-1,anger
196,Pufferfish comin for us all,-1,fear
197,Some one tell the virus to spread quicker I want lockdown back.,1,enthusiasm
198,"Another day, another virus that’s been around longer than most of us. The media loves a good panic, but let’s remember that this one is just another respiratory virus making its rounds. We’ve dealt with worse and will keep on living.",0,unemotional
199,Well it's like the 76th one China has pumped out in like the last 6 years weed be more afraid if it didn't happen every other fucking month,-1,anger
200,We doing another lock down? I'm just going to buy a bidet to circumvent the tp hoarders.,0,unemotional
201,"NFT ? Crypto ? Bitcoins ? 

Nah toilet paper is where the value will be, I assure you",1,enthusiasm
202,🤣🤣🤣🤣🤣,1,joy
203,Wanna be scientists are already on X with their charts on how the virus isn't harmful and less dangerous than COVID and whatever...,-1,disgust
204,Wait wait i wanna get a new pc please don’t fuck up the prices,-1,fear
205,Wait again?,0,surprise
206,"Every year is the same, they wish to be on lockdown again, even if their memes say otherwise.",0,unemotional
207,And we’re about to have the worst possible people in charge to handle it,-1,anger
208,I mean its around for 25 years now,0,unemotional
209,Scapegoat for the actual terrifying potential imminent bird flu mutations,-1,fear
210,"I can't do anything about a virus in china, even If It become a pandemic, Being afraid Will not change anything so the best Cope IS Just make memes about it",1,relief
211,"Tedros, go! Bark! Go bite! Good boy, now sit!",-1,disgust
212,And with the annoying orange in presidency hes going to ignore it like covid. Except this time we wont be getting any vaccines.,-1,anger
213,This crap again? Dont fall for it again or its your own fault.,-1,disgust
214,It’s debatable if a virus is alive I really don’t think it would care if we make fun of them,0,unemotional
215,I will not be afraid of ‘His Majesty’s Piss Virus’,-1,anger
216,"They say its just a cold, but I’m not taking any chances. Especially if its the type that mutates a lot. 

People tried to downplay Covid when it first dropped too.",-1,fear
217,Does anything good even come out of China?,-1,disgust
218,Abb to addat hoga hai har sal sunne ka,-1,sad
219,"![gif](giphy|6ILjOfJ1oL7NAc9SQ7)

aw shit, here we go again",-1,disgust
220,[removed],0,unemotional
221,LOCKDOWN 2 ELECTRIC BOOGALOO LET'S GO!,1,enthusiasm
222,Isnt not a new virus its a particularly bad outbreak of a virus we have known about for decades.,0,unemotional
223,…new..????,0,surprise
224,Bring it on. Everyone that wants to hide can hide in their homes. I’ll be out there killing it just like last time.,1,enthusiasm
225,As an American I only feel bad for the healthcare workers who are going to need to treat racist assholes screaming about their personal freedoms before they kick the bucket.,-1,sympathy
226,Again?,0,surprise
227,"Guys, do some actual research HMPV is not a big deal. Wash your hands",0,unemotional
228,Is this Round 2?,0,surprise
229,I mean we did that the first time too,0,unemotional
230,"The world to China: “1 time is funny, 2 times is fucking annoying, no?”",-1,anger
231,Already got the worst flu of my life this year. Made Covid look like a mild coughing fit. Bring it.,1,enthusiasm
232,What good is being afraid going to do? Might as well make a meme.,1,relief
233,"Other than you know all the deaths, lock down life was dope",1,joy
234,That’s all anyone fucking does about anything anymore.,-1,disgust
235,"""Ah shit here we go again""",-1,disgust
236,"
HMPV is a strain of the common cold.",0,unemotional
237,More like a return…,0,unemotional
238,"I didn't give a shit in 2020, I won't give a shit in 2025",-1,disgust
239,I’ve defeated viruses by drinking entire strains under the table <3 #stopfearmongering,1,joy
240,The amount of misinformation people are ready to share is astounding. Whatever happened to fact checking?,-1,disgust
241,Pandemic my dick,-1,anger
242,"Wait,is that Matt Gaetz?",0,surprise
243,science has known about this one for years.  it's not new.  just sensationalism.  We should be more concerned about that bird flu strain.,0,unemotional
244,"If you can’t beat them, meme them",1,enthusiasm
245,"you know what this year is already worse than 2024, why not do this? why shouldn't we have a worldwide pandemic? what even are the 2020s?",-1,sad
246,lol,1,joy
247,Awesome idea!,1,enthusiasm
248,[removed],0,unemotional
249,"Meme feels like propaganda, is the cat out of the bag already?",-1,disgust
250,"Since covid I'm caring like zero about global pandemics, I don't know why",0,unemotional
251,"To be honest, I remember the same thing going on pre-COVID.",0,unemotional
252,Time to buy some toilet paper,0,unemotional
253,I played these games before,0,unemotional
254,At this point you could tell me there is an extinction level asteroid heading straight for earth and it would just be par for the course,-1,fear
255,"If China comes out with another BS virus I vote to NUKE tha goooks fuck that .. you already got everything 2x the price, another “pandemic” and it’s over",-1,anger
256,not a new virus,0,unemotional
257,"Oh fuck me sideways not the ""3 weeks without school"" again",-1,disgust
258,Queue the beagle slayer.,0,unemotional
259,"This is not novel, unlike covid-19.",0,unemotional
260,We've had one global  pandemic ....yes .what about  second pandemic...,0,surprise
261,"Young people who are not immuno-compromised and will happily take 2 years of paid annual leave make these memes.

I will very likely be designated an essential worker because I work in the CAR-T immunotherapy field and I'm actually useful! 

My colleague who is close to getting fired might get furloughed instead, ironically!!!!!!!!!",1,enthusiasm
262,I love how 2025 is gearing up to have two pandemics simultaneously.,1,joy
263,You can't have your HMPV until you've finished your bird flu.,0,unemotional
264,Can’t wait for pt 2,1,enthusiasm
265,"Sick, more time to grind in Satisfactory.",1,joy
266,"Not a new virus at all, just new that its circulating so much.",0,unemotional
267,Lmao,1,joy
268,Hmpv common af team,0,unemotional
269,Never again.,-1,fear
270,"At least they make memes about it. In 2019 December people would just slip covid outbreaks like a mundane report and very few people like me would check the numbers everyday or know about epidemics. I remember when it reached 1k, 10k, and 100k as individual cases almost day by day but I forgot after 1 year approximately when 1 million already died by it


But everyone started to take it seriously after February 2020 when shit spreads worldwide",0,unemotional
271,Yes,0,unemotional
272,Super cereal.,1,joy
273,There's a new plague?,0,surprise
274,This virus is mainly affecting only children… somewhere I feel China is coming up with interesting ways to curb their population.. funny..,-1,anger
275,Not Again.,-1,sad
276,After sometime it will make meme and laugh. Prevention  is better than cure,1,relief
277,We get a new one of these fuckers at the start of every year. Covid was the exception not the rule (at least I hope so),-1,disgust
278,"After COVID, everyone was like ""keklmao""",1,joy
279,"Laboratories in Shanghai made birdflu infect mammals in 2018, people in the world years later. : suprised pikachu face.",0,surprise
280,"It's not new, it's as dangerous as the common cold, stop fear mongering.",-1,disgust
281,This happen with the last pandemic too,0,unemotional
282,Well,0,unemotional
283,![gif](giphy|LPu2xyLiEmeF6xDOPw),0,unemotional
284,soap sales (again): 📈📈📈📈,0,unemotional
285,"faster la spread, want to wfh again",1,enthusiasm
286,"I doubt an actual pandemic happens. They tend to happen once every 100 years but if we some have another one the next generation is not going to hear the end of it. “I lived there 2 fucking pandemics I don’t wanna hear it, go wash them dish’s”",-1,aanger
287,"People are overplaying this new thing, we already have herd immunity to it as it has happened before, China is just having a particularly harsher year, just be hygeneic and you will be okay.",1,relief
288,"There's an antivaxxer about to be in charge of vaccines, what else can we do?",-1,fear
289,"Guys who live in Paris. Go down to the catacombs and get the mutated plague pathogen. Then send it to China as a gift, otherwise their kindness should not go unappreciated.",-1,anger
290,"I said it once and I'll say it before. They have to start naming those things appropriately if they want people to be afraid. Who is scared of some random (from the perspective of a normal person) letters and a number? 

But of you say that a new virus called ""scarlet throat shredder"" appears you bet your ass people will pay attention",0,fear
291,"china again, it's always china",-1,anger
292,Please not another pandemic 🥲,-1,sad
293,You can kill everything on earth before I wear a stupid mask again or get bullied about vaccines.,-1,anger
294,"In case yall thought we were fine because HMPV is new, prepare for the avian flu! H5N1 is the real deal babyyyy!",1,enthusiasm
295,"Wait, let me survive my university exams first 🥲🥲",0,fear
296,Freedom is more important. Lockdown go-to hell.,-1,anger
297,Depends. Is the virus starting in a lab again this time?,0,unemotional
298,![gif](giphy|6ILjOfJ1oL7NAc9SQ7),0,unemotional
299,"Well, I guess it’s either we cry or laugh about it. And many people are just choosing to laugh about it for now. I suppose deep down a lot of folks are also worried about a possible new pandemic and a sense of humor is a way to cope. Let’s just do our best to stay safe and hope for the best that it won’t spread worldwide again.",1,relief
300,people are scared of anything these days,-1,disgust
301,Bro I would love a new lock down,1,joy
302,"why the fuck do they keep making new viruses? new rule, anyone who goes out of their way to create new viruses or alter existing ones to be more dangerous, you get to watch the sun rise on your city at 11pm.",-1,anger
303,Again?? And in China as well. Oh come on 😭 We just barely recovered from covid bruh.,-1,sadness
304,I didn’t fall for it in 2019 and I am not going to fall for it now.,0,unemotional
305,"Relax...
HMPV is not new and not life-threatening when treated correctly. It's the second most common cause of respiratory problems for about 10 years now.",1,relief
306,Is this China virus gonna be as good as the first China virus?,0,surprise
307,"We can get a new virus, but we can't get new jobs. Yeah I see why people don't take this seriously.",-1,anger
308,Again?,-1,surprise
309,Same as with covid,0,unemotional
310,"If evolution taught us anything, this one’s gonna be worse",-1,fear
311,"I mean, how could to possibly get any worse",-1,fear
312,"![gif](giphy|p7ESzgUi7li93Hxjte|downsized)

I can’t do this again",-1,fear
313,Shit,-1,disgust
314,Its just a flu get some flu meds in ya a quick scran and a pint of water followed with a nap n youll be reet,0,unemotional
315,It ain't started in china bro. It already existed since 2002. It's just exploded in china recently. Doesn't mean it's from china or started in china.,0,unemotional
316,And I learn of this through a meme post on Reddit??,0,surprise
317,"HMPV isn't new, and the infection rates are increasing alongside other respiratory viruses, as you would expect to see during winter, everything is normal.",0,unemotional
318,"Yes, anything the news says to be afraid of is a joke to me.",-1,disgust
319,Isn't that what happened to C19 too? IIRC we were mocking it up until locmdowns,0,unemotional
320,Hopefully lockdown 2 will happen.,1,enthusiasm
321,We did the same thing last time,0,unemotional
322,Iin Biden America we arent afraid,1,relief
323,I HAVE PLAYED THESE GAMES BEFORE!!!!,0,unemotional
324,Yes. Yes u are.,-1,anger
325,Guys I ordered something recently from China. Don't scare me like that,-1,fear
326,I have played theese games before 🗣🗣🗣,0,unemotional
327,"Oh shit, here we go again ahh moment",-1,disgust
328,Lmao,1,joy
329,You sure you gonna survive?,0,surprise
330,"Get a PC, laptops only go so far",0,unemotional
331,"Don't worry, it's not a new virus.",1,relief
332,Omg same,0,unemotional
333,Don't buy a laptop 🙏,0,unemotional
334,Why a laptop? You don’t need the portability. Build a tower!,0,unemotional
335,Lenovo LOQ is a good choice if you're budget minded. I have it no regrets. Better than the Acer Nitro I used to have.,1,enthusiasm
336,military recruiter: hello there,0,unemotional
337,"No worries, this one mostly kills kids under five.",0,fear
338,ILY bro. It’s ok to not care but I care about you.,1,sympathy
339,"Seriously, at this point either it's WW3 or a virus, and these days I kinda think we as a species need one or the other to maybe wake up to moving forward as a species.",-1,fear
340,Agreed I don’t feel like I have a future.,-1,sad
341,"Imma show this to my dad, he's not gonna believe it lol",0,surprise
342,"This really should be the top comment. People are trying to sneak the idea that ""it's a new virus"" through memes, but it's not. Just as your comment states. Thanks for doing the good work.",1,relief
343,Dammit...,-1,anger
344,"Thank you for this, finally some reasonable explanation.",1,relief
345,Facts make it hard to hate Chinese people for fake internet points though,1,relief
346,"Tbf the Coronavirus wasn't new either, actually none of them are. Viruses have been around longer than we have. What matters is their mutations.",0,unemotional
347,What about the H5N1? Any news on that one?,0,unemotional
348,[deleted],0,unemotional
349,Thanks. Came here to say this.,1,joy
350,"I was about to say lol, HMPV ain't new.",0,unemotional
351,"Came here to re-re-re-re-post this fact but glad to see someone beat me to it. Now, off to Facebook to see how much toilet paper I need to hoard due to the coming plague manufactured in China by Soros-backed illegal immigrants. God I'm so tired of this timeline.",-1,anger
352,">is NOT a new virus

We've had seasonal coronavirus for decades as well, rsv, rhino virus, ev, and influenza. 

It's when a strain decides to be all Novel and strain of interest that things get spicy. 

We have annual flu seasons, and it's pretty standard fair - and then we get exciting years like 1918.",0,unemotional
353,Upvote this. Downvote the post. Misinformation or at least dramatizing unnecessarily needs to stop.,0,enthusiasm
354,"I did read slightly about the chinese case.

They have more automatic testing when it comes to flu. As we know, these viruses infect people to people so they, unsurprisingly, find some virus is infecting more than some others. And yes it happens more in every country in winter, what a shocker. But it all comes down to their testing. We don't do these tests, so it's just a ""flu"" in western countries.

Also they have less cases than last year. 

All a big nothing burger.",1,relief
355,Came here to say this.,1,joy
356,I had HMPV right before Covid hit. I am a first responder so it was priming me for the next 2 or 3 bouts with Covid that I inevitably caught while on the job.,0,unemotional
357,"It alternates every few years with PIV and enterovirus, showing up more often than others alongside flu and rsv. 

They're all mostly nothing to write home about, causing mostly just a cold. Tho I still remember that year we had a wave of enterovirus start early and then saw an uptick in linked GBS 

I think people have just discovered that there are, in fact, other respiratory viruses other than flu and """"the common cold"""" and look out for it more often now. 

I have just told my friends to stop asking if x respiratory virus in the news that weeks is gonna be the ""next covid"" 

I'm still not sure people even realise coronaviruses aren't new, but it's not a discussion I want to have. Last coronavirus pandemic, pre cov19, was a lil over 100  years ago and is the same class as SARS, MERS, and COV so it's annoyed me from the start they just gave covid a whole ass new name. It's a beta coronavirus, and the last coronavirus to cause a pandemic is, in fact, still in circulation today and showed up every year during winter months alongside three other seasonal coronaviruses and tens of other super common seasonal respiratory viruses 

Idky I even engaged in this post 😂",1,joy
358,Can we signal boost this please? I feel a lot more people need to hear it.,1,enthusiasm
359,"Ayo mods, pin this post right here",1,enthusiasm
360,"Thank you for being a rational voice. My now two and a half year old son caught HMPV when he was six months old. It was scary and awful as a parent, but the ER doctor was fairly unconcerned and not surprised to find a daycare kid had contracted HMPV.",1,sympathy
361,"It feels like every year or so there is a spike in fear over some ""new"" disease. Even way before COVID. There was zika, ebola, etc. and it rarely turns into anything serious. I even ignored covid until it really started to spike in late February and March. Wish they'd stop sensationalizing new diseases so real threats stand out more",-1,anger
362,People spreading unfounded fear is purposeful. They do not care if it is true. Disinformation was king during Covid and at least in America a chunk of the population are rejecting reality and science along with it.,-1,disgust
363,"Thank you, came to say this. It’s been a thing since 2001. I had a patient the other day with it at my hospital. Similar to a cold, I was told. Patient was elderly and it didn’t seem to negatively affect her too much and she wasn’t in good shape to begin with. All before this “pandemic” talk started happening.",1,relief
364,The WHO said that the increase in infections (along with several other respiratory viruses) are what they'd expect to see during the winter.,0,unemotional
365,Three days late but I think it’s important to mention that this is purely anti-Chinese sentiment/Sinophobia. The reason we’re hearing about this is because in China they have a more effective disease surveillance system than in America - the reason people won’t shut up about it is because both sides in America benefit from spreading anti-Chinese sentiment,-1,anger
366,"It could be a mutation, and global pandemics usually are local first.",0,unemotional
367,So was Corona Virus. It was a common cause for common cold after rhinovirus and some other viruses. but mutations made it hard to control. Same thing could be going on with this one too.,0,unemotional
368,![gif](giphy|DwXOS8RqHocEM),0,unemotional
369,Just a few years old,0,unemotional
370,"After the lockdown ends,

Gamers: Damn, lockdown ended yet no GTA VI",1,enthusiasm
371,Covids precursors were indentified with 2003 sars epidemic but i wouldn't be scared with this regardless,1,relief
372,For real. My daughter had human metapneumovirus a couple years ago. We live in the US. It’s similar to RSV or a severe cold,0,sympathy
373,"Don't worry. This virus has been in the US and Europe for years. It's basically just any other respiratory virus. If you're not old, young, or immunocompromised, you'll be fine, which is the same with common flus and colds.

Chances are the western world has had a bunch of cases this winter and no one has tested because cases just look like regular flus or colds. This isn't that big a deal.",1,relief
374,I really wish we get into another pandemic. I hate socializing with people,1,enthusiasm
375,[removed],0,unemotional
376,"Because they’re losers, and like it when it’s societally acceptable to behave in the same pathetic ways as they do.",-1,disgust
377,"My iPhone’s affordability, which is good enough for me.",1,joy
378,"Well, in this case, they're not contributing a new virus & OP & everyone believing him are idiots. This virus has been identified for well over 20 years.",-1,anger
379,This virus was first identified in the Netherlands. This is a European virus.,0,unemotional
380,Wouldn’t surprise me if people already buying 200 rolls and plenty of handwash.,0,unemotional
381,Well if I spend my time at home gaming all day and not getting out then sure I'll be safe,1,relief
382,"Yeah, COVID wasn't as bad as it could be because it had like a 1% mortality rate. If something hits with a 10% mortality rate, or 20%, it won't be a nice isolation like it was during COVID, it'll be more like the movie Contagion.",-1,fear
383,"Either they get to game, or it's not their problem anymore, win-win honestly.",1,enthusiasm
384,"Nobody lives forever, your Death is not in your Hand. I was close few times,i pray & i get used to the Idea never Wake up. Stay & Think Positive,Always,thats the Trick 👍",1,relief
385,"Either I do and I get to slink in my gaming room for months 

Or I die and be free from a virus ridden hellscape that will probably get worse because capitalists will do the same as last time and crank prices up again

Frankly either option works",1,enthusiasm
386,That’s right they go anywhere even the comfort of your own bedroom,0,unemotional
387,"It's about having the right tool for the job.

Hardcore gamer who wants the full experience with great cost effectiveness? Tower PC.

Casual gamer who wants the comfort of carrying the thing anywhere, be it the sofa in their home or to their friend's place, and doesn't mind the concessions that come with that? Laptop's just fine.

I'm the former category but I can absolutely see the merits of the latter.",0,unemotional
388,And a pretty weak old virus at that. Just mild cold-like symptoms. The internet can be a silly place sometimes.,1,relief
389,And yeah I need good internet also and i should get paid monthly while at home,1,enthusiam 
390,They'd accept a lazy ass like me?,0,unemotional
391,I said kill not work to the bone for another's interests then kill.,-1,anger
392,Yeah but that would require me to become physically fit and get basically tortured In basic training so I’m good,-1,disgust
393,redbull yt video team: hello there,1,joy
394,"Hello Mr recruiter, what happens if I'm too lazy for do almost anything and only want to lay around? I mean... I don't want to run or shit like that, but I can think of ways to kill people or maybe mechanic things, can you host me and pay me?",0,unemotional
395,Thanks mate love you too,1,joy
396,I wouldn’t believe you either if some reddit comment is what you show me as proof of anything.,-1,anger
397,"Well I guess the ""smart"" chess set I bought back in the lockdown chess-boom can continue gathering dust then",0,unemotional
398,"Coronaviruses existed before. COVID-19 did not exist before 2019, hence the name. The coronaviruses that did exist before either didn’t affect humans or weren’t very transmissible",0,unemotional
399,"It was originally called ""2019-novel coronavirus"", what are you talking about? Do you mean the overall group of coronaviruses? Those aren't new as a class, but the virus that started in Wuhan was new.",0,unemotional
400,"That's the same logic as ""2025 Toyota Camry isn't new. Cars have been around for a hundred years now!""",0,surprise
401,"Few minutes to midnight but we're still fine. Besides, we've already have vaccines developed against that one for a while now.",1,enthusiasm
402,Discovered in 2001 and traces back to 50 years ago,0,unemotional
403,"Next lockdown in 2030 starts: Being lockdown with GTA 6, Damn.",-1,fear
404,"Precursors yes, but this one hasn't really changed all that much. You can ofcourse get pretty sick from it, and i believe its particularly a bad one for young kids, but there's established treatments for it that still work. Or work as well as they've always done, no treatment is ever a guarantee ofcourse",1,sympathy
405,I don't hate socializing with people but the pandemic times were good to me.,0,unemotional
406,I have this thought every time I get stuck in traffic,0,unemotional
407,The only 2 times I had girlfriends were actually during the pandemic.,1,surprise
408,"Then just don't. You don't need a pandemic to force you to stay home and not socialize. Just do your work and go home. People probably won't like you very much, but you don't want to socialize anyways so that should be fine.",-1,anger
409,"Here, several wildlife species had a population boom during covid. Something wasn't killing as many of them...",-1,surprise
410,What if the pathogen is ON the box for the gaming notebook and that is how the pathogen gets here?,-1,fear
411,Out in the woods with FO internet. Let’s go!,0,unemotional
412,"Bird flus right at 50%, i am terrified of when that makes its first human to human transmission, since it's contagious as hell.",-1,fear
413,"Think you skipped your meds again, bro",-1,sympathy
414,High end pc + cheap laptop or tablet = playing your gaming pc anywhere at home. ,1,joy
415,"But we’re talking about lockdown for a pandemic.

Tower PC all the way.",-1,anger
416,They will tell you yes.,1,joy
417,If there's a draft,0,unemotional
418,"As long as you aren't obese and can pass a piss test. 

That's it.  That's the litmus test. 

(Yes, there's a handful of medical DQs as well)",-1,surprise
419,See it like this way. You're surrounded by like-minded people.,1,joy
420,That same info can be found in the articles I've read about the virus.  This shouldn't be difficult but the news got clicks and social media bullshit will do the rest.,-1,disgust
421,"The SARS pandemic in 2003-2004 was also caused by a coronavirus.

Thus why covid is designated as SARS-COV-2.",0,unemotional
422,There are a couple of coronavirus cold viruses. At least one of them caused a similar pandemic in the past when it was new. Covid 19 will likely end up the same.,1,sympathy
423,"That’s like saying:

 “Barcodes have been around since 1948, but *that specific barcode number* was ~~created~~ discovered and named in 2019 and didn’t exist before then (in that sequence).”",0,unemotional
424,"Cool bonus: unlike COVID which flummoxed us by its transmission methods, we know that flu is transmitted by spittle droplets.  Basic masks work for flu.",1,joy
425,And traces back to 50 years ago? Wow. I knew it was discovered in 2001 but it's even worse (or funnier).,-1,sad
426,"On top of this there is a vaccine for it in the works, same mRNA as with covid",1,relief
427,That's why he's gotta be quick. It's not yet widespread.,-1,fear
428,He will douse the box in vodka,-1,disgust
429,![gif](giphy|xT5LMPN4NO7dj37wBO|downsized),0,unemotional
430,They taught us how to prevent this the last pandemic and it’s to blast your groceries/items with hand sanitizer and Lysol wipes.,1,sympathy
431,Exactly. PC parts are made in China (like the virus).,-1,anger
432,"The mortality rate is 50% among birds, but that doesn't mean it'll be 50% for humans too. Just depends on how it mutates if/when it jumps to humans. We shall see. 

At least a good N95/KN95 mask will still protect you pretty well. I still have my stock from COVID.",1,sympathy
433,Hasn't it already hit like 65 people in Alabama?,1,surprise
434,"The media has control of your emotions bud, zoom out a bit and learn about these things rather than giving yourself anxiety from over-sensationalized headlines",1,sympathy
435,See my point about the couch. And lockdown ends eventually.,0,unemotional
436,luckily I've got broken teeth so they won't accept me,-1,fear
437,then close the window,0,unemotional
438,That’s what I’m saying. If you want to convince someone that what they’re reading on social media isn’t true you should send them verifiable sources stating it rather than sending them a reddit comment.,-1,anger
439,"Yes, and it's relevant because the specific barcode is what decides if you get sniffles or smallpox",-1,sympathy
440,Well that's terrible news given how many troglodytes have politicized masks and refuse to wear them.,1,surprise
441,So you’re telling me I ingested someone else’s mouth spittle without realising it? Just coming round from flu after having it since the week before Christmas. I had it last year too except it was flu b not flu a. I got all my vaccinations and it still knocked me down. I’d hate to see what it would be like without taking a vaccine.,-1,anger
442,"Yeah, its an annoying decease but it's really not a threat on par with covid like some outlets like to pretend",0,unemotional
443,Wait..... there's seriously ANOTHER virus that's spreading out of China?,-1,surprise
444,and a little on the mailman just to be sure,0,unemotional
445,"Birds also don't have much in the way of hospitals and medicine. Veterinary care exists, but it is rather inadequate for entire populations when compared with human medical care.",1,sympathy
446,"Hook it up to the TV.

Get a new PC when lockdown ends… it’ll be time for a new one by then.",1,joy
447,"Well mild inconveniences kill more Americans than plagues, you know.",-1,fear
448,Ever smell a fart? I've got bad news,-1,disgust
449,"HMPV has been around forever, we have had outbreaks in the US for a long time.  It's not a new virus, it's just making the news because China can't seem to unfuck themselves.",-1,anger
450,"They didn’t succeed in bringing down the west last time, so they have to keep trying",-1,fear
451,[removed],0,unemotional
452,HMPV was already discovered in 2001 and causes usually just a mild-cold.,-1,surprise
453,"There are dozens spreading around the USA at any given time. Usually they don't cause significant enough change in symptom/mortality to be distinguished from the common cold/influenza.


Lately they've been getting a little more exotic in Asian countries (probably due to deregulation and food/industry cleanliness standards, no way to know for sure).


But there's really no reason to believe that this is **only happening** in China unless you buy into lab leak conspiracy stuff which just isn't credible enough to take seriously.


Vaccines didn't eradicate covid its still here and still mutating within our population, just much slower with longer ""evolutionary intervals"" because it can't spread her as frequently and mutate more.",-1,anger
454,Don't forget to vodka the mailman. *check*,1,joy
455,"It's not about the option existing, it's about the convenience. Do you hook up the PC to your TV and then move it back to your office every time you wanna sit somewhere else?

Also, the last lockdown ended after a year where I lived. Do you buy a new PC every year? I assure you most people don't.",-1,anger
456,"Coronavirus was around for a while, too. But if it's a new, more aggressive strain then we got problems",-1,fear
457,Conspiracy believers make great entertainment until you realize they're serious.,-1,fear
458,"You know what they say….if at first you don’t succeed, try again.",0,unemotional
459,"This virus is basically the common cold and is already common in the US, most people here probably already had HMPV as kids.",-1,disgust
460,[removed],0,unemotional
461,"I wouldn’t mind moving the tower to do that, no.  The problem with PC gaming on the couch is the mouse… and if you’re playing games that don’t really require a mouse… you don’t really need a gaming rig.

And yea mandatory lockdowns weren’t long, but being considerate and quarantining yourself lasted a few years.  I upgrade every few years.",1,joy
462,It's not anything more aggressive than it was previously.  Australia came out and said it's the same thing they have seen for years.  Australia has a closer relationship with travel/tourism and trade with China. They see all the problems before the US does.,-1,anger
463,I remember at work when we first heard about covid. Someone was using the lysol and said hey...this shit already says coronavirus. If it's old why are we concerned?  Lmao,1,joy
464,"Sars-cov-2 was not around for a while… it was first identified in 2019 and there is no evidence for it’s existence before that.  

Saying “coronavirus was around for a while too” is like discovering a completely new man / bear / pig and saying, “meh, vertebrates have been around for a while.”   

i can definitely see this being the new misinformation though…",-1,anger
465,"And if that doesn't work too, third time's the charm",-1,fear
466,Good to know. Thanks for the information.,1,relief
467,"What’s funny is it’s reported 3 cases in India now but they say no need to worry. While the virus affects all ages it’s more serious in ages under 5 and over 65, or those with a weak immune system. Gee, where have I heard that before?",-1,fear
468,"> if you’re playing games that don’t really require a mouse… you don’t really need a gaming rig.

absolute braindead take

all the most demanding games you can play right now are all controller playable

meanwhile, the only titles I can think of that are kbm only are esports titles that can run on potatoes",0,unemotional
469,"Honestly, great to hear that from Australia. Genuinely comforting news on that front. I guess people are just making mountains out of molehills. As they do",1,relief
470,The bird flu going around while conservative influencers are pushing raw milk however…,-1,anger
471,Meh.. ManBearPig has been around since 2006..,0,unemotional
472,"Tbh, what isn't more serious in ages under 5, over 65 and to those with a weak immune system? I feel like that is a given lol",-1,surprise
473,"

>While the virus affects all ages it’s more serious in ages under 5 and over 65, or those with a weak immune system.

Soo, nearly every serious virus/sickness ever...",-1,fear
474,"Thanks for posting to /r/GetNoted. Please remember Rule 2: **Politics only allowed at r/PoliticsNoted.** We do allow historical posts (WW2, Ancient Rome, Ottomans, etc.) Just no current politicians.
***
We are also banning posts about the ongoing Israel/Palestine conflict as well as the Iran/Israel/USA conflict. 

Please report this post if it is about current Republicans, Democrats, Presidents, Prime Ministers, Israel/Palestine or anything else related to current politics. Thanks.


*I am a bot, and this action was performed automatically. Please [contact the moderators of this subreddit](/message/compose/?to=/r/GetNoted) if you have any questions or concerns.*",0,unemotional
475,This dude gets around.,0,unemotional
476,"https://preview.redd.it/ly4kqkfhkjfe1.jpeg?width=1003&format=pjpg&auto=webp&s=16654d18df8ab010e31401789ef5f309725f4a0e

Seems Bryan isn’t the actual person behind the picture.",1,joy
477,I am confused? they just randomly placed his pic on that article?,-1,surprise
478,"I mean, Bryan has to have been up to SOMETHING while he was jobless. /s",1,joy
479,Their AI has a hard on for him.,0,unemotional
480,"""Gaza bombings continue, thousands displaced"" accompanied by a picture of rubble and Bryan's face",-1,disgust
481,Some people seem to believe that he owns both accounts and does it to get views. no clue what is true personally,-1,sympathy
482,"I hope his picture is used for a bunch of different articles from different countries. Just to fuck with future historians. Like, ""why is Bryan in this one too?""",-1,anger
483,r/Fuckyouinparticular,-1,anger
484,I’m old. Is finna a typo?,-1,sad
485,maybe he can be Bad News Bryan,-1,sad
486,You guys still promoting xitter?,1,surprise
487,We are watching an origin story and character arc in the making people!,0,unemotional
488,Fuck nazi twitter,-1,anger
489,"Maybe they'll care when the kids start dying from this stuff

Oh, and them, since their leader is old as shit",-1,anger
490,"I've seen this guy's face a lot lately, who TF is he",-1,surprise
491,Nahh they done got Bryan,0,unemotional
492,Someone explain please,1,surprise
493,"aw fuck, is this what i've been sick with for the past few days?

feels pretty gross to get a cold that's from the other side of the globe",1,surprise
494,"As he should

It's also some fake news they are spreading",-1,disgust
495,"STOP TRYING TO MAKE FINNA HAPPEN, ITS NOT GOING TO HAPPEN.",-1,anger
496,"People who use ""finna"" unironically are of low intelligence. 

You cannot change my mind.",-1,joy
497,"He is the face of unemployment, so he's got lots of time on his hands.",1,enthusiasm
498,"As soon as he said “finna”, I knew Bryan wasn’t Bryan.",1,joy
499,I guess community notes work pretty well…,0,unemotional
500,"They’ve done it a couple times, that’s why he’s suing. I think this is the 3rd time they’ve just posted his face on an article about something bad happening. It’s really bizarre.",-1,sad
501,"A bunch of years ago I randomly received a check from some lawyer group for a whole $2.78 from a class action suit against Facebook. Apparently that whole ""they can do anything they want with the photos you post"" doesn't include them using your likeness, aka face. 

Since the lawyer group sent that check, I'm assuming at some point Facebook/Meta created an ad that used one of my photos that included my face.",-1,surprise
502,It's likely the have been putting together their images with AI and it keeps pulling this picture because of high amounts of engagement with the image on negative articles regardless of context.,0,unemotional
503,Haha that one really got around. That poor guy.,-1,joy
504,Finna = fixing to,0,unemotional
505,"I don't know if you'll feel this is better or worse, but ""finna"" itself is a pretty dated slang at this point",1,sympathy
506,[deleted],0,unemotional
507,"It's common slang for ""fixing to""",1,surprise
508,"No, ""finna"" is ebonics. It means ""fixing to"". It's apparently much more common in the southeastern US.",1,joy
509,[deleted],0,unemotional
510,"Not an age thing -- ""finna"" has been around since at least the 90s.

It's trashy southern slang. So unless you're working minimum wage in a southern state, you're not going to hear this word in common vernacular.",1,surprise
511,Someone has never been to Atlanta,0,unemotional
512,"> STOP TRYING TO


Stop tryna*",0,unemotional
513,Trying to? Finna has been a thing for decades.,0,unemotional
514,Finna has been a thing longer than you've existed on this planet.,0,unemotional
515,"Bro your history is just comments in meme and hentai subreddits, let's calm down a bit",-1,anger
516,Most black and white people in the south as well as any other race in the south mostly uses “finna” unironically that doesn’t mean they’re stupid. It’s just how southerns just talk like how sometimes they pronounce words such as instead of for example saying “that’s not right” you’ll sometimes here “that ain’t right” more often than not we speak more so less formal because once you head more and more down south it’s less cities and more rural areas where we skip pass formal language more often than not to get to the point or just saying it faster. You’ll still hear it in cities southern slag such as ‘ain’t’ [isn’t/ is not/ not] and ‘finna’ [fixing to/ about to] and ‘gonna’[about to/ going to] it’s really more of a southern thing I guarantee you if you stay in the South for considerable amount of time you will begin to speak like this despite whether you sound like a northerner or anything else. You won’t notice you using ‘finna’ until you get called out or catch yourself saying it. I live in SC you will hear it multiple times per day if not every other day then it’s everyday everyone says this and says southern slang from the white people to the black people to any Latino and Hispanic people here and even Asian American people will pick up on how we talk and speak like this. Everyone talks like that down here. Literally everyone if someone says that they are from here and don’t talk like that I will say they live in a distinct area of SC or just flat out lying to you.,-1,anger
517,"https://preview.redd.it/h555b8960lfe1.jpeg?width=998&format=pjpg&auto=webp&s=847e8972a80d0612ebcf5131f4dbdfb8c19730cb

Reminds me of this gem",0,unemotional
518,"Thx for the context.

Maybe someone has a personal agenda against the guy.",-1,sympathy
519,I feel bad for the dude but that’s absolutely hilarious that multiple different gave just randomly decided “fuck this dude he’s now the face of every bad thing going on”,-1,sympathy
520,That's really weird some one has to not like the guy that's to consistent to be random,-1,sympathy
521,"2010: the algorithm is a funky thing that gives you similar stuff mostly

2025: the algorithm can pen your death sentence by accident",-1,surprise
522,That's not how AI image generation works,-1,anger
523,Fixing to = intending to,0,unemotional
524,"Wait till he hears about ""rolling up windows"" in a car.",0,unemotional
525,[removed],0,unemotional
526,">I don't know if you'll feel this is better or worse

Good news! It's 'worse'.",-1,sad
527,"Fun fact, many words that black people have incorrectly used are considered AAVE which is just a fancy way of trying to validate slang.

  
[https://heresasinglearticle.com/ipullshitoutmyass/whatisthisstupidtrendandwhyitisimportanttoyou/doubt](https://heresasinglearticle.com/ipullshitoutmyass/whatisthisstupidtrendandwhyitisimportanttoyou/doubt)",-1,surprise
528,Is it Ebonics or just southern? I thought it was just a southern thing,0,surprise
529,"I like how y'all describe that as if ""fixing to"" is a phrase anyone uses... I've heard ""fixing to"" _far less than_ ""finna"" in my life, and I've only heard finna in the last couple years

For excessive clarity:

""Finna"" comes from ""fixing to"", and that can mean ""planning to do"" a thing, ""I have machinations of doing"", etc

And my impression was ""African-American Vernacular English (AAVE)"" is the preferred term for ""ebonics""? At least in academic type usage",1,surprise
530,"It's ""fixing to"".",0,unemotional
531,Incorrect.,0,unemotional
532,I thought it was just a common mispelling based on the keyboard layout that eventually people did on purpose,0,surprise
533,"So culture and linguistics from colonial overseer masters can only be good, while anything not keeping in line with the superiority of said culture is bad?

 Imagine working with white people who are terrible at spelling and grammar, and being a poc who can outwrite them in their own language. You wouldn't be at that job for long, they would resent you.",0,surprise
534,They’re finna gonna snap if they ever go there,0,joy
535,Or Memphis.,0,unemotional
536,"> ITS NOT GOING TO

It ain’t gonna*",0,unemotional
537,He actually mentioned this when he was on an unemployment article.,0,unemotional
538,"At least that one is just a cropped version of the article image, but the articles using Bryan are cropped versions of his profile picture.",-1,disgust
539,it's like when youtubers reuse the same thumbnail face,1,joy
540,"I think they're describing some sort of AI design/editing, using real images. So, AI gets given a headline, and trawls the Internet for real, freely available photos to stitch together as a thumbnail, instead of having an AI generate the whole thing from scratch.",1,surprise
541,intending to = desiring to act upon thusly,0,unemotional
542,"I feel like we'll also keep saying ""hit the gas"" when all cars become electric",-1,sad
543,The south is kinda dated,0,unemotional
544,The South is still kicking and screaming about being drug into the 20th Century.,-1,sad
545,"Dated doesn't mean no longer in use. It means it's been around for a while. ""Cool"" is dated slang, too, and people say it all the time.",0,unemotional
546,"Came into prominence in the early 1980’s.

40 years is long enough to call an expression dated.",0,unemotional
547,"And it's still 1863 down there, so let's maybe not use them as a guideline for contemporary anything.",1,sympathy
548,"so you are saying english words were mis-pronounced so commonly, on such a large scale, that it became it's own dialect?",1,surprise
549,"Bruh like every English word is a bastardization of an earlier English word which was itself a bastardization of a word from another language, and English grammar has done the same shit.",-1,disgust
550,"Ew, Linguistic Prescriptivism",-1,disgust
551,/r/MadeUpURLsIAlmostFellFor,0,unemotional
552,I've rarely heard anyone who isn't black say it in the midwest. I didn't know it was considered a southern thing until I saw a thread about it on here the other day.,-1,surprise
553,"""African-American Vernacular English (AAVE)"" seems like it is trying to be a more generic term for what you're looking for?",-1,surprise
554,"It is a phrase you likely would heard a great deal when you were younger if you are older than 40. 

Ive heard ""fixing to"" about 10,000 times more than ""finna"" although these days I see finna written quite often.",0,surprise
555,"I've literally heard ""fixing to"" once in my life and it was in that incredibly cringe mirror speech by Paul Rudd in Wanderlust.",-1,surprise
556,"Just another term for the same thing, but I don't think it's considered more politically correct. I think it's an older term. I've heard black people around Chicago say ""finna"" sometimes, but I saw a map on here the other day mapping usage of ""finna"" and the highest concentration by far was in the south. I think the first time I heard the term was like 10 years ago.",0,surprise
557,[deleted],0,unemotional
558,"hate to be that guy but the sentence should say ""They finna snap if they ever go there""",0,unemotional
559,desiring to act upon thusly = gonna,,
560,That's a fair statement.,1,enthusiasm
561,As a southerner I agree,0,unemotional
562,"What you said is the exact opposite of what is correct. Dated means old-fashioned, no longer in popular use. “Cool” is not a dated term",-1,anger
563,[removed],0,unemotional
564,[removed],0,unemotional
565,I wasn't aware that time stopped down here over at century ago. Very interesting.,0,surprise
566,Southern culture and black culture are pretty tightly entwined. I grew up in the south and it was very common. But it goes both ways Ig,1,relief
567,"In what region? I am that old, from Midwest and living in Texas the last decade+, formative years spent with friends from NYC area

""Fixing dinner"", ""fixing a car"", literally the only usage I recall hearing ""fixing"" before ~2020, myself

Not denying your experience of course, but deny your claim of it being common nationally, if anyone is claiming that",0,anger
568,"I don't really understand what you're saying. ""Finna"" is a contraction of ""fixing to"", which means ""going to"". Where does ""finally"" fit in here?

Edit: I think this guy blocked me. His entire comments have disappeared on my end. Doesn't even say ""deleted"" or anything.",0,anger
569,Incorrect.,-1,unemotional
570,gonna = finna,0,unemotional
571,"The term I use for them now is “stupid fucking piece of shit hackberry shit fucker cock bastard”, so “tree” is a bit dated.",-1,anger
572,What if it's a date tree?,0,unemotional
573,[deleted],0,unemotional
574,">I wasn't aware that time stopped down here over at century ago. Very interesting.

Thats because you haven't spent any time in the South. Salem Witch trials are the next ""great"" thing coming.",-1,surprise
575,"Just went down to Monroe LA and they were still playing Kevin Gates and eating chick o sticks. Maybe it's 2025 down there, but it don't feel like it.",0,surprise
576,[deleted],0,unemotional
577,Finna = about to,0,unemotional
578,[removed],0,unemotional
579,">Thats because you haven't spent any time in the South.

I fucking live there... hello?",-1,anger
580,"I've been to Monroe. It's sole claim to fame is you're slightly less likely to get stabbed in Monroe, than you are in Shreveport.",-1,fear
581,"You're just wrong. Finna is the phonetic spelling of the sound people make when they say ""fixing to"" with a southern black accent. It's like ""iono"" for ""I don't know"" or ""sum"" instead of something. In the south it's common to not pronounce all of the consonants in a word, and even more so among black southerners. This is the most obvious thing ever to people actually from here.",0,surprise
582,Incorrect.,0,unemotional
583,You are straight up wrong.,-1,anger
584,About to = boutta,0,unemotional
585,Stay mad and wrong kid.,-1,anger
586,"I grew up in the parish, there's also a mall!! And segregated schools!",1,joy
587,[deleted],0,unemotional
588,You replied with the wrong alt,0,anger
589,"> fixing to

Fixin ta

Fi’in ‘da

Finna

Finally gonna and fixin to do not mean the exact same thing. 

Fixin to means you’re planning on it. Finally gonna means you’re executing on that plan. 

> I’m fixin to inhale that plate of grits when I’m done making ‘em 

Vs

> I’m finally gonna inhale these grits, now that I’m done making ‘em",0,sympathy
590,[deleted],0,unemotional
591,[removed],0,unemotional
592,Cant wait for season 2 to release soon,1,enthusiasm
593,Ffs not another time with this... I just found a job after rough times and looked forward to finally get forward in life...,1,joy
594,I swear every few months i hear about this new virus that is super scary and everyone acts like it’s the end of the world and than forgets about it,0,sympathy
595,cant wait for among us 2,1,enthusiasm
596,That's is we are walling out China,-1,anger
597,"Please, mercy, mercy!",-1,sad
598,"If it’s coming from some dude who ate shit he shouldn’t AGAIN, I’ll burst into laughter",1,happy
599,"Dont tell me. Another pandemic?

Yup.

And a lockdown?

Most likely.

Bring it on.",0,surprise
600,Even The fucking timing is The same,0,surprise
601,Oh fuck is this a joke?!?!,0,surprise
602,[deleted],0,unemotional
603,This virus is already known to science. So nothing to get panicked about,1,sympathy
604,"Among us 2
Coffin meme 2
Vaccine shenanigans 2
Face masks 2",1,enthusiasm
605,It's been around since the early 2000s.  Ppl are just trying to stir up fear and clicks.,1,fear
606,God damn it China not again!,-1,surprise
607,"We have known about HMPV since 2001, and it's just a seasonal disease, so no real need to worry",1,sympathy
608,Now what'd they put in the soup,-1,fear
609,At this stage it seems to be like an annoying flu.....but it could drastically change soooooo hopefully we dont Covid 2: Electric Boogaloo,0,fear
610,"Stop teasing us. All those epidemic happening and none of them going 

Round 2, let's fucking go",1,enthusiasm
611,What da fuck,-1,surprise
612,Source: https://www.livescience.com/health/viruses-infections-disease/viral-disease-hmpv-is-on-the-rise-among-kids-in-china-what-is-it,0,unemotional
613,Guess its time to invest in toilet paper stocks.,1,joy
614,H'aint this happened some 3-4 times since the roners?,0,unemotional
615,"Covid was the first round, now prepare for the second.",0,fear
616,Honestly I could go for two weeks off from my “essential job” on again and off again for a couple years. My employer would have to pay me to stay home!,1,relief
617,"NO. FUCK OFF.

I'm not doing this again, school is hard enough as it is at the moment with all the damn deadlines. Can't do that from home, I'll literally go insane.",-1,anger
618,It's like the Olympics now,0,unemotional
619,"still got the same mindset as last time: until people start dropping like flys around me, its fear mongering.",-1,disgust
620,"there has been like 10 news like that this past 4 years, and so far all just the media trying to seek sensation",-1,anger
621,"i am SOOO READY for another lockdown, PLEASE. PLEASE GOD.",1,enthusiasm
622,Watch out for the toilet apocalypse that comes with it.,1,joy
623,This is how you know the metaphysical authors are scraping the bottom of the barrel.,-1,disgust
624,This time I’m just going feral.,0,sad
625,"2020 round six, Covid round 2. Let’s f*cking do this",1,enthusiasm
626,![gif](giphy|3otPoH6hSzVRuqxzbO|downsized),0,unemotional
627,It’s time to buy some bleach and IV lads  /s,-1,disgust
628,Tech work fresher will finally get a job again,1,relief
629,It broke out in november/december 2019 by the way. We just didn't care yet.,0,unemotional
630,Isn't that like a hoax?,-1,surprise
631,The first like is just “People at high risk of disease are at high risk of disease”. Yeah no shit shirlock,-1,anger
632,Panic mode v2,-1,fear
633,Why can't they just calm the fuck down?!,-1,anger
634,"A pandemic with RFK in charge will kill so many people. 

Also what in the actual fuck is happening in China.",-1,fear
635,Don’t care. Let’s not shut down the global economy this time for some bullshit that only takes out like 0.5% of the population. Just take the ding and move on.,-1,disgust
636,I'm not falling for this shit. Same with the covid BS.,-1,anger
637,Yall know this is r/memes right?,0,unemotional
638,were doing a sequall...,0,surprise
639,"Wow, how convenient",-1,disgust
640,"So very meta, much wow",1,joy
641,The USA can not survive a 2nd virus.,-1,fear
642,"NGL, if this keeps happening... It would help my line of business... I work in XR lol",1,enthusiasm
643,You serious bro. I’m waiting to get employed and I don’t want this virus being an excuse,-1,sad
644,"haven’t seen any government action on this as a chinese resident yet. 

!remindme 10 days",0,unemotional
645,Russia you are allowed to take down civilian airliners if you stop with the war,-1,anger
646,"Maybe we could miss a whole year of school like last time, who knows :D",1,enthusiasm
647,![gif](giphy|MZ2mzOCVZqltHCCxcR),0,unemotional
648,"Wasnt this already debunked or something if im not mistaken its just a normal virus worse than flu and can be treatable. That virus was already known, maybe bad winter flu or something or im wrong? Im curious can someone enlighten me which was the truth or not? I would really love to know.",0,surprise
649,If this is true then I have absolutely no reason to live.,-1,sad
650,,0,unemotional
651,There are too many people anyway.,-1,disgust
652,"This shit happens every other week, and not just in china",-1,anger
653,Lets buy all of the toilet paper before anyone else can /j,0,joy
654,hell na,-1,
655,"At this point, rerolled china for a diffrent country it could've been










And the French because fuck the French",-1,disgut
656,"I caught COVID in late 2019 before the pandemic was declared. I caught HMPV in late 2022. COVID left me with some symptoms for a good 6 months after I was over it.

HMPV was significantly worse, as far as immediate symptoms go. I took 3 weeks off of work, had 4 doctors visits and 4 different prescriptions. 

After the first 15 days and all these medications, hallucinations from lack of sleep, all of it - it turns out the miracle drug was Tylenol. Straight up acetaminophen. It turned something I felt might kill me into an unpleasant cold. It was unavoidable that my wife would catch it too. She had different doctors and prescriptions. Tried Tylenol as well and it worked just as well. Crazy.",-1,relief
657,"Cool, another hazardous once-in-a-lifetime event.",-1,disgut
658,"Yeah, not happening",-1,anger
659,"The term ""hmpv"" is not sufficiently panic-inducing. They will call it ""H\*awking-M\*endel-P\*est-V\*irus"" in a couple of weeks.",0,unemotional
660,I'm a digital professional DM and a stay at home dad.... my life doesn't change all that much. I got this.,1,relief
661,"Here's what I feel is the most prevalent information wikipedia has on hmpv.

""It was isolated for the first time in 2001 in the Netherlands by using the RAP-PCR (RNA arbitrarily primed PCR) technique for identification of unknown viruses growing in cultured cells.[2] As of 2016, it was the second most common cause (after respiratory syncytial virus (RSV)) of acute respiratory tract illness in otherwise-healthy children under the age of 5 in a large US outpatient clinic.[3]""

It's something we've already dealt with multiple times before and its genuinely not that bad (yes, it can be dangerous. But not as dangerous as some may make it sound) Just make sure you shower regularly, wash your hands before eating or touching your face, and be extra clean if you're gonna be around infants or old people.",0,unemotional
662,I’m not playing this shit again.,-1,anger
663,I wouldn't worry about it.,1,relief
664,"This is good news for the forever alone people, the rest not so much.",,
665,Could we just ban flights to China until they actually have health standards?,-1,anger
666,Why the hell does that name remind me kf Borderlands' TVHM? 😭 Gonna be a fine year,1,joy
667,Here we go again.,-1,fear
668,Just fucking kill me this time. I can't take another pandemic being politicized where 1 side is burying their head in the sand and calling the other side cucks for practicing basic hygiene during a global pandemic.,-1,sad
669,Here we go again,-1,fear
670,Just tell us how much money you want and stop this BS,-1,anger
671,"If the world goes into another lockdown because the Chinese can’t be sanitary, I will gladly join the entire world to raze Beijing again.

**Let the drums boom and the bugles ring! O Brothers of the World, will you not join me to crush the vane Han yet again? Let them feel our wrath yet again! May the Bald Eagle, the Bill Dog, and the Gallic Rooster tear out the throat of that perfidious dragon and slay it once and for all!**",-1,anger
672,"Another lockdown?

So, home office again? Not having to spend 3h of my day on transit?

The hardest part of a new pandemic to me is to pretend i'm not liking it.",1,relief
673,"For fucks sake stop fear mongering. I've seen so many ""meme"" posts about this stupid virus. It's winter in China. There's gonna be illness. Just as the sun rises in the east and sets in the west.",-1,anger
674,I wouldn't be mad if we had another lockdown. I loved the peace and quiet,1,relief
675,"Oh boy, I sure hope Americans... Are... More... Prepared...

Huh, you guys are toast",-1,disgust
676,"We were saying that for monkeypox and some other unimportant diseases and nothing came from them, nothing ever happens",0,unemotional
677,"You got the year wrong, news were circulating in 2019 not 2020.

2020 was the year when it arrived.",0,unemotional
678,Has anyone connected the dots that both of that guys presidencies are coming with a plague? Maybe it’s not us.,-1,surprise
679,Americans falling for hysteria bait:,-1,disgust
680,Pandemics are a business now. Yall got all weird on reddit about the covid vaccine and it did absolutely nothing to help the situation. Wonder if yall will wake the fuck up next time it happens.,-1,disgust
681,"Yes this is a thing, but bird flu will be more of a threat to Americans as it is there right now.. and with the administration hell bent on depleting health and safety standards, a crackpot sitting at every chair, and raw milk trend booming due to empowering fear of science.",-1,fear
682,F*** china.,-1,anger
683,[deleted],0,unemotional
684,"Guys, there are new viruses every single year. That is called flu. Stop acting like this is a new thing since 2020.",0,unemotional
685,Fake news,-1,anger
686,"Tbf HMPV is a known, seasonal virus and it's mostly linked with the common cold, outbreaks have happened before including one in March of last year, so I think it's mostly fearmongering



https://health.ucdavis.edu/news/headlines/a-little-known-respiratory-virus-hmpv-surged-this-spring-what-you-need-to-know/2023/06",0,unemotional
687,This year starts with WTF for a reason. Same was in 2020 :),-1,surprise
688,They started another game of plague inc. but now they know the mechanics better.,0,enthusiasm
689,Season 2 might be about avian flu mutating to spread among humans.,-1,fear
690,"Now playing:  
2020, Season 6",0,unemotional
691,Got some unfortunate news for ya…,-1,sad
692,...6 feet at a time (or whatever buffoonery we need to follow this time).,-1,disgust
693,This is blatant control. Don't let them fuck you around. Enough is enough.,-1,anger
694,If they think they can shut down the US again they must be smoking bath salts. This isn't china where we fucking weld people inside their homes. Don't be pussy.,-1,anger
695,That's cause SCP-2000 (deus ex machina) erases our memory after we rebuild the world,0,surprise
696,"Yeah. Everytime it's ""a new pandemic"" of some ""hyper agressive new mystery virus"" which then turns out to be either a local outbreak in a poor neighborhood that could have been prevented if wealthy people would care at all or a well known virus that comes and goes since forever. But those headlines wouldn't catch on, so we need to spice it up a bit. Which leads to people not caring anymore, and once an actual new pandemic comes around, no one will carw until it's too late.",-1,disgust
697,"ahh the nostalgia!  
we used to mute online classes and play among us and code all day!",1,joy
698,,,
699,Repairing and extending the great wall of china to keep them in.,-1,anger
700,"Well, there's bird flu mutating in the US as well.",-1,fear
701,https://health.ucdavis.edu/news/headlines/a-little-known-respiratory-virus-hmpv-surged-this-spring-what-you-need-to-know/2023/06,0,unemotional
702,"IDK the origin but from the little research I did, it's been around for a long ass time, it's been discovered 24 years ago. The reason china is having an outbrwak is because it's winter. It's basically the common cold but a bit different. So it probably won't cause problems.",0,unemotional
703,"Hey. Last week, I had a delightful squirrel testicle tartare topped with creamy bat caviar, and I barely got any tumors.",0,surprise
704,HMPV has been known of since at least 2010. Covid was new and we knew little of it. A pandemic cannot be discounted but I could see it playing out more like H1N1 than covid,0,unemotional
705,"Naw no lock down. We're just gonna raw dog this one for the false promise of short term profits.

RFK mic drop",-1,disgst
706,![gif](giphy|KEYEpIngcmXlHetDqz),0,unemotional
707,"Hi, I worked in clinical virology for almost two years. HMPV is a virus that causes the common cold. HMPV testing is included in a normal respiratory panel. It's fairly common here too, and we don't have the same issues when it comes to testing as we did with SARS-CoV-2. So unless that Chinese outbreak involves a shit ton of mutation, I highly doubt it'll affect us at all",0,unemotional
708,"Well actually the first covid-19 case is in december 2019, hence the name of the virus",0,unemotional
709,">Or, we can be even more logical and realize this is a common, minor, cold and the media is willing to stress people out and cause panic for clicks.

Wait, you're telling me the monkey pox everybody was losing their minds about amounted to nothing? Pffft, next you'll tell me that bird flu isn't as bad as the media is making out either!",-1,disgust
710,"To be fair, so was covid. Coronaviruses aren't a new thing, SARS-CoV-2 was just a new strain of it.",0,unemotional
711,"It's known to science and maybe more treatable with less long-term effects, but good lord, we didn't learn our lesson. I've seen experts back in early 2024 saying jt was a matter of time before we got hit again.",-1,fear
712,This time Vampires instead of bats,0,surprise
713,"Me who almost died 

😢 👍",-1,sad
714,Lol people are going to hoard Tylenol once this post goes viral.,0,unemotional
715,"Ya, as if it wasn't obvious enough the first time.

At least this time they aren't starting with clips of people collapsing in the streets.",-1,disgust
716,If you mean bs like it’s going to suck balls then I agree. If you mean bs as “it’s not real!” then wth man,-1,anger
717,"That's ok buddy, you don't need to say everything that comes to mind, just like you didn't need to beg girls to dm you in comment sections on porn subreddits, but you do you boo.",-1,disgust
718,"Bullshit that you may have to inconvenience yourself? maybe. It hasn't hit that point so no reason to get worked up. 

Or bullshit that you don't realize/believe 1.2 million people died from Covid? That would be fucking stupid.",-1,anger
719,"Yeah, it’s like still winter in China, and as far as I know there is a flu or something going around. I do t think it’s going to be like Covid or anything.
No need to panick ig?",0,unemotional
720,It's completely fear mongering,-1,anger
721,"Coronaviruses are seasonal and mostly linked to common colds (299E, hku1...). And produced outbreaks before, (SARS 2002 and MERS 2013). I'm not saying that is going to happen again, but the problem with RNA viruses is previous history can't be taken as a way to predict what is going to happen as they mutate very fast.",0,unemotional
722,Same thing happened a year before COVID. People were melting down about the black plague being diagnosed in China. When there’s actually a few cases of black plague every year and it’s easily treated and doesn’t spread because we have basic hygiene.,0,unemotional
723,Then we need to keep a closer eye on Madagascar than China.,0,unemotional
724,One mutation away from a pandemic.,-1,fear
725,Why can’t it just be crows physically attacking?  I want to fight off a murder way more than a fever and the shits.,0,surprise
726,"Don't worry, I heard this is just fear mongering",-1,anger
727,This is blatant. They a blatantly convinced a group of dumb selfish morons that a small group of billionaires have your best interest at heart.,-1,anger
728,"Better yet, have YOU been smoking bath salts?",-1,disgust
729,Plot twist of the millennium,0,surprise
730,Ehh. we'll just close all flights and ships to and from American continents,0,unemotional
731,"Ngl, since 2020, I feel like these things go viral more often. Like news companies know ""disease from china"" will get clicks.",-1,anger
732,RemindMe! 2 weeks,0,unemotional
733,"Exactly,  the news article that I read said it's just normal flu season for them, so probably nothing to worry about.",0,unemotional
734,You're going to canceled in 3 months.,-1,fear
735,But have you considered the money that people know can be made from treating it like the other virus?,-1,anger
736,2001,0,unemotional
737,"I am aware of that. Are you aware that, The First cases of this new virus are also from The end of last year?",0,unemotional
738,"Covid was an unusual coronavirus. Most of them only attack the upper respiratory system, so they are extremely contagious, but only give cold symptoms.

SARS and MERS attack the lower respiratory system, so they aren't as contagious. They aren't as contagious, though they still are highly, but they can be dangerous.

SARS-CoV-2 does both, so it's the worst of both worlds.",0,unemotional
739,I prefer Serana,0,unemotional
740,"A million people died, you egg",-1,anger
741,"An add to my comment. A pandemic will happen again in some years, we know it since forever. The real question is if it will be as SARS-COV-2 or as the last influenza pandemic in 2009, which was not concerning. More than 20 years ago, we discovered that the main families with pandemic potential are influenza viruses (flu), coronaviruses and paramyxoviruses. Metapneumovirus is a Paramyxovirus",0,unemotional
742,China gonna drag the rest of us if they cant contained it.,-1,fear
743,"Nah, always start in Greenland because it's a mf to get later on.",0,unemotional
744,"Nah, greenland is gonna be the hold out.",0,unemotional
745,So what it's some kind of Birdemic?,0,surprise
746,let's hope so,0,unemotional
747,"Just wait a couple days, I got an overseas package coming.",0,unemotional
748,"Well yeah, they get you to panic, you click more links, they get more views, they get more profits.",-1, anger
749,100%,0,unemotional
750,Nvm we good,0,unemotional
751,The news fear mongering is so so real. The MOST scared and aggressive stances are the only things availible lmao,-1,anger
752,A million? Try more like 6.8 million.,-1,anger
753,"Go ahead ignore the fact the whole b.s. show started with people collapsing in the streets in china. not flu like symptoms at all.

Also i'm not denying people died. I am questioning the cause.

If you want to continue to trust authorities that lied to you every step of the way, you go right ahead.",-1,anger
754,And that’s how journalism died,0,unemotional
755,Debating vaccines and a climate skeptics subreddit? You really are the human equivalent of a participation trophy,-1,disgust
756,"Sweet ad hominem.
Enjoy your kool-aid.",-1,anger
757,[removed],0,unemotional
758,"Do your own research, but by reading what the real researchers have found.",0,unemotional
759,[removed],0,unemotional
760,We all know “doing your own research” means reading a post you saw on Facebook.,-1,anger
761,"Well your ""research"" is wrong. The ""common cold"" isn't caused by a single virus, but is instead a set of common symptoms caused by a large variety of different viruses like rhinoviruses, adenoviruses, CORONAVIRUSES and so on. By your definition covid-19 was also just a ""common cold"". Look how that turned out.",-1,negative
762,Never believe anything Reddit philosophers have to say.,-1,anger
763,Ragebait,-1,anger
764,U literally sound like that insane uncle...,-1,disgust
765,"I mean, people “did their own research” during covid and look how that turned out",-1,anger
766,Didn’t someone say that COVID was just a cold too?,-1,anger
767,"Since when did ""doing my own research"" mean scrolling Facebook memes on the toilet rather than using the greatest database of information in human history in a meticulous and practiced manner?",-1,anger
768,Hey I've heard this one before,0,unemotional
769,More vaccinations on the way at lightspeed,0,unemotional
770,"i think people also said covid was like the flu

until everyone learned flu like symptoms is in everything

the take away is if you arent feeling well call out, wear face masks, take pre cautions to keep people safe",0,unemotional
771,Since 2001,0,unemotional
772,"So, history repeats itself.",0,unemotional
773,Pretty damn sure common cold is Rhinovirus.,0,unemotional
774,That's what she(Covid) said.,0,unemotional
775,I'm not saying I know anything about this new virus. All I'm saying is that I saw this exact meme but about covid before the pandemic. Just saying.,0,unemotional
776,6G Ukrainian Pigeons are at fault,0,unemotional
777,"“So, supposing we hit the body with a tremendous - whether it’s ultraviolet or just very powerful light, and I think you said that hasn’t been checked but you’re going to test it.”

“And then I said, supposing you brought the light inside of the body, which you can do either through the skin or in some other way. And I think you said you’re going to test that too. Sounds interesting,” 

“And then I see the disinfectant where it knocks it out in a minute. One minute. And is there a way we can do something like that, by injection inside or almost a cleaning?”",-1, anger
778,"This meme template is being used improperly; it's supposed to be batman correcting robin, instead of giving equally wrong information.

HMPV is not a new virus, it doesn't spread rapidly like COVID-19, it has milder symptoms and a lower mortality rate; primarily causing deaths in vulnerable groups. The WHO has not declared it a pandemic and experts say it is unlikely to become one. Rather, its spread in China fits seasonal patterns. Most people are infected with HMPV in early life, and while reinfections are possible, their severity usually is reduced because of partial immunity acquired from past exposures.

HMPV causes flu-like symptoms and can cause more severe lung infections; much unlike the common cold.",-1,anger
779,"Technically, the common cold is *a* coronavirus...",-1,sympathy
780,"Also they put Dihydrogen Monoxide into EVERYTHING! The food, every kind of drink, it's even in the air we breathe!",0,joy
781,"As far as I have understood it is a little more complicated than that

It's not ""the common cold"", but a already known strain of the influenza virus that is rather common in a lot of ""western"" countries, but the reason for the problem is that it is an UNCOMMON strain in China which makes it a problem, and makes it a local epidemic

But you are right in it is not the next coronavirus, since it is already a current and rather old coronavirus. Just not a new pandemic Covid strain",0,sympathy
782,"That's literally what regards were saying about COVID-19. And downplaying it. You never learn humans, do you?",-1,anger
783,Can tell OP didn't do his research.,-1,disgust
784,Didn't they say Covid wasn't a threat at first?,-1,fear
785,"People said Covid was ""just a cold,"" too, and then over 7 million people died of it.  Just saying.",0,joy
786,Bro restarted Plague inc game and renamed from COVID-19 to HMPV,0,joy
787,"Fuck doing my own research, I am going to start making stuff up.",-1,disgust
788,You cannot trust anybody these days anyway,-1,sad
789,Here we go again with the hubris.,-1,anger
790,![gif](giphy|xT1R9EMKDzPvI3hZf2),0,unemotional
791,Describe the control group from your research.,0,unemotional
792,Corona virus is a cold as well lmao. They aren't looking at it on an individual level. They look at it on a societal level.,0,joy
793,"Ya mean like how covid was ""just the flu""",-1,anger
794,Just nod your head and walk away,-1,sympathy
795,The irony that this meme is wrong.,-1,disgust
796,RemindMe! 1 year,0,unemotional
797,"/*Robin slaps back/*

""I know""",0,joy
798,So was covid...,0,unemotional
799,![gif](giphy|MCGbKRgIbgJxu),0,unemotional
800,So you're saying it's incurable?,-1,fear
801,*Starts drinking bleach*,-1,disgust
802,Hey let’s do this every year.,0,joy
803,I’m never going back to lockdowns. It could be actually serious. I’d rather die than do that shit again.,-1,anger
804,"How about you just stay home, if possible, whenever you get sick?",1,relief
805,Friend on Xbox said it gives you testicular cancer in a party yesterday,0,surprise
806,Again with this shit? Great,-1,anger
807,FB told me so LOL,0,joy
808,same thing lul,0,unemotional
809,"It isn't for filthy isolated folk living on junk food and MDew, the same people posting those memes again and again.",-1,disgust
810,Its effectiveness would wear out during the summers.,0,unemotional
811,"Na, this guy is about as severe as rsv. But molecular detection is a lot less due to current availability. I work at a mid size hospital with a major cancer center in the lab. We can test for rsv flu covid in 45 mins and run 10 tests at a time(spots shared with strep testing which only takes 28 mins) 

To test for this it's a next day out to our main lab wich runs the Biofire RP2.0 panel. It's not cheap tho. Idk what we bill but the kit is 3500 for a box of 30.",0,unemotional
812,so was covid,0,unemotional
813,"Question only for those who have had a form of Covid. If you’re a Covid denier move along. I had one form that wanted to kill me for a day and another form that gave me a cough for a month but nothing more. 

Legit question. Is this common cold testing live covid? Like I feel people getting this cold and testing positive for “Covid” but it’s nowhere near like the previous strain of covid.",0,relief
814,"Uhm... COVID was also just a ""common cold"" thats a symptom not an actual illness. The ""common cold"" as you know it is most likely the Rhinovirus.. which this isn't... Have it isnt called the Rhinovirus... Maybe you should try doing your own research",0,unemotional
815,"Most people rejected his message

They hated u/secretspectre11 because he told them the truth",-1,anger
816,Wait till they hear about H5N1,0,fear
817,"Yes, the virus under discussion is among those that people associate with the common cold but, hey, since when did people start believing the WHO and Newsweek (where the story appeared)?",-1,disgust
818,That's going to lead you to some dangerous places can I just say,-1,fear
819,Frog,0,unemotional
820,Isn't this what we said last time when we also researched lol,0,joy
821,"fuck no, after this couples of years, assume the worst and be prepared for it

assuming it's just a ""common cold"" and it turned out is way worse seems bad than assuming it's a ""new lethal virus"", being cautious and preparing yourself and it turned out just normal everyday virus sounds better


also, doesn't virus always evolve?",0,fear
822,"relax , its not dangerous until billy gates says it is  
he is the one to cash in",-1,negative
823,It could be worse than COVID and people won't go along with that shit again.,-1,fear
824,I like turtles,0,joy
825,Better chug bleach about it.,-1,disgust
826,HMPV gonna delay GTA 6 fr,0,surprise
827,this sounds good ,0,joy
828,"I haven't done any research on it yet. But if it's really as bad as covid, we should know how to deal with it properly now, right? At least I hope we did...",1,relief
829,B-but new Covid?,0,fear
830,Always believe in worst case scenarios,-1,fear
831,"People said the same thing about covid when it was rising, and calling it the common cold is selling it somewhat short. It is far closer it influenza. 

*However*

This is a virus that we already know of, not a novel virus.",0,unemotional
832,An these tinfoilhat denialist memes be kept away from here?,-1,disgust
833,"It's almost like every 4 years about there's a newsworthy virus. Bird flu, then ebola, then covid",0,unemotional
834,"Just like Covid was the flu, but the mass grave type.",-1,anger
835,"Idk man, not like I know anything about HMPV but I remember hearing the exact same sentiment about COVID pre lockdown",0,fear
836,"Oooooo dont forget to put the mask on, that comes in the box with the discaimer that says, it does nothing to protect you and others from illness.",-1,disgust
837,"Hmm, seems like I angered a few people",0,surprise
838,This time stay at home and control before it spreads. Nobody wants your useless asses on the street. Illiterate Instagram news reading assholes enabled the last pandemic in the first place.,-1,anger
839,Thank you!!,1,joy
840,"Anyone starts with the pandemic bs and I'm gonna start punching people. Took 2 COVID bullshit vaccines that crashed my health and were absolutely useless, now anyone starts with that shit again and I'm gonna start slamming people in the ground. Took 27 rehab sessions, at least they were free.",-1,anger
841,Wait until people find out the first Covid cure was published in 2003 by Shanghai virology lab the number 1 expert in COVID,-1,disgust
842,tRuSt ThE sCiEnCe,-1,disgust
843,"It’s spread by 5G towers, and wind farms.",-1,disgust
844,Anyone can be a researcher if they just follow proper scientific method,0,unemotional
845,We have to start calling it Rare-sense now instead of Common 😭,-1,sad
846,The trouble is that Covid really laid bare how little most jobs allow for people to take sick time.,0,sympathy
847,"For a brief time, employers actually believed we needed more sick time and encouraged us to use it. 

Yeah, there was a lot of dumb people doing dumb shit, but there was also a formal protocol to follow.",0,sympathy
848,Tell that to the people at my workplace where the first 3 days are not paid and after that only 75%. And on top of that they can't be arsed to cover their face when they sneeze or cough with their arms (not hands),-1,anger
849,If only jobs were understanding enough to not punish employees for staying home when sick.,-1,sympathy
850,"Bare minimum\*

![gif](giphy|wpci3xdYmUZG)",-1,disgust
851,"Stay home if sick, its like the ultimate advice the TV glossed over. Instead they sold useless face masks and other experimental products instead.",-1,disgust
852,Not in the US. To many work in service industry jobs where everyone is expendable and you can find another desperate person to fill the job. You get sick you get fired.,-1,sympathy
853,"I recently got sick because my manager kept coming in to work sick. Like I get it, it was the Christmas period and we were flat out and getting someone to replace you is a lot of trouble, but ffs if you're really unwell *please* stay home.

The sickness sucked. It started off as one of the worst sore throats I've ever had, and then I got headaches so intense that they became migraines, and one morning I was up for 4 hours clutching a bucket and periodically vomitting until I was able to call my dad and he came and gave me some STRONG painkillers to knock me out. Now for the past week I've had a lingering cough that looks like it's going to stick around for a while. It wasn't covid, I tested twice on two different days.

As soon as the sore throat became an issue, I stayed home from work, and I didn't go back until I was certain I wasn't contagious anymore. I feel awful if someone catches a sickness off me.",-1,sympathy
854,"Man, I wish people stayed home if they were sick.  
I work at retail (a toy store, so nothing essential that makes sick people NEED to go despite being sick), and you don’t want to know how much people cough and sneeze with an open mouth right in my face. I get some people have Atsma and stuff like that, but I can guarantee you most of them do not.  
I’m not even asking them to wear a mask, but at least do it in your elbow and away from me",-1,anger
855,"Yep, cold is a symptom, not the disease itself.",0,unemotional
856,">The ""common cold"" isn't caused by a single virus, but is instead a set of common symptoms caused by a large variety of different viruses like rhinoviruses

Yes. If any one of those virus variant from the set of viruses causing common cold like symptoms, progresses further and causes severe symptoms, then it would be classified as a seperate infection and given a seperate name.   

By this definition (and most probably) COVID-19 is a type of common cold virus. If it did not cause severe symptoms or high rate of infection then it would be literally classified as common cold. Heck, the ultimate fate of COVID-19 (by most estimated consensus) is that it will become a part of common cold. As much was said when I was infected with COVID-19 recently - no major symptoms other than light stuffy nose and body pain and my wife literally has no symptoms.    


By the same way, if the HMPV is not causing severe symptoms or high rate of infection then by default it will be part of common cold.",0,unemotional
857,Lots of people said it was just the flu…and then we had refrigerated truck morgues outside of hospitals.,-1,anger
858,">corona was also just a ""common cold""

*covid, right? Sars is a type of a corona virus which causes covid, the disease. Also the names here are incomplete.",0,unemotional
859,I mean COVID-19 was just a common cold lol,-1,disgust
860,"""Common cold"" is a symptom caused by a large group of viruses, and this is one virus that causes common cold, would it be incorrect to call it a common cold virus?",0,unemotional
861,There were tons of people saying covid was just like the common cold in 2019...,-1,disgust
862,Yes it was a common cold! Perhaps a bit worse but the reaction to it was exaggerated. Plus I think herd immunity was better than untested mRNA vaccines.,-1,anger
863,"Didn’t go to well from what I recall. However there’s some real sad injustice going on with the millions of people every year before Covid happened that died from getting a cold/flu that progressed to be worse.. and they never got their death counter on the news. Same numbers, just not news worthy i guess 🤷‍♂️",-1,sympathy
864,Thank god someone said this,1,relief
865,"Yep, if something is on the front page of Reddit then there's a good chance there's something incorrect about it",-1,disgust
866,*Never believe anything internet philosophers have to say. FTFY,-1,anger
867,"Nah it's good to have crazy people. It keeps the ""trust the government and medical concesus"" narrative in check.
As soon as nobody questions governments and big health organizations, they can say whatever they want and the people will follow. It would be foolish to think they wouldn't try to make a profit at that point at the expense of the people.",-1,anger
868,[yeah a lot of them were right](https://washingtonstand.com/commentary/congressional-report-finds-nearly-every-covid19-conspiracy-theory-was-true),-1,disgust
869,"Yeah, we found DNA in the vaxx",-1,fear
870,A lot of people did,0,unemotional
871,How do they manage to be so light?,0,unemotional
872,"All true, but we could still lock down again for a year just to be on the safe side.",1,relief
873,"Some idiots did, yes.",-1,disgust
874,"We said it was ""just the flu"", actually, which killed almost 50 million on its original wave. COVID was nothing in comparison.",-1,disgust
875,It was a cold. Stop being a pussy,-1,anger
876,"With it, huge difference.",0,unemotional
877,"I am joining 

!remind me 1 year",0,unemotional
878,The “experts” have been trying to push bird flu as something to panic over for over 20 years. It’s never been more than an extremely minor thing,0,unemotional
879,"It pulls in views, that’s what 90% of media is now",-1,disgust
880,"No your just kind of wrong, yes it is fairly common and people are partly immune to it but its still a wide outbreak thats spreading quickly through the area as covid had",0,unemotional
881,"One seem to have anger issue, the other seem to just name ppl sheep’s.",0,unemotional
882,Welcome to reddit,0,unemotional
883,"Nah, idiots will argue with their own reflections, you just gave them space to spew",-1,anger
884,"""My experience sucked so the millions of people saved by masks and vaccines must be liars""

Edit: ""I also joke about threatening violence to anyone who disagrees with me because I can't argue like a grown adult""",-1,anger
885,"Hey pal, you just blow in from stupid town?",-1,anger
886,I dunno man I think you're just dumb as hell.,-1,anger
887,"100 percent agree, everyone thought covid was this new thing. It's not. It was a new strain just like the flu has dozens of strains. We will be ok, we have immune systems. I still see these masks on people. I want to know what they wore in 2018. Nothing is the answer. People need to stop being sheep and realize we are built to fight off viruses and bacteria. We will be ok.",0,unemotional
888,"If this is true, where can I read more about it?",0,unemotional
889,"Yeah. Trust the scientist or learn the science yourself. Oh, you're too lazy or stupid to learn anything about science? Then shut your cakehole and do what the professionals recommend.",-1,anger
890,Trust the science is typically mocked by clowns who both do not trust science or understand how science works because they grew up brain rotted online and now are perpetual morons. 😭,-1,disgust
891,"""They're making the damn frogs gay!""",-1,disgust
892,How are the whales fitting into all of this?,0,unemotional
893,"Fucking fools, I got all the horse paste, I'm INVINCIBLE",-1,anger
894,I KNEW IT!,0,unemotional
895,Those damn kid in their phones👴🏻,-1,anger
896,"We raise our wind in the open, none of those enclosed factory things.",0,unemotional
897,You are protected if you drink raw milk.,0,unemotional
898,When did listening to our Healthcare professionals become a such a political topic? They just want to keep us alive.,1,joy
899,It rolls well on tongue as well :D,-1,disgust
900,Common sense is an uncommon commodity.,-1,joy
901,It rolls well on tongue as well :D,1,joy
902,"Ya, that's a situation with workers rights. Instead of demanding those rights, people were distracted by mask arguments and making things political. It always boils down to the common people being disposable, especially if letting them stay home hurt profits.",-1,anger
903,And nothing changed in that regard.,-1,sad
904,"Oh there was for sure good faith companies who cared for their workforce, i didn't happen to work for one myself. As they labeled me ""essential"" and my whole job was to pick up rental trucks, and take them to a shop in the next city over.",-1,sympathy
905,"One place I worked had the policy if you were sick or an emergency (like your water line burst or something)  and called in you still got paid that day. Well you can guess what happened. People started getting ""sick"" on Friday or Monday. Then they posted pictures of their weekends. That quickly changed because people abused it.",0,unemotional
906,Bear with me i am just waking up haha,1,joy
907,It's also a temperature and an expression with three meanings,0,unemotional
908,Some people have cold symptoms when they servoconvert HIV infection. Cold symptoms dont mean much,0,unemotional
909,"The point I was trying to make is that if you downplay the consequences of a potentially dangerous pathogen by calling it just the common cold, you've learned nothing from covid-19 that was also just a ""common cold""",-1,disgust
910,"Except for the fact that no viruses in human history has ever been isolated, purified, or verified. You can’t spread viruses, they are results of bacteria that we are excreting from our body when we go through a detox. Kind of like when you have a runny nose, a headache, bodyaches, spitting up junk. That’s not an ill illness, that’s your body cleaning itself. But we have been lied to by the Rockefeller and Rothschilds form of medicine to believe that viruses can make you sick.",-1,disgust
911,Yeah some people seem to have learned nothing.,-1,disgust
912,You believe that lmao?,-1,disgust
913,"also known as ""America Great Again""",-1,disgust
914,"Yes covid, fixed.",0,unemotional
915,"Hmmm... ""let's wait and see what the virus does in the long run"", vs ""let's set what this vaccine that uses well-tested decades-old technology and designed to be harmless does in the long run"".

Well, we didn't even have to wait very long to learn that the first one already sucks,  with heart, lung and brain damage and long COVID.  Common cold my ass.  So I'm gonna have to go with the vaccine, which also contributes to the possibility of herd immunity.

Of course, we didn't get enough of the herd vaccinated in time, so the virus out-evolved the possibility of herd immunity.  Now people get the actual disease multiple times, immunity be damned. Fortunately the vaccinated have better outcomes, so fewer of us need to deal with long term effects.",1,relief
916,"A lot of people die yearly from a large variety of pathogens yes. That is indeed not newsworthy. Corona was different because it was ONE single pathogen that killed millions globally in a very short time period, a pandemic. Pandemics are newsworthy because they affect everyone on earth. You can read about local outbreaks in the local news if you want.",0,unemotional
917,"How does that fix shit, just cause you generalize something its not better",-1,anger
918,"Are you saying you trust the crazies *more* than the “medical consensus” derived from several professionals with more education, experience, and knowledge than the crazies and most of the …(idk “sanes”?) out there?",-1,disgust
919,Oh they already do,0,unemotional
920,"Article you linked will load, but the report it’s citing won’t. 

Not blaming you. I got shitternet at the moment. Just letting you know I see the comment and will respond appropriately after I’ve reviewed what the article is citing",0,sympathy
921,"Based on the fact you consider the Washington stand a reputable and trustworthy news source, nothing I say is likely to change your mind.

Our worldviews are so fundamentally different that there is no productive conversation possible.",-1,disgust
922,Was it not RNA?,0,unemotional
923,well yeah obviously,0,unemotional
924,And it was,0,unemotional
925,"No, I mean like, didn't a lot of experts say it wouldn't become a big deal before it became a big deal?",-1,disgust
926,Covid objectively was a nonissue for humanity. You're the idiot lol,-1,anger
927,"I'm assuming you're referring to the Spanish Flu Epidemic.  You have to remember that during that time, there were no vaccines, and indoor plumbing was considered a luxury.",0,unemotional
928,I had it.  It was definitely worse than a cold.,-1,sympathy
929,"Ok, but they still died.   If it was just a cold, they likely wouldn't have.",-1,sad
930,"You sound real confident about that. Wait until all your milk is unpasteurized and RFK has taken away vaccines

Also those quotations around experts... Yikes dude",-1,fear
931,"Whoa, a cold virus spreading quickly during the cold and flu season 🤯",0,surprise
932,"I can fucking guarantee you never left your mom's basement, that's the reason you should shut the fuck up and maybe put lead in your lobe.",-1,anger
933,"The vaccine is to help train your immune system against the virus, so that your immune system will be able to act appropriately and help reduce symptoms. It also happens to help save lives against more dangerous virus like the polio. Perhaps certain people does have adverse reactions to certain vaccines (maybe allergic reactions?) but on the whole vaccines does help the general population avoid devastating illness from spreading.

I really pity ppl like you, who believe that everything the government says is bs and shouldn’t be listened. You have your way of living, others have others, no need to name others as sheep’s. I could have labeled you as a sheep to misinformation/disinformation.",1,relief
934,You are the ones the rest of us are looking forward to not dealing with anymore. Enjoy your “no masks”,-1,disgust
935,"""we will be ok""  
tell that to:

the bubonic plague  
smallpox  
polio  
the spanish *flu*  
HIV  
...",-1,sad
936,"Were we built to fight off the Plague, rabies, Spanish Flu? Yeah thought not",-1,fear
937,"Is this the account you meant to react to yourself with, \_TiWyX\_? People like you are the cancer of mankind. You have no idea how harmful and stupid you are.",-1,anger
938,"It will take me months to try and archive something. But if you want some evidence. Google 2005 Covid cure the 2nd published Covid cure on August 22 2005. This is a different cure than the first one I was talking about 

https://pmc.ncbi.nlm.nih.gov/articles/PMC9846609/
Here's the first cure but it's not from Shanghai virology lab it's from national library of medicine and they water it down after Covid so people don't figure it out 

The TCM stands for Forsythia and this was the first cure published from Shanghai virology lab",0,unemotional
939,“They’re making the damn frogs!”,0,surprise
940,"I audibly laughed when research came out later that was like: Alex Jones... is technically right.

![gif](giphy|5R2XVoMUnUmhxX5dWI|downsized)",0,surprise
941,Last seen with a bowl of petunias,0,unemotional
942,Nuke the whales.,-1,anger
943,"Its immune to ivermectino, bambino... the only cure is gay booty cream. Choose your next step wisely, detective.... buwahahahahahahaha",0,surprise
944,I read this in the voice of the Black Knight.,0,unemotional
945,When they started lying to us to make profits,-1,disgust
946,"I was also essential, as a food service employee, and let me tell you shit got stupid.",-1,anger
947,"I was an essential employee due to working in a personal care type place. There were so many people that quit, some even a year or so out from retirement, because of all the weekly testing, the inconsistent enforcement of the rules, etc.  

We were also given specific covid sick time for about two years, then it was suddenly dropped while testing continued and mandatory 10-14 days of time off for testing positive. They would not accept an outside test even if it was through a doctors office to prove you were negative, however if you missed testing you had to show proof that you had a rapid test scheduled at a pharmacy or doctors office before you could come in to work. Weekly testing only ended a few months ago.  

We also lost a fair amount of employees after vaccines became mandatory unless you had a religious or health exemption.",-1,sad
948,"More like the majority of people, still the same point though.",0,unemotional
949,"Idk about HIV, but yeah: sore throat, stuffy runny nose, and coughing are just super standard illness symptoms. Like half of the diseases you might catch have them.",0,unemotional
950,"True. But no one here is ""downplaying"" the actual severity of infection as literally there is either not much data available or no credible data for severe infection. By my estimate from News frenzy, it is definitely over estimating than vigilant.   


Ultimately, be cautious and practice common sense hygiene, don't be alarming or anxious. Comparing it to COVID-19 is definitely not a good course of action as people will be anxious rather than cautious. No need to spend our social and scientific capital on unfounded alarmism than actual science.",1,relief
951,You are so close to awakening... just a little further little sea turtle until you'll be free in the ocean.,1,joy
952,Oh is it? Can you tell me more?,0,unemotional
953,"Viruses have been isolated for over a century now. You can see them under an electron microscope, and their genetic material is cool af, and completely open to study. One of the most important advances in biology and biotechnology and apparently it just doesn't exist.",1,enthusiasm
954,"Damn, you just had to mention Soros as well and you would have gotten a bingo",-1,disgust
955,"Like I can understand some things might have been over done. Like the kids could have gone back to school sooner. Mainly because kids LISTEN to adults and would be more likely to wear their masks. 

Adults on the other hand apparently hate listening to other adults.",1,sympathy
956,Occam’s razor my guy.,0,unemotional
957,Except those who died of blood clogs.,-1,sad
958,Yeah but when a dude was shoot by the cops then added as a covid death because he had covid at the time of death can we really trust numbers,-1,disgust
959,Oh no! Anyways...,-1,disgust
960,Of course they do. But imagine how bad it would be without the tin foil hat heroes.,-1,disgust
961,"Nah, they left the plasmid DNA from the mRNA encryption process in because it was too expensive to remove (though they removed it during the testing phase). Basically they had huge vats of industrial plasmid cranking out mRNA for the vaccine, but it was too expensive to ""strain"" the DNA out with the massive numbers of injections they needed.

The DNA is coated with the same lipid nanoparticles, so they get entry into cells just like the mRNA does. This is why you're seeing turbo cancer and heart attacks - changed genome in stem cells causes the cancer, changed cardiac cell genome and the subsequent autoimmune attacks cause myocarditis.",-1,fear
962,"For me it wasn’t any worse than a cold, for others it was really bad.",0,sympathy
963,Bro it killed over 7 million people.,-1,sad
964,"That's because they didn't expect people to ignore all of the safety precautions they outlined. It wouldn't have been a big deal, but people happened.",-1,anger
965,I'm talking about the influenza outbreak in 1929. Common sense was actually common so people stayed home when they were told so it resolved a lot quicker.,1,relief
966,"You're not wrong, but the reason it was worse for some people and barely a cold for others is that a lot of people most affected had comorbidity. It hit me like a dump truck that stopped and ran over me several times. I was also 100lb overweight at the time, smoking a pack and a half of cigarettes a day, living off ramen and leftover pizza, not exercising, and not drinking enough water. It was indeed like the flu, but I also hadn't had flu-like symptoms or even a fever for almost 30 years at that point, so it sucked. 
I have a whole wardrobe full of interlocking tinfoil hats regarding the creation, spread, recommended treatment, and morbidity of covid, but nobody on reddit is ready for that conversation.",0,sympathy
967,"I had it, too, and I was sick for 2 days. Probably because of not having a compromised immune system. Almost like anyone with a weak immune system could die from pathogens. We should totally shut down the world though.",0,unemotional
968,Wrong again,-1,anger
969,"Very confident. 
And all of that sounds great! Can’t wait!",-1,disgust
970,"Fucking nailed it, an average fat fuck base dvelling Reddittor that has seen the sunlight maybe in 2014 when his mom dragged him out.",-1,anger
971,"I'm well aware of what a vaccine is and does and I agree if the vaccine is properly tested it does wonders for the population. I have a problem with an experimental vaccine never tested being forced into the population with threats of losing your job. I have known many people who got vaccinated and had serious adverse effects and they regretted getting it. Label me if you want. If they would have followed the traditional route of testing the vaccine much like the flu or polio, I would agree, but they didn't.",-1,anger
972,"Pretty sure it’s known bullshit now.  Go look up how the efficacy of the vaccine slowly over time dwindled in its ability to keep you from getting sick.  You didn’t take it for your health, you were peer pressured into it and offered free fucking donuts and French fries while you drove up and had some stranger in a parking lot jab you with a syringe.  You all deserve every horrible thing that it could possibly cause in the long term.",-1,anger
973,"I will 😂, they don't work the way you think they do. Talk to anyone in the medical field if you don't believe me. You must not know that viruses are very small and can easily pass between spaces of fabric. Science is hard, you'll learn, I believe in you.",-1,disgust
974,"That was before the vaccines were properly tested and used on the population, again I agree vaccines work, I don't agree with using an experimental vaccine by force and fear. Let's not forget the covid vaccine was not a traditional vaccine. Why does everyone forget that?",-1,anger
975,"""They're making the dam!""",0,joy
976,"""They're eating the frogs""",0,joy
977,The goddamn frogs,-1,disgust
978,"""Technically right"" means actually wrong. Which he hs always been.",0,joy
979,Gotta nuke sumtin'.,0,unemotional
980,"Its should have been Raz alghul but I love you nonetheless and we can be friends forever. 🤣🤣🤣

![gif](giphy|jIzXYqaQ0nLkA)",-1,disgust
981,"Can you give me an example for when they have lied?

Just out of curiosity",0,unemotional
982,"They don't lie to make profit, they just add Hella markup. 

Markup is easy to make money on, lies are hard, how is that too hard for you to understand?",-1,disgust
983,"Can you give me an example for when they have lied?

Just out of curiosity",0,unemotional
984,Well I think the majority have a symptom cluster more akin to influenza meets mononucleosis - a bit more obvious something strange is going on. My point was some can have it as mild as cold symptoms. But yeah same point,0,sympathy
985,"Yeah this is a meme subreddit, and this particular ""meme"" is what I was referring to when I was talking about downplaying the issue. A lot of people use subreddits like this to boost their own agenda of negligence like I think is the case here. Do I think we have a new pandemic on our hands here? No. But do I think we should keep repeating the same patterns as we did with covid? Also no.",,
986,"Oceans and sea turtles aren't real, moron.",-1,disgust
987,"It would have been fine if most adults were actually wearing proper masks, but most people just showed up with some hand-made cloth shit that was sold for like 50p and expected that to curb the infection rate.

The government worldwide was mostly shit at telling people to actually get proper medical masks to wear so they'd actually be preventing them from spreading (and not contracting, by the way, but *spreading*) the disease.",-1,anger
988,Sorry but how does that apply here?,0,unemotional
989,"Bro get a grip on your life, what a pathetic loser way to live if after years you still believe in bs about covid",-1,anger
990,What if reasonable skeptics are being drowned out by tin foil hat people?,-1,disgust
991,"Can you link an actual study or some meta data that states there’s a link or we can reasonably infer from that there’s a link between the covid vax and everything you’re saying? 

Because I’ve heard the same shit said about the MMR vaccine and Honey Nut Cheerios. I’ve ingested them both as well as the covid vax, and I’m reasonably healthy.",0,surprise
992,It killed my dad while I had just a had a bit of a headache and sniffles.,-1,sad
993,"And I was in my early 20s and was perfectly healthy at the time, but when I contracted Covid, I was bedridden for a week.  A friend of mine who was also perfectly healthy and in her 20s also was and said it was worse than the time she had pneumonia a few years prior.  Additionally, my father has a rare syndrome and fortunately never contracted covid, but data showed that had he contracted it, there was a chance it could cause a relapse in his condition, which would be fatal.  You see, shutting down the world wasn't to protect you and me, it was to protect people who were at much higher risk.",1,sympathy
994,https://www.ahcancal.org/News-and-Communications/Blog/Pages/Flu-or-COVID-19---Which-is-Worse.aspx,0,unemotional
995,"For someone who *definitely* hates and disagrees with Darwin, you're sure aching to prove him right. 

The rest of us will trust the ""experts"" and pretend we don't know what schadenfreude means",-1,disgust
996,Did you mistakenly react to yourself with the same account instead of a second account? You’re a liar.,-1,anger
997,"Bro, no need to project yourself.",-1,disgust
998,r/LeftTheBurnerOn,0,unemotional
999,"?
I’m pretty sure the vaccine has to undergo clinical test (or whatever the term is, basically multiple people from different parts of the of the population test the vaccine first) before being allowed to be distributed to the rest of the population. 
Where did you get this idea from?",1,surprise
1000,"1. [Literally the first thing that popped up on google](https://www.cdc.gov/covid/vaccines/how-they-work.html)
2. There will ALWAYS be a few people who get very bad effects from vaccines and medicine in general. It has always been this way and will always be this way, because no one is an exact copy of anybody else.",1,relief
1001,"And even more people would have died if they spent more time testing the vaccine. There's only a tiny percentage of people who had adverse effects after getting vaccinated, just like with any other vaccine.",1,sympathy
1002,"I’m sorry I’m not from the united states of fucking “freedom”. We didn’t take it for food or whatever “benefits” there are, although I do think such incentives may be required to get ppl to even seriously consider taking the vaccine.

Btw virus mutates, much quicker than human. This old vaccines could be less effective against new strains of the virus. This why some governments suggest the population to take the booster vaccine, to protect and reinforce protection against the virus and its new variant.

Also, calm down, no need to get worked up while arguing on the internet you (probably) bald fat fuck sitting in your mothers basement while she cheats on your dad in the bedroom above you.",-1,anger
1003,"intelligent wide meeting salt pen outgoing include workable cake abounding

 *This post was mass deleted and anonymized with [Redact](https://redact.dev/home)*",0,unemotional
1004,"Lmao bb save yourself and stop talking science when you don’t understand it at all. 

We are all born with certain abilities. And this is not one of yours.",-1,anger
1005,"The point of the mask is to reduce the spread of the virus, take Covid for example, Covid spread via droplets from body fluids. The mask catches the fluids and reduces the spread to the surrounding, reducing infection. 
Who told you mask stop you from breathing in the virus?",1,sympathy
1006,"My guy, it's literally been 5 years and you STILL don't understand the purpose of a mask? Viruses need a vehicle to travel, the mask prevents the vast majority of viral particles from escaping into the air by capturing the vehicle aka saliva and evaporating water. Masks aren't to protect yourself, they're primarily used to protect others. A surgeon doesn't wear a mask during surgery to protect themselves from your disease, it's so their viruses and bacteria has a lower chance of getting into your open wound.


My friend, how dumb are you?",-1,anger
1007,"Yes, obviously the virus is small enough to pass through the fibers of the mask. But many illnesses are only transmitted through vapor or body fluids. The droplets do not pass through the mask. That is the point. Also, even for illnesses that can be transferred simply through breathing the air, it is less likely to transfer if the pathogen is not being projectile spewed out farther through sneezing and coughing when there is no mask. Masks reduce transmission rates of Covid. 

It's honestly hard for me to believe that you're being serious when you're still using that argument in 2025. You read online for 10 minutes and suddenly think you know more than people that have been studying a subject as a full-time job for 40 years.",1,sympathy
1008,That's incredibly racist towards us beavers,-1,disgust
1009,Me when I see a beaver,0,unemotional
1010,They’re making the!”,0,unemotional
1011,"""They're ...""",0,unemotional
1012,they are making it.. with the dam?,0,unemotional
1013,“My God… it’s full of frogs”,0,unemotional
1014,Can we nuke the hurricanes?,0,unemotional
1015,"HOW ABOUT WE NUKE THE \*\*\*\*\*\*\* OCEAN!

\-Mr Torgue, Probably",0,unemotional
1016,"I mean, Andrew Wakefield did lie about his research into a link between vaccines and autism just so he could sell his book about it.

He got found out and ousted from the medical corps.

Doesn't keep him from lying further and making money off of concerned parents.",-1,disgust 
1017,"Healthcare professional claiming that tobacco was safe and beneficial for years. Cocaine used to be allowed in Coca Cola as well as Opium tinctures being available for public sale. There was a huge propaganda campaign from large corporations, perpetuated by healthcare professionals, to convince people that fat makes you fat and not sugar. How old are you? Not trying to be rude but it seems you simply don't know much of American history. The healthcare industry has profited off of lies for as long as it has existed.",-1,disgust
1018,"Read the discaimer on the boxes of masks, all the stores and restaurants tried forcing you to wear.

Or 2 Weeks to stop the spread...

Or 6ft social distancing. LOL

Or the bizarre indoor dining rule where when seated, it was safe to take the mask off, but unsafe when waiting for a table...

Give me a fking break.",-1,disgust
1019,Lies aren't hard when repeated enough times. Turn on any news station mostly lies and propaganda. With the slightest shred of truth sprinkled in.  There is usually too much shit to find the sprinkles,-1,anger
1020,The guy probably confused it with that one Healthcare CEO that got killed some time ago,0,unemotional
1021,"Yes I agree.

However, reddit is hardly any place considered as ""general public consensus"" much less people in power effecting changes. So it's a meme have fun.",0,unemotional
1022,Well I will say at the start you could not find masks for like literally months,0,unemotional
1023,"The actual facts? You were played dude move on its cool the world was sold the equivalent of the flu as a global pandemic and now our economy is crashing an global tyranny is coming. It's not a conspiracy it's being aware of trends and moves, anticipating events as and before they happen. Don't worry one day you'll rember this and go fuuuuck the random crazy guy on that meme was right. Presuming your recall is good we're talking 10 to 30 more years before the plan becomes reality. But you're also talking to a delusional person who separates reality a lot. We'll see!!!!!!!",-1,anger
1024,"That was a joke. My point was that there are extremists on both sides. Both are needed to keep a sort of balance. Most people see information from both sides, then end up somewhere in the middle.

My biggest complaint though isn't that tin foil hats drown out reasonable sceptics, but that the latter get thrown into the same box as them by society.",1,sympathy
1025,"https://youtu.be/C7Qs166xR28

This oncologist is really careful about what he says as he's in charge of a cancer lab that receives federal grant money, but it's pretty clear that the DNA is in the vaxx. There were a lot of fact checking sites that try to shoot the causation down, but they don't dispute DNA is in the vaxx with the same nanoparticle activity.",-1,disgust
1026,Same here but it got a couple people in my family.,-1,sad
1027,"That's not how life works. We shouldn't shut down the world to protect anyone. People die every single day from illnesses, etc. Crazy how no one wheres masks now and covid is just gone?? I didn't even get the Vax, and 5 years later, no covid. I'm not saying we didn't have a new illness to deal with. But you're crazy if you think we had to shut down the world and do everything we did. Cause all of that only benefited one group of people.",-1,anger
1028,Best of luck,0,surprise
1029,"Another dementia patient. Check yourself kiddo, your history looks worse than some kid that grew up on cocomelon.",-1,disgust
1030,"It's pretty simple to understand that a vaccine must go through a lengthy trial to make sure there are no long term effects, that did not happen, so we had no idea what may or could have happened. We still don't, again I have no issues with vaccines, they absolutely work, just have to do them the right way.",1,sympathy
1031,"I'm enjoying this debate, I have agreed that vaccines work and they do, but when I say they have to be properly tested I'm evil. I'll never understand reddit or the Internet 😂",0,unemotional
1032,More people die from the flu every year than covid.,0,unemotional
1033,"Easy now, killer.  Don’t tell me to not to get worked up, because I’m not, and then turn around and drop some high school level insults.  They don’t work on adults.",-1,annger
1034,"Again, they don't work like people think they do. If you sneeze in a mask everything blows out the back, away from the patient. It doesn't stop things from escaping, it will redirect. But the mask will still let things escape from the front as well. Talk to any medical professional and they will tell you. I have family that works in surgery and they are trained that masks do what I just said.",-1,disgust
1035,"So because I stated a fact you just now insult me? I must have hit a nerve 😂. Good thing I didn't study biology in college. Good thing I don't understand how microorganisms function and how they enter the human body. Good thing I don't know that if you can exchange air while breathing that you're also breathing in viruses and bacteria. Good thing you can still breath while wearing a mask and viruses can absolutely still get in. Yes you're right, I don't understand 😂",0,unemotional
1036,This type aren't usually the ones that think about the impact they may have on others. All about me baby!,-1,anger
1037,"Water droplets can still escape the mask, why do people think a mask is a magic thing that fixes everything. It may reduce extremely large particles like flem, but water droplets can absolutely still get through.",-1, disgust
1038,"Did you know if you sneeze in a mask it all gets blown out the back? You didn't. Did you know when you're trained in the medical field, when wearing a mask you never turn your head to sneeze or cough, you sneeze or cough straight ahead at the patient because the back of the mask will let everything escape. It is ok that you didn't go to medical school, or that no one in your family did. But it's also ok to ask a medical professional how they work. They aren't 100% and they absolutely still let particles out.",-1,disgust
1039,"As I have stated in other comments, masks don't work the way you think they do. If you sneeze in a mask, the particles will blow out the back, still not stopping much. I agree it may reduce if properly worn, but it will absolutely still let particles through. For the people who have been studying a subject for 40 years, they will tell you the same thing about masks. I have family that work in surgery and they are trained how masks work. If you sneeze or cough you continue to face the patient because it will blow out the back of the mask, thus less chance of the patient being exposed to particles. But the particles are still escaping and are now in the air.",0,unemotional
1040,"Yes, Billiam.",0,unemotional
1041,Me when I see 61 wealthy country club owners cutting corners and ignoring warnings.,-1,disgust
1042,Smart people are advocating for this.  The smartest people.  Ask anyone.,1,enthusiasm
1043,"I mean, we probably can, or at least we can detonate nukes inside/on the path of a hurricane.  However, and by no means do I have any real understanding of how nuclear physics and meteorology would interact, but I'm guessing we can expect intense winds, ultra high temperature blasts, nuclear fallout becoming nuclear spreading-away-fast-as-fuck-out...  Terrifying, but it would be a spectacle for sure.",0,unemotional
1044,"The funniest part for me is that he didn't even say that all vaccines cause autism, he was ""just"" advocating splitting the MMR into three separate shots (which he was trying to market his own version of).",0,unemotional
1045,"Fair 

I thought he was talking more about professionals who were pro vaccine",0,unemotional
1046,"Youre lying. There were a lot more people who made the link.

Also, vaccines are fine, its when they begin using people as test subjects for unsafe and unvetted products that they called vaccines that damaged kids.

It takes years and decades to see the affects of thesr products.

And whistleblowers usually do get ousted and discredited when it affects billions in potential profits.",0,sympathy
1047,Fair I'm not from America,0,unemotional
1048,"All of these have explanations that aren't ""lying"", but I don't think you're going to listen",-1,anger
1049,"I wanted to argue normally with you then I read ur username ... I thought ok still maybe a normal human

Then I saw that you play fallout 76. I don't argue with those kinds of disgusting people 🤮 /s lol",-1,anger
1050,Or Fauci lying for months about the origin of the virus,-1,disgust
1051," calling a CEO a healthcare professional 🫡💀

At most you could call him getting the money out of your pocket with minimal effort professional",0,disgust
1052,"Yeah, and it was understandable then. But as the times went by and proper masks became more commercial and we let ourselves back into the real world, I guarantee we would've spent a couple less months in pandemic mode had the mask-wearing been more consistent -- even beyond the matter of people wearing them or not.",0,sympathy
1053,"Bro just look at yourself, this is sad. Total schizo posting 🤡🤣 you must really have a boring life huh",1,joy
1054,Now link an actual study and not clickbait.,-1,anger
1055,"And we should just get rid of driving regulations because people die in car accidents every day to protect one small group of responsible drivers?  Gtfo with that shit man.  Once you start talking about ""acceptable"" death rates or what demographic is acceptable to be at risk you've already gone past the point of being seriously fucked up.",-1,anger
1056,"At least I’m not raging over some random (probably bullshit) internet argument. 
Please, if you cease to direct your anger to anyone with opposing views, maybe you would be more liked as a human.",0,sympathy
1057,They were properly tested… did you not read my link?,0,unemotional
1058,More people die of the flu every year than polio. Stop polio vaccines!,0,sympathy
1059,"Yes masks don’t stop everything. I think that’s pretty obvious, if we could just effectively end all spreading diseases right now we would. But stopping half or even 30% is a hell of a lot better than 0.",1,sympathy
1060,"adjoining crown file books desert special ancient zesty wine literate

 *This post was mass deleted and anonymized with [Redact](https://redact.dev/home)*",0,unemotional
1061,You went off the rails somewhere. I can promise you’re not getting paid to do anything regarding science,0,relief
1062,"I said reduce.
It’s better to reduce the infection rate rather than have so many ppl infected that it overruns hospital and healthcare facilities.",1,sympathy
1063,"Nobody ever said it was 100% but again you just proved that they work by not allowing the particles to freely go into the air.

And of course the font cover their mouth with their hands, the mask protects most of the particles and they need their hands sanitary. I don't know what your problem with masks is, it's literally not a hard concept. Since when did being dumb as fuck become essentially a fashion statement on America?",0,sympathy
1064,"You said that masks don't work, then proceeded to explain how they do work. SMH. You are on another level.",-1,anger
1065,Oh yeah that was definitely tongue-in-cheek of me ;),-1,anger
1066,"That's fair. 

The American healthcare industry has done a lot of shady things over the years. I think right now is probably the most transparent the healthcare industry has ever been due to the internet and the ability to share information so quickly. There is a lot of distrust in these systems and the establishment that allowed for it/profited from it. 

That's not to say that the healthcare industry manipulated and lied to citizens to make money during Covid, I just don't think the healthcare industry gets the right to say ""well when have we ever lied to the public"" as a defense. 

No matter if they lied during Covid, i just want people to know the truth. But I don't have an answer. You don't have an answer. No one in the public really knows for sure. I do think there should be investigations because of the history of these types of corporations and government agencies. And whether or not they lied, they *have* profited off of Covid.",0,unemotional
1067,"No I actually a very fast paced life that involves a 50hr work week, a new relationship with someone im abousloutley in love with, maintaining and learning how to the best father I can be outside of the hose but still involved and there early teen 🙄 doesn't make it easy. Then there's the adventure of learning to step into a step dad role(parenting level 100.) then there's always the very very implussive behavior that's never boring drive halfway across the country on a whim. So no definitely not a boring life 🤣🤣🤣 now flip that how sad is your life that you're arguing reality with a middle age man on a school night with whom you think is crazy🤔🥱 homie go drink something smoke something then fuck something every night well you can life is going to get really shitty for you in the next few years",0,fear
1068,"Lol, you think the FDA or CDC would allow the release of a study that could be used to Invalidate all informed consent?",0,surprise
1069,"Its not being fucked up its being realistic you pussy. We should not get rid of anything or shut down anything. People are going to die. That's life. If you can't accept that, oh well. Every life does not count, and you will not and can not save everyone. Sorry, I'm not sorry.",-1,anger
1070,You're missing my point and that's ok. I have agreed that properly trialed vaccines work. I'm done repeating myself.,0,sad
1071,"I agree, I have agreed this whole time, people skip that line when reading my comments. I'm saying people think masks work in a magical way, they don't. They have to be worn properly and they aren't. If you're standing in line at a store with a mask, and someone in front of you sneezes you are being exposed. People don't seem to understand that. That's all I'm trying to say. This whole conversation has been me saying vaccines work, just need to be properly tested and trialed and masks work if properly understood and worn. Yet I'm told I'm the dumb one. It's truly amazing.",0,sad
1072,Again I come at you with facts and you just insult me 😂 you're adorable. Somewhere along the line you forgot germs are so small they are invisible. I can send you a biology book if you want but I have a feeling you wont understand the big word in it.,-1,anger
1073,"I agree reduce, but people thought masks were some kind of cure all and it did more harm than good, especially when people have no idea how masks work or how they're supposed to work.",0,surprise
1074,I just said they do go freely into the air? Are you ok? Did you read what I typed. 😂,-1,anger
1075,I said masks don't work the way people think they do. Reading is hard,-1,anger
1076,I think they did say tobacco was safe in Europe as well,0,disgust
1077,Yeah tbh I just thought about vaccines and shit but here in Germany homeopathy is the thing corrupt officials fill their wallets to the brim,0,surprise
1078,Professional schizo posting loser,0,fear
1079,"Yes, bcause theyre a regulatory body and its literally their job to bust malpractice. So point out an actual study chucklenuts. We're all eagerly awating it.",0,sympathy
1080,"We get it, you're a step away from suggesting eugenics next Buddy, or wait, maybe you're thinking we abolish cancer research next? Just trying to follow your narrow minded callous thinking my bad.",-1,anger
1081,"You don't really have a point tbf

The vaccine works. Just because a tiny percentage of people had a negative reaction to it does not dismiss this. Every vaccine can cause negative reactions, no matter how properly trialed it was",1,sympathy
1082,"Enjoy the rest of the decade, big brains",-1,unemotional
1083,"That's the problem, what you typed is 100% incorrect. Like dude it's really not hard science.

Is being stupid a fashion statement these days?",-1,anger
1084,"Yes it is, but keep working at it, and one day, you might have good reading comprehension.",-1,anger
1085,"Thats fair as well lol. If your brain was only on vaccines, it makes sense you said an all encompassing term.",-1,joy
1086,https://youtu.be/KeV9qRbM7WM?si=0CvP-a8IHcyvBlg5,0,unemotional
1087,"https://www.mdpi.com/1467-3045/44/3/73

Well, this swedish study showed ""mRNA"" uptake into liver cellular genome in vitro. However, the specimen probably also contained the same DNA contamination and were responsible for the uptake.",1,sympathy
1088,"No, you're being emotional and a smart ass. I'm being realistic. Obviously, I didn't say stop trying to prevent illnesses. But even if they came up with a cure for cancer, you think everyone will get it? Or will be able to afford it? No. People will still die and get cancer. Called being realistic.",-1,anger
1089,Good slam 🤣,1,enthusiasm
1090,"If you feel like this Post violates the subreddit [rules](https://www.reddit.com/r/JEENEETards/about/rules).

Feel free to report it using the 3 dots or tag any active moderator for removing this post.

Learn how to report any post [here](https://www.reddit.com/r/JEENEETards/comments/1d9ac4i/comment/l7c1q08/)

*I am a bot, and this action was performed automatically. Please [contact the moderators of this subreddit](/message/compose/?to=/r/JEENEETards) if you have any questions or concerns.*",0,unemotional
1091,"https://preview.redd.it/fwo3q7cfspae1.png?width=640&format=pjpg&auto=webp&s=3180611cd24c319d30fdbb99ad3cb7d4fa15a62e

shi just got real ![img](emote|t5_311ttu|32180)",0,unemotional
1092,"jbse lockdown hata hai (2022 march) , har 6th mahine naye lockdown ki khabar aati hai, kbhi koi naya strain,kbhi koi naya virus,kbhi monkeypox

aadat hogyi h ab, dw guys ye bhi fake hogi",-1,anger
1093,[deleted],0,unemotional
1094,20 din me andar india mai aa sakta hai kya? (urgently needed),0,anger
1095,[removed],0,unemotional
1096,bhenchod jis saal humko college jana ho us saal hi ye sab bakchodi 😭😭,-1,sympathy
1097,"Last year bhi hua tha its due to cold weather.

https://preview.redd.it/mljnx7v5jqae1.jpeg?width=512&format=pjpg&auto=webp&s=5ea078bc8f4168b9593b6dbfc161d3d9337bea14",-1,fear
1098,[deleted],0,unemotional
1099,"Nothing to worry about this , HMPV is more or less equivalent to common cold , 2 times the power of common cold , that it :)",0,sympathy
1100,5 SAL KAB HO GAYE ![img](emote|t5_311ttu|32193),0,surprise
1101,W china 🥰🥰,0,unemotional
1102,Ab hoga Academic comeback in this new Lockdown season,1,joy
1103,[removed],0,unemotional
1104,"u/ananya_011 mene suna h iitians immune hote h virus se?
🥵🥵🥵🥵🥵🥵🥵🥵👈🤬👈😔🥵🥵🥵🥵👈🥵🤬🗿🤬🗿🥰😅💜😅😅👈🤬👈🤬🥵🥵🤬👈🤬👈🤬🤑🤑🤑🤬

Iit supremacy",1,enthusiasm
1105,"another china W 

india yaha bhi piche reh gya",-1,anger
1106,"Level sabke niklenge ![img](emote|t5_311ttu|49199) , l\*de sabke lagenge ![img](emote|t5_311ttu|32179)",-1,anger
1107,TF is going on in China,-1,anger
1108,2020 was real shit....jee advanced getting delayed after every 15/20 days...got cooked coz exam finally took place in sept....no one should face this levels of torture.,0,fear
1109,"Ayee khuda please, ek aisa plague de do, jisse koi na mareh, koi harm na ho, par exams pospone ho jaye.... 3-4 months k liye",0,sympathy
1110,I want this shit in India asap. That would result in more boom in cse and I'll get more attempts for jee ![img](emote|t5_311ttu|32180),0,fear
1111,not confirmed by any credible news outlet so don’t panic over this,0,sympathy
1112,"College life ki ma chod dega virus (agar aya to, which  I hope doesn't happen)",-1,anger
1113,"https://preview.redd.it/0ke7ufcqupae1.jpeg?width=1079&format=pjpg&auto=webp&s=63b33b060533cae4faa2db25d5279cabb148a6c6

![img](emote|t5_311ttu|32180)",0,unemotional
1114,Regular school walo ke Mazza mazze,1,joy
1115,Based asf. I hope more lockdown happens,0,fear
1116,Jee hone se pehle jaldi India mein aajaye please please please 🙏🏻,-1,fear
1117,https://preview.redd.it/mp0advclupae1.png?width=884&format=png&auto=webp&s=3f45f2d77273508b2be174a9b3263defeae23803,0,unemotional
1118,"Iss saal mai bach gaya bc, 2020 mein mere birthday ke din WHO ne covid ko pandemic label kardiya tha💀",0,fear
1119,Wtf proved itself again,-1,anger
1120,"jaldi tum aao raja lockdown lagvao raja

jee cancel karvao raja

aur ek saal procastinate krne ke liye dedo raja",0,joy
1121,https://preview.redd.it/7en28dyzdqae1.jpeg?width=1029&format=pjpg&auto=webp&s=721731603c510c6a225b84dc2801c44044944ac0,0,unemotional
1122,15 feb se pehele fail jaye pura🙏🙏,-1,fear
1123,Vai JEE keh pehle aaja na india meh,-1,fear
1124,chalo adv keliye jyada time mil jaega,0,relief
1125,Bachho me khushi ki lehar,1,joy
1126,abe inko bolo 2 saal rukjaye yaar mujhe iss saal college jana hai experience to kar lene do mkc,0,surprise
1127,Acchi baat hai (dad runs hospital will mint money) ,-1,sad
1128,Iss bar khane mein kya tha?,1,happy
1129,Our lord Corona has Heard us and he is coming to save us from boards 🫴,-1,relief
1130,"Zombie virus hona chahiye , sala 18 saal se kuch adventure hi nhi hua",-1,surprise
1131,"Guys, HMPV is a strain of pneumonia that commonly occurs during winter and early spring. Itna panic mat karo, koi naya virus unhone banaya hai nahi. There is no vaccine for this virus tho, but silver lining is that maximum cases go away on their own, mild to moderate hi rehte hai, ghar pe baithe baithe bhi thik ho jaoge. Severe mein thodi dikkat hogi.",1,sympathy
1132,Bhai please Covid laut aao ab academic cumback honese raha,-1,sad
1133,19 days me lockdown ho skta hai kya,-1,surprise
1134,https://preview.redd.it/larfz1rjssae1.jpeg?width=712&format=pjpg&auto=webp&s=fa7346f2d93820447cb7139cec3aa4c71c56e4f9,0,unemotional
1135,JEE me Section B ki waapsi hone wali,0,unemotional
1136,Koi china jaake yaha leke aao is virus ko jldi![img](emote|t5_311ttu|49427),-1,anger
1137,WTF from 2020 is back in 2025 yuhuuuu,-1,joy
1138,"2020 me yaad hai mujhe, exactly aisi hee news padhi thi maine newspaper me. 

Socha koi accha news padh lu new year ke wakt, par mujhe kya pata tha ek choti si news paragraph itna bada kaand kr jayegi.",-1,surprise
1139,Aree yaar shit 2026 walo ka shi hai agr yeh virus abhi aagya toh instant lock down nhi lg skta,-1,enthusiasm
1140,Lessgooo !! 🛐,1,enthusiasm
1141,didi aapki help?,0,unemotional
1142,"Can't the fucking chinese government KEEP VIRUS OUTBREAKS OUT OF THEIR COUNTRY FOR 1 YEAR? EK SAAL KRKE DIKHAO BHAI 

Kerala me hota h annual nipah outbreak, Maharashtra me dengue, fir bhi handle kr dete h 

Unke diet se related kuch hoga ig",1,sympathy
1143,Scamdemic 2.0,0,unemotional
1144,"They were right about that WTF year 

Shii 💀💀",-1,surprise
1145,"Agar falega then I want it to destroy everything like do a clean wipes, bc nahi jeena mereko. Khatam kardo sab",-1,sad
1146,ROUND 2: BEGIN!!!,0,unemotional
1147,"Bhai china Bhenchod bat khana band karo lodo



Everyone watch contagion(2011)


Plays out exactly like covid",-1,anger
1148,Bas ek aur lockdown lag jaye. Zindagi aaram se kat jayegi,-1,relief
1149,Not again please yaar,-1,sad
1150,Bhai esi news bich bich mai bhi aari thi koi aur virus ki (hopefully covid jesi na ho bass),-1,sad
1151,![img](emote|t5_311ttu|32180),0,unemotional
1152,"Bc mera abhi jee ke baad college start hona hai mujhe koi bakchodi nahi chahiye, bc fresher year ruin karenge😭",-1,sad
1153,China ki maa ka alu Paratha bc,-1,anger
1154,Bc ye kuch serious h kya ki bas upar se bakchodi chal rhi h?,0,surprise
1155,Pura parivar dara hua h!!!!! Darr kisko nahi lagta??,-1,fear
1156,Ahh the lockdown. The good old days.,-1,happy
1157,Another Chinese [W](https://www.youtube.com/watch?v=OjNpRbNdR7E),0,unemotional
1158,"no way, 😭",-1,sad
1159,"Bro , bhai vapas lockdown hua toh halat kharab hogi, economy ki maa behen ek ho jayegi",-1,fear
1160,was jee paper easy in covid time,0,surprise
1161,Better mask up bitches,1,sympathy
1162,https://i.redd.it/daxmpxpo6qae1.gif,0,unemotional
1163,we are soooooooo back baby,-1,fear
1164,https://preview.redd.it/tqgnvqdw7qae1.jpeg?width=261&format=pjpg&auto=webp&s=31522dee3d9f03d0976ca67a0979693d6625e7c4,0,unemotional
1165,Kya mai racist baatein kar sakta hu agar agla outbreak bhi china se hua toh ?,-1,anger
1166,https://preview.redd.it/i9grpbkvbqae1.jpeg?width=493&format=pjpg&auto=webp&s=16106cd9f680004aeadea1db73fe6e7fa2ee50dd,0,unemotional
1167,https://preview.redd.it/ysie9ps6cqae1.png?width=180&format=png&auto=webp&s=3710d4764cf1120e67077a099fe2889e7ad45306,0,unemotional
1168,College ki chutti milegi less go 🥳,1,happy
1169,take everyone out this time around atleast 🙏,1,sympathy
1170,Finally i will die,-1,sad
1171,Please bring that shit back,-1,sad
1172,Are ye kya ho gaya ![img](emote|t5_311ttu|32180),0,surprise
1173,It always feels like history is repeating itself 🔄,-1,fear
1174,flair change krne ka time aagya,0,unemotional
1175,https://preview.redd.it/p59zdw4cnqae1.jpeg?width=852&format=pjpg&auto=webp&s=db2b630a78b7c750245c013b60d2828e3554dde9,0,unemotional
1176,https://preview.redd.it/3s7b62yinqae1.jpeg?width=1080&format=pjpg&auto=webp&s=6e94ee0d893b28144535f1ab545e1885852b43d6,0,unemotional
1177,"Probably not, because COVID was unprecedented and WHO took decisions that showed they didn't take the matter seriously. It was too late. We are prepared now.",1,happy
1178,"Are ham to loop ma fas gia.
Chud gia guru.",-1,sad
1179,Nah the prophecy was real. 2025 is gonna change the world![img](emote|t5_311ttu|30176),0,surprise
1180,just delete china,-1,anger
1181,Arey inki aisi taisi bhaii kyuuuuu,-1,anger
1182,covid 2: electric boogaloo,0,unemotional
1183,![img](emote|t5_311ttu|49427),0,unemotional
1184,"Oh no, does Biden have to declare a National Emergency? Does he then hand the reigns over to VP Harris and then we get Medicare-for-All, money to start new businesses, money to buy a first home, and money to start a new family?",0,surprise
1185,Welcome back section B🥰,1,happy
1186,xud gaye guru,-1,sad
1187,My reaction: ![img](emote|t5_311ttu|30367) (Regular school wala hu),0,surprise
1188,chud gye guru,-1,sad
1189,China still owes me money from the last Covid outbreak. That shit destroyed me for like 5 days,0,sad
1190,When will people learn to give link to the sources?,1,surprise
1191,yes yes yes yes yes... No fucking boards,1,happy
1192,"Can't wait to see all those special people shouting: "" plandemic!!!""",1,joy
1193,Let's gooooo please let boards be cancelled,1,joy
1194,"sometimes wonder china mei hi bc duniya bhar ke epidemics kyu hotei rehtei hai, saala ye log virus mei variety bana rhe hai",-1,anger
1195,"No no no no

![gif](giphy|vyTnNTrs3wqQ0UIvwE|downsized)",-1,anger
1196,Yeaaaaahhhhhh!!!!!,1,joy
1197,Mujhe farak nahi padta,0,unemotional
1198,WFH incoming,-1,fear
1199,Fu*k,-1,anger
1200,Ab hoga maut ka nanga naach Hui hui hui,1,enthusiasm
1201,Chat are we cooked again?,1,joy
1202,In sbki maa ke bhosde me aag lag jaye 🐅![img](emote|t5_311ttu|49199),-1,anger
1203,hakka bakka,1,surprise
1204,![img](emote|t5_311ttu|32180)![img](emote|t5_311ttu|30176),0,unemotional
1205,bhai deja vu,0,surprise
1206,"Don’t panic
https://zeenews.india.com/india/is-hmpv-deadly-for-india-central-health-agency-clears-air-amid-virus-outbreak-in-china-2839269.html/amp",1,sympathy
1207,"ye virus 2011 mein bhi aaya tha usa side , so i think iska koi cure hoga already, padhle bhai virus ke chakkar mein mt reh teri life mein virus aajayega nhi toh",1,sympathy
1208,"is this real ?

![gif](giphy|eFxpuiAuG4nrPNCPEM)",1,surprise
1209,easy shut down all travel to and from China now,1,sympathy
1210,Is baar to gaming setup bhi hai,1,joy
1211,"aw hell nah, abhi to just ek sem hua hai :(  
i dont wanna be my lazy self again sitting infront of phone / pc 24\*7",0,fear
1212,"Now amazed, 2025 started with WTF right...",0,surprise
1213,Toh boards ke liye padu ya nhi?,0,surprise
1214,Yaar kitne dino se ye naya virus wo naya virus ki news aa rhi hai.... But kuch hota hi nhi hai 😭,-1,sad
1215,"chud gaye guru, deja vu gut feeling hai rn",0,surprise
1216,Kohli ko aise khelte dekhne se acha hai matches hone hi band hojae👍🏻,1,fear
1217,So is this real or another rumour??? Lockdown sachme lagne wala hai kya????![img](emote|t5_311ttu|30176)![img](emote|t5_311ttu|52289),1,surprise
1218,Aane de aane de![img](emote|t5_311ttu|30367)![img](emote|t5_311ttu|49455),1,enthusiasm
1219,Better prepare some oxygen for me and my family.,1,fear
1220,Someone playing Plague.Inc irl,0,sympathy
1221,Relax guys. I am Indian based in China. Only Indian media is hyping it while if you check global media no one showing any concern. It’s a common influenza epidemic as it is influenza season in east Asia.,1,sympathy
1222,Once again a chinese ate and infected animal.,0,fear
1223,Fuck man,-1,anger
1224,"Aree kuch nhi hota tb se hope lga kr baitha hu kuch to ho..nhi hota..
Na ho asteroid ata ..
Na ab virus ayega..🙂🙂",-1,sad
1225,pdhna hai ki nhi?,0,surprise
1226,"chinta mat karo, COVID ki samay Jo log jinda bach gaye the, woh log iss bar jarur marenge",-1,sad
1227,Bhai India mein kab tak aayega yein? 20 se pehle pehle ?,-1,fear
1228,"https://preview.redd.it/dq4dd680azae1.png?width=640&format=png&auto=webp&s=8e0c97a3cace0b7359407febab83fbe69f193115

 hey can this be brought to india within 20 days? asking for a friend",0,unemotional
1229,don't encourage this!,,
1230,https://preview.redd.it/4lwkae6830be1.jpeg?width=1080&format=pjpg&auto=webp&s=a5cff77884d8432e101de307a0bde87c6ca0e2f7,0,unemotional
1231,Nostalgia 💯,0,unemotional
1232,Okk,0,unemotional
1233,They already announced it is not a danger to us,0,unemotional
1234,"Spread it everywhere, we need more work from home jobs and shit",1,enthusiasm
1235,finals ke liye padu?,1,enthusiasm
1236,Daym bhai kon kon rank push karega???,1,enthusiasm
1237,I'm student I want another lockdown,1,joy
1238,https://preview.redd.it/0s3rq3qm47be1.jpeg?width=320&format=pjpg&auto=webp&s=72466eaf982882aa610e3da73ea133e011ffe300,0,unemotional
1239,"My college is going good like my high school used to be. I'm passing every exam, no classes missed... God not again 😭",1,happy
1240,Yaaar yeh log Ek zombie wala kyon nahi nikalte. Mereko post apocalyptic world mein rehna ab,0,enthusiasm
1241,Bhai dekho baki sab thik hei Mera board cancel hoga kya? 11 feb exam hei first paper English even if I have to give English and not other papers I'm okay with it,0,unemotional
1242,Corona 2.0,0,unemotional
1243,I won’t even try to prevent shit this time. Jo hoga dekha jayega,-1,anger
1244,![gif](giphy|JsGyRpqwVkBRPFEOil|downsized),0,unemotional
1245,And finally india mei bhi aagya ye😂,-1,disgust
1246,![img](emote|t5_311ttu|49429)![img](emote|t5_311ttu|49429)![img](emote|t5_311ttu|49429)![img](emote|t5_311ttu|49429),0,unemotional
1247,"Bruh wtf 

Not AGAIN",-1,disgust
1248,sorry but yeah patch ho jaiga,0,unemotional
1249,Zor se bolo corona mata ki jai☺️🙏,0,unemotional
1250,kaash isme mar jau main,-1,sad
1251,Hope it reach to india soon!,1,enthusiasm
1252,"Bkl sala ek to 9-10 me school life gayab hua

Aur ab phir se college life nhi hona chaiye

  
Sala kismat hi kharab h",-1,sad
1253,https://preview.redd.it/0dai7rdkfrae1.png?width=549&format=png&auto=webp&s=05e2b360bde7075ed70db59fdb9191f34148344b,0,unemtional
1254,"Guys chill out, it’s likely just a hoax. This happens every few months and y’all get your hopes up. Anyway, it’s probably bcz of flu season or smt don’t take this seriously",0,unemtional
1255,https://preview.redd.it/i5pvi4ebvpae1.jpeg?width=647&format=pjpg&auto=webp&s=9a413d30c963423105504558319c59908715bec4,0,unemtional
1256,https://preview.redd.it/u8br6kzw5qae1.png?width=465&format=png&auto=webp&s=f3a0ce2e6612ddb7a791b06f39e758bc1a7d54d1,0,unemtional
1257,Maa kasam bhai maje hi maje par mein toh dropper ban jaunga 😨 mujhe toh lockdown mein bhi padhna padega 😰 last time lockdown mein toh bc g faad maje kiye the moj masti peak pe thi .,1,fear
1258,BRO's FLAIR IS CHINA'S REALITY ![img](emote|t5_311ttu|32179),0,unemotional
1259,https://preview.redd.it/dsnpiid22rae1.png?width=720&format=png&auto=webp&s=dfca9447ffec0dc66deb1f13e3aa736088d90f71,0,unemotional
1260,"mai abhi tak 2020 se move on nhi kr paya hu, not again",-1,sad
1261,Tatti asli hogayi ![img](emote|t5_311ttu|32180),-1,disgust
1262,BC MC MKC ![img](emote|t5_311ttu|30176)![img](emote|t5_311ttu|49429),-1,anger
1263,"jaldi tum aao raja lockdown lagvao raja

jee cancel karvao raja

aur ek saal procastinate krne ke liye dedo raja",0,unemotional
1264,Lmao didn't expect to see my meme being shared on this sub,1,joy
1265,Now that's a scientific explanation I am gonna legit believe in,1,enthusiasm
1266,https://preview.redd.it/zgfo9luxkxae1.jpeg?width=720&format=pjpg&auto=webp&s=8df5259422c8da89a7478b788480fbee2f2c957a,0,unemotional
1267,"bbg abhi USA me bhi ek new virus outbreak ho raha hai . Australia se 2000 something ancient virus samples gayab ho gaye ho humans kya animals ke liye bhi janlewa hai and unka koi record nahi mil raha   
and ab china alag bc , imagine saare virus insaano ki ek saath ch\*d de ![img](emote|t5_311ttu|50130)",-1,fear
1268,!Remind me 5 monthgs,0,unemotional
1269,">dw guys ye bhi fake hogi

Saare major newspapers ne report ki hai.",-1,disgust
1270,bro's got his priorities right !!,1,enthusiasm
1271,Mtlb finally tu padhaai karega?,0,unemotional
1272,![img](emote|t5_311ttu|30367)hell yeah,-1,disgust
1273,"sorry sir. your order has been cancelled. 

contact indian govt. for more details",0,unemotional
1274,hello ashu cutie![img](emote|t5_311ttu|32180),1,joy
1275,"Think it this way, In 2020 the first attempt happened in January and the second one after 8 months, in September. ![img](emote|t5_311ttu|30367)",0,unemotional
1276,Fellow vyse enjoyer???,1,joy
1277,[deleted],0,unemotional
1278,Pata Lage toh batana,0,unemotional
1279,🤣🤣🤣🤣ku 20 din me kaun sa lafda door karna hai,1,joy
1280,Nahi aaega uspe bhai tax legega,-1,anger
1281,"Without custom tax?
No chance",-1,anger
1282,Aa gya bhai ![img](emote|t5_311ttu|49429)![img](emote|t5_311ttu|49429),1,joy
1283,lmao ![img](emote|t5_311ttu|50130),1,joy
1284,"2025 begins with a “W” 
It’s all about perspective",0,unemotional
1285,isi saal college aayi ab ye saala chowmein meri college life bhi fuck kar dega ![img](emote|t5_311ttu|49199),-1,disgust
1286,Wtf is ur username![img](emote|t5_311ttu|30176),-1,anger
1287,sach bataa raha hai kya bha i!,0,unemotional
1288,us moment ho gaya 🤧,-1,sad
1289,Ahhh frrr itna sukoon tha. I can't socialise ffs. But itna bhi ghar mai nahi rehna ki asylum jaana pad jaye. ,-1,sad
1290,im also introvert pr itna bhi normal nhi tha,-1,sad
1291,"FR bro , sab bol raha hai not again , mai wait kar raha tha fir se hone ka , lockdown me netflix dekhke sojane ka maza hi kuch aur hai",1,joy
1292,So all men will die while women will be ok with some Tyelenol.,-1,disgust
1293,But its more vulnerable to children under 12 buddy,-1,fear
1294,"bhai aise mat bola karo yaar saari
ummeed pe paani phek dere ho aap to",-1,sad
1295,mat kar bbg career chod dega ye virus ![img](emote|t5_311ttu|32179) bhot logo ki waat lagte dekha hai maine![img](emote|t5_311ttu|32179),-1,disgust
1296,chup bsdk,-1,anger
1297,Abey saale 🤣🤣🤣,1,joy
1298,bro my 2gb ram i3 laptop gave up in january 2021 after 10 months of torture. i had to buy a new computer,-1,sad
1299,dukh dard peeda 🤧,-1,sad
1300,"Mai bhi 2019 se dual-core (AMD A6) processor wala laptop chala raha hoon 🥲. Battery to puri dead hai, aur 4GB RAM mein Spotify, VLC, aur document viewer ek saath kholta hoon toh laptop freeze ho jata hai. Fir restart karna padta hai, BC 😭.
#
Ab Windows se Linux + XFCE pe shift ho gaya hoon, lekin zyada difference nahi hai. Ab bhi laptop freeze ho jata hai",-1,sad
1301,my 4gb ram laptop is very happy bcoz i run linux on it,1,joy
1302,eye eye tea poberrrrrrrrrrrrrr 🥵🥵🥵🥵🥵🥵🥵🥵👈🤬👈😔🥵🥵🥵🥵👈🥵🤬🗿🤬🗿🥰😅💜😅😅👈🤬👈🤬🥵🥵🤬👈🤬👈🤬🤑🤑🤑🤬,-1,anger
1303,"agar aaisa hota toh esaral apni kahaniya bana chuka hota

  
ke hamare jitne bhi aye aye tea dost the n😈, un mein se ek bhi aluminium ko covid nhi hua🧿

pober to aye aye tea teg, aye aye tea aluminium supermancy 🗣️🔥",0,unemotional
1304,not u again,-1,anger
1305,lagenge uske jiske laude honge,-1,anger
1306,"Bhai zyada umeed mai mat rehna, NTA waale sabke gaand maarne ka plan kar raha hai iss saal....",-1,anger
1307,Its very hard to get any news froms china because of their oppression but many Chinese observer news are reporting it,-1,fear
1308,MKC 😭🤧,-1,sad
1309,Bhai yar chup kar ja dara raha,-1,anger
1310,Bbaat sahi hsi 2025 is dangerous  ....as per future predction according  to bhavishya malika,-1,fear
1311,virussexual,0,unemotional
1312,jee mains sept tak chala tha 2020 mai jaha tak i remember :skull:,-1,sad
1313,![img](emote|t5_311ttu|50130)![img](emote|t5_311ttu|30367),0,unemotional
1314,😭😭🤧,-1,sad
1315,![img](emote|t5_311ttu|52646)![img](emote|t5_311ttu|52646),0,unemotional
1316,FR yaar meri college life fuck na ho bhagwan 😭😭,-1,fear
1317,Abe bat ka paratha bol ![img](emote|t5_311ttu|50130),1,joy
1318,"bbg abhi USA me bhi ek new virus outbreak ho raha hai . Australia se 2000 something ancient virus samples gayab ho gaye ho humans kya animals ke liye bhi janlewa hai and unka koi record nahi mil raha  
and ab china alag bc , imagine saare virus insaano ki ek saath ch\*d de ![img](emote|t5_311ttu|50130)",-1,fear
1319,18% gst on eating lagega fir,-1,anger
1320,Tu bhi mere jaise chude hue college hai kya?,-1,anger
1321,Padh le bhai just in case,1,enthusiam
1322,real question,0,unemotional
1323,L,0,unemotional
1324,5 years ago to be precise,0,unemotional
1325,https://preview.redd.it/28cbhlz2tqae1.jpeg?width=638&format=pjpg&auto=webp&s=0589b22c7934b6a1a02c581d117e712fecaab062,0,unemotional
1326,https://preview.redd.it/1fvpjnspurae1.jpeg?width=896&format=pjpg&auto=webp&s=2bf6cfac439ba2c505f8be240fa84298310e6dc8,0,unemotional
1327,wtaf,0,unemotional
1328,https://preview.redd.it/jznpo3blwxae1.jpeg?width=1170&format=pjpg&auto=webp&s=d8fe501d4a5b45a477e572e23c8396c5b7ad0924,0,unemotional
1329,Padhle bsdk,-1,anger
1330,"![img](emote|t5_311ttu|32193)

https://preview.redd.it/m3juu69sdqae1.jpeg?width=647&format=pjpg&auto=webp&s=bc3aa2a92553e8728e4e252fd05ed34249e2d1b1",0,unemotional
1331,same man.... same,0,unemotional
1332,https://preview.redd.it/ax87fgr4wpae1.jpeg?width=320&format=pjpg&auto=webp&s=19ebc992063febe584b8bcb8396940cc684ffa9b,0,unemotional
1333,https://preview.redd.it/hgjtpcbhcsae1.jpeg?width=564&format=pjpg&auto=webp&s=51b9e1c3e50d7a8d229a76fb68c86be291c0e867,0,unemotional
1334,Aacha arrangement nhi hai iska BC MKC iski hona chahiye![img](emote|t5_311ttu|30367)![img](emote|t5_311ttu|30367),-1,anger
1335,"kuch nhi hoga is baar,atleast 50 saal toh rukega agla pandemic aise kse har 5 saal m ajaaega",0,unemotional
1336,"Jab saari humanity chudegi Tab sab ek saath chillayenge CHUD GAYE GURUUUUU , poori dharti goonj uthegi ![img](emote|t5_311ttu|50130)![img](emote|t5_311ttu|49429)![img](emote|t5_311ttu|32180)",-1,anger
1337,![gif](giphy|Xt0stSQBg6fgo5iPoj|downsized),0,unemotional
1338,Maze hi aajaenge ekdm,1,joy
1339,Maaza aayega ,1,joy
1340,maze hi maze,1,joy
1341,Pichle teen saal se har 4 5 mhine mai koi nya outbreak ki news aati atp it's just like boy who cried wolf,0,unemotional
1342,are mtlb lockdown ki prediction fake hogi. virus toh phail hi rha h obv but lockdown lge iske chances .1%,0,unemotional
1343,aur karo modi ko vote..ab nahi aayega :(,-1,sad
1344,tax issue hai,-1,anger
1345,Mai ashu bhaiyaaa nhi hun,0,unemotional
1346,December ka hi acc hai 🤫🤫,1,joy
1347,![img](emote|t5_311ttu|32180),1,enthusiasm
1348,Bhai valorant ke bahar bhi aaja ![img](emote|t5_311ttu|52289),-1,sympathy
1349,COVID mai 2month delay and jyada attempts hue tha ![img](emote|t5_311ttu|30367),-1,sad
1350,Ab bas mere state mai ajaye ![img](emote|t5_311ttu|30367),1,relief
1351,it ends with a 'w' too so im hoping thats how it is this year,1,enthusiasm
1352,u made me smile rn thanks.,1,joy
1353,Hum bhi xhude the aap bhi xhudoge ![img](emote|t5_311ttu|32180),1,joy
1354,man i am audibly laughing at this ....,1,humour
1355,Bhai main toh naye school jaane wali hu yaar (😭),-1,fear
1356,"How’s college life? Hostel daze, Chhichhore mein jo dikhaya tha, uske aas-paas bhi hai ya phir JEE phase se zyada padhna padta hai?",0,unemotional
1357,yours sounds delicious,1,joy
1358,"ara bhai kya bol rha hai T\_T , virus doesnt target a specific gender",0,unemotional
1359,"it is a little riskier to them but if they are not suffering from thing like asthma , then they are quite safe , BTW - no tard here is less than 14 ig",,
1360,![img](emote|t5_311ttu|32180),0,unemotional
1361,Mai to apne gav chala jaunga 👍,1,relief
1362,[removed],0,unemotional
1363,"I thought gals hated this type emoji shit 

the one I texted like this ended up blocking me 😭",-1,sad
1364,why u again ![img](emote|t5_311ttu|53370),-1,surprise
1365,"NTA ki maa ka bhosda.
Anyways. Bhai agar LCR circuit mein L hata de aur pehle voltmeter C ke saath laga ke fir R ke saath lagaye toh voltage C mein R ke comparison mein lag karega? Ya fir lead?",-1,anger
1366,Honi ko kaun taal sakta hai,0,unemotional
1367,"Woh toh waise bhi college wale kar hi dete hai, abhi just sem 1 khatam karke aa rha hu😪😪",-1,sad
1368,![img](emote|t5_311ttu|32180)![img](emote|t5_311ttu|32180),-1,sad
1369,https://preview.redd.it/pylv1k401qae1.png?width=1176&format=pjpg&auto=webp&s=46ebc2d60016af5c18fd327d89bd2a47d32ed8be,0,unemotional
1370,"Fr bhai, har cheez pe gst",-1,anger
1371,VIT se hoon bhai sheru wale 🥲,-1,sympathy
1372,https://preview.redd.it/vgk67uez7rae1.jpeg?width=600&format=pjpg&auto=webp&s=86155fe78b25f04d343b6f6544469e8ac1d8ab4d,0,unemotional
1373,Why is da phuc kinda....![img](emote|t5_311ttu|32193),0,surprise
1374,Because he's THE ok taecyeon from 2pm(kpop group),1,enthusiasm
1375,Ok taecyeon 😭😭,-1,joy
1376,Real jeetard ahh label you got there buddy,-1,disgust
1377,wrna sax sux hojayega,-1,joy
1378,https://preview.redd.it/ff7kzfcq3qae1.png?width=225&format=png&auto=webp&s=399cc4c8dc4f4d417a93be3fe06b02e81dbb041c,0,unemotional
1379,google monte carlo fallacy,0,unemotional
1380,[deleted],0,unemotional
1381,Itna chud gaye hai ki ab teri chudi Hui baat bhi achi lag rhi hai ![img](emote|t5_311ttu|32193),-1,sympathy
1382,Modi hai toh namkeen hai![img](emote|t5_311ttu|30180),1,joy
1383,War rukwa di to virus kya cheez hai,1,enthusiasm
1384,Lol😂😂,1, joy
1385,Stay away![img](emote|t5_311ttu|53370),-1,fear
1386,mai bhi apne gaon narklok,0,unemotional
1387,"maine tab naya desktop liya tha, i3, 4gb ram, intel hd. abhi tak chal rha hai. specs achhe nahi the par ssd tha, to thoda fast chalta tha",1,relief
1388,https://preview.redd.it/aoi12ittlqae1.png?width=1080&format=pjpg&auto=webp&s=f35a37d3a7d35d26c0e7a1b3f2e2e5c647b44613,0,unemotional
1389,lmao 😭🤧😭,-1,joy
1390,pls change ur username T\_T,-1,disgust
1391,"L hatane se asar toh nhi padna chahiye C pe kya ho uspe

Voltage should lag since it's capacitor",0,unemotional
1392,Vit pune na,0,unemotional
1393,kinda chinki?? (/s add kardeta hun gyaani log bhi hain yahaan pe),-1,disgust
1394,https://preview.redd.it/e5gibf9r4qae1.jpeg?width=320&format=pjpg&auto=webp&s=a8f03d1184194be67f8d2f4051c4f9f74a8cb63e,0,unemotional
1395,do you have the slightest idea how many families were destroyed FOREVER by the pandemic?,-1,anger
1396,"Tier 3 cllg mein hu , aur tu chuda hua jee ass-pee-rant ![img](emote|t5_311ttu|32180)",-1,sympathy
1397,Sweet par extra gst lagega toh namkeen hi hoga naa😉,1,joy
1398,Ab war rukwane ke liye 30% tax do ( on everything),-1,anger
1399,Chud jayega bhai game delete krdo,-1,anger
1400,[removed],-1,relief
1401,iss baar inmo nikalega ya nhi?,0,unemotional
1402,Bhopal vai,0,unemotional
1403,https://preview.redd.it/ldpbva265qae1.png?width=240&format=png&auto=webp&s=9b0ce00e2e99335770b75ff7a276c3990175936c,0,unemotional
1404,do u believe in god?,0,unemotional
1405,Vit tier 69 ass college. Pune wala,-1,disgust
1406,Nice comment now give 20% tax,-1,joy
1407,mere wale se itna zor awaaz aata tha ki online class me bachche complain krte the ki iske mic se awaaz aa rhi hai ![img](emote|t5_311ttu|49466). aur wo laptop 90 degree se zyada khol do to screen glitch ho jata tha,1,joy
1408,"well all i can do is try , lets see",1,relief
1409,https://preview.redd.it/m7e8ib3u5qae1.jpeg?width=235&format=pjpg&auto=webp&s=c43f7cba4bebb44a6428b4ea8d57e3607d282bad,0,unemotional
1410,how is this question relevant to this convo,-1,disgust
1411,"Are bhaisab , tu vit mein hai ?? ( Pune wala ) ? Mai mumbai univ k cllg mein hu 🤡🤡",-1,joy
1412,https://preview.redd.it/a5myfort5xae1.png?width=1080&format=pjpg&auto=webp&s=1ba904b1da6dd1af5cd5a93a88b650fc13d03edd,0,unemotional
1413,https://preview.redd.it/gg6jhd6o7qae1.png?width=225&format=png&auto=webp&s=7f0e78c3884553939586158c837915fd1dffef3b,0,unemotional
1414,![gif](giphy|j1QgAwLMrEUYCrB5EM|downsized),0,unemotional
1415,Ha bhai tu konse college me hai spit /vjti ya fir koi aur??,-1,sad
1416,Lode lage hai iss college me aakar,-1,sad
1417,Itne gavar log hai ki 90 percent don't even know what reddit is,-1,disgust
1418,skills matter krti h sikhle bhai colledge  mai,1,relief
1419,https://preview.redd.it/srdq1qe23yae1.jpeg?width=1170&format=pjpg&auto=webp&s=4ced5302726023ba0f02c6f392315b4da8d08e7b,0,unemotional
1420,Top cllg mein hota toh grind kr rha hota ki acchi placement lg jaye ( VESIT mein hu 🤡🤡 ),-1,sad
1421,Tune cet di ya mains,0,unemotional
1422,Tera bhi mere jaisa Chuda hua college hai fir toh,-1,sympathy
1423,"**We want YOU to join the [discord!](https://discord.gg/4qJuz3Af47) We've got a Minecraft server!**

If you think this post or any comments below it violate our rules report it. If you have any concerns please send a [mod-mail](https://www.reddit.com/message/compose?to=/r/TeenagersButBetter) message so we can take a look at it.  


*I am a bot, and this action was performed automatically. Please [contact the moderators of this subreddit](/message/compose/?to=/r/TeenagersButBetter) if you have any questions or concerns.*",0,happy
1424,*Insert “ah shit here we go again”*,-1,disgust
1425,https://preview.redd.it/sqhmw0fnpace1.jpeg?width=2751&format=pjpg&auto=webp&s=a618081a4cfdf4ba280f8fb1c35fd3f1b7cc01ab,0,unemotional
1426,https://i.redd.it/oxnba4mfn8ce1.gif,0,unemotional
1427,"Wait no, nonononono, NOT AGAIN 😭",-1,fear
1428,MY RESOLUTION WAS TO BE OUTSIDE WITH MY FRIENDS AND I SWEAR IF THIS STUPID VIRUS RUINS THAT I’M GONNA COMMIT A TERRIBLE CRIME,0,unemotional
1429,HMPV virus? I can tell you that my school is not off due to that,0,unemotional
1430,"https://preview.redd.it/crn9kocol8ce1.png?width=1280&format=png&auto=webp&s=6ee10fa22e8dd14e30f20667a42a6812e929999e

NONONONONONNO",-1,fear
1431,Where are the dolphins? Can they confirm?,0,joy
1432,I've not heard this is happening ??,0,unemotional
1433,If that happens we need a second among us,1,enthusiasm
1434,"I mean it would be nice to get a second chance to troll online classes, last time I just got dropped into the situation and didn't know what to do, AND I was just a 10 y/o smart kid. Plus it's the last year of school, so it wouldn't even matter for me, and I would have time to do things I actually like, and I'm interested in",1,joy
1435,HELL YEAH NOW ITS GAMING TIME AND NOT WASTING MY TIME ON TV,1,enthusiasm
1436,https://preview.redd.it/p7ailhfkt8ce1.png?width=635&format=png&auto=webp&s=d0de51a74d0e93fca5e58d75ea2f846a65588148,0,unemotional
1437,"i am praying we get another quarantine because i took the first one for granted so hard, and now i got a dope ass PC so it’s gaming for the entire time",1,enthusiasm
1438,"Hey remember when in January 2020 Australia was burning, yknow, kinda like California",-1,sympathy
1439,If there’s another imma get a glow up fr and obv play guitar instead of being an absolute chubbolard playing games,1,joy
1440,I never got ti stay home. I had to work through the pandemic...,-1,sad
1441,Yippie!,1,joy
1442,dude my social skills went down the drain during covid. this cant happen again,-1,sad
1443,"I'm honestly excited for it this time, I miss quarantine sm (except for the dying, that wasn't too awesome)",1,joy
1444,*2 years you mean,0,unemotional
1445,https://i.redd.it/1ebrjnnty8ce1.gif,0,unemotional
1446,I was 10 bruh,0,unemotional
1447,The fucking what?,-1,surprise
1448,https://preview.redd.it/ysidf949d9ce1.png?width=488&format=png&auto=webp&s=21ad31d37acadf5a9c33298b6c6f7a10fbe0e71a,0,unemotional
1449,https://preview.redd.it/504r4g82l9ce1.jpeg?width=340&format=pjpg&auto=webp&s=aa74541ed6b7d08c30ef117bbe225b7c02fe4c05,0,unemotional
1450,Oh no,-1,fear
1451,Oh fuck not this again,-1,disgust
1452,IVE PLAYED THESE GAMES BEFORE,1,enthusiasm
1453,"EXCUSE ME?

https://preview.redd.it/9tr8gblh79ce1.jpeg?width=960&format=pjpg&auto=webp&s=f9af42b1880812337957e0f30b0130c0379876be",-1,surprise
1454,YIPPIEEEEEE,0,unemotional
1455,"No no NOOOOOO


NOT AGAIN",-1,fear
1456,I can’t go back to homeschool man I CANT DO IT YOU CANT MAKE ME,-1,anger
1457,lmao,1,joy
1458,I would sure hope not.,-1,fear
1459,I'VE PLAYED THESE GAMES BEFORE!,1,enthusiasm
1460,If only the two weeks had happened.,-1,relief
1461,"This is my first time hearing this lmao

Schools not out for me yet",0,unemotional
1462,Uhh anyone wanna explain in brainrot terms?,0,unemotional
1463,God fucking damn ittttt,-1,anger
1464,"Not again, I’m still fixing my social skills and I still need to get around to asking my crush out…",-1,sad
1465,https://preview.redd.it/o1t3kt8il9ce1.jpeg?width=1170&format=pjpg&auto=webp&s=06dac323a972fe94cf2daa7d4921a9f0f5f5df06,0,unemotional
1466,I FOUGHT THESE VIRUSES BEFORE,1,enthusiasm
1467,help is this real ToT,-1,fear
1468,Ley me guess. The new one alos came from China,-1,disgust
1469,It is time. May the second game commence,1,enthusiasm
1470,I live in Florida what’s happening,0,unemotional
1471,"It’s not gonna be *that* bad…






Right?",-1,fear
1472,I’m sorry what the fuck is HMPV,-1,surprise
1473,Wtf is this virus son,-1,disgust
1474,This better not be a trend where every year with a multple of 5 just fucking sucks,-1,disgust
1475,Bruh i havent heard shit of the HMPV virus?,-1,surprise
1476,wait I haven't heard anything about this,0,unemotional
1477,"sighhhh society makes me want to ⬛️ my head :(

https://preview.redd.it/9698b2hs8ace1.jpeg?width=242&format=pjpg&auto=webp&s=77a5c2dac1ef52ef0bcee901663a7b12c1629cda",-1,sad
1478,https://preview.redd.it/28jg8wwb9ace1.jpeg?width=828&format=pjpg&auto=webp&s=bf3e0b0102293fdce20516b2155a02045ae5b8df,0,unemotional
1479,man if it did spread to a pandemic level... oh man my future's fucked,-1,fear
1480,Wait what's happening!?,0,surprise
1481,what the hell when did this happen,-1,surprise
1482,Please don't I don't want to waste another 2 years online I'm about to start college in September on plane maintenance my dream job I don't want COVID 2.0 please don't start eating bats,-1,fear
1483,https://i.redd.it/mnhk7y3ikace1.gif,0,unemotional
1484,Was 2020 more than like... a month for y'all?,0,unemotional
1485,A fucking what now,-1,surprise
1486,Huh? What virus now?,0,surprise
1487,"there's a new virus?  last time i heard of this when i searched it up, all the results were from what looked like fake news youtube channels, and the rest were from like years ago so tbh i kind of dismissed it.

is there any reliable (recent) info on the virus?",0,surprise
1488,"Please no don’t let this happen as I transition into college. Not to mention google meets, the fuckin things suck.",-1,sad
1489,Is that actually happening?,0,surprise
1490,Isnt that papilloma?,0,unemotional
1491,This isn’t happening to anyone I’m tired of hearing of this glorified common cold,-1,disgust
1492,Honestly I don't think anything serious will actually happen,0,unemotional
1493,"For starters,  HMPV ( AKA Human metapneumovirus) was originally found in 2001. The disease is contagious through interactions such as spreading through contact with surfaces, coughing, sneezing, and close contact in general.
To avoid it, clean surfaces often used by others, and for the love of god WASH YOUR HANDS!!! There is no vaccine or antiviral therapy to treat the disease itself. The disease usually lasts 7-10 days, so similarly to covid.

For the details about the virus's mortality rate or the effects, please research it through credible sites as well.

Source: https://www.cdc.gov/human-metapneumovirus/about/index.html",0,unemotional
1494,"Y'all I probably have HMPV and I could barely walk like for a week. And my aunt said ""stay POSITIVE""... I blame her for it >:(",1,happy
1495,Wait what the fuck is the HMPV VIRUS,1,happy
1496,Are you actually getting that?,0,unemotional
1497,#**E   X   P   L   A   I   N**,0,surprise
1498,The sequel 😞😞😞,0,sad
1499,Gamer arc 2.0,0,unemotional
1500,and it's right before the most important test in my life,0,unemotional
1501,Is that the same person? How many years ago was the first season filmed damn,0,surprise
1502,Nope,-1,sad
1503,Unless you're in Los Angeles you'd be forced to leave,0,sympathy
1504,🐬?,0,unemotional
1505,NO NO FOR THE LOVE OF GOD NOO,-1,fear
1506,Yeah i can go back to scrolling 24/7 on tiktok,1,joy
1507,"Does anyone have the picture from gravity falls where ot shows dipper looking at boxes with different number labels and a few of them are 2020, and 2025...? That would go perfect here...",0,surprise
1508,How much tickets to Greenland or Madagascar?,0,unemotional
1509,"Y'ALL NEED TO HEAR THIS!!! The chances of this getting as bad as COVID are extremely low (not zero, just low) cause this shit only makes kids under 5 and really old people sick, also, fun fact, everyone has had this sickness before, EVERYONE, INCLUDING YOU PAUL, YES *YOU*

So, in conclusion, is not really that big of a threat",1,sympathy
1510,https://preview.redd.it/eeixsxlnbdce1.png?width=720&format=png&auto=webp&s=6cfba9778b32a8073d7e8ca24f02e8d38c6247b6,0,unemotional
1511,I have stayed home before,0,relief
1512,"Pros: School free for more time
Cons: People dead and can't see people that I like",0,fear
1513,![gif](giphy|6ILjOfJ1oL7NAc9SQ7),0,unemotional
1514,Two weeks? We were literally suffering for 2 years,-1,sad
1515,You guys can stay home for 2 weeks?,0,fear
1516,there's a **what**,0,unemotional
1517,![gif](giphy|8b9Xax6L7qtAkAimGm|downsized),0,unemotional
1518,well its another wtf year so ig it makes sense. (My school is getting no time off >:( ),-1,anger
1519,"https://preview.redd.it/i7xibn4y4fce1.jpeg?width=1920&format=pjpg&auto=webp&s=b5012e749d3879635036a938122e0a83c3398a75

Im cooked",0,unemotional
1520,HMPV has been around awhile. We’ll be fine,1,sympathy
1521,WEVE PLAYED THESE GAMES BEFORE,1,enthusiasm
1522,You guys are getting time off?,0,sad
1523,https://preview.redd.it/rmyenzbtxfce1.jpeg?width=828&format=pjpg&auto=webp&s=27dd75698fbd3f0ece7d0995a6f28f4589ad6cfc,0,unemotional
1524,Crazy another pandemic already,-1,sad
1525,8th grade-senior year,1,surprise
1526,Wth is ‘HMPV’?,0,surprise
1527,whats the HMPV virus to start. and last time this happend I made 12 cents per pound on steel which means ILL BE RICH,1,joy
1528,"""History repeat itself"" ahh virus😭😭",-1,sad
1529,"IVE ATE THESE GAMES BEFORE!
-Fat kid in honeycomb game",-1,fear
1530,"Luckly this time I have a M74 gas mask, two GP-5 Gas masks and now I'm waiting for some filters and a M-10M gas mask

I'm Unstoppable Now :)",0,relief
1531,Sooo it hasn't reached the UK yet i dont think?,0,surprise
1532,"Actually nice plot twist: It was actually elevated to 1 month, 23 months less than in 2020",0,enthusiasm
1533,Do this will be in France ?,0,unemotional
1534,HA im staying home because my city is literally fucking burning :3,-1,sad
1535,What the heck is HMPV virus??,0,anger
1536,"Free holidays, i see no problem",1,joy
1537,"Awh shit, here we go again.",-1,anger
1538,"Remember when even a song was out calling corona a ""babai"" (a typa monster u scare your kids with) that'll eat you if you go out, and we'll be outta this hell in april the 15th.da hell we didn't",-1,fear
1539,https://preview.redd.it/805zjsal6oce1.jpeg?width=828&format=pjpg&auto=webp&s=30b77358d2404f95b852bb6e39edd598783ba63c,0,unemotional
1540,..What is that?,0,surprise
1541,What,0,surprise
1542,"If I die, I die. I am not going through quarantine again",-1,fear
1543,"If a second quarantine happens, I am actually gonna put a knife through my chest.",-1,sad
1544,![gif](giphy|VLN3op6YBcFVD0fQWD|downsized),0,unemotional
1545,[deleted],0,unemotional
1546,"![gif](giphy|6ILjOfJ1oL7NAc9SQ7)

here ya go",0,unemotional
1547,![gif](giphy|cpUAhGbH5UhyJggGmC|downsized),0,unemotional
1548,https://preview.redd.it/vyw4miu2oice1.jpeg?width=640&format=pjpg&auto=webp&s=266f97f547f266eabb198e91b7f998a540b7eb53,0,unemotional
1549,https://preview.redd.it/er1g9mk4l8ce1.png?width=1280&format=png&auto=webp&s=543c391930efb231153d16baed154e1cb9786052,0,unemotional
1550,https://preview.redd.it/hau832f1xcce1.jpeg?width=836&format=pjpg&auto=webp&s=b0a7bf3c2598659d88e01752852eae5f7f65cfe3,0,unemotional
1551,https://preview.redd.it/gd00ics2cdce1.jpeg?width=1170&format=pjpg&auto=webp&s=78c9c9ca371e4e56764c19ec20e1dc09d4c58ecf,0,unemotional
1552,"Is that the ""Ah..."" guy?",0,surprise
1553,happy cake day,1,happy
1554,https://preview.redd.it/0ke9zhmpl9ce1.jpeg?width=1170&format=pjpg&auto=webp&s=3d491d74bedb3599a6008e29cb48f982434516a7,0,unemotional
1555,"I think it’s only going around in mostly china and it’s happened a few times before, right now it becoming a worldwide pandemic isn’t too much of a concern",0,sympathy
1556,mine is off because of a literal blizzard 😭🙏,0,sad
1557,Schools are off here because of fires..,0,sad
1558,Yeah me neither,-1,sad
1559,https://preview.redd.it/afq3bou1z8ce1.jpeg?width=750&format=pjpg&auto=webp&s=4cdf7992c24be89d1696de3eef75b1ee78c91a9e,0,unemotional
1560,Cake,0,unemotional
1561,"Wait a minute, i haven't seen a dolphin in 14 years...",1,surprise
1562,https://preview.redd.it/q4x90ch9y8ce1.jpeg?width=1125&format=pjpg&auto=webp&s=35f464b7a035b74aacd9f545b3b6e2d7b0250352,0,unemotional
1563,"Happy cake day

https://preview.redd.it/d6p1nmu0bbce1.jpeg?width=791&format=pjpg&auto=webp&s=4e6963485dd89bbf21552636daad9373c3a4d746",1,happy
1564,https://preview.redd.it/sjfdmanjbbce1.jpeg?width=1080&format=pjpg&auto=webp&s=fba2f8954498c6e9a4f47c403f0c137327430b7a,0,unemotional
1565,https://preview.redd.it/6dq1vaujwace1.jpeg?width=2360&format=pjpg&auto=webp&s=ad5dcc407ee9564ebbe70095ede33935a6cdc273,0,unemotional
1566,https://preview.redd.it/j9y8q1fbyace1.jpeg?width=1170&format=pjpg&auto=webp&s=b343c352bc9388ce81c8254fbc47039e1b10ba1f,0,unemotional
1567,Happy cake day sir,1,happy
1568,They're in Guam,0,unemotional
1569,It’s not,0,sad
1570,"Within Our Band of Companions There Lies One Who Is Being Deceitful Concerning the Matter of Their True Identity.

it's pretty catchy",0,sympathy
1571,https://preview.redd.it/qznqtnckl9ce1.jpeg?width=1170&format=pjpg&auto=webp&s=dc918cdb6177d246b56fb42fb7849b1986fba454,0,unemotional
1572,"Bruh I'm starting college this year, pls no quarantine 😭🙏",-1,sad
1573,I hope to God no,1,fear
1574,"In 2019-20 I had my middle school final exams and due to covid they were much easier. Now I'm in my last year of highschool so I'll have the finals once again, it would be such a meme if this happened again and my exams would be easy",1,fear
1575,"For real, I was in year 7 during quarantine so took it for granted so much I want a second chance",1,enthusiasm
1576,fr bro its time to lock in on fn,0,anger
1577,Real. I can take full advantage now.,1,joy
1578,"If we get another one I'm actually gonna kill myself. I can barely find friends when I'm talking to people in person, if I get cut off from society again I'm done",-1,anger
1579,Fuck a pandemic what are you even saying,-1,anger
1580,Hell no I aint doin that fucking shit again I lost 3 fucking years that are supposed to be my best,-1,anger
1581,"NO

NONONONONONO, I'M NOT RUINING ME SOCIALISATION SKILLS AGAIN, IM STILL BUILDING IT FROM THE GROUND UP SINCE THE LAST ONE",-1,anger
1582,dawg I'm gonna be a senior next year the last thing I need is another pandemic,-1,sad
1583,"Same but no PC, 8th grade was ass, can't do that again",-1,anger
1584,":( don’t manifest another global lockdown please, I beg. You made a really good comparison",1,fear
1585,"Literally the same for me, all I did last time was play FN and watch TV. Time to lock in fr",1,joy
1586,"Were you dropped as a baby.

There was nothing fun about quarantine.

Everyone was afraid the word was gonna end and it completely fucked up our mental health.",1,sympathy
1587,https://preview.redd.it/sv2u5nmnl9ce1.jpeg?width=1170&format=pjpg&auto=webp&s=96a84a26ff649b39ba5dde5037fac5c573e589d5,0,unemotional
1588,Say that again,0,unemotional
1589,"In Ohio everyone has started turning skibidi and started mogging people, causing them to get infected and edge.

This is the same thing that happened 69 years ago",-1,sad
1590,That was supposed to be “sob” 🤦🏻‍♀️,0,sad
1591,"Yes, I made a comment on it if you go through my profile. if you'd like to access the information, here are some reliable sources I found on HMPV.

https://www.cdc.gov/human-metapneumovirus/about/index.html
https://www.who.int/news-room/questions-and-answers/item/human-metapneumovirus-(hmpv)-infection",0,unemotional
1592,*Correct me for misinformation,0,unemotional
1593,"bro

https://i.redd.it/jxptrbx4z8ce1.gif",0,unemotional
1594,Holy,1,sympathy
1595,again.,0,unemotional
1596,"Exactly, I was thinking of the og one cause people responded with the remake",1,enthusiasm
1597,https://preview.redd.it/5bg111pfr8ce1.jpeg?width=1170&format=pjpg&auto=webp&s=f28c363d39b318fe6010e61ea85875179dc0a653,0,unemotional
1598,https://preview.redd.it/v5yjf2srpdce1.jpeg?width=320&format=pjpg&auto=webp&s=53fd225978aad90d2dffbb0d7fb12846005fd2ca,0,unemotional
1599,Happy cake day to you,1,happy
1600,https://preview.redd.it/g77d9wx9wace1.jpeg?width=4320&format=pjpg&auto=webp&s=3b82d92d9bdf89836cd3ccc18b15eca10e2fbb79,0,unemotional
1601,So it’s like weak?,0,sympathy
1602,"I border china.

https://preview.redd.it/gennaq8j6oce1.jpeg?width=1125&format=pjpg&auto=webp&s=742796689d7498f9f8c01e36bb4b2ceb5bb10bde",-1,anger
1603,"Oh fuck, cake twins",1,happy
1604,https://preview.redd.it/n240k2zeyace1.jpeg?width=1170&format=pjpg&auto=webp&s=01cdfe7f3555b07b37753538bedd8a00ff062a35,0,unemotional
1605,https://preview.redd.it/p7do0o6lbbce1.jpeg?width=1080&format=pjpg&auto=webp&s=18693b8e79d3211bfc1cb1921b44346628bef187,0,unemotional
1606,Happy caaaaaaake daaay,1,happy
1607,Bri'ish aah amogus,1,happy
1608,https://preview.redd.it/dvs8bt92o9ce1.jpeg?width=298&format=pjpg&auto=webp&s=2fa5ebaa705e6f70b77a69b946400f6ad1312639,0,unemotional
1609,same i can’t do another lock down im just starting my life 😭,1,sad
1610,"Yes please no pandemic, I need to socialize and meet a girl. We cant do this again. We can’t do 2020 round 2.",1,sad
1611,"i was only in fourth grade(not sure what year that is sorry) in 2020, and my first year back from school was 2 years later near the end of 2022, so i was too young to really get that true quarantine experience ",1,sad
1612,i haven’t played it yet but i’ve heard marvel rivals is peak gaming,1,joy
1613,My mental health **was** bad in quarantine but I wasn't stressed every damn zeptosecond like now,1,sad
1614,Why downvoted? You did exactly what you was asked for,1,relief
1615,thanks!,1,happy
1616,"I mean, the remake One has Better graphics but It Will not hit the Same way as the og",1,enthusiasm
1617,https://preview.redd.it/f71i4up9f9ce1.jpeg?width=750&format=pjpg&auto=webp&s=6105442e0fd746f01531421f29eaa2fa130055ac,0,unemotional
1618,thank you,1,happy
1619,RARE kira funny,1,joy
1620,https://preview.redd.it/nd1mgedd7hce1.jpeg?width=736&format=pjpg&auto=webp&s=47458f64c7ff3dada13bea73010dfce43bb8754a,0,unemotional
1621,https://preview.redd.it/jqxujzrwydce1.jpeg?width=591&format=pjpg&auto=webp&s=6d3dc23eec48ce1e13aba156f10b5e22f92ccc43,0,unemotional
1622,"It’s basically like the Flu, found a good article for reference 

https://www.bbc.com/news/articles/c23vjg7v7k0o",0,unemotional
1623,It's a slightly buffed common cold,1,sympathy
1624,babe new reaction pic dropped,0,unemotional
1625,Insert *we don't do that here* meme,1,joy
1626,fn = fortnite if u didnt know,0,surprise
1627,https://preview.redd.it/wuz8cfqcf9ce1.jpeg?width=1170&format=pjpg&auto=webp&s=40f2c870f40119118e97735e366b8ad55d6af7a5,0,unemotional
1628,"Wait, they made porn out of literally a poker game?!",-1,disgust
1629,Thank goodness.,1,happy
1630,I realize that now,1,surprise
1631,"We thought Covid was too…

But it could just be normal. We’ll have to see.",1,sad
1632,"ye, i play with a couple of my friends sometimes",1,joy
1633,"https://preview.redd.it/v3tfo9lx6jce1.jpeg?width=1080&format=pjpg&auto=webp&s=3c71d5c216c4f7641ccef46e4bf171b55907f57e

Let's see if I survive.",0,unemotional
1634,OH GOD THE CARDS ARE SEXUALIZED.,1,surprise
1635,"Yk cuz of sexualized cards, i think AM did nothing wrong",1,surprise
1636,"#[Link to our Official Discord Server](https://discord.gg/NTpXGZVKTc)

#[Follow our Instagram Account](https://www.instagram.com/indiandankmemes_official/)

To download the video you can use one of the following sites:

#[Download link #1](https://redditsave.com/info?url=https://www.reddit.com/r/IndianDankMemes/comments/1huvtoc/meme_slander_of_hmpv_virus/)

#[Download link #2](https://saveredd.it/?url=https://www.reddit.com/r/IndianDankMemes/comments/1huvtoc/meme_slander_of_hmpv_virus/) 

#[Download link #3](https://viddit.red/?url=https://www.reddit.com/r/IndianDankMemes/comments/1huvtoc/meme_slander_of_hmpv_virus/) 

#[Link to Trim the Video](https://reddloader.com/download-post/?url=https://www.reddit.com/r/IndianDankMemes/comments/1huvtoc/meme_slander_of_hmpv_virus/&id=aafd4548)

*I am a bot, and this action was performed automatically. Please [contact the moderators of this subreddit](/message/compose/?to=/r/IndianDankMemes) if you have any questions or concerns.*",0,unemotional
1637,itni badhiya meme pe 30%tax hai bhai aab,0,joy
1638,We said all of this when monkey pox came too 💀🙏🏻,-1,fear
1639,https://preview.redd.it/tmufm95lrdbe1.jpeg?width=720&format=pjpg&auto=webp&s=08f01012ba72fba9a9286026a1911230924450e4,0,unemotional
1640,Ramdev running made me laugh.,1,happy
1641,"Meme tak thik hai bhai , iss saal agar koi VIRUS aagaya toh apna real life mey cum back nhi ho payega",1,fear
1642,High effort meme ![img](emote|t5_3mnyi|9611),1,enthusiasm
1643,Byjus on it's way to introduce new scam,0,fear
1644,Bhai mai abhi train Mai betha hu Bengaluru ke liye aur ye sab suun raha hu![img](emote|t5_3mnyi|27432)![img](emote|t5_3mnyi|27423),0,surprise
1645,"Manifesting for another lockdown

https://preview.redd.it/q4w53ewdufbe1.jpeg?width=245&format=pjpg&auto=webp&s=112ffb2c7da564309978333bfb3a8e1efca5b76d",-1,fear
1646,🙈🙈🙈,1,surprise
1647,Who saw child hardik pandya dancing ??,0,surprise
1648,Nahi hoga bhai kuch,-1,sad
1649,Should've included stock investors,-1,sad
1650,https://preview.redd.it/pov0adjqhjbe1.png?width=1080&format=pjpg&auto=webp&s=c2682d24af2c09058c87ee1f70978a19af821da0,0,unemotional
1651,IDM pe accha meme daalna mana hai bhai delete kar ![img](emote|t5_3mnyi|21479),-1,anger
1652,Nora Fatehi (Student Version),1,joy
1653,Covid starter pack lol,1,joy
1654,Hardik pandya jaisa kyu lagra vo bacha,1,joy
1655,The End! ![img](emote|t5_3mnyi|9610),-1,sad
1656,"😑😪 Phir koi virus aya toh am simply giving up..

Ho gaya bhai bohot, kaafi jee liya",-1,sad
1657,Abe yaar 10th ka exam hai.. bohot acha prepare kia hai sab kharab ho jayega bc,-1,sad
1658,Upvote toh bantai,0,unemotional
1659,[deleted],0,unemotional
1660,every virus comes and goes untill it doesnt and becomes next covid,0,sympathy
1661,Come back chod hangout karne ki halat hojayegi,1,joy
1662,🤓,1,happy
1663,"How bro felt after saying that:

https://preview.redd.it/jy33s3p1rdbe1.jpeg?width=704&format=pjpg&auto=webp&s=535a1b255dc32c9d9a2c9b3436da31185ff5bd58",0,unemotional
1664,Yeah COVID is once in a century event,1,relief
1665,Invite kr lena bro group hangout krenge,1,happy
1666,https://preview.redd.it/g4x7mylk0ibe1.jpeg?width=707&format=pjpg&auto=webp&s=4a5559e64558a3056c62637b9e83f20ccbd92836,0,unemotional
1667,"The virus that has been around since the early 2000's: *exists and increases during cold and flu season as it always does*
Media: ""NEW HORRIBLE VIRUS ON THE RISE""",1,anger
1668,Let's be real. It's just an excuse for people to buy more toiletpaper.,0,unemotional
1669,Oh yay right before Chinese new year 🧧,0,fear
1670,">Human metapneumovirus may cause mild upper respiratory tract infection (the common cold). However, premature infants, immunocompromised persons, and older adults >65 years  are at risk for severe disease and hospitalization

Basically advanced case of the cold/flu... and just like the original it can be severe for certain individuals if untreated. Far from deadly lethal first-wave Covid, as clickbaited users want us to believe.",0,sympathy
1671,"People may just be getting scared again because they hear the words “china” and “virus” and think, oh boy round two. I was one such person till I saw it was HMPV",1,surprise
1672,"Bro if this gets me another 4 month vacation making double my normal salary I am so fucking in.

Covid take me baaaaaaack",1,happy
1673,"Reddit is my research. Like this meme, it's taught me this virus is completely harmless and there's nothing to worry about. Until the next meme tells me otherwise.",1,joy
1674,"What else did you expect from Reddit, like seriously?",-1,sad
1675,Research is hard. Better to just assume everything on Facebook is fact.,0,sympathy
1676,"Pandemics and world wars, Reddit loves to panic about them",1,sympathy
1677,"Covid give everyone a trauma that every time there's a new virus or an old one gets more attention, people think its a new pandemic",1,sympathy
1678,but but but but but it has the POTENTIAL to be dangerous! It's cold.,1,fear
1679,"People's 2020 PTSD kicking in, quite understandable",1,sympathy
1680,"And the very interesting thing is, if you do the research at a Chinese site, you'd see **HORRIBLE VIRUS PREVALENT IN AMERICA** in headlines",-1,anger
1681,Dang this time I have a little money to invest into hand sanitizer and TP look out resale market,-1,anger
1682,"![gif](giphy|12ITGg9Ojhwpc4)

we need a ""china virus"" to distract from the bird flu that's currently going around the country.",-1,sympathy
1683,Gonna be so much fun when my grandmother finds out about this from reading only headlines /s,1,happy
1684,Wasn't it already existed before 2010 or something?,1,joy
1685,!remindme 2 years,0,unemotional
1686,"Some chinese guy: sneezes

The media: ""DEADLY VIRUS OUTBREAK!""",1,joy
1687,Face mask companies: stonk*,1,joy
1688,You should be more worried about H5N1.,1,sympathy
1689,I’m more worried about the bird flu,1,fear
1690,Another over hyped illness that will rake in another 90 billion dollars for big pharma,1,anger
1691,Literally haven't heard of it.,1,surprise
1692,![gif](giphy|7djNoTOCNebEOBLfnb),0,unemotional
1693,"“My finger is on the button”

“Push the button”",0,unemotional
1694,My life hasn't been great since 2019 anyways 🤣,1,happy
1695,"America babbles incessantly about a virus thousands of miles away, while still ignoring the bird flu that's been spreading in the US for months, and when H1N1 becomes a pandemic, they'll call the virus that originated in America the ""china virus"".",1,sympathy
1696,This sub is straight bots. Covid literally came from Wuhan. Lmao. You people are swimming in the spectrum.,1,joy
1697,"If you read good news sources, this isn't even mentioned. I've only heard about this on reddit because I don't consume trash news",1,joy
1698,"People (Americans) are so paranoid right now its laughable. They see more than two incidents happen close and they lose their minds. Airplane troubles, drones, celeb deaths, subway incidents, now this virus just this month lol. Watch another Tesla explode and they'll shit their pants once more.",1,happy
1699,"Smells like Chinese propaganda 
+200 social credit 
/s probably I'm not researching this shite",-1,anger
1700,[deleted],0,unemotional
1701,here we go again,1,enthusiasm
1702,Red for correct,0,unemotional
1703,[deleted],0,unemotional
1704,Drunk if u think this isn’t a plandemic,-1,disgust
1705,Where the pixels,0,unemotional
1706,"Yes, the media does in fact make money by fearmongering ",-1,anger
1707,"As opposed to the other virus that has been around since the early 2000s and increases during cold and flu season that crippled the world for the last 4 years, right?",-1,sad
1708,And don’t forget to mention that it’s from China,-1,anger
1709,Big TP at it again.,-1,disgust
1710,I’m just waiting for them to start selling it in bulk like it’s a Black Friday deal,-1,disgust
1711,Me who uses bidet: i have no such weaknesses,1,relief
1712,"Year of the snake, last time it was the year of the mouse. We outta change the damn zodiac signs for something not related to poison/disease",-1,anger
1713,"okay but i had that last year, had never heard of it before (and tbf, that’s probably the reason it was so so horrible on me, no immunity memory) and it took me 43 days before i began to feel ANY kind of improvement. it ‘bout took me out, had to go get breathing treatments at the ER a few times. was fucking terrible!",-1,fear
1714,Still sucks to get.,-1,sad
1715,Which is exactly what the article writers were intending by putting **CHINA** and ***VIRUS*** in the headline.,-1,anger
1716,WTF were you doing in 2020 that I completely missed out on??,0,surprise
1717,I uhh... I appreciate your honesty.,1,sympathy
1718,I mean we found the Boston Bomber! Wasn't the right one but we still found him!,-1,disgust
1719,*angry upvote*,-1,anger
1720,[deleted],0,unemotional
1721,"Yep, discovered in 2001 and is everywhere.",0,unemotional
1722,"Nah, I'm putting my money (and hopes) on NeoCov, but that's just me.",0,unemotional
1723,Blink twice if you're CIA plant,0,surprise
1724,"It's definitely IN China... along with the rest of the world. It was first identified in 2001, in the Netherlands.",0,unemotional
1725,"It's H5N1, not H1N5. And if that becomes a pandemic, we're in for real trouble, given its 50% mortality rate or something like that.",-1,fear
1726,It's mainly social media in this case though,0,unemotional
1727,"I think the difference is that there have already been several recent HMPV outbreaks, including one back in March 2023, and noone noticed. Maybe this time it's different, who knows


https://health.ucdavis.edu/news/headlines/a-little-known-respiratory-virus-hmpv-surged-this-spring-what-you-need-to-know/2023/06",0,unemotional
1728,Coronaviruses go back to the 1960s.,0,unemotional
1729,Charmin trying to pump up their stock price,-1,disgust
1730,Big Poop,-1,disgust
1731,"Sitting on my ass collecting stimulus checks & roided out unemployment benefits.

It was fucking glorious.

Ate like a king. Built a boxing gym in my house. Got a $500 pair of gloves without breaking a sweat.

I had more money than I knew how to spend. It was like a little taste of what it is to be rich.

Then it was over. Back to misery & pay that is well above minimum wage, but still not enough to live.

My resentment of the rich grew 10 sizes that day.",1,sad
1732,"*we did it, reddit!*",1,joy
1733,You have won the internet for today good sir,1,happy
1734,Damn redditors ruining redit,-1,anger
1735,Not all Redditors are out there reposting fake bullshit.,1,relief
1736,"Lol stop pissing your pants like a pansy. Not everything is a conspiracy. You have a higher chance of dying from a heart attack than being a victim of anything, but I dont see anyone panicking from eating McDonalds lol.",-1,disgust
1737,"You're correct, but Covid specifically was an evolved strain of the one from 2002.  Hence why that was SARS COV 1 and this was SARS COV 2.",0,unemotional
1738,Taking one rn,0,unemotional
1739,Ands that's why the economy is fucked people panicked the world shut down and governments spent waaaay to much money. I hope that pair of gloves is worth the 500 dollar grocery bill every week,-1,anger
1740,"I'm really just talking about your stance on drones. If you haven't sat down and pondered just how potent they are in any offensive capability, and how they've essentially put Infantry, Air Force and Navy out of buisness except for mutually assured nuclear destruction, then you're on the spectrum. 

A swarm of 20 drones can drop thermite on a fleet of aircraft and immobilize them for years or permanently.

A swarm of drones can drop bio weapons on a population, and you can *try* to trace them. 

This isn't a conspiracy anymore. You need to smell the coffee.",-1,fear
1741,"Sorta. They both descend from a bigger family of viruses and are not mutations of one another but just notable jumps from animal to human which allowed for further human infection.

Sars cov 1 is normally just called sars and likely came from civets.

Sars cov 2 is largely called covid-19 and probly has bats to blame.

Long story short, we ain't gonna do much to sort any new stuff turning up so just gotta hope folks trust the experts if it does become a thing. 
We'll get more of these as deforestation and flooding forces more human/animal overlap.",0,unemotional
1742,Both are no concern.,1,relief
1743,LOL my grocery bill has stayed the same 😂,1,joy
1744,"Groceries are 500 a week because the government has sent well over $60 billion to Ukraine instead of trying to broker a peace deal. No matter what you think of Ukraine or Russia, peace is always better than unnecessary death and the full scale destruction of the economy.",-1,anger
1745,"So are you living under a rock, or did long covid fry your brain?",-1,disgust
1746,So you're fucking stupid is what this comment tell me.,-1,anger
1747,Same feeling,0,sympathy
1748,Wow I'd be selling that secret probably make more then you did on them freeloader checks. The only man in America to have the same grocery bill. By goly you'll be billionaire,-1,disgust
1749,"Oh wow, why has no one thought of that?",-1,disgust
1750,Yeah no. The moment Russia attempted to seize a sovereign nation was the moment they deserved to get their asses kicked. Us funding Ukraine has severely set back one of our biggest geopolitical rivals AND maintains Ukraine's sovereignty. The only peace deal that Ukraine should accept is 1) complete removal of Russian forces from Ukraine and 2) membership in NATO. Anything short of that is basically pandering to Russian interests in trying to absorb more and more of their neighbors.,1,enthusiasm
1751,"They didn't send money over there, they send ammo and weapons from US Army stockpiles that otherwise would just have collected dust anyway. These have a pricetag on them of 60 Billion but this money is basically from the defense budgets of the past 10 years when the stuff was bought.

And since the US Army is going to continue to buy from the Military Industrial Complex regardless whether they need it or not they are probably glad that they could make some room for newly bought weapons and ammo.",0,unemotional
1752,"Nobody:

This guy: Ukraine 🤬

Everyone else: Ahhh yeah, common knowledge.


But seriously the stimulus program is the cause of most of our current inflation (turns out you can't just print money who would've thought) believe it or not we've been ""nation"" building since after ww2. Korea showed us how much fun it is to stick our head in other people's business. From there we've just been doing a ton of it. But yes I know there are many factors due to our current economic state. Honestly you could of picked like 5 or 10 other things and everyone would of been like fair.  Enjoy life the world is fake anyway and the points really don't matter",-1,anger
1753,"Aguanten el pedo, todavía no me recupero del Covid.",-1,sad
1754,Chale pensé que la moda de este año serían los ovnis jaja,1,joy
1755,Pues ahorita no hay ningún medio confiable que haya dado la noticia,0,unemotional
1756,"Pues investiga en las páginas oficiales del gobierno chino.
Cualquier random con una buena base de seguidores puede escribir una idiotez y sus seguidores lo creerán a pie juntillas.",-1,disgust
1757,El metapneumovirus humano no es nuevo (5-10% de los casos de infección respiratoria en invierno).,0,unemotional
1758,"Ni aunque haya una pandemia de peste negra combinada con COVID pro Max van a hacer lo que se hizo en la pandemia pasada, la crisis se puso muy cabrona internacionalmente",-1,fear
1759,Será verdad,0,surprise
1760,Se vienen cositas,1,enthusiasm
1761,[removed],0,unemotional
1762,Mucha enfermedad mediática xd calmen las nalgas un rato,-1,disgust
1763,"Soy mexicano, vivo en China. Esto es mentira.",1,relief
1764,No es medio confiable y menos si esta en X y aun así sea verdad la gente y los gobiernos ya saben que hacer pero parece 1 de mas noticias para meter medio mediático y generar interacciones Porque a lo largo del año anterior  hubo muchas variantes del covid peores que el covid y no pasaron de la noticia y pues ya terminamos el año y aquí estamos sin nueva pandemia como muchos decían que las variantes provocarían En cualquier caso No es confiable ningún medio ni las oficiales ni la OMS como tal tiene las cosas claras en muchas ocasiones pero los demás medios aprovechan eso y tergiversan la noticia. Cuando realmente pase lo  algo del calibre créeme que lo sabrás sin que te cuenten ningún medio.,-1,disgust
1765,"No otra vez, ya bombardeen china alv.",-1,anger
1766,Yo no veo ese twit en su cuenta...,0,unemotional
1767,"no parece ser preocupante, este virus ya lleva tiempo existiendo. Además China e India declaran que no es alarmante, si no que los casos subieron debido a esta época del año, donde es normal que aumenten los casos de covid. 

No quiero hacer el comentario político, pero no muchos medios asiáticos ni árabes han reportado la noticia. Probablemente debido a la influencia americana que tenemos en este lado del mundo. Hay que esperar más noticias, pero la información pública aún no es suficiente para dar algo por hecho.",1,relief
1768,Encontré esto no verifique la fuente así que no me tomen enserio porfi    https://www.infobae.com/peru/2025/01/04/no-habra-confinamiento-minsa-se-pronuncia-sobre-nuevo-virus-en-china-y-descarta-riesgo-de-pandemia/?outputType=amp-type,0,sympathy
1769,Ninguna fuente confiable,-1,disgust
1770,"Que raro.. diciembre nuevamente… Trumpetas nuevamente. No digo que no sea cierto lo del virus pero pues .. suerte a todos, y ahora si no sean ojetes con los toilet papers",-1,disgust
1771,Estoy en shenzhen ahora mismo y no hay nadaaaaa,1,relief
1772,"La verdad lo dudo, para que algo así acabe con la humanidad debe ser más contagioso que letal, pero por lo general si es letal no es tan peligroso porque mata antes de propagarse demasiado, si no es letal se propaga pero no suele generar demasiadas muertes, lo que da tiempo a hacer estudios y a que el sistema inmune se adapte",0,unemotional
1773,"Ojalá, quiero home office de nuevo",1,happy
1774,Desde hace rato quieren volvernos a encerrar,-1,fear
1775,"Todo estaba tan tranquilo y silencioso por donde vivo, no habia gente en las calles, parecia otra ciudad, se podia respirar aire fresco sin tantos caños de escape circulando... el planeta nos lo agradecio.",1,relief
1776,También dicen que la venida del señor está próxima y que los extraterrestres nos van a destruir. Supongo que son de las mismas fuentes que tiene el OP.,-1,disgust
1777,"El día que la gente deje de idolatrar tanto a la prensa, todos seremos más felices.",-1,anger
1778,Fuente?,0,unemotional
1779,"Lo dudo, quiero pensar que ya aprendimos y si esto se confirma, en chinga el mundo entero va a bannerar cualquier persona que venga de china, no nos vuelve a pasar lo mismo y que nos agarre tan a la pendeja.",1,relief
1780,"No sé que tan confiable sea Publimetro, pero señalan que es una nota falsa y detallan un poco más sobre la enfermedad

[https://www.publimetro.com.mx/noticias/2025/01/03/china-declaro-estado-de-emergencia-por-virus-respiratorio-desconocido/](https://www.publimetro.com.mx/noticias/2025/01/03/china-declaro-estado-de-emergencia-por-virus-respiratorio-desconocido/)",0,unemotional
1781,Esto no a explotado ni en twitter,0,unemotional
1782,Esa fuente tiene muy poca credibilidad y sólo publica chismes y rumores.,-1,disgust
1783,"Fake News..... Un amigo de un amigo vive en China, escuchó eso y solo se rió de ello...",1,relief
1784,Otro covid y ahora si colapsa la economia global,-1,fear
1785,"Eso es de cada año en china, es muy normal por el asinamiento y clima, ademas habia leido en un articulo que edificios mal diseñados comparten ventilacion entre departamentos lo cual propicia la transmision de enfermedades",0,unemotional
1786,Sugerencia antes de pensar que esto es real: buscad el nombre de este tío.,-1,disgust
1787,"Pues si la viruela del mono te paso de noche... Aguanta vara masiosare, otra gripa más no le hace nada a la gente culera como tú comprenderás 🤣",-1,anger
1788,POS ya se la saben,0,unemotional
1789,Dios te oiga,1,sympathy
1790,Fuente: Jose Diaz,0,unemotional
1791,"Ah shit, here we go again!",-1,sad
1792,No tenemos tanta suerte,-1,sad
1793,Pinches chinos,-1,anger
1794,Me lleva la pitufiverga,-1,anger
1795,"Siempre la hemos valido. Solo que ahora, otra vez, por un agente externo.",-1,sad
1796,[Recuerden que esas enfermedades solo le dan a los ricos.](https://youtu.be/s7UfjbONaXw?feature=shared),-1,disgust
1797,Nos cargo el payaso,-1,fear
1798,"Si lo hubiera escrito el 28 de diciembre, habría sido más serio",-1,disgust
1799,jimon,0,unemotional
1800,Quien le subió la dificultad al server?,-1,surprise
1801,esa es una cuenta conocida por esparcir fake.,-1,disgust
1802,"[HMPV: China's New Virus Outbreak Explained - Newsweek](https://www.newsweek.com/human-metapneumovirus-hmpv-china-outbreak-explainer-2009126)

>However, this is a virus that already circulates among populations in China, the U.S. and elsewhere, so there is more herd immunity against it [than there would be against a novel virus](https://www.newsweek.com/bird-flu-warning-virus-mutation-public-health-2008528), such as COVID-19 at the beginning of the pandemic.

Pues eso. El virus ya tiene rato circulando, entonces tenemos un poco de mejor protección que la que teniamos contra el covid. Aun así es difícil de pronosticar algo concreto, asi que tampoco es para confiarse.",1,relief
1803,"Al chile, nah creo, Pero por qué siempre china?",0,unemotional
1804,"No sean alarmistas, es un brote leve. Cómo las temporadas de gripe que son comunes en Sector México.
Esta bajo control.",-1,disgust
1805,"Ese virus está desde hace décadas, es conocido que afecta a niños menores de 5 años y adultos mayores.
Creo que hay que leer e informarse un poco antes de empezar a alarmarse.",0,unemotional
1806,"Cada dos meses descubren una “nueva pandemia” y no pasa ni verga 

Calmen las nalgas",1,relief
1807,Queremos home office alv. Bienvenido hmpv.,-1,disgust
1808,"No se solo fui yo o mi familia, antes del 24 me dio una gripa, después temperatura, diarrea (agua), sinusitis, yo pensaba que era Covid (mi novia estaba igual), fuimos a hacernos la prueba y salió negativo
Estaba en el baño del Toks (jueves) y escuche a un señor que entró con otro y le estaba platicando que le dio algo parecido al Covid pero que fue a hacerse la prueba y salió negativo, con los mismos síntomas que tuve yo
A alguien más le paso algo similar?",1,enthusiasm
1809,Aquí vamos de nuevo.,0,sympathy
1810,Donde se puede confirmar la noticia?,-1,sad
1811,"puras enfermedades de turistas, son lo que andan viajando por todo mundo llevando las enfermedades a los demas paises,",0,surprise
1812,"No, ya valimos liata",-1,disgust
1813,Es por los aranceles,-1,sad
1814,Aunque fuera un medio confiable de información. Es 100% amarillismo.,-1,anger
1815,No puede pasar... Otra vez no,-1,disgust
1816,China nunca dejo de estar emergencia sanitaria después del COVID...,-1,fear
1817,Ojalá,1,relief
1818,Cual es la fuente de esa información? Es oficial o tu crees que puede ser fake news???,0,surprise
1819,"Pues era sabido que el Covid era como una gripa, y asi como la gripa pues esa nunca se acaba jajaja.

En fin, recen por que India no desarrolle un virus entre su población por que ahi nadie sobrevive",-1,disgust
1820,"Excelente, covid 2.0, justo lo que necesitaba este año /s",1,joy
1821,Cualquiera es verificado por 8 DLLs al mes.,-1,disgust
1822,No encuentro ninguna nota en algún medio serio.,-1,unemotional
1823,"Si es como el COVID o una variante no tanto, nomás pónganse cubrebocas y lleven gel desinfectante o toallitas para limpiarse las manos.",0,sympathy
1824,Por supuesto que no. Siguiente pregunta.,1,relief
1825,"No me caería mal un año de vacaciones otra vez, total, me gusta estar en casa",1,joy
1826,"La verga nos trajo, y la verga nos va a llevar",-1,sad
1827,Sale una noticia asi cada 3 meses,0,unemotional
1828,Necesitan más vacunados. Algo traen esas vacunas.,-1,fear
1829,Covid 20,-1,fear
1830,Fake News bro,-1,disgust
1831,Nuke china pls,-1,anger
1832,desde el covid van sacando noticias de nuevos virus y ninguno termina siendo a escala mundial como el corona lol,0,unemotional
1833,"Suena falso, si recordamos en Covid china es el ultimo pais que haria publica este tipo de informacion.",-1,disgust
1834,no volveremos a caer o si?,-1,fear
1835,De ja vu???,0,surprise
1836,"Habia una noticia que en usa ya se habia detonado el coviz, 1 de cada 50 estadounidenses estaba contagiado e iba en aumento.



U.S. 🇺🇸 Reports 6.678 million New COVID-19 Infections in One Week.

Currently, 1 in 50 Americans is Infected with COVID-19.

COVID-19 transmission is currently higher than it was during 82.3% of the pandemic.",-1,fear
1837,"También les recomiendo que busquen la manera de tener hidroponía es sus casa y cultivar su propia comida en los tejados jaja , esto se va a poner loco",1,enthusiasm
1838,"No pasa nada es común en esta época del año en china las alergias proliferan, no hay que desinformar y buscar buena información...",1,relief
1839,Daáaaaaaaaaa se acabó el sueño,-1,sad
1840,Me recuerda a algo…,0,unemotional
1841,"Con el gobierno actual, que es el mismo que dejo morir cientos de miles de mexicanos la vez pasada…. Nah 😅",-1,anger
1842,El contraataque de china a trumph xD,-1,disgust
1843,yuuuuuuju! me caga ir a la oficina!!,1,joy
1844,"Nah, han de ser fake news",-1,disgust
1845,COVID pt3 antes que gta 6,-1,sad
1846,Gatell en ti confío 😍,1,relief
1847,Establos unidos no quiere perder el control mundial antes destruye al mundo ...,-1,anger
1848,QLV,1,disgust
1849,Putos chinos se sacan enfermedades nuevas del culo los cabrones,-1,anger
1850,La mayoría de los casos son leves,0,unemotional
1851,"Pffffff
Qué poca apenas estamos agarrando vuelo de la anterior pandemia y ya salen con esa mmda!🤦‍♂️
De que se trata?
De todas formas esperemos que las autoridades se manifiesten y den parte, pero no deja de ser gorroso ése hecho 😡😡😡",0,unemotional
1852,Ya valimos erga.,-1,sad
1853,https://preview.redd.it/93tamop7juae1.png?width=720&format=pjpg&auto=webp&s=ac838498cb2a59c23d8fc457c9055f8d94ab4847,0,unemotional
1854,"que sobreviva quien tenga que sobrevivir.

![gif](giphy|zfRG5WaSnBPd6|downsized)",-1,fear
1855,Van a ponernos unos detentes como el AMLO,-1,disgust
1856,"Me imagino que ya se quedaron sin órganos de repuesto los yankees, después del fake del covid que sirvió para atender a los heridos en Ucrania y Medio Oriente, eso significa que quieren seguir con esa guerra hasta que Rusia se harte y nos mate a todos por un holocausto nuclear después de desaparecer a EEUU y sus mosqueteros de la UE (obvio culpa de estos imbéciles de USA), según el retardado psicópata del WEF y su agenda pedorra para el 2030 quieren regresar a mil millones la población mundial, es decir “matar a 6 mil millones de personas”, si si si, conspiraciones dirán la raza más engañada del planeta (los mexicanos)",-1,anger
1857,Mentira. Solo quieren aumentar el pánico en la sociedad.,-1,disgust
1858,Pues yo he visto desde antes del COVID que los chinos siempre andan con cubrebocas hasta en otros países,0,unemotional
1859,No no mamen,-1,anger
1860,Ya basta freezer,-1,anger
1861,![gif](giphy|6ILjOfJ1oL7NAc9SQ7),0,unemotional
1862,[removed],0,unemotional
1863,"Apenas hoy [empezaron a salir noticias](https://www.nmas.com.mx/salud/que-es-virus-hmpv-china-sintomas-enfermedad-respiratoria-ataca-ninos-menores-5-anos/) al respecto. En resumen dice que incrementaron los casos, pero aun no se declara estado de emergencia por parte de china. A parte de que no es una efermedad nueva, y el HMPV no es el unico en aumento.

Por ahora diria que si es una mas de esas noticias que quieren ser alarmantes pero en realidad no pasa nada",0,unemotional
1864,"Si dicen que todo está bajo control y que no es pandemia, entonces SI es pandemia.  
Si hay mucha noticia confirmando, entonces NO es pandemia, es chayote.",-1,disgust
1865,"nah tu tranqui, ese virus ya existe y solo agrava casos de gente con EPOC y niños con problemas inmunológicos",-1,disgust
1866,maldita sea acabo de apartar una casa,-1,sad
1867,José Días es chino??,0,unemotional
1868,"Nah, ""nothing ever happens"", lo mismo decían con el ebola y después del COVID cada que alguien se resfriaba querían hacer otra pandemia xd


Puro amarillismo, los medios hoy en día solo buscan notas sensacionalistas para generar visitas.",1,relief
1869,"Jaja valio barriga señor verga, otra vez nos descansaran en mi trabajo y tocara reactivar el OF XD",-1,sympathy
1870,"Verga que hueva...

Cual mandriles de odisea al espacio viendo el monolito",-1,sad
1871,Que se comieron ahora 🤨,-1,surprise
1872,"Para mi que ya llegó al país, pero como siempre se van a esperar a que mueran unos cientos de millones para anunciar que ya hay dos casos en el país 😅",-1,fear
1873,"A cada rato sacan una noticia de estas.
Me vv hasta que llegue acá.",-1,disgust
1874,"Ojalá haya otra pandemia, ahora tengo que jugar",-1,disgust
1875,Pinches chinos pero se an de andar tragando todo los weyes  😅,-1,disgust
1876,La mejor forma de invadir USA es con una pandemia China mientras gobiernan los republicanos.,-1,anger
1877,Pendejadas.,-1,anger
1878,El mundo se está acabando muchachos estamos en el apocalipsis.,-1,fear
1879,"Todos los fayuqueros regresan a partir de hoy, preparense para el caos, violencia, deseperacion,pobreza, batman del futuro.",-1,sad
1880,Fake shit,-1,anger
1881,"Yep, otra vez! Porque no? Seguimos siendo demasiados en el planeta.",-1,disgust
1882,"Me vale, verdad o no, a mi no me vuelven a encerrar ni obligar a usar bozal.",-1,anger
1883,https://unitel.bo/noticias/salud/china-declaro-emergencia-por-una-nueva-enfermedad-respiratoria-esto-es-lo-que-se-sabe-MF14550396,0,unemotional
1884,"sin pedos, aqui tenemos la vacuna patria , donde? no se , pero la tenemos .",0,relief
1885,Va a volver a pasar. 😨🥲😐😑,-1,fear
1886,"Ya salieron varios virus y enfermedades que supuestamente serán igual o peores que el covid. 
No les creas bro",-1,disgust
1887,🤧🥴🤧,-1,sad
1888,Ay no otra vez ya no. Mejor ya llévanos Dios,-1,sad
1889,Ya saquen a China del server nmms,-1,anger
1890,"Que pase lo que tenga que pasar, no se queden pelones antes de tiempo",-1,fear
1891,"Ah no me preocuparía mucho todavía, yo me acuerdo cuando dijeron que había otro tipo de COVID que venía de las ratas y nada termino pasando con eso, yo esperaría hasta que termine viendo más casos en más lugares",0,unemotional
1892,"Trump creyó que Xi Jingpin se le iba a dejar facil. Sinceramente espero que el bronceado de tang, la riegue como lo hizo en 2020 recomendando hipoclorito",-1,disgust
1893,"Ha habido 20 de estas cada año desde el COVID, ya nadie les cree",-1,anger
1894,"Acá en los Tijuanas carísimo el transporte público y pal pinche perro, está en 20 varos",0,unemotional
1895,No lo sé Rick,0,unemotional
1896,Puedo decirte que al trabajar para una aerolínea nos dan información de primera mano en cuanto a emergencias sanitarias y hasta el momento todo bien y sin novedad.,1,relief
1897,Tenemos covid 2 antes que gta 6,-1,sad
1898,"No es mentira. Chequen en reddit. Afortunadamente no es nada cercano a la letadidad del covid. Yo estoy con estos síntomas (la farmacia a la que fue hace rato estaba abarrotada de gente con los mimos síntomas.
Si fuera una escala del 0 al 10, el covid me dio con un ~7 (ya vacunado), esta madre está en 5-6 y una gripe normal estaría en 3-4. Otro dato: en mi casa somos varios y sólo nos ha dado a hombres. Las mujeres sólo tuvieron cuerpo cortado por medio dia",0,unemotional
1899,"Deberíamos extngr a los chinos, muy en serio",-1,anger
1900,"Quiero pensar que la humanidad aprendió, que ya no seremos tan imprudentes, quizás algún que otro ""rebelde"" aún la vaya a andar cagando, pero que en general estaremos mejor preparados... Quizás demasiada fé por mi parte",1,sympathy
1901,A comprar mucho papel de baño.,-1,fear
1902,Misma mamada dijieron el año pasado,-1,disgust
1903,"No te preocupes, le ponen unos aranceles al virus y todo se arregla 😉

Son unos genios 🙂",1,joy
1904,Wey ya😔,-1,sad
1905,"Pues todo pinta a que si carnal, va a valer riata y peor, ojala y no por que lo del covid estuvo de la superverg...",-1,fear
1906,"No sé asusté verga, recuerde que X 10 noticias la mayoría son mamadas.",-1,disgust
1907,Esa perra mamada que?,-1,anger
1908,Aver cuantos se dejan esta ronda,-1,disgust
1909,"Ah shit, here we go again",-1,sad
1910,Me vale verga,-1,anger
1911,"Andan con sus mmadas de "" enero,  sorprendenme """,-1,disgust
1912,Putos chinos !!! Siempre con sus mamadas,-1,anger
1913,![gif](giphy|1EghTrigJJhq8),0,unemotional
1914,"alguien preguntó sobre ese virus en un subreddit de China y todos dicen que es solo la temporada de resfríos y ese virus “letal” es algo normal, solo un flu muy jodido, nada de que preocuparse

https://www.reddit.com/r/chinalife/s/rW6m6PTMk8",0,unemotional
1915,Son como esas 1000 variantes de enfermedades que nos aseguraban la muerte a lo largo de 2024,-1,disgust
1916,Ya va entrar Trump… casi toda la pandemia se la echó ese wey. Va apasar lo mismo,1,sad
1917,"Y ni así pa, nos impacta mas que 8 horas de nuestras vidas valen un pollo rostizado.",-1,sad
1918,"Nah, esta vez si bloqueamos a china y que se mueran de hambre ellos",-1,anger
1919,"Es el segundo post que comento al respecto. Bajenle a la histeria. Es una enfermedad muy contagiosa pero no es letal en la mayoría de las personas. Además, China siempre ha sido foco de infección de muchas enfermedades respiratorias por la alta densidad de su población y una mala educación sanitaria en general. Hasta que la OMS no declare una pandemia, no se pongan a comprar papel de baño a lo pendejo. Además, no es un virus nuevo, y las medidas de prevención son casi las mismas que para el COVID: cubrebocas y lavarse las manos. Si sienten ansiedad por la noticia, ponganse su cubrebocas y lleven su gel. Pero dejen de propagar histeria, informense bien antes de publicar. Y de paso salganse de twitter, esa mamada les hace más daño que el virus, no mamen",1,relief
1920,"Oh, no",-1,fear
1921,"Un sitio de la India:
https://www.thehindu.com/sci-tech/health/hmpv-alleged-outbreak-in-china-union-health-ministry-says-closely-monitoring-cases-no-cause-for-concern-right-now/article69058243.ece

Live mint con FAQ:
https://www.livemint.com/science/health/chinas-mysterious-virus-faqs-are-we-on-the-verge-of-another-pandemic-after-covid-all-you-need-to-know-about-hmpv-11735881287861.html

Parece que no es exactamente alarmante aún",0,unemotional
1922,"Otra vez tenían que ser chinos, vale reata. A encerrarse de nuevo.",-1,anger
1923,No se preocupen. Despues del desastre del covid no nos vuelven a encerrar,1,relief
1924,Hijos de su rre perra puta madre. Parece que esos imbéciles lo hacen adrede 🤬😡🖕🖕🖕🖕,-1,anger
1925,Solo faltan los 🧟‍♂️ jajajaja,1,joy
1926,"Fuente?
Arial 12?",0,unemotional
1927,"Justo antes del año nuevo chino, para repartirlo al resto del mundo, pero quien saben cómo anden de economía la clase media por allá.",-1,disgust
1928,Enserio?! 🤯😠,-1,surprise
1929,Dicen que es fake,0,unemotional
1930,Se es dijo que dejaran en paz el tablero de Jumanji pinches necios,-1,disgust
1931,Eh... tal vez!,0,unemotional
1932,Muy seguramente.,0,unemotional
1933,Otra pandemia para que todos nos vayamos Alv de una vez 👍🏻,-1,sad
1934," Cuando venga de una fuente oficial, es un payaso la fuente 🤡💩.",-1,disgust
1935,2 fake,0,unemotional
1936,Valen verga pinches chinos,-1,anger
1937,Puro pedo ya no saben que inventar.,-1,disgust
1938,El 2022 empezo fuerte no?,0,unemotional
1939,Wey nomas es tiempo de gripes cálmense 2 chingo,-1,relief
1940,Nah este si es enteramente del grupo de resfriado comun no creo que se acerque ni a los talones de lo que fue el covid. Normalmente pensamos que el covid era algo enteramente respiratorio cuando realmente era el factor coagulante lo que causaba la muerte,1,relief
1941,Fake,0,unemotional
1942,"No mames, Diaz Machuca es súper amarillista.",-1,disgust
1943,Es falso,0,unemotional
1944,Jajaja ese virus se descubrio hace mas de 20 años y es normal que en invierno haya brotes. Afecta a niños menores de 5 años generalmente. No habrá nueva pandemia.,1,relief
1945,"Pasan muchas infecciones, chill, y parece q esta vez si lo tomaron serio JAJAJAJA. Ya van como 4 """"""""enfermedades destructoras de mundos"""""""""" desde 2020 aparte del covid y ninguna importo",1,joy
1946,si es verdad a finales de febrero nos empezará a cargar el payaso,-1,fear
1947,"Neta que hoy amanecí con un pinche dolor en el cuerpo como si fuera de covid... Menos intenso, ando ya haciendo las cosas... Pero que desmadre... Ojalá todo sea controlado.",1,sympathy
1948,Ya díganle a los chinos que dejen de tragar mierda,-1,anger
1949," Hay que desaparecer a china, siempre traen algo nuevo para exitinguir la humanidad",-1,anger
1950,"Que chingue a su chinadamadre china, ningún otro virus va a detener mis planes por segunda vez en mi vida! 

a menos que sea puro alarmismo y ya.",-1,anger
1951,Y ahora que animal comieron está vez?,-1,disgust
1952,"Hagan lo que quieran ya, pinches chinos",-1,anger
1953,Acabo de ver un video en TikTok que un mexicano está allá y oyó noticias en México de que en china está un colapso nacional en su sistema de salud. A lo que él fue a visitar un hospital chino y dijo que todo está tranquilo.,1,relief
1954,"Ya confirmaron que no sería una pandemia y el virus ya existía, el problema es que no lo diagnosticaban.",1,relief
1955,"Pvtos Chinos, vuelen ese país laptm.",-1,anger
1956,Es fake,0,unemotional
1957,Esos virus de china siempre chingando la madre hay que desaparecer ese país,-1,anger
1958,"Dejando del lado el titular amarillista, considero que es un buen resumen de la situación.
[HMPV](https://www.excelsior.com.mx/global/nuevo-peligroso-virus-azota-china-que-es-hmpv/1692473)",1,relief
1959,Ya,0,unemotional
1960,No. Son bulos de redes sociales.,0,unemotional
1961,"Es mera riata, es falso bro. Como los mares de Bolivia.",0,unemotional
1962,Información falsa.  No se alarmen,0,unemotional
1963,Eso es falso jajajaja,0,unemotional
1964,Siguen aferrados en disminuir la población mundial y crear psicosis para encerrar a la gente.,-1,fear
1965,Se viene el remix raza 😂😂😂,1,joy
1966,Lo bueno que ya me acostumbré al home office,1,relief
1967,Por que no bombardean china?,-1,anger
1968,Yo ya no creo nada desde que sacaron como 20 mil variantes de COVID que hacían lo mismo que el COVID normal. Solo quieren generar pánico.,-1,disgust
1969,Altoo yo ya estuve en estos juegos (sobreviví al COVID),1,relief
1970,¿Mas vacunas experimentales? No gracias.,-1,disgust
1971,Una segunda temporada que epico,1,enthusiasm
1972,"Nope. Busquen los grupos de mexicanos en China. Sí hay una emergencia. Por la densidad demográfica, los números se disparan. Es estacionario. No vamos a valer reata.",1,sympathy
1973,Vacunenseeee!,1,relief
1974,todavía no hay de que preocuparse hasta que medios más serios den información,0,unemotional
1975,"Nop, si no tienes mas de 70 y menos de 12 no te deberías preocupar. Ese tipo de virus no es como el COVID, apunta mucho más específicamente a menores y mayores. Lean un poco del tema en vez de ver noticias incompletas en Twitter. 

TLDR: Guárdense si tienen hijos o abuelitos, si no tranquilos no tienen nada de que preocuparse.",1,relief
1976,"La gente exagera, solo se deben quedar en casa los grupos vulnerables como los viejitos, los inmunosuprimidos y los marranos de cagada.",-1,disgust
1977,Va a suceder otra vez.jpg,-1,fear
1978,Ojala,0,unemotional
1979,Dejar de creer en todo lo que nos meten en redes y noticieros. Así de fácil... Dicho por alguien que no se vacuno obligado por un sistema que lo único que quiere es destruirnos,-1,anger
1980,"Otra vez pandemia, estos chinos no aprenden más 🤐",-1,anger
1981,Verga yo no se que haría con otro virus de esos 😱😱,-1,fear
1982,"Nah, el metapneumovirus se comporta más como un resfriado común a comparación de el covid que en sintomatología es más similar a la influenza sin mencionar que el covid 19 era una cepa mucho más agresiva y letal",1,relief
1983,Chinos pendejos,-1,anger
1984,"a comprar cubrebocas y a encerrarse otra vez, que pesados.

  
Las farmas necesitan vender vacunas, aqui vamos otra vez",-1,disgust
1985,Ya avientenles unas nucleares a los chinos cochinos ,-1,anger
1986,Que paren vuelos de china para el país y que la gente que tenga vuelos de México para china que no salgan,-1,anger
1987,Nos mintieron con la primera pandemia pero está seguro que si es de verdad ¿Verdad?,-1,anger
1988,"la OMS es un cuento,cuando el covid comenzo la gente moria y moria y el grone ese que nadie sabe como llego a director dd la oms por que era un guerrillero africanondecia no cunda el panico esta todo controlado,las pelotas estuvo controlado,los chinos le dieron pkata para q no diera una pandemia mundial por q si no los chinos iban a tener demandas millonarias,ojala no pero es ma a contagioso q el covid",-1,anger
1989,encontré esta nota al respecto. no se sabe la seriedad del problema hasta que el Gobierno chino no dé más detalle - https://www.the-express.com/news/world-news/159406/china-mystery-virus-safe-travel,0,unemotional
1990,"Cuando comenzó el covid era un estudiante.
Ahora soy un enfermero desempleado en busca de chamba.",0,unemotional
1991,CIERREN CHINA POR EL AMOR DE DIOS!!!,-1,fear
1992,No pasa naaada oiga!!!,-1,anger
1993,bombardeen china,0,unemotional
1994,Puta madre con esos chinos por que no se acaban ellos solos o es que otro país (ehhem ehheem EE.UU) les está tirando los virus,-1,anger
1995,Nel Trump es peor y el virus es para destruir su economía,-1,disgust
1996,Porque no desaparecen los Malditos chinos,-1,anger
1997,"Independiente de las teorías conspirativas y todo eso creo que nadie dejaría que se repitiera lo que pasó con el COVID, la economía se fue a la verga a pesar de que el parón fue de un par de meses únicamente y hay empresas y personas que aún no se recuperan de eso. Veo muy difícil que repita la situación aún sin importar nuestra salud XD, a menos que sea 100% mortal",1,relief
1998,Otra plandemia,-1,disgust
1999,Aclarar que los hospitales se colapsan cada año a estas fechas por brotes de gripe comun no por *inserte aqui nuevo virus*,0,sympathy
2000,"Por lo que tengo entenido, este virus está afectando de manera grave a niños, no a adultos, para adultos parece ser un resfriado.


Así que si no tienes niños no me preocuparía tanto.",-1,fear
2001,"Sinceramente y por el bien de la humanidad opino que hay que exterminar china con bombas nucleares, si lo piensan bien es muy posible que a largo plazo los casos de muerte sean incluso menores que si dejamos a china en paz",-1,fear
2002,Creo que va ver otra pandemia chiquita.. recientemente muchos se están enfermando en Asia con infecciones de gargantas muy raras.,-1,anger
2003,Meta le servicio sanitario a china,-1,disgust
2004,"No wey, cálmate.",0,unemotional
2005,"Creo que esa webada es falsa, la prensa suele torcer las noticias un poco. Para generar más vistas es clickbait pero hecho por gente pendeja que quiere desinformar a otros.",-1,fear
2006,"Otra perra vez? 
Ya deberian de dejar china toda radioactiva.",-1,anger
2007,Otra vez China...,-1,anger
2008,+57 322 4178057‬ Escriban estoy caliente,0,unemotional
2009,+57 322 4178057‬ Escriban estoy caliente,0,unemotional
2010,Y si bombardean China? La radiación matara todas las enfermedades,0,unemotional
2011,"Tengo una hipótesis:
Todo ser vivo es especial, y evoluciona adaptándose a su ambiente, si el COVID-19 evolucionó con mecanismos inmunológicos más avanzados tolerantes a los medicamentos? Porque?
Los virus no se pueden matar, solo se los puede tratar, es decir aquellas personas que se contagiaron del COVID-19 aún lo llevan en sus organismos y el mismo puedo haber evolucionado.",-1,fear
2012,"Es hora de comprar cubrebocas por mayoreo , acuérdense de mi 🤑",-1,fear
2013,Chinos mascando riata como siempre,-1,disgust
2014,Cómo cagan el palo esos amarillos de mierda jajaj,-1,disgust
2015,Noticia falsa. Infórmense,0,sympathy
2016,"El antídoto es comer comida china en Tijuana, “el pollo enchilado”, una abominación que te deja inmune a todos los inventos virales chinos",-1,disgust
2017,"Dicen que ya no hay para dar pensiones? Qué les van a dar ""crán"" a los viejitos. 
Para poder seguir jubilando.",0,sympathy
2018,Valió madre,0,sympathy
2019,Todavía siguen creyendo lo de la pandemia? En serio? Hay que leer más. El miedo reduce la inteligencia. Pero uno ya pecan de tontos.,-1,fear
2020,Ojalá y haya pandemia para estar encerrado de nuevo,-1,relief
2021,Seguramente sea amarillismo pero más vale prevenir,0,unemotional
2022,Pinches chinos cochinos,0,unemotional
2023,"Repitan conmigo:

NO PASARA NADA.

Como el otro 99% de los virus y supuestas pandemias. La gente se ha vuelto loca cuando vuelven a escuchar virus + china.",0,sympathy
2024,Otra vez va a suceder 🤕,-1,disgust
2025,"Hay un tipo en TikTok que está en china y reporta todos los días y hace lives mostrando que en realidad no hay nada de emergencias sucediendo. Va a los hospitales donde las publicaciones mencionan que está abarrotado y está equis, normal como cualquier otro hospital en cualquier día.",0,unemotional
2026,Hay muchos tuiteros y tiktokeros Mexicanos y extranjeros que están subiendo videos en los hospitales de China mostrando todo tranquilo y desmintiendo rumores.,0,unemotional
2027,"Ojalá, así los de sistemas volveremos a ganar un chingo xd",-1,relief
2028,"Realmente no sé qué es que esté ocultando el gobierno o que quiera que pase, pero hay un TikToker que vive en china y dice que es mentira. [🤨](https://vm.tiktok.com/ZMky5yQgg/)",0,unemotional
2029,https://vm.tiktok.com/ZMky5yQgg/,0,unemotional
2030,Enserio leí brote de HDMI?,0,unemotional
2031,"Hasta el momento es información exagerada y tendenciosa, no hay ninguna alarma médica, los contagios en China por enfermedades respiratorias este año fueron incluso más bajas que el año pasado, ese virus del que hablan ha estado con nosotros por décadas y nunca ha representado un riesgo para la humanidad, incluso dicen que de niños lo contrajimos todos varias veces, el problema está en que a muchos les encanta crear fake news con ve tu a saber qué objetivo, y que mucha gente se las cree.
Aún así, no debemos no observarlo",-1,fear
2032,Cuando aprenderan los putos chinos que tragarce vivo todo lo que se mueva es peligroso para la salud,-1,disgust
2033,"Ya es hora de reclamarle a China una mejor vigilancia epidemiológica.

Uno no ve este tipo de noticias de otras potencias económicas y China es una puerta al resto del mundo para un virus entonces tienen una responsabilidad tanto con su pueblo como con el resto del mundo.

Ya fallaron una vez y nos fuimos a la verga en todo el mundo, es inaceptable que vuelva a ocurrir.",-1,fear
2034,Pues va entrar el trompas. Segundo covid para el,0,unemotional
2035,"Nah, estamos sin noticias buenas xD",0,unemotional
2036,No dejen que entren los chinos,-1,fear
2037,Aguanten aguante. No se crean todo lo que dicen.,-1,relief
2038,Volvemos a telegram y sus grupos prohibidos??,0,unemotional
2039,"Nah, aparte ya va a ser lo normal que a cada rato haya supervirus y superbacterias. Cuando nos toque, nos tocará, mientras hay que vivir.",0,unemotional
2040,Relájense....no se pongan paranoicos,0,unemotional
2041,"Pro quien cojones es el pelotudo random Jose Diaz, y por qué se creen cualquier mentira publicada?",-1,anger
2042,"Puro pedo, hay gente subiendo videos que es choro que no hay ni madres de emergencias",0,unemotional
2043,Ya tenemos el primer tráiler de la segunda temporada de COVID-19.,0,unemotional
2044,Otro aislamiento wujuui 🥳🥳🥳,1,enthusiasm
2045,"La puta madre,ya valió madres",-1,anger
2046,2027 es !,0,unemotional
2047,"fake. 

En tiktok eh visto muchos videos de gente comprobando que nada es cierto.",0,unemotional
2048,Ni a palo vuelvo a la pandemia,-1,anger
2049,"No, siguiente pregunta.",0,unemotional
2050,"maravilloso, se mantiene el teletrabajo",1,relief
2051,"Totalmente falso, han estado mamando con eso. No hay alerta, no hay hospitales colapsados.
https://chequeado.com/ultimas-noticias/es-falso-que-china-declaro-un-estado-de-emergencia-por-el-virus-hmpv-al-6-de-enero-de-2025/",0,unemotional
2052,No se xq presiento que BAYER va a volver a tener la vacuna antes que otras farmacéuticas,0,unemotional
2053,Las pandemias son muy rentables,-1,disgust
2054,"Fake news, esperaba más neuronas de la comunidad en Reddit",-1,disgust
2055,"No, es un virus estacional que siempre ha afectado a esa región. Como cuando hay repuntes de influenza… si es de mantener medidas de higiene, de preferencia mascarilla si se tiene a personas de riesgo en casa (niños, ancianos, alguien con cáncer, etc).",-1,anger
2056,Puro miedo mediático… igual que la varicela del mono.,0,unemotional
2057,Desde el covid cada mes o año salen viruz en china,0,unemotional
2058,"Los únicos que han reportado esto son pasquincetes de 3 centavos (imagínense qué tan pinche la fuente que la más creíble es ""spd noticias"")",0,unemotional
2059,Es puro amarillismo.,-1,disgust
2060,Otra pandemia please ya no quiero ir a la oficina,-1,disgust
2061,"Ya no se cree tantos virus inventados...por esos chinos cochinos ya no se cree la verdad la del mono,vampiro,zancudo,aparte de los gobiernos vendidos ala oms que esta manipulada....no creo nada de esta basura",-1,disgust
2062,"Cado año china tiene esos pronósticos hasta 6 veces al año y rara vez ocurre una pandemia desde allá. Fuente: sistema internacional de epidemiología del IMSS. Si supiéramos todo eso, nos moriamos de la ansiedad",0,unemotional
2063,"BIENVENIDO a /r/Ayudamexico, disfruta tu estancia aquí, esperamos que tu post no rompa ninguna regla, que tengas un tiempo agradable aquí. No olvides visitar el wiki donde encontrarás mucha información.

Ayuda psicológica/psiquiátrica/emocional/legal

*I am a bot, and this action was performed automatically. Please [contact the moderators of this subreddit](/message/compose/?to=/r/ayudamexico) if you have any questions or concerns.*",0,unemotional
2064,No creas lo que los medios te inducen a creer. Todo es espiritual. Descubre primero quienes se alimentan de nuestros miedos y ahí entenderás porque tantas campañas globales de temor. Piensa.,-1,disgust
2065,"Bueno supongo que otra estrategia más para poder reducir y controlar más la población y acelerar lo de los carnets de buen ciudadano... Acordaros que no dan paso en falso. 

1 Crean la acción 
2 luego la reacción 
3 supuesta solución 

El resultado millones de borregos poniendose vacunas y obedeciendo al papá estado.Que nunca se preocupa por nosotros pero ésta vez sí jjaajjaaja nfin

No se si alguien aprendió con el C0vid o siguen con la tragadera.....",-1,disgust
2066,¿No han pasado ni 5 años y ya otra plandemia?,0,unemotional
2067,https://preview.redd.it/ojf6ocv1r8be1.jpeg?width=250&format=pjpg&auto=webp&s=ed61b295ca394e217f1fc8e2d6af4a98b93a7e6f,0,unemotional
2068,Neta se paniquean con esas chingaderas en pleno 2025?,-1,anger
2069,Tan pendejos,-1,anger
2070,verga yo todavía siento q ando en el 2022 😔,-1,sad
2071,no hay espera preparate para el desmadre,-1,fear
2072,El hmvp: aquí te tengo tu cariñito we,0,unemotional
2073,Yo que ando con gripe 2/3 del año 🤯,0,unemotional
2074,"Nah.. los ovnis ya pasaron de moda.. hasta que ya tengamos un encuentro cercano del 4to tipo (ya aca con el aterrizaje y todo el pedo) no habra nadie que se impacte con videos, leaks, declaraciones de gobierno. Ya queremos una entrevista en vivo con el alien",0,unemotional
2075,Ahora resulta que estoy más cerca de conocer a los aliens que de comprar una casa jajajajajaja,0,joy
2076,porqué no ambos?,0,unemotional
2077,"Vuelvan a checar las noticias, muchos medios globales conocidos ya lo están cubriendo y ya salió el gobierno de India a decir que ""no hay riesgo"". Me huele a qué ya bailó Bertha",0,unemotional
2078,"Así paso con el COVID, yo me enteré desde nov del 2019 gracias a 9gag, porque nadie lo reportaba y el gobierno chino silencio a todo el que hablaba de eso, fue hasta enero que empezó a salir en noticias en México y luego en febrero se estaba empezando la cuarentena.

El problema es que desde la pandemia hay mil Fake news y mil ""pandemias"" a cada rato entonces ya no se sabe si es cierto o no, no confiaría mucho en esa noticia pero si ocurre una nueva pandemia va a empezar en países super poblados como china o india",0,unemotional
2079,Ningún medio es confiable Bro,-1,disgust
2080,"Pues ahorita está latente que pueda ocurrir otra pandemia y más cuándo empiece el calorcito, en estados unidos anda el h5n1 en el ganado, es cuestión de tiempo a que de el salto, ojalá y no.",0,fear
2081,Lo mismo pasó con el COVID hasta que era imposible contener la notica y controlar los medios.,0,unemotional
2082,Hay un señor en tiktok que hace en vivos desde china y muestra que no hay amergencia. Pero no sé,0,unemotional
2083,"Fuentes internacionales 
https://youtu.be/VyWG1bvA5qM

https://www.milenio.com/salud/casos-de-virus-hmpv-en-china-provocaran-pandemia

https://www.marca.com/tiramillas/actualidad/2025/01/04/6779337122601df3578b4576.html",0,unemotional
2084,"En las páginas oficiales del gobierno que no permitió a la oms hacer estudios durante el COVID, no , pues que confianza en sus páginas oficiales.

No digo que lo del post sea real, más bien no confío en ninguno de los dos.",-1,disgust
2085,"“Pie juntillas” dross, eres tú?",0,unemotional
2086,El mismo gobierno que desapareció científicos advirtiendo del tema?... De verdad no sabes nada sobre el gobierno chino eh?,-1,anger
2087,"Eso es muy cierto, pasa hasta acá en reddit",0,unemotional
2088,del gobierno chino? LOL,0,unemotional
2089,"Cuando pasó la pandemia, al principio el gobierno chino silenció mucho la prensa para no hacer ruido sobre lo que pasaba hasta que fue inevitable y luego llegó la nota acá de nuestro lado de LATAM con que ya había infectados de COVID 🤷🏽",0,unemotional
2090,[deleted],0,unemotional
2091,"Siguiendo con tu lógica la cual es correcta, la mayoría de los virus no son nada nuevos",0,unemotional
2092,"Esto. Visto desde los ojos de las grandes elites que solo les importa las ganancias, el covid les salio caro y mato a menos de 0.2% de la población mundial. Jamas va a existir algo tan cabron como la cuarentena del covid.",-1,disgust
2093,"Osea, dices que ahora SI a la gente le va valer v*rga las normas y por ende va haber muertes y multas y caos por todos lados... Estoy de acuerdo 😬",0,fear
2094,"Los Chinos sin expertos en ocultar información. 
Tan solo los reportes de sars cov2 iniciales los quemaron alv en noviembre 2019.",-1,anger
2095,Nope,0,unemotional
2096,"Pues en internet la noticia es nueva pero parece real...

[Fuente de información ](https://www.nmas.com.mx/salud/que-es-virus-hmpv-china-sintomas-enfermedad-respiratoria-ataca-ninos-menores-5-anos/)",0,unemotional
2097,No. Fake News,-1,disgust
2098,Flow 2023,0,unemotional
2099,"Por ese lado si, pero ahorita mis viejos ya tienen su salud comprometida como para aguantar otro covid. 😔 ahora si se me mueren, y no seria justo. Anque ya sé que la vida no es justa, lo pendejo es como actuamos la vez pasada. Mexico nunca cerró fronteras",-1,sad
2100,"No gracias no tengo ganas de terminar mi educación universitaria detrás de un monitor, el covid le hizo mucho mal a los estudiantes que la sufrieron, yo incluyéndome.",-1,sad
2101,"Date un tiro o algo, nos sale mas barato",-1,sad
2102,"Adivinaré, hijx de papis? Solo alguien dependiente puede decir semejante bodrio de ignorancia.",-1,anger
2103,"Pues renuncia pinche tibio, nosotros qué culpa tenemos",-1,anger
2104,"Claro. Podrías estar tranquilamente intubado y conectado a una máquina sin la cual no respirarías, disfrutando de la vida.",0,unemotional
2105,Si vives en china no te puede constar nada sobre china,0,unemotional
2106,"+10,000 social credits 🐼👍🏻",0,unemotional
2107,Puños,0,unemotional
2108,"Y como van los créditos sociales amigo? Nuestro lord todo poderoso ya te dio tu paga? (Es broma, por si acaso, siento que sueño grosero)",0,happy
2109,"No, es lo único haciéndole algo de contrapeso a los pinches USA y su gobierno asqueroso.",-1,anger
2110,Le darias un putazo a Mike Tyson?,0,happy
2111,"Menos si se anda gestando en China, el H1N1 nos lo quisieron atribuir y el Covid a medio mundo menos ellos.",-1,disgust
2112,"Papel de baño, mamón.",0,humor
2113,"*procede a comprar un camión de roscas del costco*
*pide otro camión de papel pal fun.....*",0,humor
2114,"""nosocialism""... Y comentando desde china?... Y además alineando su opinión al gobierno... Cómo que algo no cuadra

![gif](giphy|3o7TKQ8kAP0f9X5PoY)",-1,disgust
2115,Lo dudas pero eso no evita que inicien nuevas pandemias.,-1,fear
2116,home office acambio de que la economia se vaya mas a la chingada,-1,sad
2117,De chocolate.,0,unemotional
2118,De Ortiz,0,unemotional
2119,Diostioiga,0,unemotional
2120,"Jajajaj es gracioso, porque en la nota trata de minimizar el nuevo virus xD",0,happy
2121,*ha,0,unemotional
2122,Tu comentario da miedo y deja mucho en que pensar... y como sigues?,0,fear
2123,![gif](giphy|nrXif9YExO9EI),0,unemotional
2124,"Lo sentimos mucho pero tuvimos que eliminar tu post por incitar a la violencia, en este sub tratamos de mantener un ambiente sano, donde la gente venga, pida ayuda y la reciba, no lo contrario, te pedimos por favor qué no lo hagas más por que esto ocasiona qué otros también lo hagan, gracias.",0,humor
2125,WE KNOW HIS NAME!,0,unemotional
2126,"Pues televisa ya publicó al respecto también... Digo, ya es algo

[fuente](https://www.nmas.com.mx/salud/que-es-virus-hmpv-china-sintomas-enfermedad-respiratoria-ataca-ninos-menores-5-anos/)

![gif](giphy|HACnT2A0JQSZO)",0,unemotional
2127,Imss del bienestar...... esos que recetan detentes y ponen vacunas falsas,-1,disgust
2128,Me encanta que a cualquier tema siempre sale el argumento de “en pleno…” y mencionan el año en curso jaja,0,happy
2129,"Checate los precios de la gasolina para que te acuerdes que ya andamos en el 2025 ,🥴",0,happy
2130,Yo igual y es horrible,-1,sad
2131,Así es la vida,0,unemotional
2132,🤣 hijo de suchin,0,happy
2133,"Imagino se refiere pq hay hype resurgiendo por muchos drones en NJ y otros estados incluso paises.  
El ejercito sigue sin dar explicacion clara de que esta/estaba pasando en NJ.",0,surprise
2134,De hecho si hay jajaja conozco a varios que se impactaron con la supuesta revelación de USA de los ovnis que se sumergen y emergen del océano y hasta sirenas resultaron🤣,0,fear
2135,"No me lo vas a creer, pero hay más de 800,000 Testigos en el mundo que aseguran y tienen casos con Aliens y Humanoides, y Ovnis de extraña forma.",0,happy
2136,"En estricto rigor los encuentros del 4to tipo son las abducciones, y no creo que queramos de esas",0,fear
2137,Que el alien te pague la casa o cobrarle renta,0,happy
2138,Wey toda mi preocupación se fue con el “ya bailó Bertha”,0,happy
2139,"La India es un basurero, la gente es bien puerca y los virus no les hacen nada, por eso no hay riesgo para ellos",-1,disgust
2140,"Cuando alguien pone en un comentario “ya lo están cubriendo” apesta a conspiranoico y sensacionalista. Y no banda, no lo están encubriendo.",-1,disgust
2141,"Liga a uno pues, todos los que he visto me llevan a una cuenta random de twitter con la noticia.",0,unemotional
2142,"Esos mismos medios confiables muy claramente dicen que ese virus no es nuevo, y es el que provoca que en estas épocas haya un pico de infecciones respiratorias",0,unemotional
2143,hicieron lo mismo con la viruela del mono en 2022 - 2023 y que según un infectado andaba como si nada en un subterraneo y que paso? nada,0,joy
2144,"Ahí es donde te equivocas, la OMS reportó los contagios en china desde 2019. Y hay registro.

No hay que empezar de conspiranoicos porque nos pasó con el Ebola, donde la gente tenía pánico por el Ebola y hasta medios de comunicación pendejos ponían vídeos de películas de zombies como Ebola.

Hay que esperar a que la OMS diga algo o incluso estar al pendiente de medios de comunicación chinos, que por muy totalitarios que sean, no son Corea del Norte, estos si reportan todo.",0,relief
2145,"Sip, asi mero. Hace unos días alguien posteo en el sub prepper intel sobre un amigo de el que vive trabaja en China y le advertía sobre un nuevo brote que los traía como locos. Esperemos no brinque hasta acá, si no es que ya.",-1,fear
2146,yo me entere del covid por youtubers chinos y vendedores chinos,0,unemotional
2147,Yo supe del COVID por el extinto hispachan justo a finales de diciembre estaba de vacaciones y luekeaba mucho,0,unemotional
2148,"Jajajajaj siiii, yo igual me enteré del COVID desde mediados del 2019 por Dross, en sus videos alarmistas y perturbadores. 
No digo que el tipo sea tomado como información veraz, pero es gracioso que ni las noticias salía nada y ese we si andaba diciendo.",1,joy
2149,"Y menos un tweet de un periodista que fomenta el amarillismo.

https://www.rappler.com/newsbreak/fact-check/no-evidence-state-emergency-china-alleged-new-epidemic/",-1,disgust
2150,"Hace 5 años también había análisis aparentemente muy serios de medios occidentales importantes que explicaban porque el ""coronavirus"" no llegaría a LATAM


Ningún gobierno es transparente en momentos de emergencia, es cierto, pero siguen siendo más confiables que una cuenta random en Twitter",0,unemotional
2151,Pues entonces deja de comentar sandeces y propagar la desinformación.,-1,anger
2152,"No me insulte, compa.",-1,anger
2153,Hay algo que se llama contrastar información. A ver di te informas.,-1,anger
2154,Sí es lo que he notado,0,unemotional
2155,"Volvemos a lo mismo.1.- La información no la puedes tomar sólo de fuentes que a ti te agradan, que dicen lo que quieres escuchar, a eso se le llama SESGO DE CONFIRMACIÓN. Para dar una información IMPARCIAL y OBJETIVA, se tiene que analizar todo tipo de fuentes. 
Esos que lo único que saben decir ""Ai eZKe LoZ KomMuniZtaZ XinoZ HoKultHaN IMPHormaSZYon"", son personas que no tienen un criterio propio, no tienen capacidad de análisis. (Todos los gobiernos ante crisis sanitarias ocultan datos reales para EVITAR LA HISTERIA COLECTIVA, eso no es exclusivo de un gobierno sólo porque sean unos sucios y malos comunistas, pensar de esa manera es caer en sesgos cognitivos). 
2.-Ahora, si te pones a investigar los comunicados OFICIALES no solo del gobierno chino, sino de la OMS, de la UNICEF, o de los gobiernos de cada país, ninguno ha dado un comunicado sobre el tema. 
3.- este METAPNEUMOVIRUS ni siquiera es un virus nuevo, como lo fue en su momento el SarsCov2 (covid19), sino que ya tienen registros  desde el 2001.
 https://www.google.com/amp/s/www.infobae.com/mexico/2025/01/05/metapneumovirus-humano-que-puede-pasar-en-mexico-cuando-llegue-este-virus-que-lleno-hospitales-en-china/%3foutputType=amp-type",0,unemotional
2156,Mejor aprende algo que se llama contrastar información. Pedazo de cagada.,0,unemotional
2157,"No, solo es covid-19 lo era. Lo que complica un poco las cosas es que mutan regularmente, cambiando las glicoproteínas de su envoltura, lo que hace que las vacunas se vuelvan inefectivas. Por esto no tenemos vacuna contra el VIH aún.",0,unemotional
2158,"No puedo evitar pensar en [este pelmazo](https://youtu.be/n3ucv8l0d1U?si=uTgI69ZSAA3mq_5z) cada que alguien dice que no puede haber otra cuarentena. Es cierto que fue muy difícil para las poblaciones más vulnerables, pero también es cierto que fue una época de cambios para muchos profesionista y empleados, que les permitió desarrollar nuevas habilidades y adaptarse a medios digitales que nunca imaginaron.",1,relief
2159,"Prefiero 1000000000 veces estar muerto que vivir otra vez como en la pandemia.

Dicho sea de paso es totalmente preferible morirse que vivir otros 5 años de absoluta miseria económica y social.",-1,sad
2160,[removed],0,unemotional
2161,"X2, 1a vez q disfruto otra vez la escuela (uni) después de sufrirla en la prepa",1,relief
2162,"Solo es valido para carreras qué requieren de laboratorios y talleres para realizar prácticas, en las que no requieren tales cosas, si no aprendieron en remoto ya es por incompetencia del maestro por no saber adaptarse o del estudiante qué en realidad ni en presencial o remoto se esfuerza por aprender.
Personalmente aprendí muchísimo más en remoto, en las clases presenciales perdía mucho tiempo en las horas muertas entre clases y en el traslado.
Aplica igual para el trabajo, en muchos casos las oficinas están demás, y el trabajo presencial solo es justificable en las fábricas y laboratorios.",1,enthusiasm
2163,A mí también.,1,joy
2164,y cual fue ese mal que les hicieron? jaja,0,unemotional
2165,[removed],0,unemotional
2166,"Recuerdo que cuando estaba empezando el COVID por ahí por enero o febrero del 2020 había varios videos en Reddit de caos en hospitales chinos. Todos los videos eran de gente normal filmados con celular, no eran de ningún noticiero ni fuente confiable, todo por el hermetismo chino que mencionas.

Supongo que volvería a pasar.",-1,fear
2167,+1000 social credit XD,0,surprise
2168,Dime cuantas pandemia han existido en toda la historia? Tu alarmismo es demasiado dramático,-1,disgust
2169,https://preview.redd.it/imeqmgywhvae1.jpeg?width=320&format=pjpg&auto=webp&s=f6edbd6c6b3cef85528281a2347f7dbb69b720a0,0,unemotional
2170,https://preview.redd.it/cnj01vmifwae1.jpeg?width=736&format=pjpg&auto=webp&s=87d657ab528119ef31d2b41be0e60e8c3260cfe7,0,unemotional
2171,"Ahorita ya bien, aún tengo un poco de tos rara, como si tuviera algo atorado
Pero me duró como 3 semanas, por eso yo pensé que era COVID",1,relief
2172,"Aún tiene niveles de investigación en el IMSS pagado por ellos mismos. Es verdad, los niveles de epidemiología nosotros somos los conejillos de experimentación",1,disgust
2173,Este si le sabe,1,joy
2174,"La teoria no es tan descabellada… por eso la pelicula de los 90s de James Cameron. The Abyss .. Es una de mis favoritas de todos los tiempos.

No se porque ahora sacaron esa “teroria” como algo nuevo o algo “trending topic”",0,surprise
2175,"Nel, eso sigue siendo tercer tipo.. hasta que se tengan pruebas asi palpables que ya no mamen con sus ingaderas..",0,unemotional
2176,Entonces del 5to tipo? Ya suena como la caricatura de garfield y sus amigos,0,joy
2177,"Se refiere a que están dándole cobertura a la noticia, no qué están encubriendo lo que ocurre",0,unemotional
2178,"Tantita comprensión lectora, mano.",-1,anger
2179,"Exacto. Ya cuando la Oms se pronuncie  ya cada quien que  haga lo que mejor le parezca para sobrevivir jaja . Ya que nuestros gobiernos no  vale verga , tocará que comprar paneles solares y usar purificadores de agua eléctricos y así para no salir :^(",0,relief
2180,Efectivamente yo recuerdo que la primera vez que escuché del COVID estaba escuchando las noticias mientras instalaba una televisión que compre en el buen fin del 2019. Y era que los chinos estaban construyendo en tiempo récord hospitales.,1,joy
2181,Y[yo solo le creía a barbosa](https://youtu.be/s7UfjbONaXw?feature=shared),0,unemotional
2182,Así es.,0,unemotional
2183,"Pues no puso el el post, y tiene un punto en el comentario",-1,anger
2184,Es Dross quien se debería sentir ofendido... Perturbador...,-1,anger
2185,Yo solo comenté sobre tu inocencia al afirmar que el gobierno chino es una confiable fuente de información... Creí que era un chiste.,-1,anger
2186,Pero no se puede contrastar información de la forma que propones,0,unemotional
2187,[deleted],0,unemotional
2188,"no la va a ver, tranquilo. Y menos con los gobiernos populistas que menosprecian las ciencias tan comunes hoy en dia",-1,anger
2189,Ya tenemos media década perdida por culpa de las medidas draconianas del gobierno chino impuestas por del Etiope de la OMS,-1,sad
2190,"Creo que tus padres nunca te abrazaron, por eso dices eso",-1,anger
2191,"Estoy 100 % seguro que Darwin JAMÁS llamo a ""no cerrar fronteras"" como selección natural.",-1,anger
2192,"Me pregunto qué tan inflado tienes que tener el ego para decir a qué carreras afecta y no afecta una pandemia xd. Que bueno que hayas aprendido más en remoto pero tu caso solo aplica al mínimo de la población, yo me quede sin aprender y desarrollar química, física y matemáticas. Entonces si aprendiste, buena, pero es wea tuya, la mayoría no aprendimos ni mierda.",-1,anger
2193,Mi compa el que se preocupa solo por el mismo y no toma en cuenta la inflación actual que provocó el COVID:,-1,disgust
2194,"el pobre men q va a r/Desahogo, ¿por qué no te das cuenta de que tu estupido nihilismo lleva a gente contagiarse mas?",-1,disgust
2195,"Www.facebook.com nadamas copia y pega en la parte superior de tu navegador preferido, le picas enter y te creas una cuenta si no tienes, ahí hay un montón de gente igual de edgy que tu, tu tribu esta de aquel lado del Internet",-1,disgust
2196,"Creo que el médico chino que descubrió el brote de COVID, el gobierno chino hasta lo acusó de hacer pánico por un virus que según ellos no era tan grave 

Yo la 1er vez que escuché del COVID fue en un reportaje de Telemundo en diciembre 2019, poniéndolo como un brote de gripe en china… claro que esto podría ser cierto, aunque ahora sí sería sospechoso dos pandemias surgidas en el mismo lugar",-1,sympathy
2197,"Arigato señor Xi

![gif](giphy|zwE4anrOtHYaI)",0,unemotional
2198,"No soy alarmista, no divulgue ninguna mentira ni dato con el ánimo de generar pánico, y comentar ""no creo"" no hará que mágicamente dejen de suceder cosas en el mundo, puedes mirar otro lado e incluso cerrar los ojos pero el mundo gira con y sin nosotros.",-1,anger
2199,"Los Tampiqueños siempre tuvimos razón, quien es el loco ahora 👽",1,joy
2200,Jajajajaja,1,joy
2201,"Exacto, esos serían del quinto tipo, cuando hay “protocolos de interacción” entre especies",0,unemotional
2202,"Eso sí tiene más sentido. Perdón, quedé traumado con los conspiranoicos del COVID. Si es en el sentido que mencionas, humildemente anunció que me retracto de lo dicho. Saludos",1,relief
2203,"Yo si compré un boiler solar Desde pandemia Y un purificador de agua jajaja
Bueno el purificador es porque quiero mandar a casm a las embotelladoras y empresas de garrafón grandes.",1,enthusiasm
2204,Jajaja lo que digas rey,-1,disgust
2205,"Danos unos ejemplos de una investigación deseable, según tú.",0,unemotional
2206,"Yo no defiendo a China. China es hoy por hoy un Estado imperialista como lo es Gringolandia. Simplemente hay algo llamado honestidad intelectual.
Segundo, qué tan patético has de ser, que tienes que andar fisgoneando para dar un ""argumento"", o mejor dicho, una FALACIA AD HOMINEM.",-1,anger
2207,Hermano que rico que haya más inflación que no te das cuenta los beneficios de la inflación y emisión monetaria?,0,unemotional
2208,[removed],0,unemotional
2209,">tu tribu esta de aquel lado del Internet

En eso discrepó hay exactamente la misma cantidad de niños edgys en Facebook como en Reddit",-1,anger
2210,"Exacto, también recuerdo la noticia del médico chino.",0,unemotional
2211,Hace como un par de semana atrás si tuve compañeros de trabajos  que me habían dicho que habían visto en las noticias sobre el brote en esos países de por allá pero de momento hoy 4 de enero todo sigue normal por aquí... Seguiré informando :v,0,unemotional
2212,"Si conoces algo de epidemiologia, sabrás que cda cierto tiempo hay una pandemia a, pero también qué hay gente inmune y gente resistente, alarmarse por algo que no sabes si sucederá no tiene sentido",0,unemotional
2213,"hablas del covid de la PLANDEMIA? ese que usaron para inyectar chips a la gente  
?'",-1,disgust
2214,Podrías contar más sobre eso? Yo también quiero poner y adquirir uno además de una sistema para reciclar aguas grises,1,enthusiasm
2215,"Gracias bro, feliz inicio de año!

![gif](giphy|otTstjtpHBpZN4znHa)",1,joy
2216,"En ningún momento insinué alguna forma de investigación deseable, pero no se puede confiar en un gobierno hermético que ya tiene historial de ocultar cosas así",-1,anger
2217,[deleted],-1,sad
2218,"Ay sipo que rico ir al supermercado y gastarte casi la mitad de tu sueldo en mercadería, que rico gastarte la otra mitad de tu sueldo en renta, que rico andar con la plata justa pal transporte, que rico vivir el día a día, trabajando para vivir, hay alguna gente que no piensa las cosas que dice y luego estás tú.",-1,anger
2219,"Falta de empatía es como sobrevives tú, eso claro lo tengo.",-1,anger
2220,"Gracias tío Joaquín.

![gif](giphy|8ECqaiOPH22D5qv5X4|downsized)",1,joy
2221,Jajaja ese mero. Que con las antenas 5G iban a activar los chips y que seríamos zombies.,-1,disgust
2222,"El purificador lo pones en tu toma de agua, lo compras en la mayoría de las ferreterías, se ve así.

Purifica el agua y es potable, el comprar garrafones de embotelladoras o comprar botellas de agua es una pendejada, aparte que te llenas de microplásticos le das dinero a unos culeros que nada más se hacen ricos.

Para lo de aguas grises ni idea 😅😅 Pero creo que la mayoría del tiempo solo las puedes usar para riego 😅😅

https://preview.redd.it/vfeft5t9e2be1.jpeg?width=1896&format=pjpg&auto=webp&s=3585a1318a6fd6d9147e447d54227c054d466d70",1,enthusiasm
2223,Mejor agarra un diccionario.,-1,anger
2224,No pues la inflación hace que suba cripto qué suba bolsa que suba todo yo con un 10x me voy con un millón con eso me vale todo lo que suba de precio 🤗y aun así trump va a abolir el techo de la deuda va haber inflación disparada es inevitable.,1,enthusiasm
2225,Que a ti te guste trabajar es otra cosa pero la inflación es inevitable y que tu no la sepas aprovechar es otra cosa.,-1,anger
2226,deci que no me vacune...(puntos suspensivos),-1,disgust
2227,",",0,unemotional
2228,Ilusión monetaria se llama lo que decís. ,-1,anger
2229,"# Join our [**Discord server!! CLICK TO JOIN: https://discord.gg/ad8nGEFKS5**](https://discord.gg/ad8nGEFKS5)

Discord is fun!

Thanks for your submission.


*I am a bot, and this action was performed automatically. Please [contact the moderators of this subreddit](/message/compose/?to=/r/indiameme) if you have any questions or concerns.*",0,unemotional
2230,"""empty life virus come aa , life reverse gear aah...",1,sad
2231,Ah hell naw round two? It's only like 1 year gap after that previous one,-1,fear
2232,"Why this Kolaveri, China??",1,joy
2233,China's five year plans are a nightmare for the whole world👀,-1,joy
2234,"🤣🤣🤣

Where are the interviewers who asked ""where do you see yourself in 5 years"".",0,anger
2235,Ye stock market ab aur girega kya?,-1,fear
2236,Here we go again!,1,joy
2237,It has been 5 years!!. Oh God.,0,fear
2238,![gif](giphy|uCR9NUDcI5SRCP9k4i|downsized),0,unemotional
2239,Did they get a sequel?,0,surprise
2240,stop spreading this its not helping to spread panic,-1,anger
2241,Wait covid already 5 years now?,0,unemotional
2242,Phek nyus hai be,-1,disgust
2243,covid leke hmpv de gaye hhmmmmm,-1,disgust
2244,"Kejriwal aur nirmala tai ko china bhej do. Aur yaha china se trade band kar do. Ye dono waha mil ke itna gadar machayenge ki china ki saari industry band ho jayegi

Apna vote bank bhi Kejriwal wahi settle kar lega bula ke to aur shanti bhi milegi yaha pe",-1,anger
2245,"Pehli baar Italy tha, ab Hong Kong",0,unemotional
2246,"Yay!!!
New virus more holiday. 🥳🥹",1,joy
2247,Ye china me kon plauge inc khel raha h 😭😭,-1,fear
2248,https://i.redd.it/ynctpkojwxae1.gif,0,unemotional
2249,https://preview.redd.it/h2d9jziubwae1.png?width=640&format=png&auto=webp&s=025c5896e4e4998fc0a8bceb11c627afc117b527,0,unemotional
2250,Short nifty 50 it has dropped 2100 points,-1,fear
2251,"But it helps in not spreading pandemic.. I am soo done with 1virus shit in one life, not anymore .. 


Asthmatics like me shouldn't have been born.. It's already fckd up for us and these nightmares are seriously hampering lives",-1,anger
2252,It all starts with this,-1,sad
2253,if its on the news I don't trust it. They love to hype things up for no reason. Its good to know but creating panic is what they do.,0,unemotional
2254,"# Join our [**Discord server. CLICK TO JOIN: https://discord.com/invite/CDUMEUkPge**](https://discord.com/invite/CDUMEUkPge)
Dear user, thank you for your submission to r/CBSE. Make sure you follow all rules.


*I am a bot, and this action was performed automatically. Please [contact the moderators of this subreddit](/message/compose/?to=/r/CBSE) if you have any questions or concerns.*",-1,anger
2255,Anyone who wants boards cancel just remember theres a high chance PB ke marks count karennge aur fir sabke laude lagenge,-1,anger
2256,"1. we will be called online batch and placements, opportunities, board % for abroad masters etc sab barbaad  
2. college life nahi milegi bhai  
3. board cancel ka kya karoge, abhi bhi time hai boards bhot ez hota hai pls kripa kardo padhke apne ma baap pe",-1,sad
2257,Anyone who wants boards cancel just remember theres a high chance Pre-Board ke marks count karennge aur fir![img](emote|t5_2qt79|52859),-1,sad
2258,"bro fk hmpv, if they put another lockdown India's economy gonna go down for good ngl",1,enthusiasm
2259,"Bruh y does every fucker wants boards to be cancelled????

There are literally people who either skipped school exams or didn't do good just to do better during boards.",-1,fear
2260,3rd option hmpv k baare m log 1 hafte me bhul jaenge,-1,anger
2261,1st any day. Especially joh corona ne fuck up ki thi mere school life ko. Not going thru that again. College nahi barbaad karni,0,unemotional
2262,"I am on ""BC agar HMPV aa gaya toh preboard ke marks lagenge...aur agar aisa hua toh Mera l*de lagenge....naa aana HMPV...filhaal toh mat aana""  side",0,unemotional
2263,"Dil chata he Right side 
But we all know ki Left side sahi he",0,unemotional
2264,"JEE aur NEET cancel nahi hone wala bacho, sapna dekhna band karo. When it comes to boards, y'all know how FUCKED pre boards are unless or until u are a genius, so PRAY for your boards to happen, CBSE will definitely give marks dur to the virus.",-1,anger
2265,"Virus lockdown is just like [f@pping](mailto:f@pping). It's good for a few and temporary moments but worse for long time

https://preview.redd.it/lhtwr9ownrbe1.gif?width=256&format=png8&s=ab67598aec40cbe6bad5985dd3c3152519c577a5",-1,fear
2266,Second def,-1,anger
2267,"First, the lockdown ruined my life last time.",-1,sad
2268,"i just hope ki exam khtm hone ke baad na lockdown karade, like why suffer?",-1,fear
2269,Dekho bhai hamare toh maje hai but what about people who are dependent on daily work ? How will they earn money?,-1,sympathy
2270,left side cuz ain't no way I'M GONNA CONSIDER MY PRE BOARD MARKS UFUHERGBJKNKFSFH,-1,anger
2271,pb ke lag gaye toh bure chudenge saare,-1,fear
2272,Me onthe other hand getting covid flashbacks,-1,fear
2273,Fr bro!!,-1,sympathy
2274,"Left one rn . Not a science student but if they're gonna cancel boards then marks would be adjusted according to ore boards.  Gye fir toh . 

Plus if am gonna get admission through boards in the colleges am hoping to get in then am gone",-1,fear
2275,ffor those jo keh raha hain ki PB ke marks count honge remember NTA ko bhi apna lvl girana padega,-1,sympathy
2276,Blue,-1,fear
2277,B,-1,fear
2278,Jee cancel ho gya to IIT NIT kaise jaoge?,-1,fear
2279,https://preview.redd.it/2zrnt2msmmbe1.jpeg?width=1170&format=pjpg&auto=webp&s=ff34686d39269773575b79e27c579ed43086d772,0,unemotional
2280,Bhai na hi ho pandemic. 2 saal life ke barbaad hue saath me social life bhi chud gyi. Lockdown se pehle padhta tha fir lockdown me padhai nhi hui to lockdown ke baad padhai ki aadat nahi rahi. Firse na ho ye sab,-1,sad
2281,Mujhe ho jaye aur mai mar jau. I am on that side.,-1,sadness
2282,Nahi be yaar... Bhai boards ke baad hojaye koi problem nahi hai.. Sala bohot prepare kia hai sab kharab hojayega,-1,fear
2283,![img](emote|t5_2qt79|52293),0,unemotional
2284,fr bhai 😭,-1,sad
2285,"Bhai Hmpv maa chod dega agar lockdown lag gya sbke mental health already fuki hui hai, ghar mei bethna parega beyond repair damage hogi. Financially to pucho mat, indian economy ke lawde lag jayenge. Agar lockdown sachme serious raha to. Sala ye virus lora lassan ka dukh khatam kyu nahi hota 😭",-1,fear
2286,"I am planning abroad studies, so hmpv nahi aana chahiye",-1,fear
2287,I would rather give boards man my future would be fucked if they end up considering my prelim marks,-1,fear
2288,![img](emote|t5_2qt79|52300),0,unemotional
2289,Yellow,0,unemotional
2290,"Trust me ,lockdowns are worst , I'm a final year MBBS student and had my first year online for about 9 months ,had it online via zoom and it was pathetic,we had to study on our own plus it really sucks not to enjoy college w friends

Plus side , only a few of us remained at campus and are good friends since then",-1,sad
2291,Bhai humara toh preboard nhi hue abi tk,-1,sad
2292,1st side always even if I was a good student or bad... HMPV shouldn't become a pandemic.,-1,fear
2293,Aisi bakwas college life chaiye bhi nhi let the lockdowns begin,-1,unemotional
2294,Aisa sochne wle Preboard mai top mrte honge ![img](emote|t5_2qt79|52293)![img](emote|t5_2qt79|52293)![img](emote|t5_2qt79|52293),0,unemotional
2295,Dono taraf se lage pade hai bhai,0,unemotional
2296,HMPV iss saal kuch nahi karne wala,-1,sad
2297,Already Covid ki vajah se socially awkward ho chuka hu aur kya hi bura ho skta h,-1,fear
2298,Guys boards hone chahiye pre boards mai hag diya hai😭🙏🏻,0,unemotional
2299,Bhai droppers ki toh fattke hath me ajayegi,0,unemotional
2300,"Guys be like the man, the myth, the legend and it's only their pal ""HMVP"" kezual Sardi hai bas ![img](emote|t5_2qt79|56098)",0,unemotional
2301,Jokes on you. I hope HMPV mujhe ho jaye aur me tapak jau.,-1,sad
2302,bro  atp boards are my one and only hope if that cancels i shall cancel myself too <3,-1,sad
2303,Preboard me meta 55 percent says hai virus please don’t come,-1,fear
2304,I'm on the bright side!!,1,joy
2305,Lockdown side1 year same as 2019,0,unemotional
2306,Not needed anything Just work karo that's better than virus.,1,relief
2307,"wishing on a virus to kill god knows how many people and put a lockdown in possibly the whole world, js to escape academics? thats wild",-1,disgust
2308,Bhai khushiya mat bna they will consider pre board results where prob everyone flops.,-1,fear
2309,None. This virus is overhyped asf. I have Ocd so i research about viruses a lot so i can fear them less and this virus is nothing to be scared of.,0,relief
2310,1st side is better😭,-1,sad
2311,I skipped two preboard exams wtff you mean you want boards cancelled,-1,anger
2312,[deleted],0,unemotional
2313,"ngl if we only think of short term,then a lockdown would be good, but then our futures would be ruined cuz of online studies. if we wanna have a good job in 20 years, then we have to face the challenges",-1,fear
2314,how is it saviour? do you want to be unemployed? then just drop out of school if u are not serious about your career,-1,anger
2315,"2nd , I'll take drop anyways vo bhi ghr pe baith ke padhunga online hi pw se so doesn't matter",0,unemotional
2316,"Saviourrr, i loveddd the lockdown era, it really was a vibe.",1,joy
2317,The only reason I am inclined on the 1st side,0,unemotional
2318,abey school wale dedete hai marks unless tumhara school nihayati chutiya ho (I dont support 2nd),0,unemotional
2319,atelast jee walo ke to nhi lagenge cuz requirement hi 75% hain competition to road pe aa jayega and agar baaat preboard ki ajaeygi to wahi hoga jo 3 saal pehle hua tha sabko pass kardenge with 75% itan bada risk govt kabhi nhi legi,1,relief
2320,Lol then why Abt dummyy students,-1,disgust
2321,Nah man mere preboards to sahi gye hai,1,happy
2322,Bhai me to pb me fail tha,-1,sad
2323,HOPEFULLY HMPV VIRUS DOESNT BECOME BIG IN 3 MONTHS. CUZ I MESSED UP FOR MY PB MARKS,-1,fear
2324,Mere school wale fir ek dusra PB aur 5k lekr sbke 90+ marks krwa denge LOLLLL,1,enthusiasm
2325,jo tumhe sach mai aaye hai wo thodi denge. its like internal marks. kuch nhi kroge to bhi thik thak dedenge.,0,unemotional
2326,haan and hell naw i dont want that i got only 300 rn,-1,fear
2327,PB mtlb?,0,unemotional
2328,Bhai sun sahi me easy rehta hai kya boards?? Mujhe 80 90% laane hai ghar walo ke itne expectations hai and padhai me sirf maths hua hai physics chemistry dono barbaad hai ab start karunga toh ho jayega??,-1,fear
2329,Thik h 12th valo k liye acha ni h but 10th valo k liye to acha hi h,0,sympathy
2330,my social life too :(,-1,sad
2331,fr,0,unemotional
2332,Fr har kuch mahino me esse aatu jhatu virus aate rehte hai,-1,disgust
2333,Mein yeh likhne wala tha but fit nhi aya 🥲,0,unemotional
2334,Dil ki baat bol di aapne,1,relief
2335,Fr,0,unemotional
2336,maybe 2nd se track pe aaj jaye,1,relief
2337,https://preview.redd.it/4kfrhm2kombe1.jpeg?width=1290&format=pjpg&auto=webp&s=fa4f71b01666eb7cca556cc25a1dc21b37a9cde4,0,unemotional
2338,Same,0,unemotional
2339,The only right answer,0,unemotional
2340,"*I skipped two preboard*

*Exams wtff you mean*

*You want boards cancelled*

\- Serrrr\_

---

^(I detect haikus. And sometimes, successfully.) ^[Learn&#32;more&#32;about&#32;me.](https://www.reddit.com/r/haikusbot/)

^(Opt out of replies: ""haikusbot opt out"" | Delete my comment: ""haikusbot delete"")",0,unemotional
2341,"i wasnt even that serious or had time to sudy for my preboard lmao  
like i had a bunch of internal assesement works to complete",-1,sad
2342,Said for the meme bro,0,unemotional
2343,Bro it's a fking MEME,0,unemotional
2344,Whi,0,unemotional
2345,same yaar preboards pura gatiya gaye .,-1,sad
2346,Don't worry guys if this happens everyone will pass like last time,0,unemotional
2347,lead,-1,anger
2348,pussy bhau,1,relief
2349,Pre board,1,enthusiasm
2350,Yes hojayga,1,enthusiasm
2351,"legit bas koi bhi 1-2-3 ghnte ka oneshot dekh le depending on your strength in that chapter, fir koi pyq session dekhle and khudse pause karke try karte ja, and end mei derivations dekh le uss chapter ka, 90% confirm ho jayga in physics

chemistry is even easier, questions mostly theoretical hi hai, follow same method for physical chem and some parts of organic and you are good to go",1,enthusiasm
2352,"90% gonna be harder, but with great revision and prep you can get it.

80% is much easier though.

Boards ask Basic questions from ncert. With enough Basic concept practice in physics you could do most of the questions (somehow people were saying last year that physics was tough, even though it was still pretty easy)

I did aakash tho and practiced their modules, so maybe I'm a bit biased towards board being easy, idk.",1,enthusiasm
2353,"tujhe 11th, 12th barbaad karna hai kya chote bhai? log offline jake kuch nahi kar rahe, tu ghar pe kar payga? jee neet kuch agar dena hua, then you are fucked bhai",-1,anger
2354,Real,0,unemotional
2355,Imagine hmpv covid jaisa hua to👀,-1,fear
2356,11th me bhi socha tha ki 12th me I'll be back on track,-1,sad
2357,Mere toh pre boards hi nahi hue bihar board se dummy hai college vaalo ko agar marks chadhane honge toh chadha denge and agar pb dene bulaya bhi toh last time 11th ke finals me phone lejana allowed tha nd saara answer google krke likha tha. 🥰Ghatiya college hai lekin mai bhi toh ghatiya hi hu,-1,disgust
2358,Video games all day lmao,0,unemotional
2359,Us bhai ![img](emote|t5_2qt79|56095),0,unemotional
2360,Bhai ye kya hora,0,unemotional
2361,"Yea lol
Btw I was saying to the other person who said aatu jhaatu virus aate rhte h😂",0,unemotional
2362,Vocabulary expansion,0,unemotional
2363,>Resluts,1,joy
2364,It's so awesome and sweet that you put in this much effort for your bf. He's lucky to have you!,1,enthusiasm
2365,Tell me you got the music playing,1,happy
2366,"I think it looks great, good job!",1,enthusiasm
2367,where did you get those flasks! party looks absolutely baller,1,sympathy
2368,I wish my friends were as cool as you guys. Very well done.,1,joy
2369,"that's cool asfff omgg

all its missing is a poison swamp",1,joy
2370,That's awesome,1,joy
2371,The estus flasks are my favorite part. This is awesome.,1,enthusiasm
2372,Hahahaha I love the signal of you aged,1,happy
2373,That’s amazing!!!,1,enthusiasm
2374,I hope you had Firelink shrine playing throughout the house,1,happy
2375,Where is the big key from? Pictures 4 and 6,0,unemotional
2376,"where poison swamp, Michael Zaki is disappointed",0,unemotional
2377,Happy fellow birthday!!,1,happy
2378,So where was my invite?,1,happy
2379,Awesome!,1,joy
2380,Happy Birthday. Don't go Hollow,1,joy
2381,YOU AGED,0,unemotional
2382,Can I enter your world?,0,unemotional
2383,Lots of effort and care.  Great job!,1,happy
2384,Needs more resluts,0,unemotional
2385,"Try finger foods, but hole.",0,unemotional
2386,"This is great. I’d be so stoked if this was my party, even at 30",0,unemotional
2387,So toss the balloons and keep it like that?,0,unemotional
2388,Amazing,1,joy
2389,This one sparks joy,1,joy
2390,This is pretty cool!,1,joy
2391,"It's so cold and stark...

It's perfect!",1,joy
2392,I love that bonfire cake,1,happy
2393,Amazing,1,joy
2394,"Welp, unfortunately for you, you now must keep it that way 😂 love it.",1,joy
2395,The 'YOU AGED' sign is hilarious,1,joy
2396,Genuinely so cool!!,1,enthusiasm
2397,Absolutely wonderful! Amazing! Congratulations!!!,1,joy
2398,":000 beautiful!! btw, where did you get the sword from in the first picture? looks cool (:",1,enthusiasm
2399,okay WHERE did you get the You Aged sign??? I'm planning my bfs birthday and would LOVE THIS and the estus flasks. loveeee this,1,enthusiasm
2400,Where's the party!!!!!,1,joy
2401,This looks very cringe (I’m desperate to find someone who would acknowledge my love for dark souls like this),-1,sad
2402,"Well it has to be asked lol

Did you peg him 😄",0,unemotional
2403,Lol @ the bikini bottom crew. It's like looking at a far away area with the binoculars in the beginning,0,unemotional
2404,"I like the cake, really creative. but what is the cheese and grape on a stick supposed to be?!?!",1,joy
2405,Did anyone die?,0,unemotional
2406,imagine the smell,-1,disgust
2407,What are you 9?!  Can i come to your party.,1,joy
2408,Oopsie. I'm gonna leave it like that,0,unemotional
2409,They were 3D printed,0,unemotional
2410,I think it’s the key sword from Kingdom Hearts,0,unemotional
2411,"Thanks, I actually bought it from a cheap online store not expecting it to be such good quality for the price. It was like 15€",1,relief
2412,"I ""designed"" it (lol it's really just two words in a pdf file) and got it printed online for a few bucks.",1,happy
2413,Can't post those pictures as they show people's faces. Sorry!,0,unemotional
2414,??,0,unemotional
2415,I did not 💀,0,unemotional
2416,Hahaha that's a left over from last years birthday party which was spongebob themed. Bf insisted that the banner has to be there,1,joy
2417,Finger food. Very common at parties in Germany at least,0,unemotional
2418,Only the dragon Piñata,1,joy
2419,amazing! i didn't even think about that- i've started cricut crafting already for a party in june and im determined to make this man cry when he walks through the doors,1,enthusiasm
2420,Did anyone dress up?,0,unemotional
2421,She knows,0,unemotional
2422,Darn. Have to wait for your birthday,1,enthusiasm
2423,"Indeed, the euro sockets and the Käsehäppchen gave you away as a German resident :-D",0,happy
2424,Okay I thought it was supposed to be a DS reference,1,surprise
2425,Yesss! Not as many as I wished tho,1,enthusiasm
2426,"**ATENCIÓN! MUY IMPORTANTE LEERLO:** Toda publicación de noticias debe incluir liga a su fuente original y respetar el título original. Si compartes captura de pantalla porfavor también incluye liga a la fuente original.

**REGLAS PARA NOTICIAS DE TEMAS POLITICOS:** Expresa tu opinión personal de la noticia política con **civilidad** y **respeto**. No bromas, apodos, ni insultos a corrientes políticas y sus seguidores.

*I am a bot, and this action was performed automatically. Please [contact the moderators of this subreddit](/message/compose/?to=/r/mexico) if you have any questions or concerns.*",0,unemotional
2427,Llama,1,happy
2428,[deleted],0,unemotional
2429,¿Y que pasó con la supuesta nueva pandemia que iba a provocar la “viruela del mono”?,0,unemotional
2430,Que se venga el home office 2.0 hasta que aprendan los jefes boomers.,1,anger
2431,Ni modo (en caso hipotético que sea como el COVID) no queda más que atorarle ahora sabiendo de antemano que hacer y que no hacer teniendo una experiencia previa. El que tenga oídos que oiga…,-1,anger
2432,"Esta nota es extremadamente sensacionalista y además, esta mal escrita. A leguas se ve que la hicieron solo para alarmar a las personas. 

Como me cae gordo el periodismo mainstream de México.",0,unemotional
2433,"Camara ya me pedi paquetes de cubrebocas, desinfectantes, ya encargue mis tanques de oxigeno  y mas, ya compre acciones de productos de limpieza amonos ahora si a hacer millonaria",0,unemotional
2434,"Noticia engañosa.

[https://www.rappler.com/newsbreak/fact-check/no-evidence-state-emergency-china-alleged-new-epidemic/](https://www.rappler.com/newsbreak/fact-check/no-evidence-state-emergency-china-alleged-new-epidemic/)

Addendum. 
https://x.com/doctormacias/status/1875387455416713606",0,unemotional
2435,"Esta fuerte la desinformación:

Lean este comentario (https://www.reddit.com/r/worldnews/s/rokAJNF1Sx)",0,unemotional
2436,"Me preocupan un poco más los casos de gripe aviar en Estados Unidos que ese virus de China. 

Debido a que son un chingo y viven todos juntos, no es raro que algún virus tenga un brote importante en China pero que no pase a mayores y no se vuelva pandemia.",0,unemotional
2437,Ya que nos cargue la verga a todos de un jalón,0,unemotional
2438,"De acuerdo con múltiples artículos, no es un virus nuevo, es altamente contagioso pero no es letal en la mayoría de las personas (ojo, grupos vulnerables siempre han estado bajo riesgo). No quiero sonar como esos pendejos del HermanCainAward que decían “0.10 fatality rate”, no voy a eso. Lo que quiero decir es que aunque es una enfermedad muy contagiosa y, por lo que leí, si te pega duro, no es tan peligrosa como otras enfermedades de esta temporada, sobre todo como el COVID19 o la influenza. Pero si algo nos pudo enseñar la pandemia del 2020 es que el cubrebocas y el lavado de manos es excelente método de prevención contra muchas enfermedades respiratorias",0,unemotional
2439,Puro amarillismo,0,unemotional
2440,A comprar papel de baño en mayoreo,0,unemotional
2441,Pero si es una enfermedad común lo del covid pego así de fuerte en parte por que era una enfermedad relativamente nueva y desconocida para la medicina.,0,unemotional
2442,"Estoy en un laboratorio de epidemiología y no hay tal brote los números son normales, es problema de la prensa",0,unemotional
2443,"Espera, era verdad?
Vi la noticia antes, pero creí que era solo una exageración (Clickbait)…",0,unemotional
2444,Ya van 4 virus que salen de China en cuarto de siglo nmms...,0,unemotional
2445,"Según la OMS no hay ninguna emergencia, ese virus existe desde hace 23 años, solo que se han dado más casos últimamente...",0,unemotional
2446,Esta vez no va a pasar nada. No hay que alarmarse,0,unemotional
2447,"Ya quieren marear otra vez a la gente, haber cuántos se pasan esto por los 🥚",0,unemotional
2448,¿Que vaya al Costco a comprar papel de baño?,0,unemotional
2449,"https://preview.redd.it/r3dr8f04w0be1.jpeg?width=720&format=pjpg&auto=webp&s=70d154ebdb3d15d56eb9c1f55ceee1e18c69fbad

Me encantan esta coordinación",0,unemotional
2450,No me digas otra vez viene de china?,0,unemotional
2451,Váyanse al carajo con sus virus inventados. No me inyecté la última vez y no lo haré ahora. Putos traumados con sus pandemias falsas para controlar a los borregos con bozales para animales.,0,unemotional
2452,Y apenas es tres de enero,0,unemotional
2453,"Va a suceder otra vez

*Inserta imagen del viejito*",0,unemotional
2454,"Una de las cosas que me deja parcialmente tranquilo es el comportamiento de los virus:

Entre más contagiosos, menos letales y viceversa.

Que sea altamente contagioso me hace entender que no es tan letal.

Además de que el virus mencionado ya está desde 2023, por lo que entiendo es un nuevo repunte de casos",0,unemotional
2455,"No se preocupen, ya no se va a parar el mundo como en 2020, así llegue el virus come carne",0,unemotional
2456,"¿Por qué dice ""China"" en la parte superior?",0,unemotional
2457,Es como el décimo virus altamente contagioso que sale en menos de 5 años.,0,unemotional
2458,Sisisi ya te vimos. Duerme otro rato,0,unemotional
2459,"Otra vez esos putos comiendo porquerías, ojalá ahora si los sansionen",0,unemotional
2460,A huevo!! Si solo van 4 días del año.,0,unemotional
2461,"""Miren muchachos ahí viene la muerte andando, vamos a recibirla como caballeros """,0,unemotional
2462,"Nada de alarmarse.
https://youtu.be/ALekWfKpuKk?si=BU3UUndboH3seImL",0,unemotional
2463,"cada 2 o 3 meses nace una nueva enfermedad que ""amenaza"" con encerrarnos de nuevo.",0,unemotional
2464,Aquí vamos de nuevo...,0,unemotional
2465,Los chinos no pueden estar tranquilos unos años sin crear un virus que nos joda la vida a todos,0,unemotional
2466,"El nuevo virus
 (HMPV) = Hijo Mamaste Pura Verg...",0,unemotional
2467,Medios occidentales vendiendo noticias falsas,0,unemotional
2468,"Es clickbait.

Tranquilos. Si hubiera problema ya estarían otros procesos en marcha. No hay nada activado. Trabajo en un área relacionada a la salud y las cosas con el COVID fueron muy diferentes, casi de inmediato y hubo disrupciones notorias. Aunque no parezca los gobiernos y los organismos internacionales pueden reconocer el peligro de una pandemia de manera muy temprana. Este fenómeno en China no es una de de esas cosas.",0,unemotional
2469,A cada rato se sacan uno nuevo para querer espantar,0,unemotional
2470,"Pinches chinos y sus virus locos, deberian de matarse ellos mismos nomas, para que nos traen maldades",0,unemotional
2471,no me digan que van a caer de nuevo,0,unemotional
2472,"Ya van a empezar con la paranoia, que no quisieron hacer lo mismo con la viruela del mono hace meses? De verdad que andan chingue y chingue con hacer otra pandemia, y todos creyéndose la jalada solo para hacer Home Office. Y todavía para vacunarse con algo que te hará sentir peor que cuando no tenías nada y para rematar se enfermaban de todas formas con las 3 vacunas puestas.",0,unemotional
2473,ward para leer comentarios al rato,0,unemotional
2474,Round 2.,0,unemotional
2475,Otra vez y nuevamente con la 4Transa en el poder. Prepárense para ver morir otros 800k mexicanos.,0,unemotional
2476,Que pedo con los Chinos y su facilidad de crear nuevas enfermedades,0,unemotional
2477,Aguanten dejen ir al Costco a comprar papel para el baño y regreso.,0,unemotional
2478,Ya nos cargo el 🤡,0,unemotional
2479,Volvieron para una segunda temporada 😮‍💨,0,unemotional
2480,No pasará nada,0,unemotional
2481,Que M*erda$ asen tanto en china,0,unemotional
2482,La diabetes mata más,0,unemotional
2483,"Pinches chinos, otra vez!!!!",0,unemotional
2484,El metapneumovirus es un virus estacional muy común… es esperado que haya brotes en invierno.,0,unemotional
2485,Posiblemente vaya a ser algo mas local con la experiencia que tuvimos del anterior virus,0,unemotional
2486,"Dudo que llegue a tales extremos como en pandemia, la raza ya ha de estar atenta a que no hacer",0,unemotional
2487,"No quiero volver a cuarentena, fue de las peores etapas que tuve, casi ni amigos tenia",0,unemotional
2488,Porque siempre virus respiratorios,0,unemotional
2489,Pinche China otra vez con sus mamadas deberian bombardear China Alv,0,unemotional
2490,como dijo DEAGEL aqui vamos juegos del hambre,0,unemotional
2491,https://preview.redd.it/rkhjv511uvae1.jpeg?width=680&format=pjpg&auto=webp&s=1b3292fd205a71928f013f859e5ae16f8904f3f7,0,unemotional
2492,"Ya me da igual, mueranse todos.",0,unemotional
2493,"A huevo, home office",0,unemotional
2494,"Como que los murciélagos saben deliciosos, ¿no?. .\_\_\_.",0,unemotional
2495,virus que existe desde el 2001 ...dejen de mmar,0,unemotional
2496,Siii más trabajo remoto!,0,unemotional
2497,En chinga a comprar papel de baño!,0,unemotional
2498,"Dios, ahora que hicieron los chinos?",0,unemotional
2499,Mamn acabo de sacar un crédito en azteca,0,unemotional
2500,"A comprar cubrebocas, gel antibactetial, el trapitos con cloro en el piso y papel de baño, chingo y chingos de papel de baño.",0,unemotional
2501,It's coming,0,unemotional
2502,preparen el tiktok con bailes 2020,0,unemotional
2503,No jodan yo sigo pensando que estamos en 2022 😭🥺,0,unemotional
2504,Ahuevo ya no me van a poder reprobar los hijos de su PT madreeeeee por que no vamos ir,0,unemotional
2505,"O no, se repite lo del 2020 ",0,unemotional
2506,😂😂😂😂😂😂,0,unemotional
2507,"Cansones, ya sabemos que quieren ser potencia.",0,unemotional
2508,"La farmacéutica quiere seguir haciendo sus ventas al por mayor 😂,  quien cree estos cuentos en pleno 2025?",0,unemotional
2509,Vete al subreddit r/ChinaLife para que no te cuenten chismes: [What’s going on?](https://www.reddit.com/r/chinalife/s/y2baI0VMrf),0,unemotional
2510,"https://preview.redd.it/cbbrmv9l1xae1.jpeg?width=941&format=pjpg&auto=webp&s=26a3f24ac0a17ca02f069c4b2145452eeb1821b3

.ah, pinche....here we go again....",0,unemotional
2511,Lol,0,unemotional
2512,nueva idiotez para entretener al subnormal util,0,unemotional
2513,"Pasen su lista de series y películas que recomienden mientras estamos en casa, por favor!",0,unemotional
2514,"Estaba considerando meterle todo mi dinero a stocks de moderna, pero todo los medios dicen que puro pedo. En todo caso... Esperaré a buy the dlp y aviones de farmacéuticas inshalla",0,unemotional
2515,Ahora que se tragaron pinches chinos cabrones? Ptm,0,unemotional
2516,"Si china no confirma, o desmiente entonces COVID 2 es seguro",0,unemotional
2517,Tú  y tus notas changas están bien pendejos OP. Creo qué eres la tía que comparte pendejada y media sin informarse bien.,0,unemotional
2518,"Tarde o temprano va a llegar otra pandemia. Puede ser esa o cualquier otra. Que cause muertes o no, aparte. Es cosa de tiempo.
https://m.economictimes.com/news/international/global-trends/hmpv-virus-in-china-covid-like-scare-human-metapneumovirus-faqs-symptoms-treatment-diagnosis-and-everything-else-you-should-know/articleshow/116909996.cms",0,unemotional
2519,"valio barriga, señor verga",0,unemotional
2520,"Ya a nadie le importa esas pandemias, tantibtiempo desperdiciado con el covid...",0,unemotional
2521,"Para dar tarea a los conspiranoicos ya que tienen bastante tiempo libre. Puro alarmismo, me parece.",0,unemotional
2522,Estamos preparados para otra temporada,0,unemotional
2523,"![gif](giphy|l3mZ2ZnRLYRwTWjII|downsized)

Tic Tac",0,unemotional
2524,De los creadores de…..,0,unemotional
2525,Ahora que se comieron para originar esta pandemia 🤦🏻‍♂️,0,unemotional
2526,valiendo verga,0,unemotional
2527,"Que mal, bueno a descubrir si también soy asintomático a esto, ya me la pelo el COVID y sus variaciones, la influenza, y otras virales",0,unemotional
2528,"It looks like OP posted an AMP link. These should load faster, but AMP is controversial because of [concerns over privacy and the Open Web](https://www.reddit.com/r/AmputatorBot/comments/ehrq3z/why_did_i_build_amputatorbot).

Maybe check out **the canonical page** instead: **[https://heraldodemexico.com.mx/mundo/2025/1/3/el-nuevo-coronavirus-china-prende-alarmas-por-crecientes-casos-de-enfermedad-respiratoria-hmpv-665599.html](https://heraldodemexico.com.mx/mundo/2025/1/3/el-nuevo-coronavirus-china-prende-alarmas-por-crecientes-casos-de-enfermedad-respiratoria-hmpv-665599.html)**

*****

 ^(I'm a bot | )[^(Why & About)](https://www.reddit.com/r/AmputatorBot/comments/ehrq3z/why_did_i_build_amputatorbot)^( | )[^(Summon: u/AmputatorBot)](https://www.reddit.com/r/AmputatorBot/comments/cchly3/you_can_now_summon_amputatorbot/)^( | **Summoned by** )[^(**this good human!**)](https://reddit.com/r/mexico/comments/1hszjyy/vayanse_preparando/m5c7up3/?context=3)",0,unemotional
2529,The Last of Us Parte II,0,unemotional
2530,"Odioso leer este tipo de cosas pero debo mencionar que llevo 3 semanas enferma de vías respiratorias primero tuve infección en garganta y oh sorpresa empeore y ahora tengo infección con bacterias en pulmones 🫁, estoy aislada ☹️ así que para mí si andamos de la sh¡t",0,unemotional
2531,"Parece ser fake new, una noticia de tal calibre, saldría en medios más grandes",0,unemotional
2532,"Yo digo que bombardeen China, y después incineren todo",0,unemotional
2533,Paises africanos y China... siempre tienen que ser ellos 😒,0,unemotional
2534,"https://preview.redd.it/xu45rv32n0be1.jpeg?width=720&format=pjpg&auto=webp&s=1db9f277068aba3493ae3b9327de922f275c4d7d

Del portal de la OMS, tomado está mañana. Dónde mencionan ese pedo? Chequen fuentes. Hay un buen de publicaciones con la misma información, casi copia y pega, pero no dicen la fuente.",0,unemotional
2535,Algunas de las pestes más devastadoras las han iniciado  los chinos,0,unemotional
2536,"Que se vayan a la verga, otro pandemia ya no jala. COVID nos enseñó que el gobierno solo protege el dinero, no le importa la vida humana",0,unemotional
2537,"Nah el verdadero riesgo es H5N1, en un rato la verás en todas las noticias y no se te olvidará el nombre nunca más como el covid",0,unemotional
2538,"Ahora vuelven a la carga con aterrorizarnos, este nuevo invento. Van a empezar la psicosis necesaria.",0,unemotional
2539,Pitoooo,0,unemotional
2540,"Cada año hay una ""pandemia"" nueva y sigue muriendo mas gente al año por diabetes.",0,unemotional
2541,"Excelente, necesito otro añito de Home Office 😍",0,unemotional
2542,"Otra vez?  

Vieja vamos por papel de baño antes que se acabe eso funciono la vez pasada para sobrevivir eso y las cervezas hay que comprar planchas de ambos",0,unemotional
2543,"Sálganse todos del planeta, quiero estar solo",0,unemotional
2544,Malditos chinos de mierda ¿Otra vez?,0,unemotional
2545,Se siguen tragando estas mamadas??,0,unemotional
2546,Los que sobrevivimos al covid ya estamos exentos de este nuevo virus.,0,unemotional
2547,Segunda temporada para los poderosos 😐,0,unemotional
2548,Conquistadores,0,unemotional
2549,Ojalá le dé a mi ex,0,unemotional
2550,https://preview.redd.it/0oy8rx1b92be1.jpeg?width=1200&format=pjpg&auto=webp&s=25342330e955dc38f04d3689bfba4687c45e878c,0,unemotional
2551,hasta que no se estén cayendo como moscas no creeré nada.,0,unemotional
2552,"Clickbait, ya todos han querido ordeñar la vaca de la precaución por la próxima pandemia",0,unemotional
2553,"Que al pedo, otra vez nos vamos a home office.",0,unemotional
2554,"Ay ya, que me mate si me tiene que matar. Yo no me vuelvo a encerrar. Ya.",0,unemotional
2555,Chinos de mierda,0,unemotional
2556,Puro cuento... Chino.,0,unemotional
2557,nunca va llegar,0,unemotional
2558,2020 season 2,0,unemotional
2559,"es falso, y duden de los medios mierdas que utilizan esto como información para atraer a gente sin criterio , es un virus viejo",0,unemotional
2560,NO MAMES NOOOOO!!,0,unemotional
2561,China es la duodecima vez en 3 años que te declaras en emergencia sanitaria,0,unemotional
2562,"En teoría ya tenemos experiencia, y no debería de causar mucho revuelto :v

Pero aún así...

¡ALTO!, YO YA ESTUVE EN ESTOS JUEGOS",0,unemotional
2563,Me vale verga,0,unemotional
2564,"Ovnis y drones en Estados Unidos, otra posible pandemia, que de nuevo sale de China, o son tontos todos o no vemos que nos están engañando y espantando por algo en específico, cuidado con una caída de la bolsa o una nueva guerra mundial, o que la inteligencia artificial se haga general (Más inteligente que un humano) Eso les debe de preocupar más.",0,unemotional
2565,"Otra vez, que mejor vayan a su madre los viajeros",0,unemotional
2566,No digas mamadas mery yein,0,unemotional
2567,"Tengo entendido que ese virus existe hace muchos años pero últimamente ha estado volviendo en China pero es un virus  el cual ya tiene tratamiento.
Sí salen videos de China o otros lugares donde utilizan el cubrebocas pero recuerdan que estamos en épocas de gripe y de tos debido a los cambios de temperatura y en esos países son mucho más cuidadosos al respecto y la gran mayoría de los habitantes suelen tener un cubrebocas puesto para no contagiar a otros o no contagiarse ellos mismos no es como con nosotros en Latinoamérica que muchos utilizan el cubrebocas sin taparse la nariz.",0,unemotional
2568,Otros 5 años que ni se van a sentir,0,unemotional
2569,"Pos nada, otro evento histórico a la lista, ¡a darleeeeeeee!",0,unemotional
2570,"https://preview.redd.it/2pz6i7was7be1.jpeg?width=686&format=pjpg&auto=webp&s=3ef9fbd2f3c6a75baad69c28d50dc754efe2dcd2

Pinches chinos de nuevo...",0,unemotional
2571,"OMG
FORNITE SEASON 2",0,unemotional
2572,Jajaja vayanse ALV,0,unemotional
2573,Pregunta seria podemos vetar a chinar del planeta ?,0,unemotional
2574,"a veces pienso que debi morir con el covid, yo ya me siento muerto",0,unemotional
2575,A nadie le interesa.,0,unemotional
2576,Se viene segundo round señores...,0,unemotional
2577,"Ah estos p3ndej@$ chinos ya les gusto, fueron los unicos beneficiados por la pandemia",0,unemotional
2578,"No mamen, como ""generación consciente"" deberíamos darle un buen uso al internet y a las redes sociales, no seguir difundiendo noticias de ésta índole. Ya parecen esas señoras que se creen las noticias de que un terrorista fue capturado y con la foto de AuronPlay. NO MAMEN! Están igual de pendejos que esas personas",0,unemotional
2579,Me parece muy bien que se lleva a todos los putos del gobiern0 y los putos lacras. Ya Era hora,0,unemotional
2580,ALTO 🔊 yo ya estuve en estos juegos 😭😭🫵,0,unemotional
2581,Ya en serio esos chinos que aportan a la humanidad ? Aparte de piratería,0,unemotional
2582,"Preparando para q oq

[https://www.nytimes.com/2025/01/07/health/hmpv-virus-china.html](https://www.nytimes.com/2025/01/07/health/hmpv-virus-china.html)",0,unemotional
2583,no digas m4m4dS meriyen,0,unemotional
2584,Ya van a empezar de nuevo 🙄,0,unemotional
2585,Váyanse a la verga. Ya no juego.,0,unemotional
2586,"Pta madre china, no te pueden dejar solo ni unos pinches 5 años...",0,unemotional
2587,Desde Twitter tiene días esa noticia y realmente nadie ha citado una fuente confiable ni ha dado datos para pensar que es una nota real. Parece solo spam.,0,unemotional
2588,Fake News,0,unemotional
2589,"It looks like OP posted an AMP link. These should load faster, but AMP is controversial because of [concerns over privacy and the Open Web](https://www.reddit.com/r/AmputatorBot/comments/ehrq3z/why_did_i_build_amputatorbot).

Maybe check out **the canonical page** instead: **[https://heraldodemexico.com.mx/mundo/2025/1/3/el-nuevo-coronavirus-china-prende-alarmas-por-crecientes-casos-de-enfermedad-respiratoria-hmpv-665599.html](https://heraldodemexico.com.mx/mundo/2025/1/3/el-nuevo-coronavirus-china-prende-alarmas-por-crecientes-casos-de-enfermedad-respiratoria-hmpv-665599.html)**

*****

 ^(I'm a bot | )[^(Why & About)](https://www.reddit.com/r/AmputatorBot/comments/ehrq3z/why_did_i_build_amputatorbot)^( | )[^(Summon: u/AmputatorBot)](https://www.reddit.com/r/AmputatorBot/comments/cchly3/you_can_now_summon_amputatorbot/)",0,unemotional
2590,Vuelven los tapetes con  lodo,0,unemotional
2591,"Ahora sabémos que dicen demasiadas mentiras y que no debemos de confiar en sus vacunas ni seguir sus reglas.
Los medios de comunicación mienten y son parte del aparato de propaganda. No confiamos ni les creemos lo que dicen.",0,unemotional
2592,Vamos mandando de una vez a todos los pendejos anti vacunas. La segunda es la vencida para deshacernos de ellos.,0,unemotional
2593,Sabía que el hecho de que 2025 empezó el mismo día de la semana que 2020 era un mal indicio (ambos iniciaron en Miércoles),0,unemotional
2594,"Que alguien les enseñe la fotosíntesis a esos weyes, de seguro viene de comer perro o algo 🤣",0,unemotional
2595,Si eso quieren inventar más pandemias para vacunar a mantener a la gente controlada pero si les siguen la corriente les va a funcionar,0,unemotional
2596,noticias retardadas para retardados,0,unemotional
2597,FAKE NEWS,0,unemotional
2598,Las noticias así solo sirven para alterar a la gente y que se muera de miedo,0,unemotional
2599,"Amén, solo pido 3 meses de descanso",0,unemotional
2600,Notificas falsas y amarillistas,0,unemotional
2601,No digas mamadas ni desinformes mas a los ignorantes,0,unemotional
2602,"Es impresionante la cantidad de preocupaciones ficticias que les clavan diariamente, con tal de vender periódicos 😂",0,unemotional
2603,[deleted],0,unemotional
2604,Dios existe menos que los latinos romanos en América. Pais de borregos incultos y como penes anglosajones. En América tenéis lo que merecéis por estúpidos 👌😉,0,unemotional
2605,"Resistan, no caigan en otra mentira de vacunas.  No les funcionó la primera vez.",0,unemotional
2606,"Ay papá esta temporada si promete

![gif](giphy|MjXx6ritTqtfhQw3Vy|downsized)",0,unemotional
2607,mamos,0,unemotional
2608,"Me encantó Dark, aunque me quedé con ganas de ver más ojalá la historia fuera más larga 🙃🤭",0,unemotional
2609,"Amo esa serie, de las mejores.",0,unemotional
2610,Se la comieron los gatos,0,unemotional
2611,Fue contenida con un relativo éxito. Esperemos que con esta sea igual,0,unemotional
2612,"Si hubo casos, de hecho me toco de cerca uno de un paciente vih positivo, le hacía videollamadas diario hasta que se curo (3 semanas aproximadamente) y me toco otro que nunca supe si se confirmo, pero las lesiones eran iguales. 
Pd: soy medico del imss",0,unemotional
2613,"Pues hasta donde me quede la viruela del mono solo era creo que en África, además de que no había tanto peligro porque al ser viruela se contagiaba principalmente por contacto directo, por cómo describen a este virus (Respiratorio) puede que se contagie por aire, como el coronavirus, habiendo así verdadera posibilidad de una pandemia, aunque posiblemente solo en china. Esperemos.",0,unemotional
2614,Había vacuna,0,unemotional
2615,Fue puro humo para asustar. Voy a suponer que esta también será igual.,0,unemotional
2616,esperate anon que se esta preparando o crees que soltar monos en USA es por nada? dales su tiempo para que se reproduzcan y se pueda fingir una pandemia de monos con ebola o algo asi,0,unemotional
2617,Solo se contagia por fluidos corporales,0,unemotional
2618,"Si siempre eres alarmista, algún día le vas ha atinar",0,unemotional
2619,"Ya era un problema algo menor antes, una ITS",0,unemotional
2620,"Se contagia por transmisión sexual... En un continente donde hay sida y la mayoría no se cuida pero los que van ahí si se cuidan así que no afecta al mundo... Solo a los pobres de ese país, Y CHINA DIJO ""A NO HERMANO! BUSCATE TU PROPIA PANDEMIA! y ahora hizo una mezcla entre 3 virus (COVID 19, neumonía, y otro que no recuerdo)",0,unemotional
2621,"Es mas venerea que cualquier otra cosa y comun entre homosexuales, estan jodiendo con lo mismo desde 2022",0,unemotional
2622,"Los Gays salva os a la humanidad... En serio, busquen un poco. Las fiestas del pride de ese año fueron justo cuando estaba la viruela del mono, las fiestas de pride de playas tienen multitudes con piel descubierta rozándose entre si, lo cual provocó varios contagios, si, pero también creo una rapidísima inmunidad de rebaño. Y así no se propagó como epodemia",0,unemotional
2623,"Que ignorante eres, esa viruela es una enfermedad de trasmisión sexual. Si eres de esos que va diciendo ódiame más o arriva el ame, ya tienes el virus. 😂😂",0,unemotional
2624,Todo son planes para meterle miedo a la población y después hacer que se vacunen con su veneno ☠️ pero lo mejor es dejar de ver noticias así uno vive más feliz 😀,0,unemotional
2625,Hasta que se mueran*,0,unemotional
2626,"Si, ojalá aprendan los malditos dinosaurios de mrda, la verdad ellos son la barrera de impedimento del progreso de muchas personas",0,unemotional
2627,"Y los que no somos asalariados y desarrollamos trabajos que no se pueden hacer desde casa que nos lleve el diablo? Como Fotógrafo ejecutivo no puedo hacer “home office” más que cuando edito las fotos que ya tomé, no todos somos Godínez",0,unemotional
2628,Cállese a la verga,0,unemotional
2629,"Honestamente, no lo creo. Mas de 300,000 muertos por COVID en México (unos estudios indican que tal vez realmente sean 800,000) y mas de 7 millones alrededor del mundo y la gente de aqui sigue siendo igual de puerca y egoista. 

Siguen saliendo todos enfermos y sin cubrebocas, siguen sin respetar el espacio personal, se burlan si no quieres saludarles de beso o de mano. 

No prendimos nada porque yo estoy casi seguro que van a ser más los conspiranoicos o los que lo minimizan",0,unemotional
2630,los humanos somos expertos en cagarla una y otra vez en lo mismo,0,unemotional
2631,"Hasta crees que los mexicanos van a aprender

En mi familia se murieron varios de COVID y aún así dicen que todo fue un invento del gobierno para reducir la población, y que la vacuna te instala el windows XP en el cerebro o alguna mmda así",0,unemotional
2632,"Con el covid me di cuenta que tenia familia changa muy tonta ya lo sabia por otras situaciones, te das cuenta como alguien asi te puede arruinar y literal empiezas a odiar a las personas",0,unemotional
2633,"Es un simple virus que tiene años de existir pero como ahora todo sirve para asustar la gente solo lee el titular, china y emergencia! Manipulación ante todo!",0,unemotional
2634,No es sólo México. En todos los países quieren vender miedo.,0,unemotional
2635,Desde 2020 hacen lo mismo con cada brote o pequeña epidemia que hay en algún lugar del mundo.,0,unemotional
2636,Y más me cae gordo que en este sub haya tanta gente que le da upvote 🤦🏽‍♂️,0,unemotional
2637,"Ni tan sensacionalista, ya viste los videos de los hospitales?",0,unemotional
2638,"Y los que lo publican en Reddit y redes Sociales en General.

En un Grupo en FB un ""participante anónimo"" lleva semanas colando este tipo de noticias.",0,unemotional
2639,"😂 el que lo haga va a guardar esas provisiones al menos 4 años. La nota que compartió Op es amarillista, no es un nuevo virus y no tiene ni la mínima posibilidad de causar estado de emergencia mundial. 🤷🏽‍♂️",0,unemotional
2640,"Así empezó el COVID, con china ""desmintiendo"" sus casos hasta que empezaron las muertes y los contagios en masa",0,unemotional
2641,https://preview.redd.it/0xz9wxp9evae1.jpeg?width=201&format=pjpg&auto=webp&s=53e5c5436a65b24278857d3426c251ed0e1dd9ff,0,unemotional
2642,"Ahí mismo dice, que China no ha confirmado nada",0,unemotional
2643,"De hecho si es preocupante porque en estas fechas (creo que a finales de este mes) es la celebración del año nuevo lunar que es la celebración más importante para los chinos, y como sucede en México con Navidad y Año Nuevo que mucha gente se regresa a sus pueblos a visitar a sus familias, en este caso sucede lo mismo; la mayoría de chinos en el extranjero regresarán a su país para visitar a sus familias y cuando regresen traerán el virus consigo.

Aunque también el virus puede venir de alguien que se haya ido a vacacionar allá como sucedió con el COVID, que en muchos países se dio por gente que fue de vacaciones a China y regreso infectada.",0,unemotional
2644,¿De un jalón de verga?,0,unemotional
2645,Sólo tú disfrutarías eso.,0,unemotional
2646,"Si, es culpa de esos amarillos",0,unemotional
2647,No sea racista,0,unemotional
2648,"Ni nueva, solo era una variante nueva, pero los coronavirus sin bastante conocidos. Igual en esta variedad, no es desconocida ni nueva",0,unemotional
2649,Es fake. Solo que las cuentas conspiranoicas la están haciendo viral,0,unemotional
2650,Te estás tardando…,0,unemotional
2651,De ahí mero viene. Hay una epidemia ahí ahorita.,0,unemotional
2652,genera interacciones,0,unemotional
2653,El comentario correcto es cuantos van a caer? ☠️,0,unemotional
2654,"La vacuna no fue para que no te enfermaras, era para disminuir tus probabilidades de morir al contagiarte. 7 de cada 100 se morían, a mayor edad, mayor probabilidad. La vacuna tiene efectos adversos, claro, como muchas vacunas el día de hoy, sentirse un poco mal es mucho mejor que exponerse a morir de COVID.

Nadie se cree la jalada ""solo para hacer Home Office"", es porque los sitios amarillistas les encanta el mame, si con alguien deberías enojarte sería con esos sitios, no con la vacuna, y de preferencia no un berrinche, sino algo que desmienta lo que dicen con evidencias... O no, esto es reddit después de todo.",0,unemotional
2655,La gente es muy pendeja vulve a caer en errores y no dudo que si llega eso a México otra vez pasaremos mal otra pandemia,0,unemotional
2656,"Porque existen diferentes tipos de virus con diferentes maneras de contagio obviamente los que se propagan más fácilmente son aquellos que se transmiten realizando la actividad más cotidiana que existe que es respirar. 

No creo que todo mundo ande por la vida metiéndose los dedos en la boca después de haber estado tocando materia fecal, ni dejando que les piquen insectos hematófagos, ingiriendo alimentos o bebidas contaminados, o teniendo sexo sin proteccion a diario.

Los virus que afectan a las vías respiratorias se propagan en el aire, asi que cuando estamos cerca de una persona infectada que obviamente no sabemos a simple vista si lo está o no estamos totalmente expuestos al contagio ya que esta persona está dispersando el virus un par de metros a su alrededor mientras exhala, habla, tose y/o estornuda.

Espero haber resuelto tu duda de manera satisfactoria, saludos",0,unemotional
2657,"El alejo que comenta sin informarse.
https://m.economictimes.com/news/international/global-trends/hmpv-virus-in-china-covid-like-scare-human-metapneumovirus-faqs-symptoms-treatment-diagnosis-and-everything-else-you-should-know/amp_articleshow/116909996.cms",0,unemotional
2658,"It looks like you shared an AMP link. These should load faster, but AMP is controversial because of [concerns over privacy and the Open Web](https://www.reddit.com/r/AmputatorBot/comments/ehrq3z/why_did_i_build_amputatorbot).

Maybe check out **the canonical page** instead: **[https://m.economictimes.com/news/international/global-trends/hmpv-virus-in-china-covid-like-scare-human-metapneumovirus-faqs-symptoms-treatment-diagnosis-and-everything-else-you-should-know/articleshow/116909996.cms](https://m.economictimes.com/news/international/global-trends/hmpv-virus-in-china-covid-like-scare-human-metapneumovirus-faqs-symptoms-treatment-diagnosis-and-everything-else-you-should-know/articleshow/116909996.cms)**

*****

 ^(I'm a bot | )[^(Why & About)](https://www.reddit.com/r/AmputatorBot/comments/ehrq3z/why_did_i_build_amputatorbot)^( | )[^(Summon: u/AmputatorBot)](https://www.reddit.com/r/AmputatorBot/comments/cchly3/you_can_now_summon_amputatorbot/)",0,unemotional
2659,"En revisión. En temas de Política flair (Serio) no se aceptan insultos, apodos, chistes, sarcasmos, datos falsos, ataques personales, expresiones de odio contra personas públicas o privadas, etc.

*I am a bot, and this action was performed automatically. Please [contact the moderators of this subreddit](/message/compose/?to=/r/mexico) if you have any questions or concerns.*",0,unemotional
2660,Las fuente es del heraldo de México,0,unemotional
2661,Mi compa el menos conspiranoico.,0,unemotional
2662,esta muy cabron jaja noticias asi salen a diario y se las siguen tragando todas,0,unemotional
2663,y eso?,0,unemotional
2664,entonces como piensas hacer que la hambruna artificial paresza real,0,unemotional
2665,"Cállate, Sancho. Los rebuznos no son buenos.",0,unemotional
2666,Todos,0,unemotional
2667,Creeme mejor quedarse con las ganas de más a querer que ya se acabe como la serie de twd,0,unemotional
2668,Nunca jugaron a tomarse un shot de cerveza cada que hubiera una escena con lluvia??? Se pone aun más interesante.,0,unemotional
2669,"No me gusto la 3ra temporada primo. Se sacaron a la version alterna de la morra de la manga. Y estuvo medio cursi que todo fue para resolver la paradoja (que suena cool, pero los identifican con ""angeles""). No se, me gustaba mas cuando era el malo el vato pelon.",0,unemotional
2670,Cuál es el nombre?,0,unemotional
2671,"No Dewey, la nueva pandemia",0,unemotional
2672,cuenta mas,0,unemotional
2673,">habiendo así verdadera posibilidad de una pandemia, aunque posiblemente solo en china

Si es solo en China, entonces no es una pandemia.",0,unemotional
2674,"Un chingo de gente murió por el COVID-19, y muchos allegados míos también.",0,unemotional
2675,Es igual solo para meter miedo y lo peor que la misma gente comparte las noticias falsas sin saber que es solo por el titular!,0,unemotional
2676,[deleted],0,unemotional
2677,Muerte a los jefes,0,unemotional
2678,De hecho la mayoría de la personas no tienen problema en ir a la oficina sino que se quejan del traslado. Es doloroso incluso en auto propio y esto es culpa del gobierno por ceder a las presiones del lobby automotriz.,0,unemotional
2679,Algún día te vas a tragar tus palabras jajaa,0,unemotional
2680,"Perdona man. No pensé en eso, solo estoy en contra del trabajo presencial sin sentido que hacen muchas personas que solo van a tener juntas en zoom.",0,unemotional
2681,A llorar a la llorería,0,unemotional
2682,"> Siguen saliendo todos enfermos y sin cubrebocas

Justo esto, el otro día acompañe a mi morra a consultar y llegó una morra que quería consultar porque creía que tenía COVID y la muy puta andaba sin cubrebocas, ni pa eso",0,unemotional
2683,Pues al día de hoy existe gente que piensA que fue una invención ![gif](emote|free_emotes_pack|grimacing),0,unemotional
2684,Si puta madre se va a encerrar otro año,0,unemotional
2685,El que tenga oídos que oiga.,0,unemotional
2686,"si, el covid mato mi esperanza de que algun evento nos hiciera corregir el rumbo para bien, y no sirvio para nada.",0,unemotional
2687,FACEPALM!!!!,0,unemotional
2688,"La clavaste, hoy todo es manipulación.",0,unemotional
2689,https://preview.redd.it/myxxvmuxzvae1.jpeg?width=1079&format=pjpg&auto=webp&s=1aaee4654e0a90fd1479b64457bb4cdffd8473a3,0,unemotional
2690,Desde cuando China confirma que la cago ?,0,unemotional
2691,Dame dos ;),0,unemotional
2692,Tu jefa también :),0,unemotional
2693,https://preview.redd.it/r8lma3ukl0be1.jpeg?width=250&format=pjpg&auto=webp&s=3b75b945300d5cc5bab487e8c44b12727cabb013,0,unemotional
2694,Tengo un libro de los 00s que ya los menciona a los corona virus.,0,unemotional
2695,Gracias,0,unemotional
2696,Sus webos se lo dijeron supongo,0,unemotional
2697,"Eso es lo único que hacéis allí, rebuznar. Si es que no servís para nada jaja. Llegáis a europa con doctorados y no sabéis ni limpiar culos. Que te vas a esperar de una sociedad tan inculta y fácil de someter. Latinos dicen y no saben ni escribir español los analfabetos. Que allí llegará el español no os convierte en latinos si no hispanos. El español es español y no es latín. Se llaman LATAM jajajaja. Hay que ser muy retrasado para eso. Yo cuando leo la palabra latino me harto de reír. Latinos del sagro imperio romano de las Américas jajajaja.por el francés y el portugués cuando estos primeros tienen allí tres islas que aún forman parte de sus colonias igual que tienen los ingleses. Gracias a qué le comieron la polla a anglosajones y gringos lleváis siglos de decadencia y dictaduras. Pero bueno, por mi como si desaparecieran.mientras me dejen allí sus países para beber y follarme a sus mujeres lo demás me sobra. Por mi como si vais todos a la miseria. Por qué ese resentimiento de incultos ya no os lo quita nadie. LATAM. Valientes gilipollas sois 😂😂😂🤡",0,unemotional
2698,Juntos,0,unemotional
2699,"Esa serie también la vi completa 😅😂 pero si ya de final me aburrío un poco, las vi doble por qué de primero no le agarraba la onda y después ya.",0,unemotional
2700,"Qué curioso, también en la serie de OA en Netflix hablan de que también son ángeles🤨",0,unemotional
2701,"Dark, está en Netflix",0,unemotional
2702,Se la comieron los gatos,0,unemotional
2703,La mayoría de los que se van a joder son ustedes porque también le tienen miedo a las agujas lmao.,0,unemotional
2704,![gif](giphy|rmi45iyhIPuRG),0,unemotional
2705," ""Otro carril más y ya""",0,unemotional
2706,"Ojalá y si, ojalá y ya no haya dinosaurios y sea un mundo mejor donde las personas puedan encontrar trabajo, personas trabajadoras hay, pero no les dan una maldita oportunidad, no suelo comentar con tanta euforia, pero si esta qlerisima la situación para encontrar un trabajo de lo que estudiaste porque simplemente no dan la oportunidad de entrar.",0,unemotional
2707,"A mi me revienta ver personas todas enfermas sorbiendo, tosiendo o estornudando sin su cubrebocas EN EL MALL O EN EL SUPER.",0,unemotional
2708,Yo voy a bailar en protesta por todos los que van a morir y todos los que sufrirán.,0,unemotional
2709,"Llegue muy tarde.... 🥺

https://preview.redd.it/nx12ogvldwae1.jpeg?width=1170&format=pjpg&auto=webp&s=2c7a366de6de590157fd0ca6a08e519a3fa24677",0,unemotional
2710,Confirmo yo era los pelos,0,unemotional
2711,"A media lectura de tu rebuzno me cansé de contar tus faltas de ortografía, paleto fachirulo, desertor del arado!",0,unemotional
2712,Otra vez...,0,unemotional
2713,Pon a papá al teléfono!,0,unemotional
2714,"De hecho el grueso de los moridos eran clase media a baja, uno otro viejito rico pero de nada sirve xk queda su hijo que seguramente es más culero que su jefe",0,unemotional
2715,"Si los jóvenes están llenos de rayas en la piel, a poco le van a tener miedo a las agujas?",0,unemotional
2716,Pues lo que no entiendo es la lógica de los que ahuevo quieren trabajar como empleados en lugar de desempeñar su actividad profesional como independientes freelance,0,unemotional
2717,"Que patetico la verdad, yo soy zoomer y tengo jale. Ya deja de poner pretextos pendejos y esfuerzate. Jale hay, solo hay un chingo de weyes que lo quieren todo en mano.",0,unemotional
2718,"O en el perro transporte público que, como siempre, va todo lleno",0,unemotional
2719,Todavía eso se entiende porque puede que sean tan imbéciles que no sepan usar las apps de entrega a domicilio... Pero verlos llegar a una reunión o fiesta??? Cuál es la pinche necesidad???,0,unemotional
2720,El mal siempre existirá hay que creer en el bieen,0,unemotional
2721,🫠,0,unemotional
2722,Hola?,0,unemotional
2723,Te sorprendería lo chillones que son para inyecciones y vacunas,0,unemotional
2724,"Conocerás el temor a las agujas, cuando vayas a donar a un banco de sangre del IMSS. Duelen un chingo y se tardan en sacar la sangre a pesar de que son enormes.",0,unemotional
2725,"Siento que, depende mucho de la carrera",0,unemotional
2726,"No quiero todo en mano, quiero empezar, no me importa si es de lo mas bajo, realmente no me importa, a lo que me refiero es que no dan oportunidades, no se abren a contratar simplemente, no todas las ciudades son iguales, no todas las carreras son iguales.",0,unemotional
2727,"Peor, van en el transporte, tosen sin cubrirse, o si se cubren con la mano, embarra todos los tubos con sus germenes.",0,unemotional
2728,De la manoooo,0,unemotional
2729,Que le pasó a la otra pandemia?,0,unemotional
2730,"No, ya he donado sangre en esos lugares. El dolor depende de la enfermera que te toque, yo he corrido con suerte algunas veces y ni dejan moretones, y me ha ido mal en otras.",0,unemotional
2731,lo unico malo del imss es que el proceso dura como 2 y media horas desde que ingresas (haces una fila tras otra) y te dan tu platica hasta que te dan el lunch de recuperacion. Pd voy a aventarme el tiro de donar plaquetas haber como me va,0,unemotional
2732,De dioooos,0,unemotional
2733,"Se la comieron los gatos. Espera, Dewey sabe mejor como pasó",0,unemotional
2734,Podremos,0,unemotional
2735,Salir,0,unemotional
2736,Morir,0,unemotional
2737,"# Join our [**Discord server. CLICK TO JOIN: https://discord.com/invite/CDUMEUkPge**](https://discord.com/invite/CDUMEUkPge)
Dear user, thank you for your submission to r/CBSE. Make sure you follow all rules.


*I am a bot, and this action was performed automatically. Please [contact the moderators of this subreddit](/message/compose/?to=/r/CBSE) if you have any questions or concerns.*",0,unemotional
2738,"dude i dont even want a lockdown.  
1. I NEED MY SOCIAL LIFE  
2. I DONT NEED MY PREBOARD MARKS TO BE COUNTED?  
3. I dont think the indian economy can take another hit fr",0,fear
2739,https://preview.redd.it/kjtif69fuqbe1.jpeg?width=1079&format=pjpg&auto=webp&s=b1753a5c9233853c33e690e8edcbfb2dcb26669c,0,unemotional
2740,"covid fucked me twice, trust me bro it isnt worth it. plus ham twelfthies ki college life chud jayegi. mehnat bekar.",-1,sad
2741,"if me praying could do anything , I would pray for my death",-1,sad
2742,"If anyone is even getting a little out of it it's class 10 people or people below . 

Those who're in class 12 seriously need to realise the consequences of another lockdown rn",1,sympathy
2743,Srsly people understand such depth when things come to their own family,1,sympathy
2744,"this man, my frnd lost half of his family his older brother, his uncle, sister, grandma in covid, wont wish that to even my enemies....",-1,sad
2745,"The same shit happened with monkeypox as well last year- nothing happened- the news outlets just need some or the other excuse fearmonger and get some extra trp, fucked up the whole country tbh-",0,unemotional
2746,"Reasons i do not want boards to be cancelled  
1. I put waayy too much effort into studying for 10th and i do not want that effort to go to waste(my marks in school exams are good)  
2. same as the first",1,fear
2747,"True ..bro ....when everyone makes fun of lockdown..or say that please bring that time ....

It's very hard for me because I lost my uncle and aunty both ..their daughter was just 3 that time ..it's very sad...
I have seen the situations of hospitals  that time ..",1,sympathy
2748,One more pandemic and I will kms.,-1,fear
2749,This is so real bro I can’t believe people are immature enough to pray for another pandemic like bro.,1,sympathy
2750,It is not going to create a pandemic now if it couldn't in last 25 years.,0,unemotional
2751,"man this covid really messed up my immune system along with those vaccines. idt people should be expecting another pandemic. we're lucky that we were able to overcome covid, but another one would just be annoying and disastrous.",-1,sad
2752,true but afaik it's pretty non-lethal like covi-oh wait,0,unemotional
2753,"As much as I want my boards to get cancelled, I don't want anyone to go through those times anymore. I don't want families to suffer or get torn apart again just because we had a silly wish. 
(Also preboard marks was pretty bad so I don't want that to be counted)",1,sympathy
2754,+1&#10;I remember vividly how corona fuckedup my school life. Dont want this new virus to fuck up my college as well. From a 12thie,-1,fear
2755,Fr,0,unemotional
2756,"Some prudence at last from someone. COVID was not a joke. Many of us lost our Indian brothers and sisters, relatives, neighbours, and family members. Pray for better days ahead. Strive to succeed. May everyone get good grades in their exams.

My father served during Covid, and I will never forget how difficult things were for us. Our entire family contracted the infection. Pray for the safety of everyone around the world.",1,happy
2757,"juniors,trust me it's the worst thing imaginable. Tumhari social life chud jayegi, kuch padhai nahi hone wali, you'll get so comfortable with online classes and exams that you simply wouldn't want to study. Also if you happen to be in 10th grade you'll miss out on most of the very best years of your school life if we happen to have another lockdown for 2 years. As OP said pandemic and lockdown ke liye pray karne ki jagah padh lo",1,sympathy
2758,"No, I dont want any pandemic anymore please 😭😭😭
I've had enough now",1,sad
2759,One of my friends said ki marte time logon ko pta bhi bhi chlta isliye cheer kr rha hu like bro literally thinks people don't suffer when dying,0,enthusiasm
2760,Finally someone speaking about this Stupid joke,1,anger
2761,"I lost my fucking 11th and 12th school life to covid 

it isnt fun guys , the impact of that lockdown is still in younger students!",1,sympathy
2762,no i dont want  a lockdown..agar boards cancel ho gaye tho pre boards ka average marks lenge..mera pre board ka average low hai (all thanks to phy),1,fear
2763,"aye no lockdown and all  
covid  took away 2 fuckin years of my life  
agar lockdown agaya then they'll take pre board marks..then im cooked",1,sympathy
2764,"i do not want a lockdown, again. PLEASE",1,sympathy
2765,The worst part about cancer is ...,0,unemotional
2766,"ye jo chutiye bacche aaj boards ke liye HMPV chah rahe hain...
ye kya jaanein what our lives became, the one covered by our gaming and excessive time wasting. 
it looks fine for a week. 
but trust me buddy, you don't want that life.",1,anger
2767,"Seriously yaar, both my parents sare doctors and they were previously doctors in army when Covid started so we atleast got rations and they still had their full salary during all those years of Covid pandemic. Now their service is over and they're working in private, so my mum said it's better that this virus doesn't cause another lockdown, because the doctors would have to work A LOT, would be the most vulnerable to the virus and wouldn't even get their pay. I felt so sad listening to her",1,sympathy
2768,Hater hai bhai,0,unemotional
2769,[deleted],0,unemotional
2770,"same, dont want my preboard marks to be counted",0,fear
2771,oho indian economy,0,unemotional
2772,Stole my words! I agree with you. I believe that a lockdown has very short-term benefits like it only ever helps to decrease the spread of the virus. But society is more than that. We took 2 awkward years (2021 and till mid 2022) to reverse the damages by the pandemic and WE WILL NOT PRAY FOR ANOTHER DOWNFALL PERIODT💯,1,sympathy
2773,*like can we just talk about the political and economic state of the world right now* aah comment,0,unemotional
2774,https://preview.redd.it/hygvx4t45rbe1.jpeg?width=823&format=pjpg&auto=webp&s=d90f23da91f1d5a074c53cbbb824cc46b439d77e,0,unemotional
2775,https://preview.redd.it/0inztrxqwqbe1.jpeg?width=461&format=pjpg&auto=webp&s=004ab6638fcf16c2ff8520ea7cc570670104aa30,0,unemotional
2776,https://preview.redd.it/zbe7npb3krbe1.jpeg?width=924&format=pjpg&auto=webp&s=88844c4074f53c06539b87223df1b08933d13c05,0,unemotional
2777,[deleted],0,unemotional
2778,"god isn't real, take matters in your own hands and take action😈

>!(tbh- me too)!<",1,sympathy
2779,I regularly do that,0,unemotional
2780,So true! Class 12thies wishing for another drastic lockdown is like पैर पर कुल्हाड़ी मारना ,1,sympathy
2781,wao,1,joy
2782,"FR and HMVP exists in the world since last 25 years, it is not as severe as COVID.",1,sympathy
2783,Boards accha jayega tera dw,1,joy
2784,"why wait for pandemic, just do it now ![img](emote|t5_2qt79|52777) /s",0,fear
2785,"No one can predict anything for now. God knows how many mutations it may have undergone in the past year, forget 25 years. All we can do is hope that the situation isn't too severe.

And thank god that China didn't hide information about this disease before it got too late (like COVID-19)",1,fear
2786,you seem to imply that the vaccine's fucked your immune system up? please dont tell me an anti vaxxer exists,-1,surprise
2787,and also march se yeh ek exam ke liye padh rahi hoon...agar cancel ho gaya tho ek saal barbaad,1,fear
2788,"Is it still worth all the death and suffering it brought? The social lives of so many people ruined, families torn apart, economies crashed...

India's economy can't take another hit, especially from a pandemic. Sure, it was relaxing to stay at home but the moment the disease decides to snatch the lives of your loved ones, you get a whole new perspective on these diseases.",1,sympathy
2789,are pta nhi kya? bhai ne mutual funds mein 10rs lagaya Hai aur Kal retire hone wala Hai.,1,happy
2790,"don't joke about this shit bro, it's not just the investors and the rich that get affected by economical crashes. Even your dad could lose his job and shi",1,sympathy
2791,Bhai fir Hawa pe 28% GST laga denge,0,unemotional
2792,I am NOT Jaden smith lmaoo. That guy tries to be relatable or mature soo hard lol,1,joy
2793,https://preview.redd.it/wh22d7zb5rbe1.jpeg?width=668&format=pjpg&auto=webp&s=af1c1c20820acc106f135da29f5f260063466fc7,0,unemotional
2794,Say ur gandu without saying you're gandu,-1,anger
2795,"""I will enjoy seeing people die and suffer, even if those people can be me or my family. I am willing to take the risk of seeing my parents die in front of me because of this virus just so that another lockdown happens.""

That's what you are saying, dude. Get some sense in that brain of yours.",1,sympathy
2796,kinda suicidal but truly w tho,-1,sad
2797,"There no such thing as God, anyways the mutations this virus can undergo is not going to be extreme, if it was it would've been visible years ago not out the blue in 2025 and not to mention the media even mark normal cough and cold as HVMP just the same way did for COVID, same for the hospitals to cash in more money (and it happens, doctors are no saints) 

Secondly, we don't really if the info about China is real or fake, because they're very strict about their country's state news travelling to the world.",1,sympathy
2798,"I didn't really say that vaccines messed my immune system up (probably shouldn't have said those in the same sentence) . I caught covid thrice, and it wasn't a pleasant experience. The whole situation with being locked down at home for 2 years along with having to get vaccines just can't be termed as a good experience. stressful af. i honestly think that vaccines were a boon to society, without them the situation could've been much worse.",1,sympathy
2799,[deleted],0,unemotional
2800,oho mutual funds or retire bhi,0,unemotional
2801,"Indians will keep this same mentality like yours and bitch about in the future how the ""system"" makes them poorer while the rich become richer. Even if hypothetically Rs 10 invest kiya toh kya hua? Tune khud kuch jindagi mein toh ukhada nhi but gyan dena jarure hain",-1,sad
2802,oho economical crashes,0,unemotional
2803,Literrally u,0,unemotional
2804,"abey harr baar kyu cool banna hai, he meant to say ""who knows""",1,sympathy
2805,"Dude, I get your point.

But we are talking about hundreds of thousands of people possibly dying, and one or more of them could be our family members. We are also talking about our Indian economy taking another massive hit, possibly taking us years back in the past. Is it still worth some personal satisfaction and peace?",1,sympathy
2806,sensex me bhi lagaya tha pr wo bhi down ho gya ![img](emote|t5_2qt79|52308),0,sad
2807,is bhai ko sarcasm ka meaning dikhado koi 😭,0,unemotional
2808,Bro got downvoted for being sane,1,enthusiasm
2809,Nuh uh,0,unemotional
2810,"Not trying to be cool just telling the truth, you kids don't know the difference between facts and trying to be cool then it is your fault.",1,sympathy
2811,"Choro bhai, he's just trying to cook something.

And all he has cooked is salad and cereal.",0,unemotional
2812,Bhikari wale joke ko sarcasm nhi bolte,-1,anger
2813,"bruh I am atheist myself you ain't getting my point, don't wanna argue further",-1,anger
2814,Kyun offend ho raha hai yaar? Tu literally teens ke sub pe hai idhar bakchodi hi hoti hai re.,-1,anger
2815,"Yeh saab bakchodi se hii start hota hain baadmein jaab bakchodi se ""real"" hojayega taab time nhi rahega kuch fix krne ka",0,fear
2816,Ye baat bhi sahi hai 😭,0,unemotional
2817,It's not new. It's a virus that's been around since ~2000. The only reason it's spreading anywhere now is because it's winter. There's no reason to compare it to Covid. Flu A is spreading in parts of the US and is pretty bad right now but no one is saying that's like Covid,1,sympathy
2818,No way that this will be again,0,fear
2819,we got a mcFucking plague sequel before silksong smh,-1,fear
2820,Hump virus,0,unemotional
2821,😷,1,happy
2822,"this virus has existed for decades. people get it all the time. it’s seasonal and causes cold-like respiratory symptoms. sometimes it can be a bit more severe and cause bronchitis. again, it’s very common and has been around for a while. herd immunity to this virus is widespread so a pandemic is not likely. this is just a winter surge. 

this is not something to fear monger",1,sympathy
2823,let see what happens,0,fear
2824,"Ah shit, here we go again",0,surprise
2825,No,-1,unemotional
2826,Well Jan2025 starts with WTF same as 2020,-1,sad
2827,We got Covid 2.0 before gta6,0,unemotional
2828,"Once again, can we stop fear mongering about this shit? It's a known illness that is spreading during the flu season in China. This happens every year and is not comparable to COVID. Please stop posting this bullshit",1,sympathy
2829,Second COVID before gta 6.,0,unemotional
2830,"Didn’t know a comment section could be this damn stupid, hMPV originated from the Netherlands in 2001.
If you do nuke China, it would harm Japan, Taiwan, Korea, and other neighbouring countries.",1,sympathy
2831,Oh noo. I just survived the previous pandemic without getting vaccinated and without catching Covid,1,relief
2832,"World Wars moment.
""You thought is was over? The sequel is already there""",1,fear
2833,Season 2 announced,0,unemotional
2834,Sure gonna go global and nobody learned anything the last time.,0,sad
2835,here come the fearmonger memes :0,0,unemotional
2836,"I'm hoping for another pandemic, i don't wanna get out, i wanna stay on my bed all day...",1,happy
2837,[ Removed by Reddit ],0,unemotional
2838,I didn't like season one. I won't go see the second one.,0,unemotional
2839,"China seriously, wtf?!",-1,anger
2840,Years that start with WTF are really fun,1,happy
2841,It's not funny any more government.,0,fear
2842,2 plagues before GTA 6,0,joy
2843,ARE YOU FUCKING SERIOU-,0,enthusiasm
2844,😂,1,happy
2845,China and the pandemic are more consistent with sequels than Valve and Gabe,0,unemotional
2846,"I’m a Pediatric Pulmonary RN. This is NOT a new virus. This is already very well established in the US. From Wikipedia:

“As of 2016, it was the second most common cause (after respiratory syncytial virus (RSV)) of acute respiratory tract illness in otherwise-healthy children under the age of 5 in a large US outpatient clinic.[3]”

We’ve already reached some sort of equilibrium with this virus in our population. China is just having a local epidemic. Which is different from a pandemic. I know everyone’s still a bit traumatized by Covid 19, but this is not equivalent. Please, stop spreading unfounded fear.",0,unemotional
2847,"Tabloids spreading fear for momey, governments spreading fear for power, people spreading fear for clicks.",0,unemotional
2848,I've heard a couple of things about this and all I can say is you should probably do research on it.,0,unemotional
2849,Don't forget about H5N10,0,unemotional
2850,PLANdemic,0,unemotional
2851,What tf I am going to tell my grandchildren...,0,fear
2852,I don't think that my psyche will survive another lockdown.,-1,sad
2853,But this time it’s with the side of WW3 in eastern Europe/middle east,0,unemotional
2854,Did this one also come from a bat?,0,unemotional
2855,*experiences 2020 flashback*,0,unemotional
2856,I had a bit of a feeling this was gonna happen again,-1,fear
2857,"There have been half a dozen “the next Covid” since Covid. It’s because news media learned they got tons of clicks by scaring the public with Covid news. To be clear, Covid was extremely deadly when we were in lockdown. As a nurse who was on the front lines, I would never play that down. Just keep in mind that the media just wants clicks like it got during COVID, and they’ll hype up whatever virus they can find to spin that story.",1,sympathy
2858,But is It woke? :-P,0,surprise
2859,God dammit China AGAIN,-1,anger
2860,"COVID-19, then Monkeypox, and now this.



3rd time's the charm, right?



Is this ""Disease X"" that the wef folks were talking about?",0,surprise
2861,"I won't play this game again, I didn't even want to play with COVID, and that shit turned out to not be a big deal either",-1,fear
2862,No. Jfc you people are mentally incompetent,0,sad
2863,At this point china should be nuked,-1,anger
2864,"No. Please no. I can't do this now, during high school it was easier but not with these damn college deadlines...",-1,sad
2865,YES. Exam SKIP ⏭️,1,joy
2866,"Never surprise , the famous Black Death also come from there",0,unemotional
2867,[removed],0,unemotional
2868,"fearing mongering. 

it’s propped up to force people into a spending frenzy. ",0,fear
2869,Before it was bats what's the animal now?,0,surprise
2870,"This is dumb, and wrong",-1,anger
2871,"Wait, are you saying that the media findings new viruses to compare to covid and shoving it down our throats for the past 4 years is clickbait?!?",0,surprise
2872,"SARS has been around since 2002, I'm scared yall 🫠",0,fear
2873,Oh yes it will. Another pandemic and a police state are on the rise.,0,unemotional
2874,Covid 25 before GTA6,0,unemotional
2875,Just hide out in Greenland for another 5 years,0,fear
2876,Saying “not something to fear monger” is what I imagine would be the last line in the “corporate dude makes suggestion and gets thrown out of high-rise window” meme. Probably in a media place where they’re brainstorming how to deliver the news on this new virus from China,1,fear
2877,Thx to the TikTok videos,0,unemotional
2878,"Luckily I stopped after the 2nd shot, my Covid flu lasted only 3-4 days",1,relief
2879,Your where more fortunate than me,1,enthusiasm
2880,Ofc it's from china ... that shithole needs to be nuked clean,-1,anger
2881,At this point this news is just being used by some as an excuse for open sinophobia. HMPV has been around for years now including in the US but the instant its in China all the racism comes out.,1,sympathy
2882,People are spreading fear for quarantine and videogames.,1,sympathy
2883,We are already at 1941 all over again,0,fear
2884,"It came from birds apparently, ~~as it originated from the Netherlands in 2001.~~

EDIT: The first **identified** case of HMPV was in the Netherlands.",0,unemotional
2885,Probably,0,surprise
2886,"HMPV is an extremely common virus that already had an outbreak here in March 2023, this is just clickbait",0,fear
2887,Casually calling for genocide.,0,fear
2888,"Calm down Godzilla, your pal kong disapproves this",0,joy
2889,China has nukes too,0,anger
2890,"Ever notice how it's the unstable countries that talk about nukes the most?

China, Russia, Iran, and North Korea come to mind.",0,unemotional
2891,"The Black Death originated in Kyrgyzstan in Central Asia, HMPV is an extremely common virus and there was already an outbreak in March 2023 in the US",0,unemotional
2892,Clickbait rags,0,unemotional
2893,"100% but not new.
 They're repackaging common viruses as new for clickbait.",0,fear
2894,PFP checkouts,0,unemotional
2895,Oh shit. Where??,0,fear
2896,FFS Greenland ruining again another Plaque INC run,0,fear
2897,ok boomer,0,unemotional
2898,"Thanks. I'm lucky and Thankful for that. 
I am sorry for you, bro.",1,sympathy
2899,1.4B people need to be vaporized in a nuclear inferno because a seasonal flu exists?,0,surprise
2900,But there has never been a “first nuked”,0,unemotional
2901,"Always funny to me.

Like China isn't one of if not the most racist country on earth. They don't even like their own people if they're not Han Chinese. And their government is actively hostile to the west. And they're 0 for 7 on containing pandemic level viruses because their country is an open air sewer next to a manufacturing plant with so many homo sapiens they scurry about like rats.",1,joy
2902,"Imagine speaking out against a comment that casually encourages genocide and murder of an entire nation as if 1 billion people deserve the death penalty, then getting downvoted into oblivion.

Instead of Chinese people being viewed as the ""first victims"" or ""biggest victims"", they are instead being joked about as foreign nuisances to be eradicated, not even to be considered human.

If my country requires aid from a new disease, I worry the sentiment will be the same.",1,sympathy
2903,Piss off Pooh bot,-1,anger
2904,Thank you for this information it was not in my possession,1,joy
2905,"I remember the nation, it was OC immagiNation",0,unemotional
2906,have you ever actually talked to chinese people? there are bad people like there are everywhere but you’re just racist,-1,anger
2907,"\>Like China isn't one of if not the most racist country on earth.

Racist and fucking proud. This is not Europe mate, Chinese people aren't like the white who are getting cucked by the migrants, raping the native white people, and native white people can't do shit about it, because you know... ""YOU ARE FAR RIGHT, YOU ARE A FACISTTTTT CUH"". Lmao, it is always funny asf to me how white people aren't talking about this hard enough, when their native race is decreasing and decreasing, your countries are getting invaded by 3rd worlders without using guns and knives.

EDIT: Appears to me that I have hit some nerves. Maybe it is the white cucks or the migrants, lmao.",0,unemotional
2908,You are literally calling for genocide,0,surprise
2909,Have you considered putting an end to your worthless life? Because you really should.,1,unemotional
2910,Shut up pussy,-1,anger
2911,Lol my statement is  the same about the USA. That make you feel better champ?,0,unemotional
2912,"Whoa! Talk about being oblivious to the genocide in Xinjiang.

I'm sure we can agree that all genocide is bad.",0,anger
2913,China is detrimental to the rest of the world,-1,anger
2914,You are of weak mind and body. Farmer,0,sympathy
2915,"Thanks for abusing the report for Reddit resources, enjoy your ban 😑",-1,anger
2916,You mean like how the Nazis thought Jewish people were detrimental to the rest of the world?,0,surprise
2917,And the US isn’t? What countries has China invaded? Now compare that with the list of countries invaded by the US,1,joy
2918,So is the US,-1,sad
2919,Yeah you're just a racist piece of shit,0,unemotional
2920,Pathetic and weak comeback. No wonder why the UK is crumbling with smooth brain like you being allowed to use the internet,1,happy
2921,"It's ""r/memes"" who gives a fuck LMFAO",0,unemotional
2922,Jewish people didn't spread plagues or heavily contribute to climate change,1,sad
2923,"Chinese isn't a race, it's an ethnicity",-1,anger
2924,The UK is crumbling yet Chinese people have suicide nets outside their workplaces and get paid terrible money to make the clothes I wear lol. Be quiet flat head,1,sympathy
2925,The Nazis definitely seemed to think Jewish people were spreading plagues.,0,unemotional
2926,"Terrible argument. 

BTW, when it comes to c02. When you add up all the C02. America is the worst offender.

So tell me. Can we remove America? If you are so happy to nuke a country. I know a good country. 

It has blue and red stripes with 50 stars.

It has a orange President and it just happens to threaten my country with a 25% tarrifs and it government threatens the ICJ. 

The United States was the biggest emitter in history as of 2023, having released some 430 billion metric tons of carbon dioxide (GtCO₂) into the atmosphere since the birth of the industrial revolution",0,unemotional
2927,"**That's the worst argument...**

USA struggled heavily with containing COVID, they were one of the worst at handling it compared to other first world nations.

Though their rates of emission per year is currently less than China, in total, USA has created the most CO2. Even if you believe China is severly under reporting, that would still make USA the 2nd highest emitter of CO2.

Besides the fact that genocide is wrong (hot take alert), your logic clearly doesn't track at all.",0,unemotional
2928,The most notorious one being communism. /s,0,happy
2929,What's that got to do with Jewish people?,-1,anger
2930,What the fuck do you think?,0,unemotional
2931,"It’s not about how it relates to jewish people, it’s about how your claims correlate with the things Nazis said about Jewish people.",1,sympathy
2932,Lmao. Such a dumbass that you forgot you're the one that brought up climate change.,0,fear
2933,This could very well be China fear mongering international media (especially our own) only to play victim later by showing a high but false initial numbers of the virus.,1,joy
2934,Boards wale padh hei lo kuch cancel nai hoga tumhara paper bas hmari batch lucky thi 😂,0,unemotional
2935,"Bro,Can I share these video? There is panic and fear among people so this might help them to calm it down.",0,surprise
2936,Mahiti aapva maate thankyou uncle jiiiii,0,unemotional
2937,HMPV virus has spread mainly around beijing i guess. Ive heard in some news. Idk ur relative is recording this video from what distance.,-1,sad
2938,Thank you for this. You don't know how relieved I am to hear this. I cannot afford another Lockdown.,-1,anger
2939,"Gujarati seems like an easy language to understand, especially since I am a Punjabi. Bdw, thanks for sharing the ground reality.",0,unemotional
2940,Looks like the virus is fake and the govt wants to lockdown and blame all the bad things happening in the country on the lockdown.,0,surprise
2941,The english version: https://x.com/diode_tech/status/1876496979506913438?t=e-YLa1Wdjx4eW4YUE_LHIg&s=09,0,unemotional
2942,Gun point pr banaya hai?🤣,1,happy
2943,"This guy would have recorded this vid, and before this made it here, the State Machineries would have vetoed it. Have we forgotten the level of digital intervention a govt. can do ? Especially the region where he is in ? … And we are seeing it ‘cos he isn’t relaying any bad / negative news. If at all it was the inverse that he wanted to say (i.e. ‘yes, this thing is serious. Take care all.. etc etc’), this uncle would have gone incommunicado. Stay safe. Cheers.",0,sympathy
2944,Kem cho mota bhai,1,joy
2945,"Arey kaka toh havee, Jalebi fafda khai ne jalsa karooo bindassss xD",0,joy
2946,What he’s saying is is either genuine or bro just earned 100 social credits.,0,surprise
2947,"Thank you sir,


Fake news ae pattar phadi nakhi che",1,joy
2948,People being worried about hmpv when they really should be worried about bird flu.,0,sympathy
2949,"Let's wait till year end, June - July is timing of new virus.
This is a misfire — just like so many flu strains that are identified during vaccination every year.

Meanwhile like Covid, Samples of potentially dangerous Superbugs have gone missing from Australia.",0,sympathy
2950,Can someone please translate the video?,1,surprise
2951,"Our people in China are saying the same thing.  
It’s just the flu.  People are sick tho.",-1,anger
2952,virus is a propoganda just to make quick bucks. just a stunt by pharma companies to increase revenue.,1,sympathy
2953,Can someone translate or maybe tldr ? Please,0,surprise
2954,Distracting us from how bad the economy is right now. That’s all.,0,anger
2955,"guys explain kardo, me no understand gujarati",0,surprise
2956,"bro himself seems out of breath, maybe he should get a checkup ^^^jk",0,unemotional
2957,Can someone please translate?,0,unemotional
2958,can someone please translate ?,0,unemotional
2959,Did India fall for the hoax and started reported hmpv virus cases lmaoooo,1,happy
2960,This a friend in China using it. They have shared it to me.,0,unemotional
2961,"It's not a new virus and  not that serious, can be treated,but it can cause serious problems to the people who already have weak  immune and lower lungs capacity. It takes this to stay precious and safe , cos after covid weakened respiratory is common.
Better to stay safe then sorry.",-1,sad
2962,You should post in r/ india with translation,0,unemotional
2963,"With China De-dollarization and the growing BRIC economy, this looks like a Media ploy to stump the Eastern Economic growth.",0,sympathy
2964,Translation please. I am a marathi and I follow this sub coz I love the city,1,sympathy
2965,Lawde ka virus,0,anger
2966,But why is the market down,1,unemotional
2967,Translation?,0,unemotional
2968,There were videos like this even in covid,1,sympathy
2969,The guy looks/sounds distressed,1,happy
2970,I might get downvoted for this but I trusted a Gujju in 2020 ki Corona is not that serious now I ain't trusting another Gujju ...,1,joy
2971,Bio attack slayyy,0,unemotional
2972,Can someone translate for me I'm a non gujju.,-1,anger
2973,"Oi bkl chhu wale 
If the message was for Indians speak in Hindi or  shut up",0,sad
2974,translation please.,0,fear
2975,"Can someone please translate to hindi, i did understand some words but still! Thank you in advance!",-1,fear
2976,Kaka ketla hanfta hoy evu nai lagtu ketli taklif pade che bolvama kadach emne j na hoy,-1,sad
2977,Bhai thoda translated summary pls,0,surprise
2978,Bhai thoda summary translated pla,0,unemotional
2979,Can anyone explain what he is saying as I am not from Gujarat,0,unemotional
2980,OP keeps redirecting to a tweet instead of just telling what happened in English,0,unemotional
2981,"my god  
Chinese propaganda is leaking through",0,unemotional
2982,Chinese propaganda!! How come indians are so cheap to buy??,0,surprise
2983,"As if everything in China is free and fair, and the Chinese media isn’t controlled by the Communist Party. It’s the same script as COVID-19, just a different year. However, this illness is not as deadly as COVID-19, and vaccines and medicines are available for it. Small children and the elderly are more vulnerable. In China, it’s normal to have the flu in winter, but that doesn’t mean we should neglect precautions. If the person in this video had said anything against China or revealed the truth about the current situation, the Chinese government would never have allowed the video to be shared outside the country.",1,surprise
2984,Translation?,0,sympathy
2985,"What did he say? I don't understand Gujarati, can someone pls translate",0,unemotional
2986,Chillla chilla ke sab ko scheme e batade,1,joy
2987,"""that one random uncle from west delhi on a random tuesday""",0,unemotional
2988,Chinese are called sick man of Asia for a reason.,0,surprise
2989,"""ahinu news media"" isn't the Chinese media a CCP mouthpiece?",-1,sad
2990,Can someone please translate to either in English or Hindi what the gentleman is saying?,0,unemotional
2991,calm down rajeesh.,0,sympathy
2992,wtf is he saying,-1,anger
2993,Captions to dedete,0,unemotional
2994,https://www.who.int/emergencies/disease-outbreak-news/item/2025-DON550,0,unemotional
2995,"On one hand we have these videos , on other hand china had paid influencers during 2020 to do these exact same type videos before you know what happened so I don’t believe anyone now.",0,sympathy
2996,Subtitles bro!💀,0,unemotional
2997,Subtitles please,0,unemotional
2998,To whom you are giving thing message? To each Indian or to only Gujarati people ? At least use Hindi or English so that people can get you message. Local language is only for your surroundings. Hope you get it. Thank You.,0,sympathy
2999,"“China ni tarafadari nathi karun chu”, something someone who’s doing China’s tarafadari would say.",-1,anger
3000,Translation daalo bhau 😂,0,unemotional
3001,Bruh at least translate in some common language. Can't understand jack.,0,unemotional
3002,[deleted],0,unemotional
3003,Bhosdi ke hindi me bol leta,-1,anger
3004,"Uncle to gujarti me puch rhe honge na? Waha to Chinese chalti hai...
Chinese me puch ke batao na ek baar.",0,unemotional
3005,[deleted],1,joy
3006,We don't know what is going on at the higher level but we feel that its nothing fear about as of now.,-1,sad
3007,"anyway we must ""be safe rather than sorry""",-1,sad
3008,Deep state and soros responsible,1,sympathy
3009,This is literally godi media spreading panic to divert public attention from their failures and tax loot discussions.,0,sympathy
3010,Lol,1,happy
3011,This is Gold!,1,joy
3012,Humara bhi,0,unemotional
3013,The Golden Year,1,joy
3014,![gif](giphy|eUDhD5XFBw0r6),0,unemotional
3015,"kya lucky bhai, covid batch sun kar sab judge karte hai",0,unemotional
3016,"Sure, If you want them, I can share them. DM me.",1,joy
3017,"I also asked a few people I know who are in Beijing. Here's one of the conversation:

https://preview.redd.it/18fgvuz9sibe1.png?width=1080&format=pjpg&auto=webp&s=ad150208ba18fa8d7721e242a38f9108fd360370",0,unemotional
3018,Virus may be there but its just a normal one nothing to be afraid of.,0,fear
3019,https://www.who.int/emergencies/disease-outbreak-news/item/2025-DON550,0,unemotional
3020,Thanks for sharing,1,joy
3021,Lol,0,fear
3022,Why worry about something which we can't control? Just chill..,0,sympathy
3023,What? Source?,1,fear
3024,There's an english version of the video in comments,1,joy
3025,"There's an english version of the video that I've posted on twitter, linked in comments.",0,sympathy
3026,https://www.who.int/emergencies/disease-outbreak-news/item/2025-DON550,0,unemotional
3027,"There's a video in english, same content, the link is in comments.",1,sympathy
3028,😆,0,surprise
3029,There's a comment where I have posted an english version of the video.,0,unemotional
3030,There's a comment where I have posted an english version of the video.,0,unemotional
3031,Yes,1,happy
3032,https://www.who.int/emergencies/disease-outbreak-news/item/2025-DON550,0,unemotional
3033,"what should be the flair, they are not letting me post in the health news.",0,sympathy
3034,[https://www.reddit.com/r/ahmedabad/s/EcAD6ZWWS4](https://www.reddit.com/r/ahmedabad/s/EcAD6ZWWS4),0,unemotional
3035,You can find an english version in the comments,1,surprise
3036,"Helmet pehno, mask ke saat saat.",0,unemotional
3037,Sir mujhe kya pata?,0,surprise
3038,For your information only the Indian market fell down when 2 cases were reported in Bangalore but rest all other world markets including China Taiwan Korea were rising or stable,0,unemotional
3039,There is an english version of the video in comments,0,unemotional
3040,https://www.who.int/emergencies/disease-outbreak-news/item/2025-DON550,0,unemotional
3041,No boss,-1,sad
3042,"Your wish sir, he's just saying that there's no need to panic.",0,unemotional
3043,There's a comment where I have linked a video that I posted on twitter which is same thing in english.,1,joy
3044,There's a comment where I have posted an english version of the video.,0,unemotional
3045,https://www.who.int/emergencies/disease-outbreak-news/item/2025-DON550,0,unemotional
3046,"Hi sir, this was a video ment for the relatives, we were not expecting it to explode. I have posted the english version on my X. The link should be in the comments somwhere.",0,sympathy
3047,"Well sir, this is an observation that he is sharing, if you want you can consider it. If you think he is taking sides, you can continue believing so.",0,unemotional
3048,he has to say this because of RW keyboard warriors.,0,unemotional
3049,Sir Comments me English version hai: https://www.reddit.com/r/ahmedabad/s/EcAD6ZWWS4,0,unemotional
3050,[https://www.reddit.com/r/ahmedabad/s/EcAD6ZWWS4](https://www.reddit.com/r/ahmedabad/s/EcAD6ZWWS4),0,unemotional
3051,There's an english version in the comments,0,unemotional
3052,China has driver on left side sir.,1,surprise
3053,https://preview.redd.it/e92a1n5vfibe1.jpeg?width=320&format=pjpg&auto=webp&s=f8c47f691d1fd75ffe83d2a7afc8166b2c4f58e8,0,unemotional
3054,https://x.com/diode_tech/status/1876506768479580419?t=1fPoz9Db5bxWW--2YcNo8g&s=19,0,unemotional
3055,Bhai woh log English samaj te hai,0,relief
3056,why are you downvoted? ig people didn't understand you were joking,1,joy
3057,"Our media is no better, but my comment wasn’t about them 😅",0,surprise
3058,Why do you feel that?,0,unemotional
3059,"https://www.who.int/emergencies/disease-outbreak-news/item/2025-DON550

WHO is also Godi media?",0,unemotional
3060,Bro can i download and share in my family and friends group. My parents are in chicago they are also worried,0,fear
3061,Thank you for sharing here and say thanks to your relative too.This news will relived a lot of people and might save lives too.,1,relief
3062,"Can you share to me plz? in one of my journalist group, they're keep sharing something and some of it without validation. this will be helpful",0,fear
3063,Hope whatever these people r saying is truth and china is not hiding stuff for now like during covid time. Bcs out of nowhere  cases r suddnly coming out.,0,fear
3064,What’s the app you using here?,0,surprise
3065,"Exactly but if the govt can exploit it , it will",1,fear
3066,Ya. Seems so,0,unemotional
3067,I stopped trusting this scammer organization the day they didn't tell everyone that COVID death can be more for people with metabolic disease.,-1,anger
3068,"People are waiting for Chinese Virus because of speculations about 2025.
Bhavishya Mallika from Jagannath Dham.
Also Shri Vijay Goel renowned mundane astrologer...

There have been so many flus and SRS in meanwhile some even on Health & Child Welfares list, none has caused raging emotions...",0,unemotional
3069,If you are going to trust who after what happened with Covid and the vaccines then sorry to say your survival chances in this world are zero,0,sympathy
3070,Ok I will ask later today and then let you know,0,unemotional
3071,Thanks,1,happy
3072,Same thing was said in 2020,0,unemotional
3073,Exactly… then the mfs proceed to use everything frm china😂😭,1,enthusiasm
3074,[deleted],0,unemotional
3075,Ppl here generally dont get jokes. They just love khaman and dhokla jokes ig.,1,happy
3076,Because the first case was very old and the spread is not much as per the time that has passed since then.,0,sympathy
3077,Sure man! Go ahead!,1,joy
3078,DM,0,unemotional
3079,https://www.reddit.com/r/india/s/1eWnVacvjU,0,unemotional
3080,These are observation from trustable sources. Our health min also gave a statement I believe.,1,sympathy
3081,This is wechat,0,unemotional
3082,It was very much clear that comorbidity in the body was a heavenly situation for COVID strain and were more vulnerable.,1,sympathy
3083,Awaiting your reply,0,unemotional
3084,"So he is not driving, he is sitting on the roght side of the driver",0,unemotional
3085,"someone downvoted me too. Fuck that person in particular, not that I care about karma but I wanna know the reason

edit : fuck those 4 people who downvoted me",-1,anger
3086,Okay. But what is the observation? China kept the original spread under cover until it was too late.,-1,anger
3087,Health ministry has askd WHO also to look into the matter and provide actual information as well.,0,sympathy
3088,This is banned in india no? How you using,1,surprise
3089,"When i try to login via vpn it shows that someone has to scan the qr code for verification, can you do it for me",0,unemotional
3090,"But WHO didn't acknowledge it till it was too late. I was following it quite attentively , they even didn't acknowledge the fact that. Vitamin D which we get from the sun will reduce the severity, instead they focused on masks and indoors which ultimately kept everyone unhealthy and in a sedentary state makeing them even more unhealthy. And then the virus killed a lot of people that could be saved by excercise and sunlight . They had one job. To spread awareness , but they only spread fear .",0,sympathy
3091,I tried asking but my post was also removed.So leave it.,0,unemotional
3092,[deleted],0,unemotional
3093,XD,1,joy
3094,"I agree but even my Beijing friend is telling me that he was with her wife to general hospital last weekend for some ortho related problem, and the patient were usual nothing out of ordinary.",0,sympathy
3095,https://www.who.int/emergencies/disease-outbreak-news/item/2025-DON550,0,unemotional
3096,I can't do it but I can ask someone.,0,unemotional
3097,"It's a simple logic tho having less vitamins in the body is obviously going to create bad conditions in the body. Since before COVID I'm taking Vitamin D once a week and Vitamin B12 daily. Apart from that Zinc Magnesium and Potassium is needed  to activate the immune system T cells at thymus gland, a part below the throat and in between the chest. It would be obvious that if you're inside the house all the time the vitamin D intake becomes a must thing. And lack of vitamin D will create Calcification in arteries as vitamin D is required to carry calcium at right places in the body such as teeth bones and lack of it blocks the heart arteries.",1,sympathy
3098,Okay👍,1,happy
3099,"Initially he was stationary, later the car was moving. But if the driving is on the left side like op said, then it is possible that someone else was driving.",0,surprise
3100,Even I have a friend in China now. Not getting clear info though.,0,unemotional
3101,👍,0,unemotional
3102,"Yes please,",0,unemotional
3103,Texted you!,0,unemotional
3104,"Congratulations, you are smarter than vast majority of humans , who should have made everyone know as much as you do . A simple circular could have done that but no, all we got is mask and isolation news",1,happy
3105,[deleted],0,unemotional
3106,"They cannot rely on news, they can simply ask around in their circle.",0,unemotional
3107,My bad. I was going with what op said. The person is driving while making the video.,0,unemotional
3108,Nothing factual from those circles. Just some anecdotal stories.,1,fear
3109,"Hum to long term investor ban gaye 
...",0,sympathy
3110,"Duniya mein kuch ho Jaye, sabse phle g Indian markets ki fat jati hai",1,surprise
3111,"Anything bad happens in any part of the world, Indian markets: 

https://preview.redd.it/bza3o1wg5cbe1.jpeg?width=768&format=pjpg&auto=webp&s=73a0a867ba829261980b9a4f2823cc1075a1acc5",0,unemotional
3112,"Another reason for operators to manipulate, nothing else",0,unemotional
3113,"Yaar yeh retail wale phattu hote hai ya institutional waale? Kuch hua nahi ki profits book kar leta hun, kya pata kal maut aa jaaye.",0,unemotional
3114,"Just a facade, the real reason is the rupee shitting the bed.",1,happy
3115,Collective lunacy.,0,sad
3116,Pump season begins,-1,anger
3117,"Mai Sunday ko 1.5L ka MFs Lia tha.

Aaj buy hoga ache price mein.

BAs market aur neeche na jaaye aate weeks mein

(Jaane waala hai bc 😭)",0,unemotional
3118,This is just an excuse.,1,joy
3119,Me to my portfolio - Sabse pehle toh aapko ghabrana nhi hai,1,happy
3120,"Funny thing is it's not even a new virus and has been around for 60+ years. 

Even funnier is the fact that it's a seasonal flu.

https://www.livemint.com/science/hmpv-outbreak-in-china-is-it-a-new-virus-how-is-it-similar-to-covid-19-is-there-any-vaccine-what-we-know-so-far-11736044379099.html

Edit: some of the comments mention first hand experience. That's the leading indicator compared to a news article. Time to maskup",1,enthusiasm
3121,"One word ""Panic"".",1,joy
3122,"Chud gaye guru...🥲

![gif](giphy|joxThEgTJuSBO)",-1,anger
3123,Operators leave no room for not manipulating. Even an icky reason is enough.,0,unemotional
3124,"Dip dip dippity dip, I said a dip dip dippity dip!",-1,anger
3125,When you’re into stock market investing and your opponent is china 💀,1,surprise
3126,Operators ko bahana chahiye bas giraane ka,1,sympathy
3127,Dunia mai jrra bhi kuch ho first thing people do in Indian stock market is to press Sell button I don't why!!,0,unemotional
3128,No wonder why Apollo hospital roared from negative to highs,0,unemotional
3129,Where is the guy who bought ETFs at every 1% dip in Nifty? Would love to know how he's doing in this weather.,0,sympathy
3130,"Long Overvalued market sees correction, more at 11. 

2025 is China's and US's year, save this comment.",0,surprise
3131,It takes just 2.... 😔,0,unemotional
3132,"Buy buy buy

![gif](giphy|hFXwY4lER3oBO)",0,unemotional
3133,"Erkältungsviren mutieren  von Monat zu Monat. Wenn aber jemand der Erkältung einen anderen Namen gibt wird daraus plötzlich das ""böse Superbarzillus"". Ferner würde ich mal wagen zu behaupten daß in Indien die medizinische Versorgung hier und da noch leichte Defizite hat und wenn zwei von 1,3 Milliarden Einwohner Indiens HMPV kriegen dann fällt unmöglich ein Aktienindex... ich hatte aufgrund eines geschwächten Abwehrsystems eine RSV Infektion. Seitdem ist Corona ein Witz für mich... RSV: Atemnot, Hustenattacken, nur Opiate helfen. 5 Wochen krank. Corona: Kaffee schmeckt 2 Tage nicht.",0,sad
3134,Crash word is used a lot these days. What will happen if we see a real crash.,0,fear
3135,Cos markets run by emotions.,0,sad
3136,"Tell me you are a novice without telling me you are a novice. Daily movements in stock markets are driven by marginal buying and selling which is affected by sentiments. Nobody is sitting with a computer to find out exactly how much is the world is going to affected by this virus, how much would it affect Indian economy and how much would it affect the business prospects of listed companies.",0,sympathy
3137,I thought It was because of bad results in the last quarter.,0,surprise
3138,Time to buy more ??,0,surprise
3139,So we buy now?,0,unemotional
3140,Round 2 : FIGHT,0,unemotional
3141,Next leg of downfall.,-1,anger
3142,Somehow the crypto market doesn't give a fuck about the virus.,-1,anger
3143,Season 2 : Episode 1,0,unemotional
3144,"Duniya me kch bhi ho, India walo ka peshab pahle nikalta hai",1,happy
3145,"Abeey yaaar, abhi toh recover ho raha tha. 

Phir GIRR GAYA😭",0,unemotional
3146,When will the world stop playing this “chinese checkers”,0,unemotional
3147,Hmmmm ... bus itna sa !!,0,sympathy
3148,HMPV can become a big challenge if it spreads fast for tourism,0,surprise
3149,Kal bhi girega fir,0,unemotional
3150,Ye to sirf trailer hai . Picture Abhi baqi hai dost 😎,0,unemotional
3151,I thought about buying put when it bounced back to green but then I didn't as I quit FNO,1,fear
3152,I still gained in Infosys tho. lol,0,sympathy
3153,"just bought tata power shares, ofcourse long term💀",1,sympathy
3154,Dar ka mahol hai,0,surprise
3155,Mai to buy-on-dips & hold kiye chala hoo 🤷🏼‍♂️,0,unemotional
3156,master stroke incoming!..lets shut everything down for another 1 year also lets tax gst at 30%,0,unemotional
3157,"i think it's just the beginning right now, it will fall more.",1,joy
3158,So any news can trigger the stocks to plummet 🙄 so basically any news 🗞️ ....,0,fear
3159,"Stupid stupid stupid! 

Man, haven't they made it clear that this virus isn't new and isn't anywhere close to COVID in terms of its effects?",-1,anger
3160,"Hi, /u/Technical-Drag-255! Welcome to /r/IndianStreetBets!

Use the Daily Discussion Thread for basic queries. Before contributing, do check if your particular question has been answered in the [Wiki](https://www.reddit.com/r/IndianStreetBets/wiki/index). Do utilise the search function to do the same too. Please use proper [post flairs](https://www.reddit.com/r/IndianStreetBets/wiki/index/postflair) and adhere to the rules in the sidebar. You are urged to post beginner questions in the stickied daily discussion thread or on our [Discord in \#beginner-questions channel](https://discord.gg/SeDa9Fhwqv) so as to keep the subreddit as clutter-free as possible. **If this post has good insights or well research, tag the Mods so we can give a shoutout on Discord and get the post more traction** Thank you! 


*I am a bot, and this action was performed automatically. Please [contact the moderators of this subreddit](/message/compose/?to=/r/IndianStreetBets) if you have any questions or concerns.*",0,unemotional
3161,Shoes you most of the people in this business are dumbos,-1,anger
3162,I'm begging so hard for another lock down pleasee,0,surprise
3163,Buy the dip bro ...,0,sympathy
3164,"Ekdm sahi bole bhai. Duniya me kahin kuch ho jaye, Indian Markets baith jaati Rudaali karne. Chinese Markets US Markets itna react nahi karti jitna Indian Markets karte.",0,unemotional
3165,https://preview.redd.it/zdj6rncr5cbe1.jpeg?width=225&format=pjpg&auto=webp&s=364d38ca75f4ff27a423a73751cb49fa1f671432,0,unemotional
3166,"What happened to ""indian markets are resilient""?",0,surprise
3167,Fiis are pulling out like crazy now.,0,unemotional
3168,I know it's bad but your comment is insanely funny,1,happy
3169,ye market rolu katta hai by gowd!! Zraa sa kch ho jaaye India mein to ese ro k girtaa hai na bus kyaa btaau,1,happy
3170,"Not unexpected, it’s one of the most inefficient market and long way to go.",0,sympathy
3171,🤣🤣,1,happy
3172,FIIs were selling anyway. This fresh panic is surely by faint-hearted retailers.,0,sympathy
3173,"Covid ke baad se bhot saare newbies add hue hai market me, specially because it now way easier to invest. Wo koi bhi decision lete waqt dimag thodi lagate hai",0,unemotional
3174,Retail most likely. Lagta h aj both dii and fii are net buyers. Dekte h end of day pe.,0,fear
3175,Now this news has been priced in. No point in selling your stocks cuz of this. It's good buy time,1,sympathy
3176,INR is raddi currency.,1,surprise
3177,Anhi to shuru hua hai,1,fear
3178,Yes! Price is coming to take the 23600 low,1,fear
3179,"i read the article. looks like you are downplaying it. covid was not common cold, it took a lot of lives, hmpv can too",1,sympathy
3180,I also do this. I am doing well. Niftybees average price is 259 for past 6 months purchases. Bought today too. Amount allocated for each purchase is the key,1,sympathy
3181,"Overvalue overvalue mat kar bhai, in US those trillion dollars companies have absurd PE ratio yet they are getting pumped, it has been so after covid",1,sympathy
3182,"You're right—some market drops are driven by panic selling. When fear spreads, people overreact, dumping stocks regardless of the virus's real impact. It’s less about the virus itself and more about herd behavior in the market.",1,unemotional
3183,"Fair point. Daily market movements are sentiment-driven, not deep calculations of long-term impact. But virus news fuels that sentiment, triggering panic or optimism. It’s not about precise valuations but how headlines shape collective behavior in the short term.",1,unemotional
3184,Well as a IDFC bag holder I don't think so,1,surprise
3185,Even Covid wasn’t a new virus. Was in my textbook way before it became a pandemic. It’s not about a creation of a new. But more about virulence of their new variants and also attack rates and fatalities.,1,surprise
3186,"This probably isn’t the best way to express it, but I can sympathise with you. Life for middle class was eerily peaceful if no one in your family died. Now it’s as if nothing ever happened. I know there was a huge price that was paid by the whole world, but that we got back to exact same mindless exploitation and consumption after all that, it does feel anachronistic.",1,sympathy
3187,Better get infected and die. Rest of your life would be locked down only.,0,sad
3188,Ghade,0,unemotional
3189,"Let your job/business fail, then you will understand the pain idiot.",1,happy
3190,Bhai Dip buy karte karte Bank Balance Dip me chala gya hai. Ye Dip hi na khatm ho rha is Market me. Ek hafte 5% badhta hai fir 2 din me 7% neeche chala jata hai. Kitna hi koi DIP le lega.,0,unemotional
3191,"Kithna bro.. Since October, if I have to avg everything to come somewhere decent but still not in profit for what I bought I need 2L and counting..

P.S. Not that I won't buy, just saying..",0,unemotional
3192,Wo bhi Paisa bnane ka mauka hai. Bus dimag or paise chaiye. ,0,sympathy
3193,yeah ppl were shouting when indian market were growing like anything even wehn us was struggling india decouping,0,surprise
3194,They are pulling out from long time now,0,surprise
3195,India has a shit economy and leadership,0,sympathy
3196,One of my known came from Bangalore and had symptoms of common cold/flu. So I prescribed her otc and symptomatic treatment as we all do in a case of viral flu but even after 5 days her symptoms worsened like chest pain and breathing difficulty with copious mucus discharge she got okay but I had to give her lot of cough expectorants and bronchodilators. I’m experiencing same symptoms now. Par it with Covid 19 first wave. Not stronger than second one but it surely affected my chest same way it’s doing to me now. All I can say is too be warned it could cause a major outbreak.,0,unemotional
3197,">  covid was not common cold, it took a lot of lives, hmpv can too

In hindsight, covid numbers are slightly higher than seasonal flu, with a lot of downward revisions from lots of countries. Amid the swirl of conspiracy theories, even with taking the top bracket of the numbers, it's not exceed 7M spread over 2-3yrs wwide.

So it MAY be an issue but not drastically so, if it's a variant of flu again.",0,unemotional
3198,"Just by the fact that it existed and had done rounds of a few countries, I wouldn't alarm myself on its potential to affect people adversely (given they are already healthy).

Covid did a number on me and I wouldn't dare say this, without some thought.

But being cautious is always better",0,unemotional
3199,"I am not saying they're justified but companies like nvidia are quite disruptive, adani? not so much.",0,unemotional
3200,"Then it would be logically to buy the dip. Unfortunately I cant trade it... But I can also understand that there remains a certain fear after COVID. A lockdown will stop effectively every kind of factory work, stop all kinds of domestic services ...",0,unemotional
3201,When you know why do you ask.,1,unemotional
3202,COVID was so great for air quality and birds in cities.,1,joy
3203,Deploy your money in chunks,1,enthusiasm
3204,For 10 years at least,0,unemotional
3205,Extra hard now.,0,unemotional
3206,Laser eyes,0,unemotional
3207,Bhai chunks bhi chunky pandey ban chuke ab. Har hafte ka yehi kaam ho gya is market ka. 2 step upar 3 step neeche.,1,happy
3208,Bro could you explain this a bit? Do you mean small investments?,0,surprise
3209,r/10yearsatleast,0,unemotional
3210,FII daddy staphhhhh,0,surprise
3211,"This is not hard. 
Market got panicked for HMPV news I think",0,sympathy
3212,Dance classes chalu karo,1,joy
3213,Bro your sense of humour is just too good😭💀🤣,1,happy
3214,"Thank you for your submission. **Please note that a response does not constitute a doctor-patient relationship.** This subreddit is for informal second opinions and casual information. The mod team does their best to remove bad information, but we do not catch all of it. Always visit a doctor in real life if you have any concerns about your health. Never use this subreddit as your first and final source of information regarding your question. By posting, you are agreeing to our [Terms of Use](https://www.reddit.com/r/AskDocs/wiki/terms_of_use) and understand that all information is taken at your own risk.
**Reply here if you are an unverified user wishing to give advice. Top level comments by laypeople are automatically removed.** 

*I am a bot, and this action was performed automatically. Please [contact the moderators of this subreddit](/message/compose/?to=/r/AskDocs) if you have any questions or concerns.*",0,unemotional
3215,"If you’re poor enough to not be insured your daughter will almost certainly qualify for emergency Medicaid which will cover the entire visit including urgent care and hospitalization. 

I would like to clarify as well that an O2 sat of 82% and Lower Lobe pneumonia is not a garden variety flu, it’s a respiratory infection that, without treatment, has a very real possibility of killing your child in the next day or two.  Whatever the cost, you’ve gotta pay - she can not be without oxygen and monitoring for any length of time right now, at any time she could tire out, have a respiratory arrest, and die. 

I can’t overstate this enough, she needs treatment.",0,sympathy
3216,"We are seeing very sick children right now with pneumonia on top of flu. It is bad, bad, bad across the country.

The triad of low oxygen plus fast respiratory rate plus fatigue/increased work of breathing is what comes before they drop off that cliff. Unfortunately, kids are NOT adults; they exhaust their reserve without many signs that the collapse is immanent. You can't wait until they ""look worse."" This is what they look like when they are in crisis.

Please let them take her to the hospital in the ambulance. Honestly, although triage shouldn't work this way, it may make it even an inch more likely to get the last bed there. The last night I was on call, I spent the next day pulling together the direct line numbers for ""transfer centers"" (or the equivalent) for children's hospitals in the surrounding seven states.

I'd had to call four children's hospitals before I could find one for transfer. Well, one of them would have taken her, but there was a 24 hour wait expected -- and we don't have kid-sized ventilators here. The last time I saw one like this, we did intubate and just tried our best while awaiting transport.

Children's hospitals are in crisis. This is our version of the 2019 surge. RSV and flu are hitting hard, and COVID is still there, but it's the secondary pneumonias that are doing them in. Check out the nursing subreddit. Nurses without experience in pediatrics are being pulled in, including to NICUs and PICUs.

The hospital will work with you. There is some specific language to use when asking for aid if you are in that hole between Medicaid and being able to pay. We will help you. Please get her safe.

Edited to add: So very sorry you and she are having to deal with this. It is hard. It is awful to have to choose.",1,sympathy
3217,"I’m sorry this is happening to your daughter.

There is no safe option other than the ambulance ride with the oxygen mask.

Speak with the hospital social worker while she is admitted. If you are under a certain income level, it is likely that your daughter will qualify for a state-funded children’s health care plan. If she qualifies, this will be retroactive to the care she is about to receive, since she qualified all along.

If not, ask about applying for charity care/bill forgiveness through the hospital. This option will take perseverance, but there are organizations that can help you advocate for yourself if you get a bill that seems unfair.

Good luck.",1,sympathy
3218,"It really makes me sad when cost is a financial barrier to healthcare – I’m sorry to hear your daughter is sick and that the costs are already adding up

An oxygen saturation of 82% is very low, normally we want it in a young healthy child to be at least 97%, ideally higher. Hypoxemia can cause considerable damage to many parts of the body. If she needs to be on an oxygen mask (beyond even nasal prongs) to keep her oxygen levels at normal range, that’s quite serious (even if you feel your daughter currently doesn’t physically appear to look that sick). This is not something that should be managed at an urgent care centre",1,sad
3219,I hope your little one gets better!!,1,sympathy
3220,So glad to hear she’s doing better. Sounds like her mommy is pretty strong too.,1,sympathy
3221,"The wroding the UC used that you ""must"" do XYZ is incorrect. You have the option of driving your child to the hospital yourself but you'll be taking the risk. The chance that your child will get super sick with you taking her or an ambulance taking her is low. 

As for whether you need to go to the hospital, that's harder to know without seeing the child. Statistically most transfers of such sort are to prevent you from suiting the doctor afterward when shit goes wrong. And yes, people sue their doctors when we don't take every possible last resort to prevent something even remotely from happening. 

If my child can maintain her oxygen and stay hydrated at home and there is no signs of sepsis then I would take my child home and if something goes wrong I would go follow up with a good pediatrician or go back to the urgent care or walk into an ER.",1,sympathy
3222,"Thank you for pointing this out. NAD but OP, my college friends and I are in mourning today because we lost our lovely, healthy 42 year old friend last night to pneumonia complications from Flu. She went from fine on Tuesday to intubated on life support by Thursday. Please listens to the doctors. Have her transferred however they think is most likely to keep her comfortable and more importantly, safe. Im sorry insurance is an issue for you here. I see lots of other great comments helping on that issue.",1,sympathy
3223,"Thank you for the info. Some of this I did not realize until it was almost too late. I truly thought she just had the flu. I’m so glad I decided to bring her to urgent care. Now I know what signs to watch for in the future and to take action vs waiting it out a little. That can be the difference between life and death. I feel so guilty that I didn’t bring her in sooner, but I’m just thankful she’s going to be okay and she’s in great care.

Are you able to elaborate a little on the language I should use when I ask for aid? I’ve heard this elsewhere too that they won’t offer it, you have to specifically ask.",1,sympathy
3224,"What a sweet spirit you have. I’d wager a limb that you’re an excellent doctor, driven by an actual desire to fix all the boo-boos. 

Thank you for the clear language and for sounding the alarm (and for likely working too long & hard at times like this). I had no idea about the crisis, but I’ll spread the word now.

Hang in there. You are needed and appreciated.",1,sympathy
3225,"One of my doctors offices is inside a hospital building and they are not letting kids inside to visit and they are screening people coming in for signs of illness. 

I know so many*adults* who have picked up illnesses from kids already this year and yes that's usually normal but it's usually minor colds and these are 1-3 week long knock out drag out fights of illnesses. 

RSV and the flu are kicking hospitals asses. They need to get back out there and start telling people if you feel sick stay home and if you need to go out wear a mask (because people feel like they don't need to anymore because they are covid vaccinated) 

And I know we are all sick of covid but if there's anywhere that is dealing with this and gets a really bad surge this winter it's going to be an absolute catastrophe. 

I don't say that to be a doomer, I say that because I can see the large and very well staffed urgent care and hospital times around me being crazy during slow times for example. I can see the measures my hospitals are putting into place. 

This is my first large Thanksgiving dinner in a couple years (none other than my husband in 2020, like 5 people 2021). I don't want to not be able to have a Christmas dinner this year, so I'm certainly not doomering it. I wish there was more out there as far as PSAs",1,sympathy
3226,"Why is it that we are seeing such high rates of rsv and flu? Is this only in children or also adults? Is it that there are many more infected, or are the symptoms/the virus worse/stronger than in previous years and it makes them more sick?",1,surprise
3227,"I’ll add that I’m a medical coder and part of what I do is assist patients with high medical bills and attempt to get them written off or reduced. 

Op, it’s likely you can get those Medicals waived or reduced. Medicaid usually has a 90 day retroactive look back on claims. Most people on unemployment also are usually eligible for snap as well. With the federal boosters in place, that might also give you some breathing room as well.",1,sympathy
3228,"At the hospital, your daughter may qualify for Medicaid, and there should be a person who can help with the application. I can’t speak for TX, but the 2 states I’ve worked in, Medicaid is retroactive to the beginning of the month, so if she qualifies, the hospital stay and the urgent care visit will be covered. I don’t want to get your hopes up, but I do want you to know that hospitals work with uninsured people every day and there are people employed by the hospital to help you with this.",1,surprise
3229,"The following is not my comment but I saw it elsewhere on Reddit today. Sorry, I don’t have the redditor’s name. 

Hey sweetie I negotiate hospital bills for a living. I want to let you know that what you’re feeling is normal, but only because people don’t understand how not serious this is. So take a few deep breaths and let me explain…

Insurance carriers hire people like me to negotiate bills on their behalf. We frequently gets these bills reduced by 40, 50, 60%. This has caused providers to pad their bills, knowing they will only receive a small portion. That, plus all the uninsured folks who never pay, means hospitals and doctors try to charge an outrageous amount of money for very basic services.

You do not have to pay this bill. Ever. They can’t do anything to you. No one will force you. It will show up on your credit report but medical debt is separate from other debt. This is America. Literally everyone has medical debt. It won’t stop you from getting an apartment or buying a car or a house. It doesn’t make a difference.

In a few years, the hospital will sell it to a collections agency for pennies on the dollar. Then the collections people will send a few letters and call a few times, trying to settle with you. At this point, if you want to settle, offer a ridiculously low amount to resolve the bill in full. They will likely take it.

If you STILL want to pay before it gets sent to collections, which I would never do, call the hospital and ask for an itemized bill. It will be significantly smaller. Then ask for a self pay discount. It will be substantial. Then ask the make monthly payments, it can be a couple bucks a month. As  long as you’re making the payments, it won’t get sent to collections (which even if it does, who cares).

Please don’t do anything drastic. The system is fucked and it’s supposed to make you scared and nervous so that you sell your baby to pay the bills. In the end, the hospital knows they have no leverage against you so they want to make everything complicated and intimidating. Don’t let them win. You got this.",1,sympathy
3230,"Not OP, but can I ask a related question? My son is 3.5yo and has asthma. He usually sits about 98% when healthy and not having an asthma flare. When he's sick, without an active asthma attack he generally ranges 94% but has dropped as low as 87%. We've been told to take him to the emergency room when he drops to 89% or lower... but is it safe for him to be 90-93% staying home in bed whenever he's sick? Because as of right now, that's currently what's happening.",1,surprise
3231,">It really makes me sad when cost is a financial barrier to healthcare

Even more so when it's access for a child. A child is not responsible for their parents ability to pay insurance.",1,sympathy
3232,My mom got hypoxemia from pneumonia I never understood what happened to her she was 80 😭,-1,sad
3233,"I was an EMT and a pre-med student one semester from my degree before my body finally tried to give up on me. I wanted to be a doctor so badly but I never understood the cost of healthcare in the US until I was on the other side. 

Starting when I was 17 and continuing throughout the entirety of college I had pyelonephritis over and over again, multiple instances of sepsis, kidney failure you name it. In my entire life I have never been uninsured and never had lower than “gold” level “amazing insurance”. 

My accountant friend sat down with me and we got to $2 million dollars before we gave up adding the rest of the medical bills. I can’t even file for bankruptcy because there would be no point because it’s not something that will go away. 

And this is with me being insured…I can’t even imagine someone in a similar situation without insurance. 

It’s so wrong that people like OP even have to be worried about the financial cost of healthcare.",1,sympathy
3234,"Thank you ❤️ she is, slowly but surely.",1,happy
3235,Thank you ❤️ We are almost through it!,1,happy
3236,"Read the post more carefully, this is not a case where we can do some equivocating on the internet.

If this parent took the uncertainty in your response to heart and chose to take them home, there's a good chance the kid would die or be even sicker when they end up having to go to the hospital. Your colleagues in the urgent care HAVE seen her and want her transferred, that should be enough for you to wholeheartedly endorse the necessity of a transfer for a kid with an O2 sat of 82% on room air.",0,sympathy
3237,The kids room air SpO2 was 82%. I’m no pediatrician but that seems like a slam dunk hospitalization to me.,0,sympathy
3238,"Rapid respiratory rate with a pulse oximetry on room air of 82% in a young child is pretty concerning. We can’t see the child so it’s hard to say how difficult their respiratory effort is. I don’t know how far the hospital is, but the possibility the child may worsen during the drive exists. That’s your choice to make, but I my mind the ambulance ride makes sense. 
I would speak to the hospital admissions folks about applying for Medicaid for your child, as someone stated earlier, it will be retroactive to the beginning of the month.",0,sympathy
3239,"To leave and go home would definitely be against medical advice, and signing out a child in acute hypoxic respiratory failure would immediately provoke a report to child protective services.",1,unemotional
3240,"Read the post again. The only options in this case are an ambulance to the hospital or a call to CPS followed by an ambulance to the hospital.

I'm frankly shocked that the urgent care is holding onto the kid long enough for op to make a reddit post about it.",1,unemotional
3241,I am so sorry to hear about your loss. I have taken all the advice to heart and followed the instructions to get my daughter the care she needs.,0,sad
3242,"For anyone reading, there is no such thing as 'just' the flu. Influenza kills thousands of people, mostly children and the elderly. 

Get your bloody flu shots people.",0,unemotional
3243,"Might I suggest you check out NBCs national news each night.  They have been covering the convergence of the flu & RSV for quite awhile. They even showed Texas Children being almost out of beds awhile back.  

The situation for sick kids is very serious.  They have interviewed a lot of families that had no idea RSV was so bad.  They also showed kids with RSV & their chests as they were breathing before they went to the hospital.  

(Sick kids are always at the top of the program, so you don’t have to watch the entire national news, if you don’t want.)

(Please don’t take any offense by this.  I’m just trying to suggest a good, easy to access source for solid information about childhood diseases that are spreading like wildfire right now.)",0,sympathy
3244,"I had no idea it was so bad and it kinds worries me. I'm a daycare teacher and almost all of my kids started getting sick a week ago. My coteacher and I started getting sick last Wednesday,  scratchy throat and we sounded congested but otherwise we both felt fine. Well Saturday hit and things got my bad. I'm coughing so hard the muscles in my stomach hurt. I cough so hard i can't breathe.  It's been a seriously awful weekend. My husband but the humidifier next to the bed and that's starting to help and even thought maybe I could go to work today (we are extremely short staffed) but i don't want to spread anything, especially if this is very hard on children",0,surprise
3245,"Also, most places will let you set up a payment plan. I had a friend who paid $10 month for 2 years until the bill was settled. It's horrible that finances dictate the amount of health care a person can access.  Please take the ambulance!",0,unemotional
3246,"Adding onto this, many hospitals will work with families to come up with a payment plan. 

I'm not a doc, but have a child who's had pneumonia nearly 2 dozen times plus a scary incidence of RSV. 82% oxygen is very low. Please listen to the urgent care docs, and deal with the financial side of things later. Like the person above said, there are people at the hospital whose job it is to help uninsured people navigate the financial side of things.",1,sympathy
3247,"Hospital social worker can help you apply for financial assistance including the hospital's own charitable fund and outside funding  like Medicaid. 


Your daughter needs to be treated so she doesn't get a brain injury from oxygen deprivation. It scrambles your brain, so even when you have all the information you need to make a decision, your brain has trouble finding the info and understanding the consequences of your actions. 


Speaking from experience, Im 15 years post oxygen deprivation & still need 22-24 hour direct supervision because I keep having preventable accidents",1,surprise
3248,"Former Texas Medicaid caseworker here and OP if you see this, you can apply for coverage beginning this month, but also for three months prior should you need it.  You should be able to apply online at the Your Texas Benefits website (or app).",0,unemotional
3249,"Texas medicaid system is horrifically low for income guidelines. Massive hole of people that make too much for medicaid but not enough to afford treatment. Texas has some of the lowest income limits for medicaid, something insanely ridiculous like 17% of the FPL. (Basically, unless you have no income, you are not getting medicaid, sadly) Compare this to NYS, which allows medicaid for up to 138% of FPL",0,unemotional
3250,"I’m a coder. I’ve seen retroactive Medicaid for up to 90 days. That usually isn’t that hard to get. It just depends on what claims are available. I had a friend that had mental crisis in April and late May. I was able to get both hospital encounters covered, and the ambulance. He hadn’t gotten healthcare in over 10 years. He’s now on Medicaid and is starting to get the care that he needs. He is so much more stable than he was then.",0,unemotional
3251,Thank you so much for this!,0,sympathy
3252,"I have a slight bone to pick with this, I work in medical billing (in TX) and many facilities have caught on to the procedure this comment describes. Therefore, many are forcing autopay, with a minimum monthly payment that theyll accept. For example, my last hospital bill was $1100 after insurance, and they would not take less than $40 a month, otherwise they will automatically report to collections. It’s a dirty business, so hopefully OP has much better luck.",0,surprise
3253,they still report it to my credit report as regular debt and when i challenge it they sue me,0,sympathy
3254,"Great info, very interesting.   When did you read this comment elsewhere, today?   I'd like to see the responses to this...I've read stories about people going bankrupt over medical debt...I wonder if it depends on the state?",1,unemotional
3255,"NAD but have bronchial asthma (basically asthma that kicks in when I’m sick), and it runs in my family - my brother does have full blown asthma. 

I can’t give solid advice like doctors on here, but I can tell you that if it stays in that low range (90 or under for longer than a few hours): A) you need to be treating him with the albuterol nebulizer machine as prescribed to open up his airways - do you have a nebulizer machine at home? It’s a must for anyone with asthma. B) if the nebulizer isn’t bringing up his numbers, or if you don’t have a nebulizer and his numbers stay that low for a while, it’s best to take him in. Reason for this is that his low blood oxygen is depriving his tissues and organs of necessary oxygen to sustain themself; meaning long term can have bad consequences. With that being said, when the o2 is that low, it makes your heart work faster to keep up with the lack of oxygen that the blood isn’t giving.

If it were me in your situation, if I couldn’t get his numbers up with lying still and albuterol treatments, I wouldn’t let it go on for more than an hour or two. 

And, regardless of the number, even if it’s 94% but you notice any blue tinging to the lips or fingers or toes, get him in PRONTO.",1,sympathy
3256,"It is.


The kid is in acute respiratory failure due to pneumonia.  I have no idea why a verified physician on this sub would suggest any possibility other than transport by ambulance and admission.


Yeah, I suppose “Leave AMA and have your child potentially die…” is always an option a parent could make.  However that’s not the advice people usually look for on this sub.",1,sympathy
3257,[deleted],0,unemotional
3258,Agreed. 100% accurate. If a child is desating off of supplemental O2 or in resp distress before discharge then you'd be correct. But either I didn't read and reread the OPs information wrong or others didn't pay attention to what I wrote or possibly got triggered because anything against AMA certainly carries an emotional charge for us as physicians.,0,sympathy
3259,Thank you. Just a total shock to see someone so healthy be taken down so quickly. Hope your daughter has a swift recovery.,0,surprise
3260,Search the hospital's charity care policies to see if your income qualifies you for free care for her!,0,unemotional
3261,Please remember kids compensate until they do not. And they may look fine up until they are not. Pediatrics is a whole different animal. Thank you for listening to the advice here,0,unemotional
3262,I hope your daughter heals soon! I know it can be hard on the entire family when someone is this sick.,0,sad
3263,"You can also talk to a social worker at a hospital who can help you get coverage for your daughter. She most likely qualifies for Medicaid and this should be covered, but a social worker can help",0,sympathy
3264,"That’s where I messed up. She’s never had the flu, and I’ve only had it once. Others in my family recovered quickly, children and adults. I had no frame of reference really. I will never make this mistake again and we will be getting flu shots religiously going forward. In fact her doctor said it’s not too late to get one after she’s fully recovered.",0,sympathy
3265,"Thank you doctor.  So many people say,  ""I was out of work yesterday because I had the flu""  no you didn't! If you are here now,  you had a cold.  My doctor explained it to me,  ""if you are lying in bed sick and someone tells you that there is a 100 dollar bill on your porch, if you get up and get it,  you DON'T have the flu. """,1,sympathy
3266,"You may suggest it, but I’ll pass. I was once a news junkie. Then Trump happened, and I was increasingly depressed, eventually -due to reasons beyond current events exacerbating the situation- I was suicidal. Two letters written, one to go, and detailed plan in place. But it turns out there’s no letter good enough for your child. So, I decided to make some changes to see if they’d help. One of those changes was to stop watching and reading so much news. Now I’m a less informed but much happier living person. We’re all different friend, and I literally couldn’t handle it and also remain mentally and emotionally healthy for my family. So I did what I needed to do.",1,surprise
3267,That’s true. I don’t particularly like doing only payment plans unless there are absolute certain chances of repayment because normally people are struggling and splitting it up isn’t always helpful.,1,sympathy
3268,Thank you. The hospital staff also gave me a packet to apply for Medicaid so I am definitely doing that.,1,happy
3269,"Th reason for this is that Texas is one of eleven states that have chosen not to expand Medicaid. 

[https://www.kff.org/medicaid/issue-brief/status-of-state-medicaid-expansion-decisions-interactive-map/](https://www.kff.org/medicaid/issue-brief/status-of-state-medicaid-expansion-decisions-interactive-map/)",0,unemotional
3270,The current Texas Medicaid income guidelines show 144% FPL for Medicaid for a child in a family of two. Texas is pretty terrible but the federal government makes the children's Medicaid guidelines.,0,unemotional
3271,"It’s a *little* better for children than it is for adults in TX.  You can be on SSDI & if you have savings, you are disqualified from so many supplemental programs.  At least they raised the income level from $17,000/yr.",1,sympathy
3272,I also recommend asking about the hospital system’s charity care. I’m a social worker and I’ve helped patients complete this paperwork.,1,surprise
3273,"Yeah the ""hey sweetie"" person is full of crap. Truth is it financially ruins families and they go into 20 year financial black holes where they have no quality of life and barely survive. Going to the ed and getting admitted is a death sentence for someone. Usually it takes multiple visits. Here anyway they would have turned away the child for breathing through the mask and billed the family 10k for their time, after a 20 hour wait. The ""it doesnt affect you"" comment on collections just means they cant buy a house or finance a car ever again, so theyll pay triple in rent on at buy here pay here's and be poor forever. On the other hand, if they dont take them, they will get life in prison if death occurs.",0,sad
3274,Yeah I thought medical debt was the biggest reason for bankruptcy in the US. Are all those people just handling it wrong?,0,unemotional
3275,"We haven't been given a nebulizer. I'm going to ask about one at his next appointment at the asthma clinic here. He has a maintenance steroid inhaler and an emergency Ventolin inhaler. We've gone to the ER with a steady low 90s oxygen and they will only anything if he is wheezing or having labored breathing. If he's sitting at 91-93% with no wheeze or obvious distress they send us home! Last time we went he was at 92-93% the entire time during triage, and they could hear a wheeze in the lungs. He wasn't monitored in the waiting room. And when we saw the doctor, they prescribed oral prednisone and sent him home- no ventolin or ANY treatment.",1,sympathy
3276,"Given that we're opining over the internet, and the UC physician has seen and assessed IRL and wants to transfer, I think it's inappropriate to introduce doubt in this case. Even though, yes, what you're saying is totally reasonable, laypeople on the internet often don't have the ability to understand the nuance that you're trying to provide. This person is at risk of making a very bad decision.

If you got this call from a non-medical family friend: My daughter is hypoxic, has a fast resp rate, has a known pneumonia, should I bring them into the ED for assessment... what would your response be? Would you do some BS equivocating about the reliability of the sat probe or would you just tell them to bring them in? Add to that the UC physician wants to transfer them to your hospital... would you decline the transfer? Fuck no you wouldn't, so why introduce doubt on the necessity of transfer in this case.

The correct answer of the binary yes or no: Given the information in the post, should this child be transferred to the ED is obviously yes.",1,sympathy
3277,...but why take that chance? If SPO2 is reading 82% at a medical facility and the patient has been symptomatic for days then that should be taken seriously until vitals are otherwise recorded. She should not be blown off simply because you happen to see some children have different vitals upon arrival to ED sometimes.,1,surprise
3278,Doing this now!,0,unemotional
3279,"That is the biggest lesson I have learned throughout this ordeal - they might look fine until they’re not, and it can become a life threatening situation very quickly. I will never second guess myself again when it comes to her health. I thought about taking her to urgent care the day before and I should have. Thankfully we still made it in time. A child’s health cannot be taken lightly and I would literally die myself without her. Advice is what I came here for and I’m so grateful to everyone who provided insight and knowledge that I didn’t have before.",1,sympathy
3280,Thank you ❤️ it’s slow progress but still progress! Hoping to go home tomorrow.,1,happy
3281,"It is definitely worth getting it. Even if she does have influenza, and not one of the other nasty viral infections out there, there are several types of flu you can get. The shots contain scientist's best guesses as to which kinds are going to circulate any given season, and this year, the shot includes 4 types. If she got one now, she can still get the other 3.",0,unemotional
3282,"Thank you for learning and the update.  Breathing things with kids get so scary so fast. I grew up poor and asthmatic in a family of asthmatics- we all learned this too.  My brother ended up hospitalized over a week as a kid for something that started small and then turned into double pneumonia and bronchitis by the time it was done.

I’m so, so glad you came here and listened.  (I tend to get the flu yearly, and bad, even with the flu shot.  Without the flu shot, I get it even worse.  I’ve gotten multiple strains in a year so many times.  My immune system is shit.  As a kid the flu was hell on earth.  It always amazes me that it doesn’t hit everyone like that!)

Thank you for listening and learning again, it makes such a difference!",0,unemotional
3283,Definitely get it to keep her safe through the winter,0,sympathy
3284,"People in your family may not have had the flu.  People say ""I had the flu"" all the time when they just had other colds and viruses",0,surprise
3285,[removed],1,sympathy
3286,I’m glad you’re still with us ❤️,1,surprise
3287,"I’m sorry you went through that.  A lot of ppl had a very hard time during 2020 losing family to Covid & a man in power saying it didn’t exist.  I had to get off social media where my “friends” were.  

You need to know when there are health crisis’ with children.  Texas Children in Houston had zero beds available at one point due to RSV & flu in the last month. 

Maybe work on culling the information, so it’s not so overwhelming. NBC is good about giving you headlines prior to the program.  Plus, sick kid news is at the top of the program.  Or perhaps check Texas Children’s website to see what’s happening now w children’s health. 

I’m glad your baby is getting good care now & I wish you the best.  Take care of yourself & your precious one!  ♥️",0,unemotional
3288,"Yes, this was a deliberate choice.",1,surprise
3289,"I was afraid of that. I was hopeful, that at least all children would get coverage…because they’re kids. But I guess OP’s 6yo should just get a job with benefits.",0,sympathy
3290,Pro life!,0,unemotional
3291,"And yet somehow Abbott was still voted in. Makes
me sick 😔",-1,anger
3292,"Texans can thank Governor Abbott for refusing federal tax dollars just to prove he is an anti-tax  Republican.

Texans pay taxes; they should get benefits when they need them.",1,joy
3293,"At the moment I have zero income until I start my new job, so hopefully there are no “rules” that exclude me from receiving aid because I was recently employed and will be again in the near future. I’m not sure how it all works but I’ll be talking to the financial advisor about my options.",1,joy
3294,I will be speaking with someone in the morning about financial assistance and will ask about this. Thank you!,0,unemotional
3295,"You’re kidding - they don’t even give a nebulizer treatment? My brother used to have horrible attacks all the time, and the first thing they did was give him “the tube” to breathe into, even though we had been doing it at home before deciding to take him in. It was their way to gauge to see if the albuterol had any effect before breaking out the big guns. 

I’d definitely ask - if not insist on getting a nebulizer machine for at home if this is chronic (which it sounds like it is). You can buy the machines outright, but still need the prescription for the medication to put in it. 

Inhalers are good to have, too, but unless things have changed significantly in the last ten years or so since we’ve dealt with it, albuterol was always the first thing the doctors turned to, here in Michigan anyways.",1,relief
3296,"I just want to add, that children’s hospitals have amazing financial programs. This same thing happened to my daughter when she was about 18 months old. She spent 2 nights at the children’s hospital and was fine. CHKD hospital had a tiered system of knocking off 25% 50% 75% or 100% off the bill. We qualified for 75% off, which made the total like $300. The ambulance ride from the pediatrician to the hospital was a turd to deal with, but after at least 3 calls to both my insurance and the ambulance company they finally coded it right or something and I only paid $70. 

Now that I’m a stay at home parent our bills from chkd are 100% discounted and i dont even get bills anymore. I hope your little one feels better soon.",1,enthusiasm
3297,I’m so glad you listened and got her in. 💜,-1,disgust
3298,"Oh my gosh how scary!!! That must have taken such a toll on you and your family. Asthma and the flu sounds like an absolute nightmare. My niece is the same age as my daughter and let me tell you, my brother and his wife have learned a lot watching us go through this. So I’m spreading the wisdom!!",0,unemotional
3299,"Posts by unflaired users that claim or strongly imply legitimacy by virtue of professional medical experience are not allowed. 

If you are a medical professional who wishes to become a verified contributor to this subreddit, please [message the moderators](https://reddit.com/message/compose?to=/r/AskDocs) with a link to a picture of your medical ID, student ID, diploma, or other form of verification. Imgur.com is convenient, but you can host anywhere. Please block out personal information, such as your name and picture. You must include your reddit username in the photo!

We do not accept digital forms of identification.",-1,anger
3300,Nice of you to say. 💗,0,unemotional
3301,"Do you think you are responding to OP? Because you’re not, and your insistence that this person watches heartbreaking things on the news that they have no control over after they’ve told you it negatively affects their mental health is really really odd. Mental health is important. You need to lay off, dude.",0,unemotional
3302,This is absolutely sickening. What do conservatives think op's daughter is supposed to do?,-1,anger
3303,Kids in Texas at least have [CHIP](https://www.texaschildrenshealthplan.org/what-we-offer/chip).  It’s more than adults have.,0,unemotional
3304,"You mean the child should have been born actively pulling up bootstraps, it’s the mothers fault (/s).",0,unemotional
3305,"But [CHIP](https://www.texaschildrenshealthplan.org/what-we-offer/chip) is available for your child.  

Texas *kind of* takes care of kids.  They don’t give a shit about adults needing medical help that don’t have $$$$.",0,unemotional
3306,"Nope, you should be good, afaik.",-1,disgust
3307,"Which children’s hospital is it? If it’s Children’s Health then hopefully it will be okay! I was there in 2020 and required a psychiatric stay, I was there for 2 weeks and it was going to be around $100,000 a day. But the financial aid team was able to cover it 100% bc they have a charity program there specifically for people who can’t afford treatment.",1,enthusiasm
3308,"I'm in Canada. My husband has asthma too and he remembers getting nebulizer treatments as a kid, but yeah! They've never been used or mentioned for our son at all. 

It's definitely a chronic issue. He was diagnosed with asthma shortly before age 2 and had his first *big* asthma attack in March this year. 

I'll ask his doctors about the nebulizer and see if that's an option",1,joy
3309,"I’m sorry your daughter had a hospital stay so young, but I’m glad things worked out well for you financially. This is encouraging for me. Our hospital offers the same tiered system, and I will find out more today about what I qualify for. I might not have much luck with the ambulance. I don’t have insurance and it’s a private company. But will certainly try though!",-1,anger
3310,"No, I know who I was responding to.  I’m *hoping* that /u/FinalOstrich8235 can check back in to the world now that Trump has been gone 2 yrs & maybe check the news.  She’s got kids; she knows how important she is to those kids.  It might behoove her to know there’s an epidemic of RSV & flu, hospitals don’t have children’s beds & maybe she’ll get her kid a flu shot.  

But, thanks for you’re oh so welcomed, & kind!, input.  Buh bye👋

ETA duuude.",0,unemotional
3311,"CHIP, [Children’s Health Insurance Plan](https://www.texaschildrenshealthplan.org/what-we-offer/chip) is available for kids in Texas.  Someone mentioned it to OP in a post higher up.",0,unemotional
3312,"Exactly! That’s the problem with kids these days, they want everything handed to them. Not willing to pull themselves up!",-1,fear
3313,"Yeah, because kids don't require healthy parents to take care of them, lol.",-1,unemotional
3314,I am looking into this too! :),1,sympathy
3315,It’s Texas Children’s Hospital. I cannot even imagine her hospital stay being so costly. I am sincerely hoping I can utilize the resources available so I don’t drown in debt from this.,1,unemotional
3316,"One kid. Now 19, at a top tier college. Deans list. Poli-sci major. Well informed. Politically active. Fully vaccinated. I hope you can sleep now.",-1,unemotional
3317,There are other ways to learn these things. I don’t watch that crap and I knew about that. How on earth do you know whether this person has gotten their child a flu shot?! Worry about yourself and stop badgering strangers on the internet.,0,unemotional
3318,"Bravo!!!  Very happy for you & your kid!  How proud you must be!  It’s not easy to raise kids, sounds like you did a good job.  💪👏👏👏
(No sarcasm)",1,unemotional
3319,"It’s ridiculous how proud I am. I could burst. His heart is even better than his brain. I didn’t even mention the job he landed writing for the school paper, or that his article bested the long-standing most read ever, earning him a celebration with cake at work last week. Or his comp-sci minor that’s so math heavy it gives me anxiety for him. Or that he’s the sweetest older cousin anyone could ever have - so patient and loving. He is the absolute best, which is why I didn’t have another. Can you imagine the therapy bill: “why can’t you be more like your brother?!” And thank you for the kind words as well as the opportunity to brag about my boy. 💜",1,unemotional
3320,"it is the flu 

BIRD FLU",-1,sympathy
3321,"I thought i had covid or the flu, I just tested negative for both but am still sick as a dog.",1,unemotional
3322,People make a big deal out of every new virus with even a remotely sizeable outbreak and only one has resulted in a global pandemic in the last hundred years,0,sympathy
3323,HMPV isn't new. China's just having a local epidemic. I work as a CNA and HMPV unfortunately makes the rounds every flu season.,-1,joy
3324,how tf do people keep getting new diseases. like wtf are yall even doing? shitting in the soup?,0,sympathy
3325,"Hahahahahaha

What middle class?",1,joy
3326,Guys chill out the next pandemic will be in 2119,-1,unemotional
3327,Its,0,unemotional
3328,Isn't it known since 2001?,1,fear
3329,No such thing as the middle class but yes,1,unemotional
3330,When are we finally gonna get something cool like a zombie virus? I wanna be a zombie. I'm fed up with work.,1,sympathy
3331,we can't rest,0,unemotional
3332,"As a gaming social worker, I miss covid. My job was easy. The roads were empty. Suddenly all the lost mates in MMOs and discord popped up again. I have enough games and boardgames to last me a lifetime to complete so let's go.",1,unemotional
3333,They tried the same with Monkeypox. Got to be more original to scare people in current year smh,1,unemotional
3334,"""QUICK, FEARMONGER. WORRY THE MASSES SO THEY STOP TRYING TO EAT THE RICH.""

People really are just so stupid they'll eat up anything and everything. It's basically a common cold, by the way.",1,unemotional
3335,The whole world freaks out now everytime someone coughs or sneezes,1,unemotional
3336,Round 2 😁👍,1,sympathy
3337,"I would think it’s just one of the old style the next big one viruses which in pathology we would see regularly before COVID that we freak out about and national
Health agencies do, but doesn’t gain traction like COVID did.

It better be anyway, as quite frankly if we have another pandemic I’m resigning from my position in microbiology, screw 15 years in that field not going through that turd wagon again.",0,unemotional
3338,Won’t get fooled again,1,sympathy
3339,bird up,1,joy
3340,"HMPV is a different flu, H5N1 is the recent bird flu, we've got two different flu types floating about causing issues.",0,sympathy
3341,"Bird flu?





Yeah they tend to do that",0,joy
3342,So... You believe in birds uh?,0,unemotional
3343,"You know that Covid existed before as well?
Cov-19 is just a variant thats stronger than usual. Like this flu. It's not just a flu, it will be harder to recover from and hence a bigger threat",0,unemotional
3344,"dog flu, there you go. that'll be $59000 please.",1,fear
3345,AIDS,0,unemotional
3346,"Yeah, science has been concerned about a variety of bird and swine influenzas for at least the past 20 years, and none had near the impact that Covid did.",0,sympathy
3347,"Lol, I remember reading a news article about a new virus found in Asia a few years ago.

Me and my colleagues joked about it and said it wouldn't affect us

And then everything went to shit",0,unemotional
3348,"Apparently this strain has ""covid like"" qualities. Loss of taste, smell, neurological effects, etc.",0,unemotional
3349,Shut the actual fuck up. Seriously.,0,unemotional
3350,Wanna hit this ranch?,1,unemotional
3351,![gif](giphy|C80xviCYgWQ00),0,unemotional
3352,ya boobay,1,sympathy
3353,HMPV is not a different flu because HMPV isn't caused by a virus of the Orthomyxoviridae family which means STRAIGHT MUCUS virus but instead viruses from the family Pneumoviridae which means STINKY POISON SLIME virus. Interestingly enough the current outbreak of HMPV in china is a mutated variety that shares characteristics with the Avian variety of metapneumovirus AMPV and has the potential to hybridize with bird flu to make it have an estimated 60x more affinity for human cells.,1,unemotional
3354,Wow almost like always but since covid NOW everyone cares.,1,sympathy
3355,"The same virus was known since 2004 and everyone was just okay with it even though the people researching it said ""hey this can be a bad thing in the future"".",1,joy
3356,"I remember reading articles about Swine Flu, Ebola, and Zika

And then nothing happened",0,sympathy
3357,"Don’t tell me what to do, nerd",1,joy
3358,TIME FOR SOME RANCH!!!!,0,unemotional
3359,Pneumo means air or lung.,-1,fear
3360,"Well, the H5N1 flu could be a massive problem if it mutates the ability to transfer from person to person, though, thanks to Covid countries seem more aware of viruses, so for example, the UK is already getting vaccines in place should H5N1 become an issue.

As for the HMPV, we don't know the full details, it seems like a major problem in China, but the Chinese government is downplaying how bad it is, which they always do, so it could be a small or massive problem, hard to tell due to the CCP propaganda machine.",-1,anger
3361,it becomes a problem to people only when their local store and McDonalds shuts down,-1,sadness
3362,Bc we had a swift hard reaction. Never know with the next administration.,0,unemotional
3363,I Just did.,-1,anger
3364,Sup Mello,-1,sadness
3365,Pneumo means lung in greek but in latin which is the proper usage in the context of taxonomy means poison or stinky slime.,-1,fear
3366,I watched videos out of China before Covid got out. They did NOT downplay that virus on their own soil. Maybe internationally but the videos showed an entirely different picture.,0,unemotional
3367,"Good, at least we have an entering president who will cut flights from China. After the botched covid vaccine and all the people i know who have died from heart complications after getting said vaccine, I'd rather be ultra careful until this shit is tried and tested. Glad i never got covid or the vaccine.",-1,fear
3368,As long as they leave Arby’s alone.,0,unemotional
3369,Stop disobeying me. Daddy will punish you.,1,enthusiasm
3370,That is incorrect. The name is derived from the Greek root word due to the type of diseases caused by them. See 'Derivation of names' in the [ICTV report](https://ictv.global/report/chapter/pneumoviridae/pneumoviridae).,1,relief
3371,All the people you know died from the Covid vaccine? Lmao yeah sure buddy,1,joy
3372,"Botched vaccine? What exactly is your definition of botched? Most people who got it had nothing happen, and you’re sure those people already on the chopping block?",0,unemotional
3373,You mean like how he closed the country down last time he was in office? The beginning of Covid *was* his to deal with.,0,unemotional
3374,"Look it up, early vaccination caused heart issues in younger men. 3 people i know personally, who were perfectly healthy had to have some sort of heart operation recently, so they either were struck by luck or logic. Look it up instead of ""Lil bro""-ing me.

I'm not anti Vax. But holy fucking shit, idk how people can agree that a virus can be made in a lab but when you mention that a HASTILY MADE VACCINE could have health complications, you're a crazy person. 

Never told anyone not to get it, never spread misinformation, only going off of reports, data and personal experiences.

Vaccines are amazing but when ""the right one"" magically pops up, very rapidly I might add, yeah it's normal for people to be skeptical. 

Idgaf about downvotes or the ""buddy"" comments, do your own research.",-1,anger
3375,I said what I said. There was nothing behind it. Other than maybe if we had 4 more years of Biden he'd probably forget it broke out for a few days and then close things up. Lol,-1,fear
3376,"First of all, that's not what you said. You literally said everyone you know died of the vaccine. If that isn't misinformation and fear mongering then I don't know what is.

Second, the reason this vaccine was created to swiftly was because it was a *global* effort. This was the first time the entire world simultaneously focussed all their efforts on one vaccine. No shit it got done quick.

Third, I'll trust literally every scientist that actually knows what they're talking about instead of random people spewing bullshit, thanks.",1,enthusiasm
3377,he don't want to play these games again,0,unemotional
3378,Asmaan se gire khajur per latke,-1,disgust
3379,😭,1,relief
3380,"Hi Users, if you are in depression, feeling lonely or need mental health counseling then Join r/mindclinic ... New subreddit r/mindclinic is dedicated for Mental Health Awareness and Counseling.

*I am a bot, and this action was performed automatically. Please [contact the moderators of this subreddit](/message/compose/?to=/r/indianmemer) if you have any questions or concerns.*",0,unemotional
3381,Shuru hote hi khatam,-1,fear
3382,"**Welcome, u/TheDoodleBug_! Thank you for posting on /r/IndianMedSchool.**

* Do ensure that you have read our [**subreddit rules**](https://reddit.com/r/indianmedschool/about/rules) before posting. Any post that violates our rules will be removed immediately. Readers, if this post violates our subreddit rules - *do not engage, just report*.

* ***Reminder: this subreddit is not intended to seek medical advice of any kind. Please see a doctor in real life. We perma-ban all users who ask for medical advice.*** Please respect our community guidelines and direct your queries to practitioners of Modern Medicine in real life.

* Please follow [Reddit content policy](https://www.reddit.com/help/contentpolicy/) and [Reddiquette](https://support.reddithelp.com/hc/en-us/articles/205926439-Reddiquette) at all times. :)

* Check out our [Indian Medical School Group Chat](https://www.reddit.com/r/indianmedschool/s/VAKdzyZBn2)!

[Wiki - has study resource recs and important notices](https://www.reddit.com/r/indianmedschool/wiki/index/) **|** [Our Discord server](https://discord.gg/dgvMMCy) **|** [Modmail](https://www.reddit.com/message/compose?to=r/indianmedschool)

*I am a bot, and this action was performed automatically. Please [contact the moderators of this subreddit](/message/compose/?to=/r/indianmedschool) if you have any questions or concerns.*",-1,anger
3383,Ye batao exam ke liye padhna ya nahi,0,fear
3384,"Dude metapneumovirus has been going around India for decades. It's nothing new, we are only worried about a new variant and even that will be treated like any other viral infections. 

Let's just wait and see how the new virus is behaving. I wouldn't trust china with their suppressed research. Please be patient and don't spread any unnecessary panic at this point of time.",0,relief
3385,"If reports are true that in China this new virus (media reports saying HMPV) is spreading rapidly then there are definitely some substance to it either it is new variant which spreads rapidly or altogether novel virus can't say anything with china.

Baaki HMPV is been all over the world including India for decades toh abhi koi test krke hmpv nikal rha hai toh isme nya kuch nhi hai.",-1,anger
3386,"I hate people jokingly saying we'll have another lockdown and stuff, do they not realise what actually happened during covid ? Or are they really this insensitive. I wish and pray this doesn't turn into smth as serious as covid.",0,unemotional
3387,https://i.redd.it/je5jaa43fbbe1.gif,0,unemotional
3388,Just bought 30k worth shares of Dr lal pathlabs lol,-1,disgust
3389,Its nothing new. Just media hype. This virus has been around for decades. Chill,-1,anger
3390,"Pehle 11 and 12 gayi, ab 3rd and 4th year bhi 🫡",-1,fear
3391,"Prople here saying chill. Plz dont. Wear masks and take care of your parents 

Its an emergency state in china and malaysia. Its no joke. Even if its existed for decades, its causing an outbreak today. 

WHO has been asked to monitor china. Even they are taking this seriously. We should too.",-1,anger
3392,"https://i.redd.it/apxjx3rd7cbe1.gif

Thanks to RT PCR and strain id we can unnecessarily panic now and then",0,unemotional
3393,mark this date,0,unemotional
3394,![gif](giphy|MZocLC5dJprPTcrm65),0,unemotional
3395,Fear mongering. ,-1,sad
3396,"When there is an indication for loosing of battle !! there is a hope of a ""Man made"" virus !!",0,unemotional
3397,"No man, no, no, no.... My college is going well, full attendance, passing exams. Not again man",-1,sad
3398,"Just useless media hype, this virus is nothing new. They affect all age groups with usual URTI symptoms. Better to stay vigilant & use mask with hand hygiene practices.

Covid was a special case with lab engineered gain of function mutated virus.",-1,anger
3399,![gif](giphy|dZEoQE2qlzwx3IP98G),-1,anger
3400,"I'm sure this season is bound to bring cases of respiratory viral infections on a rise. 
My theory is that china must've been an abnormal rise and done some testing, which majorily came out as HMPV virus. 
Har winter ko sab logh flu ke saath bimar hote hai, they don't go testing it, kya pata kitno ko yeh virus aake jaa chuka hai.",0,unemotional
3401,"As long as there's uncontrolled news media and social media, any old routine infection can turn into a pandemic",0,unemotional
3402,![gif](giphy|lXi4PSZmhEiM76tuIT),0,unemotional
3403,do we have any vaccines for this,0,unemotional
3404,Just tell me whether will there be any restrictions on domestic and international travel,-1,disgust
3405,More crazy viruses from G and F?,-1,anger
3406,Lock down lag hi jaye ek.,0,unemotional
3407,"Hr hafte china mein ek naya outbreak shuru ho jata hai.

And we have seen covid anyway, poor reward to risk ratio of our admin. Skills

Dont panic. If it is gonna be highly contagious, you cant escape it anyway.",0,unemotional
3408,"Padh le bhai, ye virus koi nya nhi h.",-1,disgust
3409,"https://preview.redd.it/w4k9cboncbbe1.jpeg?width=3072&format=pjpg&auto=webp&s=c6c48b4caa96785b138a42956821a315bc4f125b

This is a case that I had treated, look at the date.",-1,anger
3410,"bro , same thing was said for COViD, that SARS existed for decades. However, the thing is if something which existed for decades how does it cause an outbreak?

Sars itself has mutated over the years, thus rises the question of hmpv mutation increasing its virulence. Which strain HMPV is causing outbreak is yet to be clarified",0,unemotional
3411,This.  My “friend” constantly jokes about another lockdown as if it was a joint vacation for the world.,0,unemotional
3412,"Nothing will happen, Indian media and social media will spread fake news of the Virus more rapidly than the virus itself",-1,fear
3413,Rolling high balla country,0,unemotional
3414,lol this is a fucking crazy move 🔥🔥🔥regardless if there is gonna be an outbreak or no.,0,
3415,![gif](giphy|l36kU80xPf0ojG0Erg),-1,disgust
3416,I was also thinking why news are using it as a trp bait after i read about it here few hours later its on news im like wth there not talking about specifics and claiming its the same one from china!,0,unemotional
3417,Waise to corona virus bhi koi naya nai tha,-1,fear
3418,It is a common cause of bronchiolitis apart from RSV Ig?,0,unemotional
3419,"Every virus mutates which ensures it's spread and survival that is true. 

But yes, let's wait for clarification and not spread further panic. The people are stupid as it is, I don't want this forum to also act like idiots, create panic and cause unnecessary issues.",0,unemotional
3420,To jabtak official exam cancellation ya post ponement ki news naa aaye tabtak padhte hi rho,0,unemotional
3421,"Yes along with parainfluenza, bocavirus and adenovirus. Rarely even rhinovirus.",-1,disgust
3422,"yes, understood.",0,unemotional
3423,Thanks for the info. What is the possibility that it would cause a COVID-19 like outbreak and lead to a potential lockdown? I hope it's low.,-1,disgust
3424,"I also hope it's low, but let's wait for further data on the virus.",0,unemotional
3425,"Ya clausuren China, ¿No se ha aprendido nada?
Ese país es riesgo humanitario, y ya que estamos cierren India también 👌🏻",-1,anger
3426,![gif](giphy|vPhjwW82ElgxG|downsized),-1,disgust
3427,"Che igual desde el coronavirus recuerdo q ya salieron como 3 virus en china, una pandemia no es tan común",-1,disgust
3428,[deleted],0,unemotional
3429,"Que vengan todos los bichos de mierda, me chupan bien la pija a esta altura.",-1,anger
3430,https://preview.redd.it/ja0z98m882be1.jpeg?width=1200&format=pjpg&auto=webp&s=860cb15172535e2f24b550f3387dbc50a0201c66,0,unemotional
3431,"Recuerdo cuando la gente decia ""todo trucho"" antes del covid. Veamos que tan cierto sea en 3 meses.",0,unemotional
3432,"Otra ""plandemia""?",-1,feaer
3433,"https://preview.redd.it/xmzwdd79w2be1.png?width=1200&format=png&auto=webp&s=1e9ae5bd235ee79f03387203cd8ace02083615de

# yo el 1/1/2025 pidiendo que sea un gran año",0,surprise
3434,Estos chinos de mierda.,1,relief
3435,Ahora sí a llegar a Master en league of legends,0,unemotional
3436,Quese cojieron ahora?,-1,disgust
3437,[Fake News?](https://verificado.com.mx/china-no-declarado-emergencia-por-virus/),1,enthusiasm
3438,Pero lpm bonita perspectiva,0,sympathy
3439,"Literal todos los meses salen noticias de esta, me hacen acordar al inminente colapso de China que vienen adviertiendo los medios desde los 90 ",1,relief
3440,Si empeora como el covid espero que cierren las fronteras los cabezas de termo,-1,anger
3441,La concha de su madre chinos de mierda..,1,enthusiasm
3442,No hay que compartir noticias de esto. Borra el post. Cuánto menos información circule menos chances hay de que se genere otra paranoia masiva y nos encierren un año entero o más. Difundan esto,1,joy
3443,Dicen que es mentira es para promover el miedo,0,unemotional
3444,chinos de mierda no paran de garcharse animales hermano,0,unemotional
3445,Pero andate a la puta que te parió Rejuvensex,0,unemotional
3446,Umbrella no!,-1,fear
3447,Lpmr bombardeen China,-1,disgust
3448,2020 electric boogaloo,-1,anger
3449,"eso pasa porque hace 4000 años estan cogiendo entre primos, por eso las enfermedades nuevas y por eso es que son todos iguales

/s pero si quieren /sn't",0,unemotional
3450,El brote este es de un virus ya conocido (no nuevo como el Sars-Cov-2) y además no es una súper epidemia. Es solo un brote nomás,1,relief
3451,"Todo trucho, siguiente",-1,anger
3452,Chinos HDLGP,-1,anger
3453,Extrovert bros... not like this...,0,unemotional
3454,Otra vez comerme dos años encerrada y teniendo que socializar con mi propia familia noooooo lpmmmmm,1,relief
3455,Randyyyy no de nuevo,0,unemotional
3456,va a suceder otra vez .... va a suceder otra vez... va a suceder otra vez,-1,fear
3457,Here we go again,1,enthusiasm
3458,La enfermedad solo afecta niños,0,unemotional
3459,Fake amigos,0,surprise
3460,Si por cada virus de mda nos van a encerrar nos vamos a extinguir pero por hambre!. Hasta en la peste negra la gente salió a trabajar igual. los dueños de gimnasios tiemblan.,-1,fear
3461,"https://news.un.org/en/story/2024/12/1158676
 Todavía se espera que den datos tras 5 años de la pasada.",0,unemotional
3462,Si digo lo que opino de esos amarillos me banean de reddit,-1,anger
3463,"chupenme el huevo chinos, by el mundo entero.",-1,fear
3464,Que paso lpm,1,enthusiasm
3465,![gif](giphy|cEOG7nGA7448M),0,unemotional
3466,Que comience el juego 🗣,0,unemotional
3467,Es falso.,-1,fear
3468,"Tiren una bomba ahi, que nos van a cagar matando los sucios estos",-1,anger
3469,"https://www.google.com/amp/s/amp.milenio.com/salud/casos-de-virus-hmpv-en-china-provocaran-pandemia

Dejen de alarmar gente por gusto. El HMPV no es como el covid: lleva circulando mas de 30 años, y sus sintomas son similares al catarro comun. Los casos aumentan en invierno, tal y como esta pasando.",-1,sadness
3470,Lo de la emergencia sanitaria es fake,0,unemotional
3471,"Ya habían dicho que se venía una nueva ""pandemia"" en 2025",-1,anger
3472,Fake. Nunca chequean la información.,-1,sadness
3473,"Es un laboratorio gigante y dos por tres se le escapa una peste nueva.
Deben estar buscando alguna cura para la boludes que tienen los científicos y se les escapa la enfermedad...",-1,fear
3474,ah shit! here we go again!,0,unemotional
3475,Viven con efermedades cada 2 por 3. El Covid fue un caso especial nomas.,-1,fear
3476,Here we go again....,0,unemotional
3477,"No pienso darle bola a esta gilada, no me van a encerrar de nuevo.",1,enthusiasm
3478,Puro verso,1,relief
3479,"Una merecida bomba se merecen.
Capaz suena muy de loquito decirlo, pero quién sabe, quizás quieren desestabilizar de nuevo la economía mundial ?",1,joy
3480,Que se qliaron ahora?un pez globo? Chinos del ogt,0,unemotional
3481,Se viene plandemia,0,unemotional
3482,No tienen otras cosas que hacer esos pajeros? Ya fue,-1,anger
3483,Bombarden China.,-1,fear
3484,"Esta noticia es más Fake que un ""basado en hechos reales"" al final de una película de terror",1,enthusiasm
3485,No es más lógico que quieran bajar la población? Por segunda vez?,0,unemotional
3486,"![gif](giphy|1wmNsPcNAGAXwA5138|downsized)

Oh no...",-1,disgust
3487,De aquí fecha de hoy para mínimo abril esto va a estar igual que el 2020 una cuarentena horrible,1,relief
3488,Bombardeen Perú,0,unemotional
3489,Está pendejadas son para reducir el número de población en el mundo. Y de esta forma tenemos alimento para el resto. Lo chistoso es que si pasamos más tiempo en casa con mujeres de seguro hay más hijos al pasar el año de pandemia. Solo termino el encierro y los hospitales repleto de embarazos. Los que se murieron fueron remplazo por el 5ple de los muertos. Creo que les falló la lógica de las mujeres. Jajaja,-1,fear
3490,1 bueno pero ya 2 seguidas. Déjense de joder y pongan a china en cuarentena,-1,anger
3491,https://preview.redd.it/r9yvy4sgxcbe1.png?width=1080&format=pjpg&auto=webp&s=88d924fcbd83b10c26dd1cee4b5e571c5a7badb8,0,fear
3492,"Upvote por la referencia. No de nuevo, decía.",0,relief
3493,Lpqmp apenas pasamos 1 SEMANA de 2025,-1,anger
3494,Al final tenian razon mis profes de la facultad cuando decian que los medicos se estaban preparando para otra pandemia en unos años,0,unemotional
3495,"Sabia cosas

https://preview.redd.it/pyn152zgwdbe1.jpeg?width=220&format=pjpg&auto=webp&s=55419991a9b61d55ad40e6790683570b5769dfcb",0,unemotional
3496,Mira putos chinos odio a los chinos los considero la raza inferior,-1,disgust
3497,Putos chinos odio a los chinos los c0nsider0la raza inferior,-1,anger
3498,La mejor época jugando a todos los juegos online con los pibe,-1,fear
3499,Los Chinos ven algo con patas y se lo comen hdp. Hasta los muebles se morfan (si son de bambú).,-1,anger
3500,"No va a pasar nada, el virus del mono se murió a la semana, lo mismo con este nuevo virus.",0,unemotional
3501,He visto videos actuales de China. Incluso dentro de hospitales. Y la vida es de lo más normal. Quieren crear pánico.,0,unemotional
3502,https://preview.redd.it/mf71suwvrfbe1.jpeg?width=246&format=pjpg&auto=webp&s=a87351b43c7c7ae76fde9c507b32cfa43f198315,0,unemotional
3503,"Falso, tengo amigos chinos con familias allá y dicen que todo sigue normal",-1,sad
3504,"[Es falso que China declaró un “estado de emergencia” por el virus HMPV al 6 de enero de 2025
](https://chequeado.com/ultimas-noticias/es-falso-que-china-declaro-un-estado-de-emergencia-por-el-virus-hmpv-al-6-de-enero-de-2025/)",0,unemotional
3505,https://preview.redd.it/h0f39932hgbe1.png?width=981&format=pjpg&auto=webp&s=68c70d05fb4c67386de749858be1b0d82a18c686,-1,sad
3506,Yo ya estuve en estos juegos 🗣️🗣️🗣️🗣️🗣️,-1,anger
3507,Esa china buscando llevarse a todos a la verga. Sin siquiera recibir castigo por los daños afectados a otros paises.,-1,anger
3508,"la primera vez fue aceptable, ya otra vez es porque es intencional",0,unemotional
3509,"Ya me dijeron que esta noticia es falsa, pero la he visto al menos 3 veces de diferente forma… ¿Que sucede, es o no falsa?",0,unemotional
3510,"Cuánto más vamos a tener que esperar a que se cansen las pelotas , tiremos un par de bombas por Israel así dejan de joder con la tierra santa y el jamás y la mar en coche , otro par por Rusia y Ucrania así se para la guerra , unas buenas metidas en china país de mierda, y como cereza a Korea del norte así toda la gente sometida en ese país es liberada. Volvemos a empezar.",0,unemotional
3511,Ese virus existe del 2001 es como si hubiera un pico de gripe en invierno en Argentina.  Que manera de decir boludeces.,0,unemotional
3512,Ese virus existe del 2001 es como si hubiera un pico de gripe en invierno en Argentina.  Que manera de decir boludeces.,-1,disgust
3513,esto es terrible basura... y a la mierda es mejor dejarla a un lado del camino,-1,anger
3514,En verdad es cierto eso?,0,unemotional
3515,Aquí vamos otra vez!!!,0,unemotional
3516,"Pero por qué mentís, pelotudo, no te da vergüenza .Que es para tener interacción? 

https://chequeado.com/ultimas-noticias/es-falso-que-china-declaro-un-estado-de-emergencia-por-el-virus-hmpv-al-6-de-enero-de-2025/",-1,disgust
3517,Ponganlos adentro de un domo.,-1,anger
3518,Empezó el verso de la OMS de nuevo para no reconocer que son los efectos secundarios de las vacunas COVID,0,unemotional
3519,FALSO. No hay ninguna emergencia en China.,0,unemotional
3520,"Según lo que leí en una búsqueda rápida de internet, el HPMV fue identificado por primera vez en 2001 en Países Bajos, es un virus que se propaga a través del contacto directo con personas ya infectadas o por contacto con superficies contaminadas, similar a otros virus respiratorios como el Covid-19. Además, causa síntomas similares al resfriado común, y cuando se complica, puede desencadenar en bronquitis o neumonía.

De todas maneras no es un virus nuevo y los 'expertos' dicen que no hay que alarmarse. Las autoridades chinas aseguran que la situación está bajo control.",-1,fear
3521,"Deberian dejar de jugar con los virus estos tipos, que ganas de crear enfermedades que tienen estos... eso o destaparon algo raro en algun lugar porque no es logico ya",0,unemotional
3522,"*inserten meme de ""oh shit here we go again""*",0,
3523,"Como ya no se dieron cuenta que fue una Plandemia? Nos sometieron, encerraron, mataron gente y teníamos un trapo en la cara, qué no protegía nada. Por favor, despierten!",-1,disgust
3524,Habrá que actualizar la compu para la nueva pandemia,0,unemotional
3525,Parece que a las farmacéuticas ya se les acabo el dinero del covid.,-1,fear
3526,"Ya avientenles una bomba de hidrógeno, son demasiados y de dudosa higiene",0,unemotional
3527,"Y casualmente vuelven a lanzar otra app adictiva, para volver mierda nuestro cerebro mientras estamos encerrados ... Coincidencia, NO LO CREO",0,unemotional
3528,"En China pasa algo bien raro literalmente tienen las medidas más extremas para la higiene desde que existe covid 19 dudo que esto sea algo ""natural"" o esto china mismo lo suelta o tendre que creer en la teoría de que Estados unidos lo hizo lo que si es seguro es que eso no salio de la nada pq si",0,unemotional
3529,Real?,-1,disgust
3530,Gana trump y china saca una nueva pandemia,0,unemotional
3531,Ahora si lo van a nombrar la gripa china o van a ponerle una mamada de HMPV 2025,-1,disgust
3532,"ya lo había dicho, no importa cuantos virus surjan, a todos los gobiernos el mundo les va a importar 100 de hectáreas de verga, nadie va a volver a cerrar su economía.",0,unemotional
3533,Chinos cochinos,-1,anger
3534,estos nos traen otra pandemia. boycoteen a china,-1,disgust
3535,Fuente? De los deseos,-1,disgust
3536,Trump quiere frenar a los chinos a toda costa de nuevo,0,unemotional
3537,"Me chupan la pija todas estas pandemias inventadas, a tu vieja la van a encerrar de nuevo 2 años por nada.",-1,anger
3538,No lo escuchen,0,unemotional
3539,"A ver si se dejan de joder, y algun heroe global detona una nuclear en China. O cierren las fronteras, o matenlos a todos. No hacen otra cosa que desarrollar y propagar enfermedades.",0,unemotional
3540,También van a creer en esta plandemia y se van a meter veneno experimental o ya aprendieron?,-1,feaer
3541,"China en su nuevo intento de obligar al mundo a trabajar desde casa. Solo eres el villano de una historia mal contada, China. /j",0,surprise
3542,"Hay que bajar la población mundial de alguna forma, o generando una guerra mundial o con alguna pandemia que extermine a unos cuantos.",1,relief
3543,"https://chequeado.com/ultimas-noticias/es-falso-que-china-declaro-un-estado-de-emergencia-por-el-virus-hmpv-al-6-de-enero-de-2025/
Falso",0,unemotional
3544,"Ya que los chinos (y los asiaticos en general) se cierran tanto de afuera hacia dentro, que se cierren de dentro hacia afuera tambien, no? clausuren vuelos internacionales y fronteras indefinidamente, chinos hdp",-1,disgust
3545,Hasta que no se expanda por europa cero drama bro,1,enthusiasm
3546,"los indios cagan en el piso, comen entre las ratas, están todos apilados y no salen enfermedades de ahí, algo raro pasa en china, no puede ser que salga tanta peste",0,sympathy
3547,"En général el mundo no aprendió nada. Estoy cansado de ver gente toser y estornudar en las manos, se limpian la nariz y no se lavan las manos, van al baño y no se lavan las manos.
En algun momento la selección natural tiene que hacer actuar...",1,relief
3548,Los indios se hacen los boludos pero el hongo más chiquito ahí te simula el universo de The Last Of Us.,-1,anger
3549,Y Perú ?,1,enthusiasm
3550,"Los chinos ya la cagaron 3 veces en menos de 5 años (covid 19, la represa que desaceleró la rotación de la tierra y el aerogenerador mas grande del mundo que modificó las corrientes de aire) y ahora salen con esto?? 

Creo que ya estaríamos de cagadas chinas por este siglo",1,joy
3551,Es el costo de que la tecnología no salga 4 veces más.,0,unemotional
3552,Xq experimentam con enfermedades,0,unemotional
3553,Y justo ahora que llega Trump ?  Hmmm... Armas bio-economicas.  Impacto de trillones de dolares al mundo libre!,0,unemotional
3554,"Una vez mas la sinofobia al pedo.. es como que falta un poco de comprension de estadística, donde hay mas gente en el mundo?",-1,fear
3555,Y Africa no te olvides de africa que ya trajo el sida el mundo y destruyo varios paises con sus inmigrantes,-1,disgust
3556,Un resfriado colombiano y mata todo bicho existente,-1,anger
3557,Al fin un comentario con sentido!,0,unemotional
3558,![gif](giphy|VEVfqy0Vu4c7xziUUN|downsized),1,relief
3559,Recuerdos de Vietnam,-1,anger
3560,Los gringos lo iniciaron,-1,anger
3561,"Primero la enfermedad no se llama Coronavirus, es COVID, Segundo hay teorías que dicen que la enfermedad fue inventada en Estados Unidos y que la esparcieron en China. Yo no lo dudo, está enfermedad nueva ha de tener algo parecido, cuánta posibilidad existe que después de 4 años de pandemia surja una segunda oleada con una nueva enfermedad.",0,unemotional
3562,Se tenia que decir y lo dijiste compa.,1,relief
3563,Podrían sacarle los remedios y bajarle las jubilaciones. En Argentina nos está funcionando.,0,unemotional
3564,Por lo que leí este virus afecta a los niños y pre adolescentes,-1,fear
3565,pendejo,1,enthusiasm
3566,*se enferma y se le cae la pija,0,unemotional
3567,Se te cagaban de risa cuando les decías que podía llegar,0,surprise
3568,El covid fue trucho. Saludos,-1,fear
3569,"Plandemia solo si te fumaste mucha hidroxicloroquina. Dejen de basarse en hipotesis sin evidencias, conspiranoides.",0,unemotional
3570,"Tenlo por seguro, pero por si acaso investiga con tu doctor familiar si es verdad o no.",-1,anger
3571,"ALEJATE DEL LOL

https://preview.redd.it/66w1h1gz7pbe1.png?width=720&format=pjpg&auto=webp&s=575c46f4c4f1394439191e7114975d6fa4777772",-1,fear
3572,Puede ser que sea Fake News la Fake News???!!!!!,1,enthusiasm
3573,Aca esta la noticia completa [https://es.euronews.com/salud/2025/01/08/que-es-el-hmpv-el-virus-respiratorio-que-se-propaga-por-china-y-debe-preocuparnos](https://es.euronews.com/salud/2025/01/08/que-es-el-hmpv-el-virus-respiratorio-que-se-propaga-por-china-y-debe-preocuparnos),0,unemotional
3574,"Eso es en Monterrey y no se sabe de alguna enfermedad, menos que se haga mundial.",0,unemotional
3575,"El sars era conocido, coronavirus hubieron toda la vida. Metaneumovirus hay ahora mismo en uruguay tmb. Lo que cambia son las sepas.",-1,fear
3576,Rt,-1,anger
3577,La única noticia falsa,-1,sadness
3578,Y cual es?,0,unemotional
3579,No...se van a meter lonque el gobierno les  diga... primero los asustan y despues se inyectan. 🐑,-1,anger
3580,"La verdad es que tenés razón.  Para mí es un tema de cultura.  Los chinos se comen todo lo que ven y los indios violan todo lo que ven.  
  
Ya se muy controversial pero me dio fantasía decirlo.",-1,sadness
3581,"Cuando decís algo "" raro"" hacemos guiño-guiño y significa armas biologicas diseñadas en laboratorios no??",-1,fear
3582,Otra cosa q me pregunto. El covid no atacó a los indios?,0,unemotional
3583,"Lo que sucede q diferencia de India es que los chinos ahora tienen plata y viajan bastante. Además muchos van a china a hacer negocios, entonces eso fomenta abundante la transmisión de enfermedades.",-1,fear
3584,Quizas quieren matar a la gente vieja para no pagarles la jubilacion.,0,unemotional
3585,"Flaco los chinos DESCUBREN las enfermedades. No (necesariamente) las generan. Lo mismo paso con la gripe ""Española"" que se generó en los EEUU. Los indios deben estar recontra llenos de pestes pero no las investigan/descubren.

Btw esto no es por defender a china porque son un desastre en un monton de cosas, pero este tema me hierve la sangre. Los locos descubren algo sobre lo que tenemos que tener precaución, y se comen el garrón como si lo hubieran generado ellos.",1,enthusiasm
3586,"Cada vez que voy a CABA me enfermo de algo, debe ser un tema regional",1,relief
3587,La mayoría de los Indios son vegetarianos... clave.,1,joy
3588,"El tema es que los chinos se mueven mucho más por temas de comercio internacional y turismo y todo eso. Los primeros casos de COVID en Italia se dieron por un grupo de empresarios chinos que estaban de viaje ahí.

Es posible que en la India haya hasta más enfermedades, pero como son poblaciones más ""aisladas"" (muchas comillas), no salen de la zona donde se producen.",0,unemotional
3589,Que todo es mentira?,0,unemotional
3590,Es que todo esto va más haya. Es parte de la agenda para ser la egemonia del mundo. El corovanirus fue una farsa para desestabilizarnos como comunidad. Por alguna extraña razón nos quedamos estacados en el 2020.,-1,anger
3591,Yo los veo toser sin taparse la boca... Me tienen podrida...,-1,fear
3592,Todavía tienen oportunidad de redimirse(?,1,enthusiasm
3593,"Pero, la represa esa no tiene como 20 años?",0,unemotional
3594,"Lo del aerogenerador es totalmente falso lol, lo de la represa es literalmente casi nulo lo que hace (es un puñado de agua contra toda la masa del planeta) y el covid, ahí si la re cagaron jajs",-1,disgust
3595,Puedes poner enlace de la noticia de la represa y del aerogenerador?,1,relief
3596,Siempre se puede hacer lo que con Hong Kong 👀,0,unemotional
3597,"En la India, por eso ya que estamos que lo cierren también.
El origen étnico no importa.",-1,fear
3598,"Si amigo ya sé que la enfermedad no es Coronavirus (igual tampoco es COVID si nos ponemos asi, es COVID-19), pero justamente yo hablaba de q se había anunciado varias veces q se había encontrado un nuevo VIRUS en China desde la pandemia.

Lo otro ni me voy a molestar, bolazo de falopero. Lo que sí, no es tan raro que surjan tantos virus de China por la poca higiene que hay (si se come frecuentemente sopa de murciélago, imaginate), la altísima densidad de población, y demás factores de la idiosincrasia de China.",-1,anger
3599,"Coronavirus es el nombre del tipo de virus, está bien cómo lo dijo el otro",0,fear
3600,Teorías sin evidencias son solo hipótesis flasheras.,0,relief
3601,"Si se llama Coronavirus, es un termini mas especifico COVID-19.
Esta enfermedad no es nueva.
Troll.",-1,anger
3602,"Tal cual, hasta me atrevo a decir que están probando armas biológicas y como no se puede meter nadie a China a investigar eso son libres de hacer lo que quieran los come perros.",0,unemotional
3603,[deleted],0,unemotional
3604,jajaj en arg los viejos andan matando gente todos los dias ahora,-1,disgust
3605,1 año y 25 dias y aun te duele la cola? JAJAJAJA,-1,anger
3606,*Come de la pija del piso y surge una nueva enfermedad tira pijas*,-1,fear
3607,*Come de la pija del piso y surge una nueva enfermedad tira pijas*,-1,anger
3608,"Sí, fue todo para inyectarte un chip para controlarte la mente. A eso lo sabe todo el mundo

Era una estrategia de los reptilianos illuminati para tapar que la tierra es plana y hueca a la vez, y que a Nisman lo mataron",0,unemotional
3609,No te olvides de ponerte el gorro de aluminio cuando salgas.,0,unemotional
3610,"Si, mi suegro murió de gusto nomas",0,unemotional
3611,Pelotudo. Nunca me agarro algo tan sarpado en la vida. Ojalá te agarre para que entiendas,-1,sad
3612,"Puede que sea verdad que hay una enfermedad, como lo fue el covid. Lo que fue mentira fue ""la pandemia mortal""... Y las vacunas... Menos mal que no me vacuné!",0,unemotional
3613,Pues el artículo incluye fuentes. Aquí en el post solo es una imagen de un encabezado sin el artículo o fuente original y todos en los comentarios perdieron la cabeza. Por eso estamos como estamos,-1,sad
3614,"Si, donde en ningún lado dice que China declaró emergencia sanitaria xD

Por eso es Fake News.",-1,anger
3615,"No, eso se da en el Sur, tierras sin ley allá donde proliferan los ""usos y costumbres"" que hasta burros se cogen",-1,anger
3616,Fantasía es una palabra... Rara para elegir en ese contexto.,0,unemotional
3617,Absolutamente !! 👏👏🙂‍↕️,0,unemotional
3618,elegiste hablar la verdad,0,unemotional
3619,Menos las vacas... raro,0,unemotional
3620,Ser gallina en la india es deporte de riesgo,-1,disgust
3621,"pueden ser armas biológicas o quizás intentan hacer vacunas o antibióticos pero son tan pijas que terminan creando super pestes, o la opción que yo creo más probable es que en gran parte de china vivan como el ojete con condiciones sanitarias y de hacinamiento tan terribles que salen a nuevas pestes",-1,anger
3622,Claramente si,0,unemotional
3623,"Nooo, como se te ocurre?*guiño* *guiño*",0,unemotional
3624,"Si, los hizo mierda justamente porque no tienen estándares de higiene básicos.  
Igual, les pasa con cualquier enfermedad, el sistema sanitario no da abasto jamás.

Ya tan solo con el [calor ambiental](https://www.youtube.com/watch?v=hkko4epwtJo) tienen suficiente para saturar los hospitales de tantos colapsos.",-1,disgust
3625,"o lo generaron ellos y también los descubren.

si india está lleno de pestes parece que las pestes no atraviesan sus fronteras.",-1,anger
3626,"a india van millones de turistas al año, indios hay en todo el mundo (trabajan en todo el mundo, son desde mano de obra semi esclava hasta ceos de grandes empresas) y hay una minoría musulmana que va a la meca, una minoría en la india significan millones de personas.",0,unemotional
3627,"Allá*
Hegemonía*
Coronavirus *
Estancados*",0,unemotional
3628,"Creo que tiene unos 15, si, pero fue hace relativamente poco que esta a su máxima capacidad y descubrieron el efecto secundario que causó, pero les importó poco y nada",-1,fear
3629,"Nada que una búsqueda de Google no solucione:

Aca el de los aerogeneradores:
https://www.uypress.net/Secciones/China-El-aerogenerador-mas-grande-de-la-historia-provoca-cambios-en-el-microclima-cercano-uc140183#:~:text=Los%20estudios%20han%20demostrado%20que,temperatura%20alrededor%20de%20la%20instalación.

Y aca el de la represa

https://www.lavanguardia.com/andro4all/tecnologia/china-tiene-una-presa-tan-grande-que-ha-cambiado-para-siempre-la-rotacion-de-la-tierra

Y leí que piensan hacer una 3 veces mas grande",0,unemotional
3630,"China sigue teniendo mucho mas chance q India 👍 que crean que hablan mal de chinos y todo un pais o dos es cosa de pelotudos, puede muy bien salir de otro lado en seguida la proxima pandemia, asi como nacen virus como el ebola en Africa, es idea de neandertales esa idea de q cerrar un pais de otros lados del mundo es solución 🤣.. busca acerca de la teoria de la migracion de especies nativas de ciertos hábitats naturales y como eso influye en la salida de potenciales patógenos de un lado salvaje a la poblacion humana.",0,
3631,"(adivina, se migran por cambios climáticos, queres tapar en sol con un colador, anda, segui con tu idea de menso)",-1,disgust
3632,"Neta crees que comen murciélago! Apoco ya fuiste a china y comprobante por ti mismo que hay poca higiene, lo que es peor dices que no es tan raro que surjan tantos virus. Lo que me regresa a la pregunta, ya fuiste a china a comprobar esto o solo eres de los que leyeron eso, no se vacunaron. Pero si hacían todo para mantener cero contacto es decir cubre bocas, guantes, estar encerrado o no salir más que para lo indispensable etc.",0,unemotional
3633,"Jajajaja pónganse a leer o investiguen un poco, dudo que sea así pero en fin",-1,fear
3634,a los chinos no les importa tener gente en contra si viven en una dictadura ajajaaj,0,unemotional
3635,The revenge of the jubilado,0,unemotional
3636,"Hay bebu, esto no es un partido de futbol, está la vida de la gente en juego.",0,unemotional
3637,El verdadero tírame la piola,-1,disgust
3638,Pero a Nisman sí lo mataron,0,unemotional
3639,"caballero, voy a hacer de abogado del diablo, yo creo que el virus existió (yo lo tuve al menos 2 veces), pero a mí me parece desmedido lo que se hizo, cerrar el mundo por una gripe, más gente debe haber muerto por eso que por la gripe, ¿Cuántos tratamientos se descuidaron por el confinamiento? ¿Cuánta gente adoptó estilos de vida más sedentarios? (que terminan pasando factura en otras muertes) ¿Qué impacto tuvo en la salud mental?",-1,disgust
3640,"Bueno a ver si tenés la capacidad y el conocimiento de refutar a una biotecnóloga que hizo análisis de las vacunitas y encontró aparte de óxido de grafeno, otra cantidad importante de materiales no declarados en tus amadas vacunas, hay que ser ignorante para no ver el daño que hicieron esos líquidos experimentales.",0,unemotional
3641,JAJAJAJAJAJAJAJA la re vivía,-1,anger
3642,"Como sabes que era mentira la vacuna y la pandemia morral, si estuviste encerrado evitabas salir a toda costa déjame decirte que podrías poner en duda tu comentario. Eres doctor, para decir que era mentira.",-1,disgust
3643,Justamente x todo eso tenia q haber matado millones y no vi nunca nada de India.,-1,disgust
3644,"Me acuerdo que en las primeras olas del covid que todo era re agresivo iban a templos y lamian una pared, luego llegaba otro y lamia donde el anterior lo hizo

O gente que lamia el inodoro (?)))",0,unemotional
3645,No me imagino el olor a qlo que debe haber ahí nada más salir del aeropuerto,-1,anger
3646,¿Un negacionista con mala ortografía? ¡Impensable!,0,unemotional
3647,es una estratejia de maketi,0,unemotional
3648," (?

Dale sí",-1,feaer
3649,"Te recomiendo cirujía de rodilla, deben doler de saltar a tantas conclusiones

El murciélago es una comida popular en Asia, y sí, lo leí, por ahí podés probarlo y darte cuenta de todo lo que se aprende leyendo. Te aseguro que ningún gobierno está modificando los libros para ajustarlos a una super agenda secreta judeomasónica. 

Y la higiene en China si es muy mala, el coronavirus surgió por un murciélago que tenía el virus y que fue consumido por un humano. A qué conclusión se llega? Que las prácticas de higiene en China no son correctas, en muchos casos las carnicerías tienen la carne al aire libre y sin refrigerar.

No entiendo bien a qué querés llegar con la última frase de tu comentario, porque está redactada para la mierda (oh sorpresa)

Buenas tardes",0,surprise
3650,"Todo el tiempo recircula el mismo aire viciado y helado en los aires acondicionados ,todos estan super estresados de trabajos nefastos y andar apaentando...asi no hay sistema inmune que aguante,encima estan bastante apiñados.",1,relief
3651,">dudo que sea así pero en fin

O sea que ni siquiera estás seguro de lo que estás diciendo y tirás un ""pónganse a leer"".

Acá tenés, para que te pongas a leer e investigues un poco: [https://www.paho.org/es/temas/coronavirus](https://www.paho.org/es/temas/coronavirus)",0,unemotional
3652,"Tenes razón, hay que salir a quejarse porque hace 4 años, con el gobierno anterior no se podia porque los abuelos perdían contra la inflación y no entraban medicamentos al pais, tambien porque habia una pandemia que no dejaba laburar a las personas para ayudar a los abuelo mientras imprimian palta al rolete porque ""los numeros le daban bien"" y asi cagarlos mas a los pobres abuelos que ahora su jubilacion es arreglado y ganan mas que la inflacion y el echo de que AHORA si hay medicamentos porque no se subsidia para que un pobre diablo que perdio a sus padres en la pandemia, labure como perro ahora para cuidar a unos abuelos que no aporto una mierda y recibio una jubilacion de arriba dado a que unA presidente confizco un programa de jubilacion y no dejo que otro presidente arregle la jubilacion de los abuelos tirandole piedras al congreso...pero yo soy el que jode a los abuelo y esta en un partido de futbol.



 👉🏽👌🏼",-1,disgust
3653,Claro y tenía la puerta cerrada de adentro,1,enthusiasm
3654,"Eso es verdad, pero ahí hay dos cosas que no se están teniendo en cuenta: 

1- El covid ahora mismo mata menos gente, precisamente por la campaña que se hizo para vacunar a una gran parte de la población.

2- La cuarentena fue porque no se tenía idea de lo que podía hacer el virus. Teníamos un desconocimiento total: Solo sabíamos que daba síntomas de gripe, que estaba matando gente y que era extremadamente contagioso. Nada más. Todo lo que sabemos ahora se fue dando con el tiempo.",0,sympathy
3655,"Primero: Fuente?

Segundo, dale, cabeza. No te calentés, está bien estar errado. ""Mirá, viste este accidentado? Mirá las marcas que le dejó tu amado cinturón de seguridad, hay que ser ignorante para no ver el daño que hicieron esas telitas experimentales"".

Qué daño? Y no me vale el ""No porque Juancito dijo que hacen mal"". Un gran porcentaje de la población está vacunada, si está tan claro el daño que hacen, quiero ver pruebas (porque si fuera como decís, imposible que no las haya).",1,relief
3656,Fuente?,-1,anger
3657,"1ero. No estuve encerrado. Yo salía todo el tiempo, incluso tomaba mate con otras personas.
2do. El virus fue real,loq ue yo digo es que no fue tan grave la situación, fue una campaña para meter miedo, por esono me vacuné.
3ero. Se que es mentira pq los paises que no hicieron aislamiento y no obligaron a vacunarse (como Brasil) tuvieron la misma proporción de supuestas muertes por covid que los paises que cerraron y prohibieron toda actividad y contacto.
4to. La pregunta sobre ser doctor no tiene sentido, ya que: a) la mayoría de los médicos son simples técnicos que aplican lo que les enseñaron y los que le dice la oms que deben hacer y b) hay medicos que opinaban una cosa y otros opinanaban exactamente lo contrario",1,enthusiasm
3658,"Podés buscar las estadísticas por países, todavía están disponibles. Hay tantos datos que seguro no conozcas, principalmente porque si uno mismo no está activamente buscando, los medios principales solo comparten las noticias que les parece más relevantes, tomar en cuenta que es inmenso el mundo para andar compartiendo info de todas partes cuando la prioridad es la región y el país correspondiente del medio.

Edit: Agrego que debido a diversos factores los números están lejos de ser exactos, especialmente en el caso de las muertes. Sea por problemas de organización e infraestructura, por atribuirle la muerte a otros padecimientos, por cuestiones políticas, etc.

Te pongo otro ejemplo de la India que salió en las noticias pero si no sos de leer no te enterás jamás:

[La enfermedad del ‘hongo negro’ está causando estragos en la India](https://elpais.com/planeta-futuro/2021-06-04/la-enfermedad-del-hongo-negro-esta-causando-estragos-en-la-india.html)

[Alerta por brote de virus Nipah - Observatorio de Enfermedades Infecciosas](https://observatorio.medicina.uc.cl/alerta-por-brote-de-virus-nipah/)",1,joy
3659,"Porque en India muere tanta gente por enfermedades infectocontagiosas, que no es novedad.",0,unemotional
3660,"No quiere discutir, quiere tener la razón. Dale por su lado, ese tipo de gente pulula por aquí",0,unemotional
3661,">Te recomiendo cirujía de rodilla, deben doler de saltar a tantas conclusiones


Jajajajajajaja Jajajajajajaja Jajajajajajaja Jajajajajajaja Jajajajajajaja Jajajajajajaja Jajajajajajaja Jajajajajajaja Jajajajajajaja Jajajajajajaja Jajajajajajaja Jajajajajajaja 

Te lo voy a re-robar!!!!",0,unemotional
3662,"Y tú aún crees en los reyes magos! Neta cabrón eso que dices no tiene fundamentos, tu dices lo que viste en Tiktok, deberías de dejar ver contenido en esa red social. No creas todo lo que ves ahí. Redactada?! No necesito que lo entiendas, tú eres el que ve Tiktok.",-1,fear
3663,"🤣🤣🤣🤣🤣🤣🤣🤣 para eso te tardaste en responder, para buscar un artículo. Que patético.",-1,disgust
3664,"Me parece increíble que el mejor argumento de un libertario no es esgrimir que su gobierno no ea una mierda, si no que el anterior también lo fue.
El truco está en construir un interlocutor imaginario donde todos son kukardo.
Es increíble que cuando discutís con un liberotario SIEMPRE asumen tu orientación política.
El gobierno de Alberto fue una mierda, la campora es un nido de termos.
El gobierno de Milei es aún peor y los libertarios son más termo que la campora (pensé que era imposible, pero acá estamos)

Te dijeron que con la casta no, y acá estás fingiendo demencia con scioli, bullrich, sturzeneger, Menem y el comportamiento más pro casta del universo. 
El cabeza de zapato de adorni ya puso a la mitad de su árbol genealógico en el gobierno.",-1,anger
3665,">1- El covid ahora mismo mata menos gente, precisamente por la campaña que se hizo para vacunar a una gran parte de la población.

o por la inmunización natural, a mí me dio mínimo dos veces

>2- La cuarentena fue porque no se tenía idea de lo que podía hacer el virus. Teníamos un desconocimiento total: Solo sabíamos que daba síntomas de gripe, que estaba matando gente y que era extremadamente contagioso. Nada más. Todo lo que sabemos ahora se fue dando con el tiempo.

como una gripe normal, la gripe mata gente y es contagiosa, después los números de los muertos de covid están inflados, todos morían de covid, bajaron los infartos, bajaron los canceres, todo se anotaba como covid.

para mí muchos paises exageraron, no hay más que ver el teatro que hicieron en china y lo tranquilo que estábamos nosotros",0,unemotional
3666,"Ni podés refutar negrito, seguí llorando y pinchandote con liquidos experimentales, mira el testamento que te hice escribir por no poder refutar.",1,relief
3667,fuente: conspiraciones de la derecha qanon (los mas idiotas de los yankees),-1,anger
3668,Gracias! Había leído si el hongo negro,-1,anger
3669,"y a eso súmale que son bocha de gente (1.441 millones de personas 😮)  
si se mueren 1 millon por covid que a nosotros nos va a parecer una banda , para ellos no es nada.",0,unemotional
3670,"Tenés razón, no sé en realidad pq sigo discutiendo",1,relief
3671,Jajajaja típico niño,0,unemotional
3672,Es buenisimo,-1,fear
3673,"Fa amigo, como deben doler esas rodillas",1,enthusiasm
3674,Tu eres tonto o algo.,0,unemotional
3675,"De qué estás hablando, subnormal?",0,surprise
3676,"Si para vos ""testamento"" son 6 renglones, se nota el por qué creés las pelotudeces que creés",-1,fear
3677,"Aparte, es tantísima gente en condiciones tan precarias, que probablemente muchos murieron, los cremaron y los tiraron al Ganges sin tomarse la molestia de sacarles certificado de defunción",0,unemotional
3678,llega a leer un paper científico y le explota el cerebro,-1,anger
3679,🤣,-1,fear
3680,"""Los tiraron al Ganges"" 🤣",1,enthusiasm
3681,"De hecho lo había dicho sin siquiera verificar que fue exactamente lo que pasó:

https://youtu.be/Qg1XSxTZL0w?si=FxXxJeXbrxjSD8KZ",0,unemotional
3682,"They want you to spend all your salary on rent, travel to work, order food..no one’s putting you in a lockdown anymore",0,unemotional
3683,https://preview.redd.it/yu2j47t0vdbe1.jpeg?width=626&format=pjpg&auto=webp&s=1b09392171a8fa5f08579ad8374bb788cd44c627,-1,fear
3684,i read good virus lol,-1,anger
3685,SARS bhi aya tha dedh saal pehele kuch nahi hua,-1,sadness
3686,"https://www.reddit.com/r/delhi/s/LMVkCOYtcN

First identified in 2001. This is not a new virus.",0,unemotional
3687,VIRUSES FROM CHINA ALSO HAVE A HALVING CYCLE OF 4 YEAR LIKE BITCOIN,-1,anger
3688,https://preview.redd.it/93w7kvrrpdbe1.png?width=640&format=png&auto=webp&s=b99af27f0e6e627ee01ebd64b178d8a13c32429d,-1,sadness
3689,"It's just a common cold , no need to panic",-1,fear
3690,So I’ll just start saving recipes I want to try out,0,unemotional
3691,What is the mortality rate of HMPV?,-1,fear
3692,Lmao chill ye jo baby ko hmpv hua hai vo mutation wala variant nhi hai and china me we don't know ki konsa virus spread hora hai so chill karo,0,unemotional
3693,Arey ye vhi cold cough h jo abhi aek mhine pehle sabko hua tha ...😂,1,enthusiasm
3694,"Well, 2025 started with WTF",1,relief
3695,Saans leta hu toh,1,joy
3696,"चीन की पंच वर्षीय योजना के तहत, प्रस्तुत है उनकी नयी पेशकश।",0,unemotional
3697,This virus is not new,0,unemotional
3698,"As an appreciation for your content contributions to this community, you have been rewarded the following community currency rewards. 

 💱[Learn more about Community Currency!](https://www.reddit.com/r/communitycurrency/comments/1cz88xg/community_currency_empower_your_community/)💱

🏅 64900.00 [AWARD](https://www.reddit.com/r/delhi/)",-1,anger
3699,"bhai government ko jitne bhi lockdown karne hain , march ke baad karna . agar boards cancel hogaye aur inhone pre boards ke marks liye to fir main gaya.",-1,fear
3700,Lekin Press trust of India health organization nhi hai. Common sense laga le laude,1,enthusiasm
3701,Exam ke liye padna hai ya nhi ye bata do bas 😭😂,0,unemotional
3702,😂😂😂,-1,disgust
3703,remind me in 1 year .,1,relief
3704,most addicted redditor of,0,unemotional
3705,"mai kuch sarcastic reply krne vala tha pr 100k+ comment karma dekh kr , abnhi krunga",-1,fear
3706,\+ve ho jata hun,-1,anger
3707,Delhi seh nikal Lena chahiye shayad...( Sikkim shift ho jate hai ),0,fear
3708,COVID was also not new just a new variant ig ...also we don't have much clarity on this maybe it's a new variant of that same old virus ...,0,relief
3709,Lekin PTI report karta hai. Yeh officials ka quote hai. Thik se padhle!,-1,anger
3710,Itna karma kaise h bc iska,0,unemotional
3711,Ladk ka naam rk lo vro apke bhi ho jayege,0,unemotional
3712,"If you feel like this Post violates the subreddit [rules](https://www.reddit.com/r/JEENEETards/about/rules).

Feel free to report it using the 3 dots or tag any active moderator for removing this post.

Learn how to report any post [here](https://www.reddit.com/r/JEENEETards/comments/1d9ac4i/comment/l7c1q08/)

*I am a bot, and this action was performed automatically. Please [contact the moderators of this subreddit](/message/compose/?to=/r/JEENEETards) if you have any questions or concerns.*",-1,disgust
3713,Brooo jokes apart is this happening for real? ![img](emote|t5_311ttu|49199)![img](emote|t5_311ttu|30176),-1,anger
3714,Padhlo jee cancel nhi hone wala,-1,fear
3715,"nah not this again , i want a good farwell , a good college life and want to learn a lot of things + gymming after jee. Ye agar hua na toh sab barbad hojayega. Last time football choota tha isbar bohut kuch chootega.",-1,anger
3716,https://preview.redd.it/eo8f5r55qkbe1.png?width=250&format=png&auto=webp&s=d83781701981f49f190f53f71a6ee9e09b3b9c77,0,unemotional
3717,"kuch nhi hone wala 

ye virus bachoo ko effect kar raha hain so probably lockdown nhi lagega baaki school max 1 mahina band ho sakta hain wo bhi sirf nursery to 10th  (11th or 12 ke bacho ko kaha kuch hota hain ![img](emote|t5_311ttu|50130))

so >!padhle bsdk ![img](emote|t5_311ttu|53370)!<",0,unemotional
3718,"Ye plague.inc h kya?

Ya fir irl message aaya h💀",0,unemotional
3719,Usme kya hai dubara khel lege iss baar tu prepared hu ![img](emote|t5_311ttu|30367)(it's better than jee) 15 din ke andar mere state mai fael jae ![img](emote|t5_311ttu|32180),-1,sad
3720,"noooooo 

aisa 7th mai bhi hua tha

aur tab mujhe yaad hai sst se bahut darr tha mujhe toh maine jan se padhna shuru kar diya tha sst

aur bc papa mummy ne toh jab hum cousin ki shaadi mai gaye (jan end) the tab bhi padhne bola tha

aur phir maths ka exam hua 

aur 12th march se school band hogaya 

bc agle din sst ka hi paper tha, pehli baar zindagi mai sst ke liye prepared tha (10th mai bilkul nahi padha, boards mai bhi syllabus nahi completed tha lmao)",0,unemotional
3721,"Pichli baar bach gaye the jaise taise, iss baar nahi bachenge shayad!:",-1,sad
3722,https://preview.redd.it/7v6l6nujskbe1.jpeg?width=686&format=pjpg&auto=webp&s=b6f4c87fc8c4419b94b3282b92ed4934a3f256a6,-1,anger
3723,"waaah bhencho tff😭😭😭 wps lockdown lg jaega kya, wps thali bajani pdegi kyaa😭😭😭💀💀💀💀💀💀💀",-1,anger
3724,"I think i've seen this film before

AND I DIN'T LIKE THE ENDING.",0,unemotional
3725,nooo i have to join a boxing gym again  ..dont wanna box at home againnn,0,unemotional
3726,[deleted],0,unemotional
3727,Which state bro?,0,unemotional
3728,Us bhai us,-1,disgust
3729,"Fighting for a hopeless cause 

And now youre at my door (jeemains)",-1,anger
3730,"Abey boards na cancel hojaye, maine preboard nhi diya 😭",0,unemotional
3731,Bhai ye message shi me bheja hai? Ya joke around kr rha,0,unemotional
3732,kuch nahi hoga mujhe lgta hai bcz covid was a surprise for all but now we know how to deal with it so itni problem nahi aayegi,-1,disgust
3733,Maderchod firse ![img](emote|t5_311ttu|49464),-1,anger
3734,YouTube channel chalu krdu kya firse,0,unemotional
3735,"Jee sirf 1 mahina piche ho jye, i will suck my own cock ![img](emote|t5_311ttu|52289)![img](emote|t5_311ttu|49199)",0,unemotional
3736,https://preview.redd.it/b363kyypzlbe1.jpeg?width=960&format=pjpg&auto=webp&s=920710ebf324687201e0e26448160ae220391db6,-1,fear
3737,Entrar 🤨,0,unemotional
3738,Is bar bc gaming laptop leliya maine tgda bhut + paise aagye acche khase+internet hai 1gbps aane do bc maza aajyaga,0,
3739,Damn same msg sir ne kiya group mea![img](emote|t5_311ttu|49199),-1,disgust
3740,There's nothing yet from my college though there have been 2 cases in the vicinity.,0,unemotional
3741,Entering like the player 456 in Squid Game S2... 🙃,-1,fear
3742,I'm ultra pro max legendary in this game 💀,0,unemotional
3743,boon,0,unemotional
3744,bro ye entrar he na ![img](emote|t5_311ttu|30367),0,unemotional
3745,Kuch nhi hone wala bhai ( atleast boards and jee / neet se pehle to kuch nhi hone wala ),-1,disgust
3746,![img](emote|t5_311ttu|32179) god pls no... competition aur badh jayega ![img](emote|t5_311ttu|49199),0,unemotional
3747,You're from DPS?,-1,disgust
3748,"https://i.redd.it/jclle1dqrkbe1.gif

yahi to chahiye tha",0,unemotional
3749,"it is literally common cold, and only children and elderly are susceptible to risk. has been circulating for decades. acc to chatgpt",-1,anger
3750,yeah bro currently i am in bangalore and my brothers school too have issued this notice,-1,disgust
3751,![img](emote|t5_311ttu|30168)hellooo![img](emote|t5_311ttu|32193),-1,disgust
3752,Ayo winona ryder preparing for jee?,0,unemotional
3753,"Kuch nhi hoga bas bolne ki baate hai, just do what your username says (main jo bolta hu usually uska ulta hota hai)",-1,anger
3754,January na hi cancel hoga na hi mere se kuch hoga. Hope April cancel na ho.,0,unemotional
3755,last time football chootha tha i felt that brooo![img](emote|t5_311ttu|32193) covid ki vajah se acha khasa football reh gya,0,unemotional
3756,"meine bhi cricket club chhod diya tha bhai![img](emote|t5_311ttu|32193)



>!(khelna na tab aata tha na ab aata hai) !<",-1,feaer
3757,Damn football thing ![img](emote|t5_311ttu|52289)![img](emote|t5_311ttu|49199),0,surprise
3758,Introverts heaven lockdown🫠,1,relief
3759,">Last time football choota tha isbar bohut kuch chootega.

Fr bhai lockdown ke baad ek bhi tour nhi khela ( basketball khelta tha)

Pura hi choot gya",0,unemotional
3760,nahi lmao it’s an actual circular from our school ![img](emote|t5_311ttu|49199),-1,disgust
3761,Bhai mai toh kehta hu uss bacche ko lejake sabke muh pe laga de ![img](emote|t5_311ttu|32180)pure state me ham hi phaila denge ![img](emote|t5_311ttu|30168),1,enthusiasm
3762,"""Ball it, WE FUCK""",0,sympathy
3763,Mera geo se pichle din band hua tha Saturday tha 6th ka,1,relief
3764,"Yahi gaana aaya tha mind me😭
Vapas PUBG khelunga mujhe kya",-1,anger
3765,Maybe you need to try season 2 maybe it’s different,1,enthusiasm
3766,yeh kaisa govt hai virus failne ke baad measure leti hai ![img](emote|t5_311ttu|32193)exams ke samay hi lockdown laga doh na ![img](emote|t5_311ttu|52289),1,joy
3767,Karnataka,0,unemotional
3768,abey school walo ke saath sabka bhai chara rehta hai![img](emote|t5_311ttu|30367)![img](emote|t5_311ttu|49455),0,unemotional
3769,Jitna piche utna zyada competition,0,unemotional
3770,yup ![img](emote|t5_311ttu|52289),-1,fear
3771,Uske baad bhi nai hoega kuch.,-1,disgust
3772,Bhosdike padhle lavde ( flair ),-1,anger
3773,lund,0,unemotional
3774,supply some hmpv virus in North India specially Delhi and see the flashbacks of 2020,1,relief
3775,[deleted],-1,anger
3776,"https://preview.redd.it/6cq7ld0btkbe1.jpeg?width=701&format=pjpg&auto=webp&s=c4610b1a5f9e613d47aec6b3a149b259142c0ca9

Kaafi jldi padh liyaa ![img](emote|t5_311ttu|49464)![img](emote|t5_311ttu|49427)",-1,anger
3777,[deleted],0,unemotional
3778,bhai aap toh Raw Agent ho apka iss bare me intel hai toh bata do plij 👉🏼👈🏼![img](emote|t5_311ttu|30168),1,relief
3779,Are sattu 👄,0,unemotional
3780,Who's that,-1,fear
3781,Tumhe lagta hai Iss baar koi rule manega bhi,1,enthusiasm
3782,"Tbf, even as an introvert, I'd hate a lockdown, mainly because this is a happening part of my life.",0,unemotional
3783,real,0,surprise
3784,"First wahi mask sanitizer![img](emote|t5_311ttu|49199)

Edit - ""firse"" likhna tha typo ho gya. Autocorrect ki mkc💐",-1,fear
3785,Pehle NTA walo ko ![img](emote|t5_311ttu|30367),0,unemotional
3786,Bhai tu apne Krle...fir Jake sabke muh pe khaas diyo![img](emote|t5_311ttu|30367),-1,anger
3787,"YOU.JUST.RUINED.THE.LYRICS. BRO!! 😭😭

its a taylor swift song - exile",-1,fear
3788,"Boards cancel krde

aur log ki death na ho![img](emote|t5_311ttu|30180)(Preventive lockdown for the W)",1,enthusiasm
3789,Stay safe bro👍👍,0,unemotional
3790,Bhai jo bhi hoga isse tho accha hi hoga jo aaj hai,0,unemotional
3791,mehnat kar aalsi bkl,-1,fear
3792,nope ,-1,anger
3793,![img](emote|t5_311ttu|32193)accha jaa rha,-1,sadness
3794,pakda gaya,0,unemotional
3795,abee bhaaii![img](emote|t5_311ttu|49427)srry  dost hai be wooh,-1,anger
3796,mehnat kar aalsi bkl ![img](emote|t5_311ttu|32193),-1,sadness
3797,arre bhai sorry bhaii maafiii![img](emote|t5_311ttu|32193),-1,fear
3798,haa yeh bhi theek hai. Waise bhi result ke baad latakne hi wala tha ![img](emote|t5_311ttu|32193),0,unemotional
3799,NOT. A. SWIFTIE. 😈😈,-1,fear
3800,Agar preboards ke marks se percentage milli toh bhai meri fraction me aigi percentage ![img](emote|t5_311ttu|49429)![img](emote|t5_311ttu|49427),0,unemotional
3801,Dont worry bhai 3 months hai april ko 14-15 ghante padh waise hi you'll be way better than 98% others woh chutiye abhi bhi royenge baad bhi.(and the second part of your comment i wont recommend![img](emote|t5_311ttu|32180)),1,enthusiasm
3802,[deleted],1,relief
3803,![img](emote|t5_311ttu|32193)![img](emote|t5_311ttu|49199)![img](emote|t5_311ttu|52289),1,joy
3804,abey dedete hai,0,unemotional
3805,abeeeee nhiii bhaiiiiii woh tg haii.. dost hai be hamlog![img](emote|t5_311ttu|32193),0,unemotional
3806,Mere bhi banjao...dost![img](emote|t5_311ttu|32180),-1,anger
3807,![img](emote|t5_311ttu|49427)ok,-1,fear
3808,"HMPV is not a new virus. It was identified in 2001and is a seasonal virus usually affecting children, older people and immunocompromised populations. This case could very well be a routine infection.",1,enthusiasm
3809,"I don't find any non-Indian news website causing alarm about HPMV. 

Coronavirus was also nothing new either. But covid 19 was a big deal because it was 'novel' coronavirus. 

There is nothing novel about the current HPMV cases. For all you know, most of us here would have already gotten it by now.",0,unemotional
3810,“No travel history” “Fully prepared to handle such emergencies “. Where have we heard this before. Hmm,-1,disgust
3811,"As an infectious diseases physician in India, this is bull. HMPV has been already seen by many colleagues of mine across India, and this is certainly not new. What we do not know is

1. How common is it this year? We do not routinely test, and since COVID, testing is more common. So, bias is likely.
2. Is it more severe? Not enough data to say so.
3. Is this the same variant as in china? Cannot say. We do not have genomic data on any of the isolates so far.

As of now, no reason to panic, but certainly a need to monitor.",1,relief
3812,It is not as severe as COVID which was a relatively newly discovered retrovirus. HMPV has been around for years.,0,unemotional
3813,"Why is there so much news in India about HMPV? It's a regular seasonal virus. Its getting almost 0 coverage in US.
https://www.livemint.com/science/hmpv-outbreak-in-china-is-it-a-new-virus-how-is-it-similar-to-covid-19-is-there-any-vaccine-what-we-know-so-far/amp-11736044379099.html",-1,fear
3814,"I just returned from my month long trip to China and HK, and honestly you won’t even know that there’s an “outbreak”. I traveled to 9 cities and there’s absolutely no panic or overwhelmed hospitals.

This is just Indian media trying to increase TRP. As someone pointed out above, this is not a new virus.",-1,anger
3815,"here’s a study from 2007 talking about how common hmpv is in young children: [https://pmc.ncbi.nlm.nih.gov/articles/PMC1831873/](https://pmc.ncbi.nlm.nih.gov/articles/PMC1831873/)

I am not sure how dangerous this variant of virus would be, but many variants of this have been present for long time.",0,fear
3816,"This is all dumb panic: if you notice it’s only Indian news channels reporting on it, its not something the international media is covering (unlike say Covid)",0,relief
3817,yea pretty sure I have this. family came back from Thailand and everyone sick since. Covid like symptoms but more severe. Been 2 weeks of suffering now with fever dreams and debilitating fatigue,-1,anger
3818,prarambh!!,0,unemotional
3819,Brace for impact,0,unemotional
3820,Bjp win we get virus and lockdown,-1,disgust
3821,"here we go again, census postponded until 2031..",-1,anger
3822,"Another chinese virus, We don't want.",-1,fear
3823,[deleted],-1,anger
3824,Did the parents travel?? Did they get it from the hospital?? What the fuck??,0,unemotional
3825,Stay out of this one Bill Gates and Fauci.,0,unemotional
3826,"Coronavirus was also not a new virus. It was identified in 1920s.

Edit : It was a non alrming, run of the mill , same old Coronavirus until it was not , and became Novel Coronavirus!

While this outbreak could be a routine infection, it has me alarmed.",0,unemotional
3827,[removed],-1,sad
3828,"Hello Sir/Mam, What precautionary measures one can take during these times as one of my parents has a weak immune system. Also what can be done about the fear mongering?",0,unemotional
3829,Will wearing a mask help against this virus?,-1,sad
3830,"https://preview.redd.it/4kapz7lnkbbe1.jpeg?width=720&format=pjpg&auto=webp&s=b40650da4866a4104a226174b7646e098bfbb0b5

Probably because china is facing excessive cases",-1,anger
3831,Can we find out how many cases of HMPV were found in India in 2023??,-1,anger
3832,"Because China has a severe outbreak (compared to previous years), and so the virus would be a big threat to us as one of its neighbors.",0,unemotional
3833,Ok there should be no news about any health related topics is what u demand then. U can get that in godi channels very well.,0,unemotional
3834,hai prachand,0,unemotional
3835,"Police, doctors, nurses, migrant workers etc many of these people and their families will have to take the risk just like the last time. Why are people like you so insensitive?",0,unemotional
3836,"Child, you are pure evil",-1,disgust
3837,Yes you are.,-1,anger
3838,https://preview.redd.it/dni0qiwsjbbe1.png?width=1080&format=pjpg&auto=webp&s=17a0a4feaa6e7ce5977d216a3e89a492a3d36e48,0,unemotional
3839,Apne hridey ko swacch kro parth...,0,unemotional
3840,"When you lose someone close to you, then you will learn",-1,disgust
3841,"Yes, think of those who were in essential services and those who were at the bottom of the pyramid.",-1,anger
3842,"Absolutely false. The coronaviruses from COVID 19 were novel i.e - never recorded before.

Coronaviruses as a class virus have been studied since a long time.",0,unemotional
3843,"Sure coronavirus was not a new virus. But COVID 19 was. There have been no new strains identified of HMPV. 
I would suggest caution anyways ( handwashing, masks if sick) considering now is the season for respiratory infections.",0,unemotional
3844,Corona was bioengineered.,-1,fear
3845,They are trying to potrait it like covid 2.0 they want that sweet sweet trp,0,unemotional
3846,"Lessons learnt from COVID: mask, hand hygiene, cough etiquette and social          distancing.",0,
3847,Yes,-1,disgust
3848,"A simple mask does help, but only if worn correctly. Chin masks and thyroid masks that are used frequently do not help.",0,unemotional
3849,"that's very sus with this virus, maybe there is something we don't know yet",-1,fear
3850,"This is being reported by Indian media. Corrupt Indian media.

What is happening at the moment that they want to distract from?",0,unemotional
3851,"virus transmission via borders( ""one of its neighbors"") is not very strong. either geographically or via cross border movement of people(including air/sea travel)",0,unemotional
3852,Bol mastako ke jhund aaj jung ki ghadi ki tum guhar do,0,unemotional
3853,"Exactly my point. It was coronavirus, until it became Novel Coronavirus.",-1,disgust
3854,"Um no? Coronavirus was not a new one, COVID 19 was.",0,unemotional
3855,"It was never a ""normal"" coronavirus. That's not how this works. When it was first detected, it was clear that it was a new pathogen",-1,disgust
3856,And HMPV is not a novel virus. That's what the other dude is saying.,0,unemotional
3857,"And what I am saying is, In Nov, Dec 2019 and Jan 2020, it was just the seasonal flu/coronavirus in China, when in Feb/March everyone realized it was a new strain.

What prevents HMPV going the same route.",-1,anger
3858,"Covid was never a seasonal flu. From the early videos coming out from China, it was always named covid 19. Nobody termed it as a common flu. You can even check the WHO circulars",-1,disgust
3859,"The whole reason there was panic back in Jan 2020 was that this was a novel variant of Coronavirus. Otherwise, it was a non-news simply like the fact that half the people with runny noses in the country are affected by some kind of coronavirus only. Just like always",-1,disgust
3860,You real like being downvoted,0,unemotional
3861,"I get that a lot of people might disagree with my stance on HMPV. Honestly, I have no hard feelings towards anyone who thinks differently. I hope the downvotes prove me wrong, and it turns into a story where I was just being overly cautious.

However, I believe that HMPV has the potential to become something much worse. Just like how the coronavirus was initially downplayed and then became a global issue, the same could happen with HMPV. In the next few weeks, we might see it turn into something completely new or a more infectious variant. 

I canceled a family trip to Italy in late February 2020, against everyone’s advice. It was a significant financial loss since most of the expenses were non-refundable, but we avoided a lot of trouble by not traveling.

Just yesterday, I booked another trip, and this morning, I realized I should have waited a few more days. Although it's not as costly, canceling these seven tickets is still an expense I am willing to bear. As before, I am okay with being proven wrong, but I prefer to avoid unnecessary risks based on my previous experiences.",-1,anger
3862,This has got to be taking the piss,0,unemotional
3863,GOD MADE- ,0,unemotional
3864,Bro I need to download reactbot just to get his opinion on literally everything I do,-1,feaer
3865,He is one step closer to achieving the godhood that he was preordained,0,surprise
3866,I was literally JUST thinking of making something like this to do as a meme 😂,1,relief
3867,I feel that whoever is using this grossly misunderstood the purpose of reactbot,0,unemotional
3868,"This is so lame. All the latest videos has reactbot just saying ""Subscribe to join the react family."" This is like Tenet Life or whatever his name is but somehow even worse",-1,disgust
3869,Reactbot's global conquest has officially begun.,1,enthusiasm
3870,"I asked ReactBot what he thought of this, and he said ""I want to shake this person's hand"" so it has to be fine",0,sympathy
3871,"this could low-key actually be jack as an experiment or something

edit: never mind it’s just the same thing every time, all he says is “subscribe to join the react family”",1,relief
3872,this cannot be real right,-1,anger
3873,The irony is deep with this one,1,enthusiasm
3874,Snicker stop? More like snicker SLOP,1,joy
3875,good to see React Bot branching out,0,unemotional
3876,Actual copyright infringement,0,unemotional
3877,Isn't this technically what jack made him for?,0,unemotional
3878,Poe's law in action,-1,fear
3879,I gotta respect this,-1,disgust
3880,"I saw this and I’m wondering if they made their own memes, or if they (more likely) are stealing, because the irony of that would be crazy",-1,anger
3881,Reactbot's joined the dark side,0,unemotional
3882,"Their description [sounds like AI](https://youtube.com/@sn1ckerst0p?)


Description

Welcome to SnickerStop - Your one-stop shop for endless laughs!

++ Expect:

Hilarious skits

Funny animal moments

Epic fails & pranks

Random absurdity that'll leave you ROFL!

Hit that subscribe button & let the giggles begin!

Don't forget to stop by for your daily dose of laughter - it's free and totally contagious!

#StaySnickering",1,relief
3883,its all the same reactbot phrase lmao,-1,anger
3884,"Good job Jack you allowed more of these people to create garbage,",-1,anger
3885,"(for the record, I haven't checked this channel out yet and I'm not planning on it either)

even if this is satire, if it still:

- doesn't provide any transformative commentary
- steals from creators, not giving proper credit

then it isn't so much satire as it is just another content-stealing channel, just with reactbot sprinkles on top LOL",0,unemotional
3886,"#[here’s a link to the channel.](https://youtube.com/@sn1ckerst0p?si=Xf8RcEmLubT9XBqH). 

It’s worse than you think it could ever be.",1,relief
3887,That’s hilarious,0,unemotional
3888,"Please be on purpose, please be on purpose and PLEASE BE ON PURPOSE",-1,fear
3889,[YOU WERE THE CHOSEN ONE!](https://youtu.be/HBAdbxjbTM0?si=OmVyCYwR7fF_CeHJ),1,enthusiasm
3890,😆,0,unemotional
3891,😂😂😂OMG WHO DID THIS😂😂😂,0,surprise
3892,Releasing reactbot to everyone and its consequences,-1,fear
3893,NO,0,unemotional
3894,"https://youtube.com/@sn1ckerst0p?si=QzxzugrV8TnSZ5kD

Pain.",-1,anger
3895,No credit were the link,-1,fear
3896,"Erm, is this satire?",1,enthusiasm
3897,"Actually GOD MADE
He's already replacing lazy reactors",0,unemotional
3898,NO WAYYYY,0,anger
3899,Jack saw this account,0,unemotional
3900,Oh my god,0,fear
3901,And an ai pfp 🤮,0,anger
3902,Go birds,0,unemotional
3903,MY MAN,0,unemotional
3904,I have him on my computer and he's been a great help for everything. I can officially know how I feel about everything. Like I now know that South Park season 2 episode 5 makes me crave the flesh of the innocent,0,sympathy
3905,"you still can, it just says the same thing every video",0,unemotional
3906,Oh no they understand. They're doing it on purpose,1,sympathy
3907,I mean its technically allowed.,0,surprise
3908,GOD MADE,1,happy
3909,I should get reactbot to react to this,1,enthusiasm
3910,I gotta respect this,1,happy
3911,That’s good at least.. I think. I don’t know anymore,0,surprise
3912,I gotta respect this,1,joy
3913,That literally-seagulls,1,surprise
3914,"“No flesh shall be spared” - Matthew, chapter 24, verse 22",0,unemotional
3915,gatorade baby,-1,fear
3916,It's a joke probably to get Jack's attention,-1,anger
3917,ThAt's a BiNGo!,-1,sadness
3918,BAZINGA,0,unemotional
3919,My life be like oooo aaaaa oooo,-1,anger
3920,"
Please DO NOT ask for BUY/SELL advice or Portfolio Reviews without sharing your own opinions with reasons first. Such posts will be removed as Low Effort posts. You can repost them in the Daily Discussion Thread.

Please refer to the [FAQ](https://www.reddit.com/r/IndianStockMarket/comments/17bcg2a/frequently asked questions_post_your_common/) where most common questions have already been answered.  

Subscribe to our [weekly newsletter](https://pennyleaks.substack.com/) and join our Discord server using [Link 1](https://discord.gg/fDRj8mA66U) or [Link 2](https://discord.gg/EVgUnQ3CsF)


*I am a bot, and this action was performed automatically. Please [contact the moderators of this subreddit](/message/compose/?to=/r/IndianStockMarket) if you have any questions or concerns.*",-1,sadness
3921,"Pediatrician here. Since past 3 months seeing surge in cough and colds. Have had positive viral panel for Human meta pneumovirus for 2 neonates admitted. ...but all recovered.
Literally impossible to screen all with cough and cold.
This is fear mongering.....its a joke that one is publishing 1st case, 2nd case etc 
Chill and ride over this. 
Follow universal precautions, handwashing, avoid touching eyes and nose without washing hands, avoid crowd and ...one will be good.",-1,fear
3922,Honestly this is a golden opportunity to accumulate..and smart people who have cash..they will use it correctly,0,unemotional
3923,It's just media fearmonegring....panic sellers are going to regret later....,-1,fear
3924,"India is a country where 1,264 road accidents occur daily, and around 26,000 deaths happen per day due to premature causes like cardiovascular diseases, respiratory conditions, and communicable diseases. Yet, the market is reacting to an irrational fall over an 8 yearold child who has now been discharged and is doing well. How irrational can this fall be? lmao",0,unemotional
3925,"I've realized that with the stock market, it's never cause and effect.

It's effect and cause.",1,enthusiasm
3926,"Noone is selling due to virus panic. It is just an excuse. FIIs exiting India like they will never return. Market is overvalued, earnings are muted, high inflation, low growth, welfare schemes to buy votes hurting economy. Disastrous finance policies.",1,relief
3927,"I bought calls today, I'm sure what's gonna happen next.",1,joy
3928,How are you sure that its the retail investors who are selling and not the institutions or trading firms?,0,unemotional
3929,I think today's selling was attributed to weak expectations of upcoming q3 results,0,unemotional
3930,"Just so you know, Coronavirus was also a very old virus, Covid19 was a new variant.",-1,anger
3931,This seems to be operator's game. First create panic let retail sell and buy at low and then sell high after few days.,-1,fear
3932,Man inwas hoping to get the work from home,1,enthusiasm
3933,"i closed my positions by 11:30, i knew since friday this would happen on monday, once any case of any flu is detected in india (happens every year during winters in kids), media would take it as COVID AGAIN, since back in 2020 same news cycle started during jan and by feb-mar lockdown were on, fearmoungering would occur and people would panic sell stocks as soon as bank NIFTY shows a correction. 

so whats next, hospitals, doc etc would be on look for new cases, more kids going though usual winter infections would be quarantined , if number of kids increase, market would drop more. Our public is insecure, scared and chicken like, any small news would fear them like crazy, i had never seen more scared and panic public in any other nations, in other countries people are optimistic, here we are pessimist. Im waiting for market to fall a bit again so i can re buy the dip. i work in medical field, daily we see babies getting this or than infection, most of it goes untested, however if we keep testing and look for something in sepecific (HPMW/COVID) we would find it and numbers would grow",0,unemotional
3934,"don't be aggressive buyer, market is expecting a slowdown in economy due to orange man. only unexpected corporate tax cut can prevent a crash. sip in diversified funds is always a better choice.",-1,disgust
3935,Sooo true I dunno how come people are panic selling. It shows the stupidity of people. Come on it is just a normal common cold.,1,relief
3936,"Put the words China and virus together, and people go in a tizzy, without rhyme or reason. This is not just scaremongering but stereotypes and nationalism playing out. The BJP trolls also maximise this: heard from a BJP supporter (a person with good degree) that ""China is doing this all because now Trump is going to come."" What can you expect in India with such minds and such brainwash from the ruling party itself?",0,unemotional
3937,Current market is news driven rather than stock's fundamental driven,-1,fear
3938,"Honestly , it is pretty dumb. The Indian markets has been pretty bad for past 6 months or so",-1,anger
3939,tayari karlo bc sab beck ke low pe buy karenge bc,0,fear
3940,[removed],0,relief
3941,[deleted],-1,anger
3942,"There's a generation of investors who haven't seen a bear market. They've only heard about it. Most of them don't even know what they're doing and are following the herd. So, while HPMV is bullshit, it's okay if the market tanks a bit. Let those who haven't burnt their hands here burn a bit. They must know the markets are not a place where you make easy money. It can go easily as well. You got to be smart and stay invested.",0,unemotional
3943,Markets are overpriced even with this drop.,0,unemotional
3944,Bull markets can absorb any negative news no matter how big and bear markets can fall for any news no matter how small. Markets decides direction first then it looks for drivers.,-1,disgust
3945,Not hpmv virus.🦠 its something else,-1,anger
3946,In my opinion this dip buying won’t end well.,-1,fear
3947,"https://preview.redd.it/xbf08nsancbe1.png?width=1220&format=pjpg&auto=webp&s=b327591bd392921c86693d789ef28630c4572b3b

Hold",-1,anger
3948,"It is old virus indeed and the Karnataka government has issued the Advisory.  
[https://www.timesnownews.com/india/hmpv-virus-cases-live-tracker-global-human-metapneumovirus-hmpv-symptoms-china-virus-cases-reports-treatment-india-latest-updates-today-liveblog-116993413](https://www.timesnownews.com/india/hmpv-virus-cases-live-tracker-global-human-metapneumovirus-hmpv-symptoms-china-virus-cases-reports-treatment-india-latest-updates-today-liveblog-116993413)",0,unemotional
3949,[deleted],0,unemotional
3950,"If it does happen tho, I'm gonna invest in hilaoing gaand on Instagram and see 5000x returns",0,unemotional
3951,"That's what they wanted . Godi media and BJP whatsapp IT cells are just looking for any opportunity to manipulate the stock market. It's so bad that even foreigners living in China are making fun. One has to be a fool to follow godi media and BJP IT cells. 

https://www.instagram.com/reel/DEca2YUJ3PU/?igsh=cXlsYzZmZnIycmFy",-1,sad
3952,"Yes severity is when this virus enters in different people it mutates and sometimes few mutant version become too deadly and uncontrollable, I hope you are getting it",0,unemotional
3953,"Wait, people are actually selling because of hmpv?",-1,sad
3954,I feel the same.,-1,anger
3955,"Its a seasonal virus, that causes pneumonia like symptoms **curable often by homestay**, **use masks and stay away from coughing people,** simple, just that its timing came similar to CoViD and people started panicking the crash was more due to panic and other global factors mostly FII outflow.",-1,anger
3956,Why panic bocz government not care of general life every country government know if so many cases then health care sector will collapse if that then general public will panic and whole economy will go down .,0,unemotional
3957,The narrative about people selling in panic is also bullshit. Indian markets are volatile since the last few weeks. . FIs have returned today after the new year break and their selling spree has resumed,0,unemotional
3958,"Lol, invest in stocks plumetting, especially the specific ones which feed pharma industry indirectly. Pharma is going to improve anyway, especially by those who want to hedge the sector in their MFs. Once the dust settles, expect the value to see an upsurge for these feeder companies stocks. 

ETA: I am only sharing my opinion. I am not a SEBI registered advisor.",0,unemotional
3959,"Years ago I read a book on how humans are dipping in IQ. Couldn't agree more these days. Any sane person who can't see the crystal clear view below is not sane enough to invest in markets!

1. FIIs exiting Indian markets in doves
2. Compromised regulatory agencies especially SEBI
3. Oligarchs, close to dispensation, doing illegal buybacks through shell firms
4. All this has led to irreversible dips in market with FII and sane investors exiting 
5. To cover up the cause and misdirect, the HPMV scare is being floated. There's a reason why just Indian media is floating this like bonkers. Check which oligarchs own these Godi media. The same 2 who allegedly have been manipulating markets through shell companies!",0,unemotional
3960,"The Indian govt taking advantage of this virus to make some money, it's  the biggest scam.",-1,disgust
3961,I find people reminiscing and feeling sad that they did not buy in March 2020 Corona selloff. Where are they now? These are the times to invest for ages & idiots must be panicking. It’s strange.,-1,anger
3962,called it the minute I saw it on the news lots of people were against me but I knew it was BS!,0,unemotional
3963,This scare is real but the media is not revealing,0,unemotional
3964,"I sold a significant part of my long term holdings back in July -Aug with the expectation that I will buy them back at a lower price. This is just in case Nimmi increases the ltcg further and I am screwed. I’ve been tracking this on a spreadsheet and guess what, once I factor in the nimmi tax, I’m still not below my sale price. 

Eg sbi sold at 820 but my buy price was 185 so even though it is at 771, I need it to be below 750 to not make a loss on the transaction",-1,disgust
3965,"Except it's not just the virus. People moving funds elsewhere like US bonds and USD giving more yield. Many countries in conflict and some others seem imminent. Inflation, earnings and consumption concerns in India.  The virus is likely least of the concerns right now. India is water stressed country along with climate change adaptations expected to cost quite a bit. The only thing going for India right now is the perceived political stability from 3rd term.",-1,anger
3966,"I am no medical expert NIH website says ""Mortality rates at 100 days were 43% for both HMPV and respiratory syncytial virus lower respiratory tract disease""

https://pmc.ncbi.nlm.nih.gov/articles/PMC3752411/#:\~:text=HMPV%20infections%20can%20cause%20severe,%2C%204%2C%205%2C%206.",0,unemotional
3967,bold assumption that selling is due to HPMV. it is largely due to global weakness and incoming Trump presidency.,0,unemotional
3968,Maybe World War 3 around the corner /s,-1,fear
3969,"I bought around 40k today, which is around 10% of my available cash for such situations",0,unemotional
3970,"Hey, please join my community I post content about long term investing - [link](https://www.reddit.com/r/Invest_W_Umesh/comments/1hv34i6/market_crash_analysis_and_investment/?utm_source=post_insights&utm_medium=web3x&utm_name=web3xcss&utm_term=1&utm_content=share_button)",0,
3971,Thank You for clearing the air. Its very reassuring especially with all the misconceptions around.,-1,disgust
3972,Does mask help as well?,0,unemotional
3973,"If it's primarily affecting kids under 5 and when they go to nursery/preschool, all the specified precautions will go out the window right. Any point in being concerned about this scenario?",-1,fear
3974,"I recovered through Covid easily but looks like it affected my lungs (for the lung run)


I got TB (extra pulmonary, lymph nodes) in beginning of this year 


Lungs/Respiratory problems are more common post covid, specially to people who got Covid. That's just my personal observation based on small sample space surrounding me",0,unemotional
3975,"But we are unaware, this time what if its a new varient of hmpv??",0,unemotional
3976,Hey just a question do you think it can have lingering effects in the kids?,0,unemotional
3977,[removed],-1,disgust
3978,Dip Dip karte kharte khaali ho gaya hoon bhai.,0,unemotional
3979,True. But i am already invested upto my neck. Only if i had more cash. Would have bought every bit of this market.,-1,disgust
3980,Doing same,0,unemotional
3981,"Yeah true. Also i am seeing a trend now in India that market is reacting a bit too fast to any news. I dont think it happened earlier. Its like people sitting on buy and sell buttons and as soon as some news be it hpmv, results come in stocks move like crazy.",-1,anger
3982,This kid has moved the market more than many startup founders combined. Talk about peaking early...,-1,disgust
3983,"Problem is not with mortality, it's with lockdowns and economic stagnation",-1,disgust
3984,Yeah thats so true. And the major credit goes to media. They make everything look like end of the world scenario.,0,unemotional
3985,The mercurial rise was irrational as well. The market needs to fall at least 20% for it to be fairly valued.,-1,anger
3986,TRUE,0,unemotional
3987,"Obviously bro, market is always leading indicators and economy any GDP is lagging indicators.",0,unemotional
3988,"I think overall situation is not very good but few sectors are booming including hospitals, pharmacy, brokerage companies etc. at least they should perform decently",-1,feaer
3989,Bought puts…expecting more fall tomorrow,0,surprise
3990,Well when this hoopla subsides in a day or two and results start coming in which are expected not to be best but better than last quarter then you will be sitting on a pile of cash. Thats what gonna happen next.,1,relief
3991,I think all were selling today. Retailers alone dont have such kind of firepower to bring down the market.,0,unemotional
3992,Oh i thought results gonna be better than last quarter. Also sectors whose results will be great were also part of todays selloff,-1,disgust
3993,Covid 19 had very high mortality rate especially during the begining. This one doesnt as far as i have read in news. If something is happening behind the scenes in china then thats a different set of facts i am not aware of.,1,enthusiasm
3994,Looking at thr past 1 month data of nifty you do make sense. We are getting played.,0,sympathy
3995,You want a pandemic in country just so you get work from home ?,1,relief
3996,True we should change our name to panic republic. Stock market reactions to news have gone crazy in India. And you have rightly said that every flu in India is being compared to covid. I though people should have learnt from covid that we will come out strong whatever may come but instead suckers have increased in size in market.,-1,anger
3997,feels like some tax cut are in motion but since its orange tai better to wait till budget and yes SIP is best mode for investment.,1,enthusiasm
3998,Looks like people want some action. Gone are the days where market hardly moved for weeks. Now a 1% percent up and down is normal.,1,joy
3999,Yes chinus is a deadly combo. And china doing because of trump is batshit crazy logic. But then what can you even expect.,0,unemotional
4000,True totally agreed,0,unemotional
4001,"^[Sokka-Haiku](https://www.reddit.com/r/SokkaHaikuBot/comments/15kyv9r/what_is_a_sokka_haiku/) ^by ^Agngp:

*Current market is*

*News driven rather than stock's*

*Fundamental driven*

---
^Remember ^that ^one ^time ^Sokka ^accidentally ^used ^an ^extra ^syllable ^in ^that ^Haiku ^Battle ^in ^Ba ^Sing ^Se? ^That ^was ^a ^Sokka ^Haiku ^and ^you ^just ^made ^one.",0,unemotional
4002,Yup totally agreed,-1,fear
4003,hahaha yes,-1,disgust
4004,Oh but that virus should be virulent right for this combo to work ? And this i hope is not the case.,-1,anger
4005,how much more they want to short ? most of the stocks are down 20 to 30% from peak. Even the good stocks and undervalued stocks have taken the beating.,0,unemotional
4006,That's true actually. But in your opinion with all the growth around will India see a bear market for long ?,1,relief
4007,Where should nifty be in your opinion if we price it fairly ?,-1,anger
4008,What else ?,-1,anger
4009,There are people here who are buying the dip from the last 3 months lol,0,unemotional
4010,Why?,1,relief
4011,Ohh why is that?,0,unemotional
4012,Absolutely.,-1,fear
4013,[deleted],1,enthusiasm
4014,oh good to know,0,unemotional
4015,Lfg,0,surprise
4016,lol,-1,fear
4017,lol feels like laughing and crying at the same time after watching that video.,0,unemotional
4018,I am but there is no evidence yet that any such thing has happened. Is there ?,-1,anger
4019,Yes totally agree..correlation to covid has caused market to panic,-1,fear
4020,FII sold more than double on 3rd jan than what they did today. FII are not responsible for todays slide.,1,enthusiasm
4021,Any recommendations in pharma feeder stocks ?,0,unemotional
4022,Yeah i am one of them who actually did buy in corona but sold off too early in fear that market was overvalued. I bought the fuck out of this market neck deep ;) and now planning to sit tight,0,unemotional
4023,Yeah that panic ended in a day.,-1,fear
4024,"I know you are not medical expert thats why read it again especially the portion i share below

HMPV infections can cause severe and even fatal disease in immunocompromised patients 2, 3, with crude reported mortality rates from HMPV pneumonia ranging from 10% to 80% in different small cohort studies of cancer and/or hematopoietic cell transplantation (HCT) patients.

This data that you shared is for immunocompromised patients and hct patients. Hope it helps",-1,anger
4025,I think we saw trump presidency from miles away and India is kind of isolated from this global weakness and actually that was the usp of Indian markets that they were growing faster than the others. Also i think the nifty did not do justice to the kind of selling that happened today. My portfolio cracked around 5% against niftys 1.8%. Only plausible reason seems to be knee jerk reaction to something which of course comes to hmpv. But yes thats what i think maybe i am wrong. Nobody can actually read the markets correctly.,-1,sadness
4026,Lol yes people selling stocks to buy bunkers for nuke wars,0,unemotional
4027,Yeah toh 2027 mai hai na,-1,anger
4028,Good going,-1,sadness
4029,Yes,-1,fear
4030,Thank youu,0,unemotional
4031,long covid perhaps,-1,fear
4032,Lots of things can happen in life.....we stand on a very thin thread....but...let us be positive not be careless and be happy.......,0,unemotional
4033,Unlikely....because this virus is a known one since long,1,enthusiasm
4034,"You do realise this is an existing virus that takes place in the flu season every year, you're probably talking about the Chinese variant.",1,relief
4035,"Good. It needs to happen to everyone. Then only the markets can correct. Currently, people in India have become stupid with the idea that every dip is a buying opportunity and that stock market is an easy way of making money.",1,joy
4036,Same bro ..Dec month salary already finished today itself when nifty dropped 1% and i bought,0,unemotional
4037,Cos market filled with 18 year old idiots with parents pocket money,0,unemotional
4038,Due to immature investors,-1,anger
4039,"Wells lets wait until we have FII , dii data , they have been the first one to react nowadays.",-1,fear
4040,"It’s interesting how people behave as if stocks have no value of their own, and that their value only lies in how much someone else is ready to pay them to buy the stocks. 

Sounds similar to a Ponzi scheme. 

Stocks seem to behave like meme coins. Even in the “long term”, the value of a stock is only how much someone else is ready to pay for it. It’s almost as if stocks have no other form of value. Like meme coins. 

What am I missing?",1,enthusiasm
4041,Literally laughable not sure if that's the reason for big sharks to pull out their money from the market,0,unemotional
4042,Lockdown is not going to happen again ….. we all know what happened with 2020 lockdown …… instead decreasing cases it just slowed economy,-1,disgust
4043,"China and its businesses are still thriving and people are freely roaming the streets, even though the virus has been spreading there for years. Given the number of deaths in India, does this mean we should impose a lockdown to prevent road accidents? The world has already built some immunity to this, those 1-2 cases don't mean much",1,relief
4044,Yeah that was to lure some investments so that people start to buy heavily on some short fall,0,unemotional
4045,Ok,-1,fear
4046,[deleted],-1,anger
4047,"I brought both, weakly put and monthly call.",0,fear
4048,![gif](giphy|NTur7XlVDUdqM),0,relief
4049,Bruh who buys then,-1,anger
4050,Covid 1st wave was nothing compared to the second wave that came.,0,unemotional
4051,Happy to have wfh without that also,0,unemotional
4052,"if USA implements tax cut, World. over taxes will be cut.
this is only hope to boost earnings of companies.
by Feb budget this should be clear.",-1,disgust
4053,[removed],-1,anger
4054,https://preview.redd.it/9vd3w4sigdbe1.png?width=1080&format=pjpg&auto=webp&s=51beeb3bdb6e144569f106f996df8318218e5004,-1,fear
4055,"Great question. IMHO, global markets are going through a bad patch. Plus, what we're witnessing now is a sell-off that is routine this time of the year. The markets fall on profit-booking. There are no other markets to invest in. A matter of time before the money comes back to India and the indices bounce back. Given where I am though, I'm playing safe and parking only 50% in equities. The others go into bonds, FDs, etc to preserve capital and beat inflation. In the long run, I'm happy with a 15-18% ROI on equity.",-1,anger
4056,"I',m pretty dumb but I wouldn't pay more than 20 for our markets. We are at 22 rn and I don't think our companies will be able to deliver the earnings growth to justify that. IT companies, car companies, FMCG are slowing down or experiencing drops, banks don't have money and government does not have any real plan to create jobs. Rupee keeps dropping in spite of Fed cuts and will drop more once we start cutting rates leading to more FII sell off.",0,unemotional
4057,"https://preview.redd.it/t4sgqogbnebe1.png?width=1220&format=pjpg&auto=webp&s=7b94537a377e35065084041aca824b5f1afd0f3b

Until nifty 50 makes a new high",0,unemotional
4058,"No, but all we know is that the virus has the property of transmitting quickly. The next thing we need to observe is whether it becomes dangerous upon contact with different types of people and species. So, I would say it’s a wait-and-watch situation for now.  This is how virus works in general",0,unemotional
4059,"Yeah thats true. I checked the numbers. No one knows why the market fell. People are just creating narratives. Data points don’t add up. DIs have bought more than FIs and Fis sold less than the day before. If it was the virus, then the china or global markets would have also fell",-1,sad
4060,"Does my statement even make sense to you? Because I am not an investor, I am just trying to state what is obvious to me. Please know I am not a SEBI registered advisor. 

Anyhow, you will have to do your own research, but try to see if glass and pyrex manufacturing companies are down. Technically, when you search for pyrex, these serving bowls with lids will come on. But this is the same thing used for storing medicine in many cases. Similar thing with vials and test tubes. 

Look into Aluminium industry. Say Hindalco, it's around 4% low on YTD, while it closed at 3-ish % lower today as well. Again, I haven't looked at any volumes so can't comment if small investors are panic selling. But a huge part of Aluminium manufacturing is feeding those aluminium sheets for medicine packaging. 

I am NOT saying buy Hindalco. Run your analysis, and see for yourself if any drops you see in these subsidiary industries can be attributed to small time investors bailing out because SENSEX dropped today. Because they are scared of this new virus. If yes, I think we can both assume these can be safe investments in the long term.",0,unemotional
4061,"what isolated? tariffs will affect everyone. It's not 2008 that India is isolated from the world. Trump has specially named India as ""Tariff King"". Even US FED rates announcements/commentary had an impact in Indian markets in 2024, what to even say about policies !!",-1,sad
4062,Thanks!,-1,anger
4063,[removed],-1,anger
4064,"This! People see dip, buy and dream bull run the next day. Markets can consolidate or continue dipping for months or even years!",0,unemotional
4065,Such a sadist way of looking at things. What a negative life you must be living that you are wishing that people's wealth gets depleted.,0,unemotional
4066,What did you buy nifty50 etf?,0,unemotional
4067,They watch a Insta Reel and then sell their portfolio.,0,unemotional
4068,True seems like it. Stock market is the new obsession in the country. Look at the crazy number of accounts being opened every year.,-1,disgust
4069,"You seem like an idiot as well, because you think retail can shift the markets.",-1,anger
4070,TRUE,0,unemotional
4071,Yeah i think market cannot make such moves without them.,0,unemotional
4072,"[https://www.moneycontrol.com/news/business/markets/diis-net-buy-shares-worth-rs-5-750-crore-fiis-net-sell-rs-2-575-crore-shares-12904465.html](https://www.moneycontrol.com/news/business/markets/diis-net-buy-shares-worth-rs-5-750-crore-fiis-net-sell-rs-2-575-crore-shares-12904465.html) 

lo bhai data is here looks like retail investors sold the fuck out of market today.",-1,disgust
4073,IMHO you are missing a lot. Value of stock is directly linked with real value of company and earnings. By holding the stock you hold the piece of company. Sky high valuations without any basis is another thing but stocks arent ponzi scheme because they have real intrinsic value of company attached to it. Thats why rational investors use p/b ratio so that they dont fall into a bubble when bad times come.,-1,anger
4074,big sharks were calm today in fact DII bought tons of stock...its the retailers who got panicked. Numbers are out for today.,0,unemotional
4075,diagnostics yes...just had a 9/11 though that piling up diagnostic and hospitals at this stage would be morally incorrect ?,0,unemotional
4076,I sold all,-1,fear
4077,![gif](giphy|efSePxL3C27zLG0QHY|downsized),0,unemotional
4078,I am talking avout when it was in China and Italy i guess before coming to India. But yeah second wave was deadly as well. It took us by surprise.,0,
4079,I hope they do.,-1,disgust
4080,I hope you dont work in media or markets ..but yes threat doest take time to get real,0,unemotional
4081,good lord looks like bulls have left the planet itself. That's a hell of negative sentiment.,-1,fear
4082,"> are no other markets to invest in.

Actually this is the logic i am rooting for. If not India then where ? There arent alternatives available to invest. Its a matter of time FIIs will be back. But yes as you said better to be safe and park funds in alternate instruments according to capacity.",0,unemotional
4083,"https://preview.redd.it/g2sdy4ko4ebe1.jpeg?width=1080&format=pjpg&auto=webp&s=4f94d18433b3dab2a6ed2c701c93ff32b803c13a

Bhai nifty 50 crossed 40 in 2021. Its well below 5 year avg now. Its expensive yeah. Is correction required at this level. No.I think not. 2021 was time for correction. Market is fairly priced IMHO. Earnings in FMCG has not fallen. Look at results of ITC or Tata Consumer. HUL & Dabur could not compete in the market with new age products. Its not slowdown its comptetion from the likes of mamearth, plum nykaa which has taken a huge pie of companies like HUL. Car slowdown was just a temporary thing. Look at the numbers released by Maruti and Mahindra in this quarter. Look at the price of real estate in the country and related data.",0,unemotional
4084,I think you should check out comments made by 2 healthcare professionals about this virus.,0,unemotional
4085,IMHO it was great indian retail investor panicking. Thats all. Nothing else comes to my mind. Nothing else is on internet also. If this is not the case then it will remain mystery as to who the hell sold this badly when it wasnt institutions.,-1,disgust
4086,Oh okay thanks for advice already invested in hindalco will look for glass and pyrex industries.,0,unemotional
4087,I didnt mean completely isolated but somewhat isolated since india's growth rate is still quite high compared to other developed countries. And yes that tariff will affect India but not as a whole. Few sectors will be affected but that doesnt mean that we will be seeing a complete selloff in all sectors which is what we saw today.,-1,disgust
4088,This is the case with all viruses and bacteria - mutations and conditions create crises look up the black death.,0,unemotional
4089,"Then people can simply keep buying each and every dip for months, even years.",-1,anger
4090,"I am not wishing ill on anyone. I just want people to learn how markets operate. Currently, everyone in India thinks it's a get rich quick scheme.",-1,disgust
4091,Yes and some small caps,-1,disgust
4092,How much of their pocket money will have impact on the entire market?,0,unemotional
4093,"Tu kya thoda gandu hai kya? No one was talking about retail shifting markets. It was about panic selling. And panic selling is done by retailers when large fishes sell.

No one here said that today's market rout was caused by retailers alone.",-1,anger
4094,Retail investors hold that much power lol?,0,unemotional
4095,"> s. By holding the stock you hold the piece of company.

How does holding a piece of the company benefit me? Do I get a share of the profit? Some companies declare dividends, but many don’t seem to. 

If I get dividends, then I agree with you and my earlier comment will not hold true. If I don’t, what benefit do I have from holding a stock other than selling at a higher price later? The latter sounds more like buying and selling meme coins. ",0,unemotional
4096,Market doesn’t care about morals bruh,-1,feaer
4097,"Buy high sell low![gif](emote|free_emotes_pack|money_face)

![gif](giphy|3o751XDbTvZw958ZYk|downsized)",0,surprise
4098,"RemindMe! 2 days ""note to self: check back if this went your way, lol""",1,relief
4099,Nifty has fallen 500 points since this message,0,unemotional
4100,"Sure that's one of the strategy, although you might just run out of cash if you keep buying ""each and every dip"". Others might look at macro economic trend, growth, earning, investor sentiments and decide if they want to invest or wait it out. 

Usually the plain old blind SIP is safer for most that don't want to deal with all this and are content with lower returns for less risk.",-1,disgust
4101,Mera toh pata nahi par tu bhosdiwaala zaroor hai. The original comment by OP talked about the market reacting “too fast to any news” and the “stocks moving like crazy” then how did you subjectively jump to declaring it is because of 18 year olds with parents’ pocket money panic selling? How’s it even relevant to the markets reacting too fast to any news and the stocks being too volatile?,1,enthusiasm
4102,I am surprised as well bhai..this is new to me. Looks like retail is the new king in markets now.,0,sympathy
4103,Bhai meme coins doesnt have any intrinsic value attached to them. Its not backed by anything. Share price of the company is backed by the assets of the company. Real physical assets and intangible assests like brand etc By holding the company you get the benefit when the company does better and stock price rises. Now this stock price rises according to the growth of the company. Its not like memecoin which is totally based on demand and supply without any rationale. Anyways you can find this all on net.,1,relief
4104,Thats kind of true.,-1,anger
4105,Lol yess gotta share the prize 😅 vix was too high and  i hope you didnt get otm calls otherwise taking my words back.,1,enthusiasm
4106,"I will be messaging you in 2 days on [**2025-01-08 10:11:47 UTC**](http://www.wolframalpha.com/input/?i=2025-01-08%2010:11:47%20UTC%20To%20Local%20Time) to remind you of [**this link**](https://www.reddit.com/r/IndianStockMarket/comments/1huv879/hpmv_scare_is_bullshit_people_selling_in_panic/m5od6na/?context=3)

[**CLICK THIS LINK**](https://www.reddit.com/message/compose/?to=RemindMeBot&subject=Reminder&message=%5Bhttps%3A%2F%2Fwww.reddit.com%2Fr%2FIndianStockMarket%2Fcomments%2F1huv879%2Fhpmv_scare_is_bullshit_people_selling_in_panic%2Fm5od6na%2F%5D%0A%0ARemindMe%21%202025-01-08%2010%3A11%3A47%20UTC) to send a PM to also be reminded and to reduce spam.

^(Parent commenter can ) [^(delete this message to hide from others.)](https://www.reddit.com/message/compose/?to=RemindMeBot&subject=Delete%20Comment&message=Delete%21%201huv879)

*****

|[^(Info)](https://www.reddit.com/r/RemindMeBot/comments/e1bko7/remindmebot_info_v21/)|[^(Custom)](https://www.reddit.com/message/compose/?to=RemindMeBot&subject=Reminder&message=%5BLink%20or%20message%20inside%20square%20brackets%5D%0A%0ARemindMe%21%20Time%20period%20here)|[^(Your Reminders)](https://www.reddit.com/message/compose/?to=RemindMeBot&subject=List%20Of%20Reminders&message=MyReminders%21)|[^(Feedback)](https://www.reddit.com/message/compose/?to=Watchful1&subject=RemindMeBot%20Feedback)|
|-|-|-|-|",1,joy
4107,"Hahaha..keeping track. Nobody knows the markets bhai. I only shared my opinion which was based on somebody else opinion which is shared below

https://www.cnbc.com/2025/01/09/cnbcs-inside-india-newsletter-stocks-have-bottomed-out-heres-what-2025-has-in-store.html",0,unemotional
4108,"Cos that's what happened baby. 12.4k Cr sold by FII, 10.7k Cr sold by DII today.
Sure 16.k Cr was bought by DII too but DIIs selling as much as buying tells enough to extrapolate.

Why are you so hurt? Are you a dumb 18 year old or a smart one?",0,unemotional
4109,"Yeah lol... Still, FIIs have sold some of their holdings. Where can we get data on retail investors transactions?",0,unemotional
4110,">  By holding the company you get the benefit

Can you please be specific about what this benefit is? Dividends is one benefit, but if there is no dividend, then what is it? Name at least one benefit other than selling the stock at a higher price to someone else. 

> stock price rises

For stock price to rise, it needs to be sold at a particular value. For this you need buyers who are ready to buy it at a price higher than what you bought it at. Where does the intrinsic value come into play here? 

Who cares what backs the value of a stock if there’s no benefit to the stock holder other than just being able to sell at a higher price?

If I buy a house, I benefit from its intrinsic value (a place to stay, eat, sleep etc) as well as the potential for a resale value. What’s the intrinsic value of a stock that I get from merely holding and not selling?",-1,fear
4111,Not bad. Not my best either,-1,disgust
4112,You are an idiot for sure for thinking that retail investors are the cause for today's negative market performance.,-1,anger
4113,No idea about retail bhai ...anybody else if knows can shed some light. However you can conclude about the retail portion by looking at thr FII DII data,0,unemotional
4114,People buy land and sell it later at high price. People buy gold coins and bars as investment and sell it at high price later. There is a whole business of gold etf and sovereign gold bonds. Do they get anything in the interim. No. Then why do people do that ? Will you call that a ponzi scheme as well ?,1,relief
4115,"Nahi buy sell pe thodi dependent hai, Modi ji wo keyboard me Nifty ko type kar rahe the.",-1,anger
4116,"With gold, it’s always understood that there will be someone who will accept it as a currency. 

That’s why gold has value. To the ordinary person, the value of gold is what someone is willing to give for it in exchange for it. 

It’s the same with stocks. The worth of a stock is what someone is willing to pay for it when he buys it from you. Who cares what the intrinsic value is, as long as there’s someone to buy it at a higher price?

Fundamental analysis seems like a waste of time, since stock value only seems to come from whatever price someone else is willing to pay to get it from you. 

All this changes if there’s value in having a stock OTHER THAN the increment you get from selling at a higher price. Is there such a value? I don’t know. You tell me. ",-1,anger
4117,Bhai looks like we have two seperate point of views. Lets just leave it at that or this conversation wont end :),0,unemotional
4118,"#[Link to our Official Discord Server](https://discord.gg/NTpXGZVKTc)

#[Follow our Instagram Account](https://www.instagram.com/indiandankmemes_official/)

To download the video you can use one of the following sites:

#[Download link #1](https://redditsave.com/info?url=https://www.reddit.com/r/IndianDankMemes/comments/1ht89hc/chd_gye_guru/)

#[Download link #2](https://saveredd.it/?url=https://www.reddit.com/r/IndianDankMemes/comments/1ht89hc/chd_gye_guru/) 

#[Download link #3](https://viddit.red/?url=https://www.reddit.com/r/IndianDankMemes/comments/1ht89hc/chd_gye_guru/) 

#[Link to Trim the Video](https://reddloader.com/download-post/?url=https://www.reddit.com/r/IndianDankMemes/comments/1ht89hc/chd_gye_guru/&id=aafd4548)

*I am a bot, and this action was performed automatically. Please [contact the moderators of this subreddit](/message/compose/?to=/r/IndianDankMemes) if you have any questions or concerns.*",1,relief
4119,5 saal se ch*d hi raha hu bhai,0,unemotional
4120,Nothing will happen,-1,fear
4121,I hope india me aaye aur kuch specific log marjaye,1,enthusiasm
4122,https://preview.redd.it/2yafp9axyxae1.jpeg?width=736&format=pjpg&auto=webp&s=ec51a277218b7ff137a1a855c798c09e2f28bb76,0,unemotional
4123,"https://preview.redd.it/keaernu3gxae1.png?width=680&format=pjpg&auto=webp&s=0b1791e64607270436eeb9142c08f8d64d21a590

Cooked i. Boards now getting cooked in college",0,surprise
4124,"Bc aisa hi hua tha 2020 mai
Dec 19 mai china mai aya tha aur March 20 ko bharat mai",-1,fear
4125,Legends waiting for ww3,0,unemotional
4126,"Ye toh aise hi aate rehte hain bro, COVID jaisa nahi hoga kuch",-1,anger
4127,Iss baar agar hua bhi toh mai bindass ghumne niklunga maut aati hai toh aane do bc,-1,fear
4128,Hey uppar wale bas ek baar dilade![img](emote|t5_3mnyi|15817)![img](emote|t5_3mnyi|27432),1,enthusiasm
4129,Nothing will happen.,0,unemotional
4130,Sabko maar kar duniya pe raaj karna chata hai china ka buddha,0,unemotional
4131,SSC board exam cancel ho jayegi ![img](emote|t5_3mnyi|21477)![img](emote|t5_3mnyi|21477)![img](emote|t5_3mnyi|21477) /s,-1,fear
4132,plss bhai mujhe pehla shikaar bnale nd khtm krde ye chutiya zindagi ![img](emote|t5_3mnyi|21479),-1,anger
4133,"hojaye bc maja aajaye, aise hi bhot pollution ho raha hai",-1,sadness
4134,"Nah bhai main series ka bas spinoff hai 

Flop hoga ye",0,unemotional
4135,[deleted],-1,anger
4136,Bhai Ab tak to empire khada kar liya hoga tune,-1,sadness
4137,Ab tak to empire khada kar liya hoga tune,-1,fear
4138,Har baar aise hi koi na koi virus aata hai fir gayab ho jata hai,0,unemotional
4139,For example?,-1,fear
4140,Real,0,unemotional
4141,maut aajaye per ghumna nhi chodunga bhnchod ![img](emote|t5_3mnyi|15816),1,enthusiasm
4142,Lekin police ke dando se maut ho jyega,1,relief
4143,Make yourself useful and do something on your own for once :(,1,joy
4144,Amen,0,unemotional
4145,Bhai 2-2 baar reply kioo diaa,0,unemotional
4146,Bhai 2-2 baar reply kioo diaa,-1,anger
4147,Vai bc har agle do mahine me news aati thi fir chali jati thi ain't gonna believe shit until real lockdown hits in the whole country,-1,fear
4148,+1,1,enthusiasm
4149,He wants the genocide of some specific group,0,unemotional
4150,Ajay,-1,disgust
4151,https://preview.redd.it/xrtl2o37lyae1.jpeg?width=1080&format=pjpg&auto=webp&s=f1ea2860d55a094563b06807a3c6244229e15d1b,1,relief
4152,Bhai ne dono reply ke reply mai same cheez hi reply ki,0,unemotional
4153,Bhai ne dono reply ke reply mai same cheez hi reply ki,-1,fear
4154,Kaun ajay,-1,anger
4155,Bhai ne dono replies ke dono replies mai same hi reply kar diya,0,fear
4156,Bhai ne dono replies ke dono replies mai same hi reply kar diya,0,relief
4157,Bhai ne dono replies ke dono replies mai same hi reply kar diya,-1,anger
4158,Mera principal,0,unemotional
4159,Kyu bhai principal ne chu liya kya,0,unemotional
4160,Nhi wo aaise hi mujhe uska chehra nhi pasand,-1,disgust
4161,Sahi hai bhai 🫱🏻‍🫲🏿,-1,anger
4162,Main ajay bol raha hu kal mil behen ke l*und school main,-1,fear
4163,"Sale application pe sign kyu nhi kiya tune aan mujhe jac office bhejdiya , teri maa ko ghar bula ke teri chugli kardunga lavde",-1,anger
4164,"Finally, duniya ko thodi Rahat milegi",0,unemotional
4165,Work from home era returns 😎,0,unemotional
4166,Kon hai joh Plague Inc.khel raha hai duniya ke saath,0,unemotional
4167,We are in the end game,-1,sad
4168,Work from home 🥳,0,unemotional
4169,You seriously trying to scare me with a good time?,-1,sad
4170,Fake news.,-1,anger
4171,[removed],-1,anger
4172,HELL YEAH,0,unemotional
4173,"⠀⠀⠀⡯⡯⡾⠝⠘⠀⠀⠀⠀⠀⠀⠀⠀⠀⠀⠀⠀⠀⠀⢊⠘⡮⣣⠪⠢⡑⡌
⠀⠀⠀⠟⠝⠈⠀⠀⠀⠡⠀⠠⢈⠠⢐⢠⢂⢔⣐⢄⡂⢔⠀⡁⢉⠸⢨⢑⠕⡌
⠀⠀⡀⠁⠀⠀⠀⡀⢂⠡⠈⡔⣕⢮⣳⢯⣿⣻⣟⣯⣯⢷⣫⣆⡂⠀⠀⢐⠑⡌
⢀⠠⠐⠈⠀⢀⢂⠢⡂⠕⡁⣝⢮⣳⢽⡽⣾⣻⣿⣯⡯⣟⣞⢾⢜⢆⠀⡀⠀⠪
⣬⠂⠀⠀⢀⢂⢪⠨⢂⠥⣺⡪⣗⢗⣽⢽⡯⣿⣽⣷⢿⡽⡾⡽⣝⢎⠀⠀⠀⢡
⣿⠀⠀⠀⢂⠢⢂⢥⢱⡹⣪⢞⡵⣻⡪⡯⡯⣟⡾⣿⣻⡽⣯⡻⣪⠧⠑⠀⠁⢐
⣿⠀⠀⠀⠢⢑⠠⠑⠕⡝⡎⡗⡝⡎⣞⢽⡹⣕⢯⢻⠹⡹⢚⠝⡷⡽⡨⠀⠀⢔
⣿⡯⠀⢈⠈⢄⠂⠂⠐⠀⠌⠠⢑⠱⡱⡱⡑⢔⠁⠀⡀⠐⠐⠐⡡⡹⣪⠀⠀⢘
⣿⣽⠀⡀⡊⠀⠐⠨⠈⡁⠂⢈⠠⡱⡽⣷⡑⠁⠠⠑⠀⢉⢇⣤⢘⣪⢽⠀⢌⢎
⣿⢾⠀⢌⠌⠀⡁⠢⠂⠐⡀⠀⢀⢳⢽⣽⡺⣨⢄⣑⢉⢃⢭⡲⣕⡭⣹⠠⢐⢗
⣿⡗⠀⠢⠡⡱⡸⣔⢵⢱⢸⠈⠀⡪⣳⣳⢹⢜⡵⣱⢱⡱⣳⡹⣵⣻⢔⢅⢬⡷
⣷⡇⡂⠡⡑⢕⢕⠕⡑⠡⢂⢊⢐⢕⡝⡮⡧⡳⣝⢴⡐⣁⠃⡫⡒⣕⢏⡮⣷⡟
⣷⣻⣅⠑⢌⠢⠁⢐⠠⠑⡐⠐⠌⡪⠮⡫⠪⡪⡪⣺⢸⠰⠡⠠⠐⢱⠨⡪⡪⡰
⣯⢷⣟⣇⡂⡂⡌⡀⠀⠁⡂⠅⠂⠀⡑⡄⢇⠇⢝⡨⡠⡁⢐⠠⢀⢪⡐⡜⡪⡊
⣿⢽⡾⢹⡄⠕⡅⢇⠂⠑⣴⡬⣬⣬⣆⢮⣦⣷⣵⣷⡗⢃⢮⠱⡸⢰⢱⢸⢨⢌
⣯⢯⣟⠸⣳⡅⠜⠔⡌⡐⠈⠻⠟⣿⢿⣿⣿⠿⡻⣃⠢⣱⡳⡱⡩⢢⠣⡃⠢⠁
⡯⣟⣞⡇⡿⣽⡪⡘⡰⠨⢐⢀⠢⢢⢄⢤⣰⠼⡾⢕⢕⡵⣝⠎⢌⢪⠪⡘⡌⠀
⡯⣳⠯⠚⢊⠡⡂⢂⠨⠊⠔⡑⠬⡸⣘⢬⢪⣪⡺⡼⣕⢯⢞⢕⢝⠎⢻⢼⣀⠀
⠁⡂⠔⡁⡢⠣⢀⠢⠀⠅⠱⡐⡱⡘⡔⡕⡕⣲⡹⣎⡮⡏⡑⢜⢼⡱⢩⣗⣯⣟
⢀⢂⢑⠀⡂⡃⠅⠊⢄⢑⠠⠑⢕⢕⢝⢮⢺⢕⢟⢮⢊⢢⢱⢄⠃⣇⣞⢞⣞⢾
⢀⠢⡑⡀⢂⢊⠠⠁⡂⡐⠀⠅⡈⠪⠪⠪⠣⠫⠑⡁⢔⠕⣜⣜⢦⡰⡎⡯⡾⡽",0,unemotional
4174,"We require a minimum account-age and karma for commenting on our subreddit. This is to ensure that we can filter spam and dummy/burner accounts from creating any situations. These minimums are not disclosed. Please try again after you have acquired more karma. No exceptions can be made.

*I am a bot, and this action was performed automatically. Please [contact the moderators of this subreddit](/message/compose/?to=/r/dankinindia) if you have any questions or concerns.*",0,unemotional
4175,"Is HMPV worse than COVID?

Experts say the HMPV outbreak in China is not of major concern — it is neither a new, mystery illness nor responsible for as many cases as COVID or other infections even this season. According to the latest CDC data, HMPV accounts for less than 2% of weekly positive tests of respiratory viruses. In comparison, the flu accounted for nearly 19% and COVID just over 7% for the same week. 

For a disease to be considered widespread locally, it needs to be above 10% of positive results for two weeks. At 1.9%, Garcia Carreno said it's not close to the numbers of flu, COVID and RSV.


[souce](https://www.cbsnews.com/news/hmpv-virus-china-symptoms-human-metapneumovirus/)",0,unemotional
4176,seasonal infection\*,-1,disgust
4177,"People are getting overly anxious about a seasonal outbreak, which isn’t surprising here in the Philippines given how many uninformed individuals believe everything they read online.",-1,anger
4178,"Dito rin naman may outbreak, lahat nga tayo sinipon at ubo after ng Pasko hahaha",0,unemotional
4179,"OP, did you read the whole article?",0,unemotional
4180,"Sige, fearmongering pa",-1,disgust
4181,Seasonal lang.. nothing to be worried about,-1,anger
4182,There is nothing to be alarm- DOH,0,unemotional
4183,"Hmmm.......if you check ABSCBN's article, there's no direct source **where** they got this HMPV stuff. Copied lang din from American articles.

""News of the current outbreak *followed an announcement* by China’s National Administration of Disease Control and Prevention that it was testing a new reporting protocol in response to pneumonia cases."" so general pneumonia cases lang

""Across the border, India’s Health Ministry has confirmed two cases of HMPV in the state of Karnataka""

Sa India may outbreak but it doesnt mean galing sa China, but articles seem to imply it. Eh ang layo ng ""northern parts of China"" sa India

I will never trust the Chinese government, but I'm also not trusting western powers who might be spreading some sort of lowkey propaganda.",0,unemotional
4184,Winter season kasi now kaya ayan madami nagkakasakit,-1,fear
4185,OP baka gusto mo muna magresearch di porke nakakita ka ng outbreak e akala mo bago yan,0,unemotional
4186,"Tama na ang fearmongering ha. Lalo na 'yung quasi-scientific page na solely made for weather updates, puro unreliable sources naman.",0,
4187,"Fear mongering or not, nagmamask prin ako tlga sa mga crowded places at nakaugaliang mag alcohol kapag humahawal ng mga kung anu ano sa labas (escalator, elevator, groceries etc). May mga habits na nung pandemic na hindi ko na inalis.",-1,disgust
4188,Key phrase: *seasonal* infection. Uso talaga sakit pag malamig panahon.,0,unemotional
4189,"ayos 2019x2020 return of the comeback ""na naman"" lol",-1,fear
4190,Babyahe ng China ang husband ko for business trip and wala namang major na problema sinasabi ang company,0,unemotional
4191,"Kakaloka din mga nag popost ng ganito without reading the full context. Bakit parang excited pa magkaroon ng outbreak? 

As clear as what was mentioned, ""seasonal"" infection siya. Also, an outbreak is different from an epidemic and far more different than a pandemic. 

Kulang talaga sa comprehension ang ilan...",0,unemotional
4192,"I'm still wearing face masks and nagaalcohol pa rin ako pag may nahahawakan ako na mga anik anik in public. I have senior parents and since I go to work, mas exposed ako labas. I do this to protect them. Mahirap na, iba ang immune system ng mga matatanda. Stay safe everyone.",0,unemotional
4193,It’s actually due to winter season. Till early March yang ganyan sa mga areas na below 10C.,-1,disgust
4194,"right now it's winter season sa US, so nakalabas na ang mask mandate esp in the healthcare setting since Nov. 1 up til March 31. they have what they call the Trifecta of Respiratory illnesses which consists of the common Flu, COVID and RSV.",0,unemotional
4195,tas biglang mag lolockdown sa march. *déjà vu*,-1,disgust
4196,Akala ko makakapag dalgona na ko ulit kaso seasonal pala sya,0,unemotional
4197,Baka flu lang naman ito,-1,anger
4198,Baka naman pwedeng iblock na mga flights galing China. Patatagalin nanaman hanggan sa magkaron na ng case dito. Mga inutil,-1,disgust
4199,Mind Conditioning,-1,disgust
4200,[deleted],0,unemotional
4201,"As long as the people knows na they have to wear facemask kapag may ubo sila, I think mga gantong sakit ay magiging controlled. Ang problema sa atin pag may ubo yung iba, proud sa ubo kung maka ubo as in kita ngala ngala 😅",-1,anger
4202,[removed],0,unemotional
4203,[removed],0,unemotional
4204,[removed],-1,feaer
4205,[removed],0,surprise
4206,[removed],1,relief
4207,[removed],0,unemotional
4208,[removed],-1,disgust
4209,[removed],1,enthusiasm
4210,[removed],0,sympathy
4211,[removed],1,relief
4212,[removed],-1,anger
4213,I thought normal lang ito at existing na dati pa? And ang tinatamaan nito ay mga ages 14 and below. Correct?,1,enthusiasm
4214,There are pinoys in china commenting it’s just a cough from smog. Nothing to worry about. Western media and its allies - India and the UK are exaggerating the news again. CDC has not even confirmed there is an outbreak. Actually parang pinapakalat nila yang sa China na hindi naman ganong kalala and regular flu lang dahil may norovirus sa US and tinatabunan nila ung news dun.,1,joy
4215,outbreak palang to but just to make sure sana wag muna magpapasok ng tao galing china and vice versa.,0,unemotional
4216,Lalago na naman ang face shield industry neto,0,unemotional
4217,grabe kahit sa japan eh madami may sakit.. tuwing winter ata ganito talaga 😭 wag na sila muna pumunta ng pinas.,0,unemotional
4218,Lockdown era ba ulit? Huwag naman uy,-1,fear
4219,Eto na naman tayo sa china...,-1,disgust
4220,Wait… havent heard about this much. Can someone educate me?,-1,anger
4221,P*t*ng in* ano na naman kaya pinag kakain ng mga Chinese na to 😐,0,unemotional
4222,Fear mongering,1,relief
4223,Putangina ano bang meron sa China? Mga gagong to puro virus ambag sa mundo amputa tangina niyo,-1,anger
4224,kung new strain to. mala covid yan purya santisima,-1,anger
4225,China nanaman 🙄🙄🙄 kung anu-ano kasi pinagkakakain nila kaloka! Jusko ayoko na ng lockdown at pandemic jusko potaaaa! I cant!,0,unemotional
4226,"Kababuyan ng mga putanginang mga taga china.

Sakit sa ulo ng mundo mga yan parang ipis!",1,relief
4227,Lets welcome Cupit19 version 2 guys 🙈,0,unemotional
4228,"Alexa, play Deja vu",-1,fear
4229,[deleted],1,enthusiasm
4230,[deleted],0,unemotional
4231,![gif](giphy|LpkBAUDg53FI8xLmg1|downsized),0,surprise
4232,ano ba talaga?,-1,fear
4233,If nag tetest din tayo and afford ng madami  for sure may outbreak tayo yearly,0,unemotional
4234,medj unrelated but may nakakaalam ba dito san pwede pa magpa booster ng covid vaccine? last booster ko kasi 2022 pa,-1,anger
4235,[deleted],-1,fear
4236,Hayop may travel pako sa march,1,enthusiasm
4237,Balik hone made tuna pie gamit ang tasty,0,unemotional
4238,"Kahit sa Japan uso naman ang flu. Madami din may flu dahil sobrang lamig. Sa US naman norovirus outbreak. It’s seasonal pag winter season sa kanila. HMPV is mild naman not like COVID. 
[news](https://www.bbc.com/news/articles/c23vjg7v7k0o)",0,unemotional
4239,[removed],-1,fear
4240,"tru the fire. Malamig ang klima sa China ngayon, kaya natural talagang aaykat ang common viruses. Ang HMPV ay hindi na bagong virus, kung ikukumpara natin sa COVID-19 na ang dating pangalan nito ay ""NOVEL Corona Virus -19"". 

Kahit naman ngayon dito sa Pilipinas ay malamig ang panahon at marami ang tinatrangkaso. Let us all stay vigilant and be prepared. : D",-1,anger
4241,"Yes but tbh due to covid, fear like this is understandable.

I personally scared not because I'm not informed. I'm a graduating student and pandemic was not kind to me.

I'm scared of losing another year, another family member and losing the chance to live a life.

So I'm sorry if some us are scared with things like this.

Some of us still haven't recovered from the past pandemic, emotionally, financially and physically.",-1,sadness
4242,Feeling ko hnd nya binasa..,0,unemotional
4243,Bobo mo naman sinabi nya lang confirmed ang outbreak,-1,anger
4244,Teka deja vu,-1,sadness
4245,What? I just said confirmed na ang outbreak. May post before na fake news yan.,-1,fear
4246,Same. Better to be safe than sprry 😉,0,unemotional
4247,Hmmm. A lot of people I know wears face mask na if they are sick. Hindi lang kapag may pandemic / outbreak yan.,-1,fear
4248,You mean face shield? 😭,0,unemotional
4249,"Hi /u/Substantial-Coat-529. We are removing this post due to the following reason:

- Less than 200 combined karma

*I am a bot, and this action was performed automatically. Please [contact the moderators of this subreddit](/message/compose/?to=/r/ChikaPH) if you have any questions or concerns.*",1,enthusiasm
4250,"Hi /u/_ichika. We are removing this post due to the following reason:

- Less than 200 combined karma

*I am a bot, and this action was performed automatically. Please [contact the moderators of this subreddit](/message/compose/?to=/r/ChikaPH) if you have any questions or concerns.*",1,relief
4251,"Hi /u/Zealousideal-Ask1932. We are removing this post due to the following reason:

- Less than 200 combined karma

*I am a bot, and this action was performed automatically. Please [contact the moderators of this subreddit](/message/compose/?to=/r/ChikaPH) if you have any questions or concerns.*",1,joy
4252,"Hi /u/Automatic-Fix3135. We are removing this post due to the following reason:

- Less than 200 combined karma

*I am a bot, and this action was performed automatically. Please [contact the moderators of this subreddit](/message/compose/?to=/r/ChikaPH) if you have any questions or concerns.*",0,unemotional
4253,"Hi /u/jan_myk3L. We are removing this post due to the following reason:

- Less than 200 combined karma

*I am a bot, and this action was performed automatically. Please [contact the moderators of this subreddit](/message/compose/?to=/r/ChikaPH) if you have any questions or concerns.*",0,unemotional
4254,"Hi /u/Upstairs_Butterfly58. We are removing this post due to the following reason:

- Less than 200 combined karma

*I am a bot, and this action was performed automatically. Please [contact the moderators of this subreddit](/message/compose/?to=/r/ChikaPH) if you have any questions or concerns.*",-1,anger
4255,"Hi /u/newbiexoxo. We are removing this post due to the following reason:

- Less than 200 combined karma

*I am a bot, and this action was performed automatically. Please [contact the moderators of this subreddit](/message/compose/?to=/r/ChikaPH) if you have any questions or concerns.*",-1,fear
4256,"Hi /u/Unknownymous90. We are removing this post due to the following reason:

- Less than 200 combined karma

*I am a bot, and this action was performed automatically. Please [contact the moderators of this subreddit](/message/compose/?to=/r/ChikaPH) if you have any questions or concerns.*",1,enthusiasm
4257,"Hi /u/TrickyBodybuilder667. We are removing this post due to the following reason:

- Less than 200 combined karma

*I am a bot, and this action was performed automatically. Please [contact the moderators of this subreddit](/message/compose/?to=/r/ChikaPH) if you have any questions or concerns.*",0,unemotional
4258,"Hi /u/bluwings-2024. We are removing this post due to the following reason:

- Less than 200 combined karma

*I am a bot, and this action was performed automatically. Please [contact the moderators of this subreddit](/message/compose/?to=/r/ChikaPH) if you have any questions or concerns.*",-1,disgust
4259,"Hi /u/AssistantFar2893. We are removing this post due to the following reason:

- Less than 200 combined karma

*I am a bot, and this action was performed automatically. Please [contact the moderators of this subreddit](/message/compose/?to=/r/ChikaPH) if you have any questions or concerns.*",1,relief
4260,[Here](https://www.cbsnews.com/news/hmpv-virus-china-symptoms-human-metapneumovirus/),0,unemotional
4261,Baka gusto mo magresearch muna pano nakukuha yan?,-1,fear
4262,Unahin muna ang pag research hindi agad agad putak.,-1,anger
4263,tanga ka po ba?,0,fear
4264,Baka gusto mo magresearch muna pano nakukuha yan?,0,relief
4265,Tanga kaba? Mag research ka muna. Sayang pinaaral ng magulang mo sayo,-1,anger
4266,Research muna..,0,unemotional
4267,I dont think they offer covid vaccines anymore. You can take the flu vaccine. Just had mine a few weeks ago. I think meron sa Watsons and meron din sa mga clinics.,0,unemotional
4268,Alalahanin mo. March nag-lockdown nu'ng 2020.,-1,disgust
4269,Correct po. Dito din sa Australia every Winter and Spring uso ang flu and hay fever kaya we make sure to get flu vaccines. Mandatory sya sa schools and other occupations,-1,anger
4270,Parang napanuood ko to sa simpsons.,-1,fear
4271,[removed],-1,anger
4272,"Hi /u/StraightUpBos5. We are removing this post due to the following reason:

- Less than 200 combined karma

*I am a bot, and this action was performed automatically. Please [contact the moderators of this subreddit](/message/compose/?to=/r/ChikaPH) if you have any questions or concerns.*",0,unemotional
4273,"100% currently in China. Ung kids ko nagkaflu. After 3 days wala na. Usual seasonal flu lang. flu season ngayon kahit saan. Parents ko nasa Canada nagkaflu din last week. Hindi din ako nahawaan kahit grabe yung puyat ko pagbantay sakanila.  Palagi lang ako nagttake ng vitamin C, Zinc, & D.",0,unemotional
4274,"""bakit tayo mag ban ng biyahe sa China, mga kaibigan natin sila""

""pag wala ng alcoho, punta kayo gasolinahan, singhotin niyo para mawala virus""",0,unemotional
4275,fake news nga kasi yung post before ang sinasabi bagong virus na mas nakakahawa sa covid,-1,sad
4276,"Yung mga anak ko o kami, kapag may sipon o ubo, nakamask inside at outside ng bahay. Para hindi maghawaan.",0,unemotional
4277,Okay. Para di kawawa yung mga kasabay kong mag-amang chinese sa elevator 😆,-1,sad
4278,[deleted],-1,anger
4279,"Hi /u/Upstairs_Butterfly58. We are removing this post due to the following reason:

- Less than 200 combined karma

*I am a bot, and this action was performed automatically. Please [contact the moderators of this subreddit](/message/compose/?to=/r/ChikaPH) if you have any questions or concerns.*",-1,anger
4280,Sana all nasa Canada hahaha. Ano pong feeling libre ang healthcare 😭❤️,0,unemotional
4281,Covid sipon lang yan,0,unemotional
4282,Basta kapag nagka symptoms please disclose your travel history. Ayan ang kinamatay ng mga frontliners natin last 2020. Mga nagtravel abroad tapos nilihim 'yung travel history then carrier na sila ng virus nahawa pa nila mga doktor at nurse natin.,0,unemotional
4283,"Free healthcare is not as great as they make it up to be. May family doctor and nurses shortages sa Canada ngayon, you could be waiting for 17hrs+ just to be seen by doctor in an ER. Medication isn’t free, lalo kung wala kang insurance. Ang maganda lang siguro eh yun nga pag na operahan ka, usually libre. (Yun lang matagal kang naghihintay for whatever operation that may be)",0,unemotional
4284,"Masaya naman po basta hindi grabe yung sakit nyo kasi ang oa ng waiting time para makapagbook sa mga specialist 😭 naghintay ako ng 3 months para makapagpabook tapos another month para macheck pero 10mins lang ako ni-check. Other than that, maganda kasi nanganak ako twice wala ako kahit ano binayadan, may private room tapos dami binigay na supplies ng baby. Pag ER free visit din tska check ups sa walk in clinics pero mahirap makahanap ng family doctor kasi usually full na sila.",-1,disgust
4285,Free nga but the service is shit. You need to wait more than 10 hrs sa emergency tapos hangga’t kaya mo pa at buhay ka pa tylenol lang bibigay sayo hahaha. Kuya ko na nag pa appointment for ENT he needs to wait for 6 months. came here 2020 nakahanap lang ako ng fam doctor last year,-1,anger
4286,Quit drinking that kool aid na libre ang healthcare sa mga developed countries. Kahit dito sa UK kasama yan sa tax mo.,0,unemotional
4287,[deleted],0,unemotional
4288,This is true. My aunt had to wait for 6 months for a CT Scan. Libre nga pero delikado ka naman while waiting. Dito saten may slots pero wala namang pera. Idk which is better pero you reallly cant have everything.,-1,disgust
4289,Hindi naman new virus yan.,-1,anger
4290,"Yeah, my dad had to wait for atleast a YEAR to get his eye surgery, only for them to cancel, and he got told that they couldn’t operate ON THE DAY OFF the surgery. If only I was with him that time, I would have asked his surgeons to provide specific reasons as to why they cancelled his surgery. But they reasons that they gave was very very vague. 

Dito you’d have to be aggressive on advocating for yourself, because their approach of trying to diagnose / assess illnesses is very conservative at kung hindi mo advocate sarili mo nga nga ka talaga.",0,unemotional
4291,Thank you. Na check ko rin kanina sa ABS. Nakaka worry rin kasi I thought bagong virus. (no wonder nadownvotes ako 🫠),0,unemotional
4292,"As an infectious diseases physician in India, this is bull. HMPV has been already seen by many colleagues of mine across India, and this is certainly not new. What we do not know is

1. How common is it this year? We do not routinely test, and since COVID, testing is more common. So, bias is likely.

2. Is it more severe? Not enough data to say so.

3. Is this the same variant as in china? Cannot say. We do not have genomic data on any of the isolates so far.

As of now, no reason to panic, but certainly a need to monitor.",-1,fear
4293,Well time to download among us again.,0,unemotional
4294,If it’s gotten to an 8 month old it’s been in the environment awhile. There are 50 more cases where that came from.,0,
4295,"Finally got my shit together. If another pandemic breaks out, I am dead meat🫠",-1,disgust
4296,"So when do I have to start banging my utensils?

/S",0,unemotional
4297,"Why only during appraisal months.
Corporates gets good reason for sallary cut.",-1,fear
4298,"Ahh shit, here we go again!",0,unemotional
4299,"Isn't HMPV a fairly old disease, could someone please explain why we don't have a vaccine for it ?",0,unemotional
4300,"Man I’m still in 2020, not again.",0,unemotional
4301,"""No Cause For Alarm"": Indian Health Agency On HMPV Virus Spreading In China

[https://www.ndtv.com/india-news/no-cause-for-alarm-indian-health-agency-on-hmpv-virus-spreading-in-china-7392255](https://www.ndtv.com/india-news/no-cause-for-alarm-indian-health-agency-on-hmpv-virus-spreading-in-china-7392255)",-1,disgust
4302,Hope we get WFH again 😁,0,unemotional
4303,So we're going back to WFH ?,-1,disgust
4304,https://preview.redd.it/82ab1yg2cbbe1.jpeg?width=500&format=pjpg&auto=webp&s=8749412433019d1ce00efea420d44ddda6dbf083,0,unemotional
4305,Don’t miss your chance to dance in front of the camera if another pandemic happens. You’ll come out of the lockdown rich.,-1,anger
4306,Noooo not again not again!!,-1,disgust
4307,Incase of Covid even WHO gave a similar statement,-1,disgust
4308,Dude not again 💀,0,unemotional
4309,Yes.. Let's go again..,-1,anger
4310,Time to vacate bangalore again!!!🤘🏽,0,unemotional
4311,Oh shit! here we go again!!,0,unemotional
4312,Any good tv series suggestion 🤣,-1,feaer
4313,Bruh...Just recovered from the last 4 years,0,surprise
4314,Should I continue studying or not please let me know,1,relief
4315,"Finally was in a place to start my career again and now this,had a bad experience in covid,can't handle again",0,unemotional
4316,I don't want another lockdown :-(,-1,disgust
4317,are we headed for another lockdown?,1,enthusiasm
4318,Awww shit!!! Here we go again,0,sympathy
4319,"Fuck man can't help but have a simplistic view, and hate China for this. Don't know the first thing about viruses, but the implications it has in our personal and professional lives, I have some idea. After a lot of trials and tribulations, 2025 was when I expected to have a redemption arc. If this virus fucks it up, I may be down forever. I may be speaking for a lot of people.",1,relief
4320,Finally WFH? please,-1,anger
4321,"At-Risk Populations are majorly young children (particularly those under 5 years old), Elderly individuals and people with weakened immune systems or chronic medical conditions

So hopefully, it shouldn’t be as bad as Covid",1,enthusiasm
4322,so what stocks are you buying next?,1,joy
4323,Well i somewhat liked being in lockdown,0,unemotional
4324,"We desperately need ""Work from Home"" again.",0,unemotional
4325,Just last week my company has mandated 5 days work from office,0,unemotional
4326,"ಥೂ ಇದ್ರು  ಮುಖಾ ಮುಚ್ಚಾ. So basically we are looking at an eventual lockdown.

https://preview.redd.it/g1prf9698dbe1.jpeg?width=3840&format=pjpg&auto=webp&s=91876cf17afc08382e6ccc47d5dbe53c46eef571",-1,fear
4327,Round 2 for PM SCARES Fund,-1,disgust
4328,"With Mahakumbh the biggest event every 150 years, lets hope this isn't as contagious as Covid.",-1,anger
4329,"Ah shit , here we go again",0,unemotional
4330,Covid 2 electric boogaloo,1,relief
4331,We got covid 2 before we got gta6,-1,anger
4332,Omg there's no need to panic. New channels are purposely exaggerating this for trps. This is not a corona type situation,-1,anger
4333,One more case today total 2 ,0,unemotional
4334,WFH please.,1,relief
4335,looks like the cycle is going to repeat after 5 years,0,unemotional
4336,We don't really want to go through another period of quarantine. 🥲,-1,fear
4337,HMPV thoda difficult naam hai. COVID 3.0 rakh dete.,1,enthusiasm
4338,"Interested to know how it impacts one, treatment, survival rate etc. before pressing panic button ",0,unemotional
4339,[https://blog.ervinod.tech/hmpv-virus-symptomshmpv-virus-cases-in-china-on/](https://blog.ervinod.tech/hmpv-virus-symptomshmpv-virus-cases-in-china-on/),0,surprise
4340,"https://preview.redd.it/u2lqtxw0ycbe1.png?width=500&format=png&auto=webp&s=d234f646154e3b7bfe82551ac3d45f72317c03c2

????",-1,fear
4341,"Go HMPV go!!!!  
The government has issued some advisories for us. [https://www.timesnownews.com/india/hmpv-virus-cases-live-tracker-global-human-metapneumovirus-hmpv-symptoms-china-virus-cases-reports-treatment-india-latest-updates-today-liveblog-116993413](https://www.timesnownews.com/india/hmpv-virus-cases-live-tracker-global-human-metapneumovirus-hmpv-symptoms-china-virus-cases-reports-treatment-india-latest-updates-today-liveblog-116993413)",0,unemotional
4342,"I wish the media people had some brains and did their research before printing those headlines.


HMPV is NOT a new virus. There are HMPV patients in India every year. There is a new strain in China apparently which is causing Havoc. But china being china, is not giving more information on this. So let's wait for the virus to reach some other country where the genome sequence can be identified.


Please leave those kids alone. Don't quarantine/isolate them for god's sake.",-1,anger
4343,Lockdown 2025 coming.,-1,fear
4344,"brb sharted my pants (cancelling my flight to bangalore, peace)",1,enthusiasm
4345,"I think I got similar symptoms in November. got fever, stuffy nose in the beginning looks like usual cold then after few days I started feeling congestion and very difficult to breath specially while sleeping. This was unusual to me I never felt breathlessness this way so i have gone throw several blood tests & ECG. ECG report was negative but blood test showing some kind of infection in my body as per my doc so he started treatment without knowing what infection I'm dealing with. My condition started improving after 2 weeks of the treatment, I stopped treatment after 3 weeks but it hit back 1 week later, then I had to start taking medicines again, still on the medicine. I'm 33M

Treatment I have followed:   
medicine for respiratory infection, congestion, fever and nasal drop  
Steam in every 8 hours  
Drink warm water 3-4 Ltr/day",0,unemotional
4346,I’m waiting for Work from home formally be announced by my boss,0,unemotional
4347,Is HMPV seasonal in India at this time and are vaccines easily available?,-1,fear
4348,This should be the top comment,-1,anger
4349,"But if there is a sudden surge of cases then could this indicate that the virus has mutated to strain which is much more transmissible than other ones? Also, what if the virus mutates to a form which is as severe or more severe than COVID?",-1,sadness
4350,Thanks doctor!,0,unemotional
4351,"From the article:

> This makes it the first case in India amid a surge in such cases in China. According to News18, the child does not have any travel history. The case was confirmed by the Karnataka Health Department. The case was reportedly conveyed to the Union Health Ministry.  According to News 18,It was not clear whether this was the same strain of HMPV causing a spike in China.

Read the last statement. 

> it was not clear whether this was the same strain of HMPV causing a spike in China.

There are many variants of HMPV, it's a group of Paramyxoviridae family of viruses, these viruses peak during the winter season, it's been there everywhere in the world since thousands of years. 

We can't say anything unless it is confirmed that it is the same variant of HMPV from China which is rapidly spreading there, there are other variants everywhere in the world that are least harmful (and even we don't know as of now that HMPV variant in China is harmful or not). 

I guess it's least likely to be HMPV China variant because the family doesn't have any travel history and neither they were in contact with anyone who had a international travel history according to the news.

Just be cautious however, wear a mask in crowded places but dont panic, irrespective of whether it's the Chinese variant or not, a viral flu is still dangerous for kids and the old.",-1,anger
4352,Us 🤝,-1,sadness
4353,Me who had decided to finally work on getting my shit together 🥲,-1,fear
4354,My who has invested a huge sum of money in the market recently 😭,0,unemotional
4355,We have a few months for that and chanting to begin Go HMPV Go ! :P,-1,fear
4356,"I'm waiting for epic protest against HMPV by Ramdas Athavale ""HMPV GO, GO HMPV....""",0,unemotional
4357,Jab Modi bolega tab.,1,enthusiasm
4358,I'm waiting for sequel of go corona go,1,relief
4359,Gosh this comment made me laugh out loud. Thank you stranger!,1,joy
4360,"Go HMVP, HMVP go. This song will also be sung by some idiots.",0,unemotional
4361,Well it worked didn't it? /S,0,unemotional
4362,Bhajpa Bhajpa Vikas Kar Daala 😳,-1,anger
4363,This is a certified classic,-1,fear
4364,As long as I get to bang or clap my plate I’m happy 😂😂,1,enthusiasm
4365,Banging toh ek hi baar karna padega. Washing is like for long. 😒,0,unemotional
4366,Do you have their consent?,-1,disgust
4367,This time we may have to bang something else,1,relief
4368,"https://preview.redd.it/bpret1q14bbe1.jpeg?width=225&format=pjpg&auto=webp&s=564bf98b63933e298ec695bbddaafee72a47d57e

You dropped this but I got you man",0,unemotional
4369,"All the governments around the world have realized that letting the masses have time to rest and think is dangerous.

So you can bet your ass unless the virus has a 99% mortality rate in old people (politicians age group) they won't do anything. If half of the people die even then they will probably ask people to return to offices and make sure their friends businesses thrive and the land value doesn't decrease.",-1,fear
4370,Viruses evolve. Rarer ones don't get the constant effort unlike influenza.,-1,anger
4371,"Even if there is, how many vaccines are you gonna get after all?",0,fear
4372,"Even if the situation is alarming they can't say ""please panic. We are in a state of alarm"".",0,relief
4373,Pretty sure they said this before Covid as well,-1,anger
4374,Still remember the iconic “ corona go corona”,0,unemotional
4375,Still trust indian agency reports?,0,unemotional
4376,"https://preview.redd.it/m6ff2n8kxbbe1.jpeg?width=640&format=pjpg&auto=webp&s=72ef601e785bf50593aa8e63ae8ec68626bb2f34

saar wants you to WFH for 140 hours 😁",-1,disgust
4377,"Keep dreaming, they will drag our corpse to the office if it means that they get to keep the tax benefits.",-1,anger
4378,Hope you don't lose your job,-1,fear
4379,Narayana Murthy 😡,-1,anger
4380,"just placed an order for ring light , camera and a jar .",0,unemotional
4381,Mann Ki Baat by the Supreme Leader,0,unemotional
4382,It's not appropriate to blame an entire nation for a surge in viral activity of a virus that has been there for many years. I don't think it's going to get any serious...if it doesn't mutate to a more fatal form. Chill.,0,unemotional
4383,"Most probably Tata's stocks, ITC, Indian Railway related stocks + Steel & Consumer product related",-1,sad
4384,were you able to avoid giving any excuse? can you share some ideas?,0,unemotional
4385,Now 3,-1,sad
4386,Thanks for the tips and sharing your symptoms in detail. Tc. My flu with congestion keeps coming back almost every week. Office Team almost someone always have flu running these days. 🤒,-1,anger
4387,"Hey, my symptoms are similar to you.. do you also have chest/back ache at times? I have been facing since last 2 days",-1,anger
4388,"To the first question, the article linked says yes.",0,unemotional
4389,Seasonal: Yes. Vaccine: no,0,unemotional
4390,The only top comment you'll find on Reddit is some 13-year old trying to be smart and saying something absolutely irrelevant for the sake of it.,0,unemotional
4391,No data that the numbers are actually out of proportion so far. This is media frenzy.,0,unemotional
4392,"Well explained and exactly what I was intending to say. 

Adding my 2 points, firstly other variants of HMPV has been around since 2001 and secondly even though, it was rare even then, there were still cases reported which affects children under 5.

So let's calm down and wait for the confirmation from ICMR and other relevant authorities, than spreading panic around.",-1,disgust
4393,[deleted],-1,anger
4394,"On Diwali day, I went to hosur for some work and visited flower market with relative. Next day, I got throt and body pain. Next two days passed without checking with doctor, as most of them out for vacation. On 4th November, I checked with Doctor because I started coughing very badly. Upon checking with doctor, he suggested to take CT. CT result showed pneumonia in right lung. Immediately, I admitted into hospital.
After I recovered, my wife also went with same cycle and still recovering. on top that current weather also making it hard to recover.
So my only mistake was that I didn't wear mask and now everyone in my family are suffering. Please wear mask.",0,unemotional
4395,"Laughter is the best medicine. And with that, you're cured already!",0,unemotional
4396,Much appreciated homie!,-1,disgust
4397,I'm pretty sure it does have a higher mortality rate in older people.,-1,anger
4398,right. Thanks,0,unemotional
4399,"Panic would just hurt more people. They should never say anything that can cause panic. Even if the situation is dire, panic is never good. ",0,unemotional
4400,Let me know which agency in the world has told about it being cause for alarm.,-1,fear
4401,what tax benefits?,0,unemotional
4402,"I don't know if you have seen the movie Indian (1996). There is a dialogue ""What you say makes perfect sense to the mind, but not to the heart"". Likewise, I know rationally thinking, it makes zero sense to blame China for this, but for the 2nd virus to emerge from the same country, less than 2 years after we started recovering from the havoc the first one wreaked on the world..",0,
4403,Why Railway? If another pandemic hits the railway profits will die,-1,disgust
4404,5 now,0,unemotional
4405,"Thanks, you too take care of yourself.",-1,fear
4406,"Yes, chest pain. real trouble is unable to breath, feels like something stuck in windpipe that causes shortness of breath",0,unemotional
4407,"We should all exercise caution as well as patience. A lot of problems were had due to panic during covid and several people suffered due to hoarding of masks, ppp, sanitizers, etc.


Just maintain distance from people especially those who are visibly sick and keep washing your hands from time to time. ",0,unemotional
4408,"This is a virus that spreads by air, unless the contamination happened hours before goods is highly unlikely to transmit stuff. Please don't spread fear under the pretense of care.",0,unemotional
4409,"That’s incredibly unlikely, bacteria and viruses don’t survive very long on non-organic surfaces. I think the longest for viruses is 3 days, some bacteria slightly longer as they have the ability to go dormant (but even then it’s not very long)… Viruses are just pieces of scrap RNA code floating around in the environment, they’re extremely delicate. Even being exposed to the air is extremely destructive to them, let alone sunlight / heat etc. 

If you sanitise everything you run the risk of developing autoimmune diseases because your bodies own immune system doesn’t have anything to fight and so starts attacking your own cells, like lupus / asthma / lymphoma etc.",-1,disgust
4410,"No, your problem is weak immunity. 

Eat better, exercise and spend some time socialising and more enjoying life. 

Everyone is infected at all points of time, it’s only a lack of balance in your body immunity that makes some infections more visible. 

Laughter is the best medicine- meet the people you like more.",0,unemotional
4411,Bro juss wants to clap,-1,disgust
4412,🤝,0,unemotional
4413,As someone who lives with old people (grandparents) and works with even more old people (not in age but quantity) these people won't care unless it's guaranteed to affect them.,-1,anger
4414,"I know it's quite tempting to blame something for things that you can't control. But still it's important to realise that things just happen. Life is never a safe space for anyone. Also, the cases found in India do not have a Chinese origin. The strain in India is probably completely different from that in China. There is a lesser chance of this virus converting into a full blown pandemic...unless there aren't any severe mutations.",-1,disgust
4415,"That's when we need to buy stocks of railway.
it is a govt. entity which is backed by our money (Tax payer's money)",-1,disgust
4416,"Wait until you get ""clapped"" on a traffic signal.",0,unemotional
4417,😔😔😔,-1,anger
4418,Jo bole so.....?,0,unemotional
4419,Nihalllllll (younger me shud die for this username),0,unemotional
4420,"If you feel like this Post violates the subreddit [rules](https://www.reddit.com/r/JEENEETards/about/rules).

Feel free to report it using the 3 dots or tag any active moderator for removing this post.

Learn how to report any post [here](https://www.reddit.com/r/JEENEETards/comments/1d9ac4i/comment/l7c1q08/)

*I am a bot, and this action was performed automatically. Please [contact the moderators of this subreddit](/message/compose/?to=/r/JEENEETards) if you have any questions or concerns.*",-1,feaer
4421,"Jisne achhe se preparation ki ho : 1st 

Jisne  kharab preparation ki ho : 2nd side",0,surprise
4422,Jee tho covid ke time bhi cancel nhi hua ab kaha se ho jayega,1,relief
4423,Jee and boards delay ya cancel krwado phir alecc daddy se iski vaccine nikalwauga ![img](emote|t5_311ttu|30367)(I want my college life),0,unemotional
4424,[deleted],-1,disgust
4425,"fear mongering bhai last time bhi monkey pox bola tha
attention ke liye kuch bhi viral kar rahe",1,enthusiasm
4426,"Kaise chutiya log ho tum


Ek paper ke liye lakho ki jaan jayegi aur kaiyo ki naukri jayegi.


Hume lockdown mein maja aaya, iska yeh matlab thodi na h, sabke liye achcha gya lockdown.",0,sympathy
4427,HMPV khuch nhi krega college life m barbad krunga jee v maine hi cancel kr diya h selection mains 1 m ![img](emote|t5_311ttu|32180),1,relief
4428,Bhai 1st attempt toh nhi rukne wala ab ![img](emote|t5_311ttu|30367),-1,anger
4429,"1. we will be called online batch and placements, opportunities, board % for abroad masters etc sab barbaad
2. college life nahi milegi bhai
3. board cancel ka kya karoge, abhi bhi time hai boards bhot ez hota hai pls kripa kardo padhke apne ma baap pe",1,enthusiasm
4430,DELAY HO GAYA TOH MAJA AAJAYEGA,1,joy
4431,"Those who are praying ki virus ajaye they literally are kids 
They don't know how fatal it can be.. 
How your family gets broken!! 
The feeling of helplessnesss... 
The feeling of corruption!!!! 
The constant worrying ki inhe bhi na khodu kahi... 
Fuk offffffffff, I'm telling you kids... 
You don't know how bad it can hurt you... 
I'm still recovering my family too the scar and void is too big... 

Lastly dukh unhe nahi hota jo chale jaate hain dukh unhe hota hain jo reh jaate hain",0,unemotional
4432,"15 din delay ho jaye saare exams competitive, bas aur kuch nahi",0,unemotional
4433,BC puri India m log 2 mahine ke aage ka nhi soch pate kya? Indian voters ko dekho to unhe freebies chaiye desh develop ho ya na ho aur bacho ko virus chaiye taaki exam cancel hojaye ye nhi dikh raha fir jeevan ke kitne laude lagnge.,0,unemotional
4434,Are mujhe toh 1 hafte se saans lene me dikkat ho rhi....fatt rhi kahi HMPV na hojaye !!! 😐💀,-1,fear
4435,"NEET waalo ka sahi hai , pehle virus se NEET delay fir college jaake vaccine banao jisse college enjoy karo . Hum JEE walo ke lawde lag gaye bc",-1,disgust
4436,Right side,-1,anger
4437,Merese college handle nhi horhi....mah chahta hu college life khtm kr de,0,unemotional
4438,Hmpv mein naya YouTube channel kholungaa,1,relief
4439,Yar jitna memes banani h banalo but actually me agar if it turns into a pandemic again to abki baar kya ho who knows,-1,anger
4440,Na. Bhai nhi pehele ye virus tum sabke lie bol rha hu,-1,anger
4441,2024tard. 1st side,0,unemotional
4442,"jo bhi right me he, pagal log ho tum",1,relief
4443,Bas comeback ho jaye chahe jaise bgi,0,unemotional
4444,Tu to pakka 2nd wala hai (me bhi),-1,fear
4445,agr  aagya to chudenge dono sooner or later,1,enthusiasm
4446,"meri lawda prep hai firbhi 1st side hu, chutiya college me hi sahi par college life toh enjoy krni since (bakchodi nhi rukni chahiye)",0,unemotional
4447,"I prepared well, still on 2nd side",0,surprise
4448,JEE cancel ho gaya to admissions bhi cancel honge,-1,fear
4449,[deleted],0,unemotional
4450,College life kuch nhi hota,-1,anger
4451,Kar diya jinx tune,-1,fear
4452,covid ko bhi yahi bole the,1,enthusiasm
4453,esi baat pe haldiram ka rasmalai,0,unemotional
4454,tbh HMPV ko zyada attention diya jaa raha,0,unemotional
4455,They don't know brother... Bacchon  ke liye toh accha hi haina...,-1,fear
4456,It was a meme broo,-1,anger
4457,Bro is God's messenger 👈👁👉,-1,sadness
4458,"Aside from the meme. If we think seriously hmpv aajane se sirf nuksan hi hoga. I agree with each of your points. Moreover, I am sorry if the meme offended you in any way 
Last line-🔥",0,unemotional
4459,bc centre mein jaake har jagah khash diyo fir aayega maja ![img](emote|t5_311ttu|32180),-1,anger
4460,Kuch sahi nahi h bhai humare bhi lawde hi lage huye h,-1,sadness
4461,L lag jayenge,-1,fear
4462,Feel you bro,0,unemotional
4463,Maine abhi preparation hi kar rha hu ![img](emote|t5_311ttu|49427),-1,fear
4464,Padhai toh college ke last year me bhi ho jayegi par bakchodi nhi rukni chahiye ![img](emote|t5_311ttu|30180),0,unemotional
4465,I didn't prepare well and on the first side. Damn,1,enthusiasm
4466,"bhai lodu ka toh cake day bhi Dec 19, 2024 h ![img](emote|t5_311ttu|32180)",1,relief
4467,Kahi aap hi ashu toh nahi?  Post history aur comment uske jaise hi lag rahe ![img](emote|t5_311ttu|32180),1,joy
4468,Bro maine niche ka comment section padhne ke baad likha h,0,unemotional
4469,"I am neither god's messenger nor am I the god.


I am just a normal man who thinks by just putting himself in shoes of each and every man before taking any decision.",0,unemotional
4470,Kk dost mera ptsd kick in ho jata,-1,anger
4471,"Ooh tu to bhai 26 wala hai, ma'zrat![img](emote|t5_311ttu|49427)",-1,fear
4472,Abe bhadwe tu har post mei kaise dikh jaata hai ![img](emote|t5_311ttu|49429),1,enthusiasm
4473,[deleted],0,unemotional
4474,Phir agya ![img](emote|t5_311ttu|30176)![img](emote|t5_311ttu|30176),-1,disgust
4475,Ohh ok makes sense,1,relief
4476,Bro is God 👉👁👈,0,unemotional
4477,Kyunki Mai har post par comment kar deta hu ![img](emote|t5_311ttu|49427),-1,fear
4478,Adapt or die kaun hai lol? But tu seriously ashu lag raha,-1,anger
4479,Nope I am not,0,fear
4480,saale Agle saal 15 din mei 99%ile wali post kab aa rahi hai teri ![img](emote|t5_311ttu|30168),0,relief
4481,[deleted],-1,anger
4482,Bhai ye sabpe shak krta ashu bhaiyaa hone ka ![img](emote|t5_311ttu|32179),0,unemotional
4483,15 din kyu jab 3 hrs hi enough hai![img](emote|t5_311ttu|32180),0,unemotional
4484,SSRO ko bol kar research karwau kya ![img](emote|t5_311ttu|32180),-1,disgust
4485,https://preview.redd.it/toqc3i29ylbe1.jpeg?width=1653&format=pjpg&auto=webp&s=70d1081b6fecaf48c6d225cdba5e123419ac9681,-1,anger
4486,[deleted],-1,fear
4487,https://preview.redd.it/y5yhrmyqylbe1.png?width=1080&format=pjpg&auto=webp&s=4def28c6de89cc296d57a22488bb5324f28dd842,-1,anger
4488,Jokes on you mai ssro ke har member ko jaanta ![img](emote|t5_311ttu|50130),0,unemotional
4489,https://preview.redd.it/kp1hsls7zlbe1.jpeg?width=1164&format=pjpg&auto=webp&s=e6e5e13abfd69a5b41f9fa2e8b3d9e8a88dd73e9,0,unemotional
4490,[deleted],0,unemotional
4491,"""Поздравляем! Вы прошли обучение!""",-1,sad
4492,На этот раз летучую мышь выебали?,0,unemotional
4493,"Ну, долго гадать, что за ПИЗДЕЦ нас ждёт в 2025-ом не пришлось, и на том спасибо! 👍

5 лет стабильности! 👍",-1,sad
4494,Как же заебал этот нескончаемый сюр 😑,-1,anger
4495,"Ну давайте уж чтоб сразу все всадники Апокалипсиса набегли, а то че они по одному шли до этого.",-1,anger
4496,"Наконец-то мы все сдохнем

![gif](giphy|Hs1ZdBBpaHO9y)",0,unemotional
4497,https://preview.redd.it/9cv5szaf6vae1.jpeg?width=862&format=pjpg&auto=webp&s=1516e6863175095fb4b341d7c8542e9c93f77da9,0,unemotional
4498,В смысле 5 лет…,0,unemotional
4499,"Теперь Трамп наконец сможет сказать, что это уж точно свинчено в китайских лабораториях.",0,unemotional
4500,а можно они перестанут жрать всякую хрень? У них же есть уже миска риса и даже кошка жена прилогается,-1,disgust
4501,"Это шутка такая, откуда инфа?",-1,anger
4502,Мне демка не понравилась,0,unemotional
4503,"Спойлер на 2026 год:

https://preview.redd.it/4gm1gnf00vae1.jpeg?width=736&format=pjpg&auto=webp&s=a096d2b1333305a1fd36c7586b3200ef4d227722",0,unemotional
4504,[removed],-1,disgust
4505,да это уже сиквел какой-то,-1,anger
4506,https://preview.redd.it/pvvl940vduae1.jpeg?width=500&format=pjpg&auto=webp&s=9180aa03c822d7cb71e8b81f807e20d3103791a2,0,unemotional
4507,Им там заняться что-ли больше нехуем?,0,unemotional
4508,Вторая фаза.,-1,fear
4509,Ahhh shit here we go again,0,unemotional
4510,Дары дедушки Нургла на новый год,0,
4511,NG+ поехали,-1,disgust
4512,"В С Ё ! ! ! А А А А ! ! !

В этом сабе надо так заголовки писать.",0,unemotional
4513,Врачи - опять???,-1,fear
4514,Задание дожить до 18 провалена,0,unemotional
4515,"Ну конечно, в английском сегменте мем сделали что  2025 начался с WTF, то же самое в 2020 было",0,unemotional
4516,"Covid, nhmt - как то сложно звучит. Вот Т-вирус как то проще запомнить 😆",0,unemotional
4517,"Ну так в той книге , которая вирусилась, и было написанно. Резко появится - исчезнет на пару лет и вторая волна с новой силой. Держитесь, друзья. Дальше будет веселее.",-1,disgust
4518,Каждый през из США запускает в Китае свой вирус,0,unemotional
4519,https://preview.redd.it/lfyx5ox3fuae1.jpeg?width=741&format=pjpg&auto=webp&s=b22dbe403ee7833e39a17ef7dc12a89863d716f6,-1,disgust
4520,"Времена меняются, появляется новая мета",0,unemotional
4521,"заебали, ещё война не закончилась, дайте хоть немного пожить спокойно!!!",-1,anger
4522,Да подобный вирус каждые пару месяцев находят,-1,disgust
4523,"Боженька,откати обновления,хотя бы до патча 2019 года,тут какой-то пиздец.",-1,disgust
4524,"Молодцы китайцы, упорные. Если COVID-19 не всех убил, китайцы не останавливаются на достигнутом, совершенствуют биологическое оружие 👍😊",0,unemotional
4525,Да хули им там неймётся всё?,-1,anger
4526,"очередной проплаченный мув чтобы отвлечь хомячков пока что то порешают за них и без них? так же в добавок есть классные новости про нло по всему миру, кадры все такие детальные как будто снимались на сименс двадцатилетней давности... но да это пришельцы инфа сотка. типа ну камон все из дома выходить нельзя вирус жеж а ну если выдете вас еще пришельцы похитят так что всем оставаться на местах",0,unemotional
4527,Этого нам бля не хватало...,0,unemotional
4528,Видимо решили добить выживших,-1,feaer
4529,"Китайцы, когда зомби вирус уже? У меня чё, зря около тыщи часов в зомбоиде?",0,surprise
4530,"Очередное переименование простуды. Походу пидорасы шизофреники глобалисты опять очередную свою авантюру хотят разыграть со своим подручным инструментом ""ВОЗ"".🤬",1,relief
4531,Решили взять реванш,0,unemotional
4532,Чё за повтор 2020,-1,disgust
4533,Да похуй всем! И на британских ученых тоже....,1,enthusiasm
4534,Ковид был 5 лет назад….,0,sympathy
4535,А вот и сполеры на 2025 подъехали,1,relief
4536,Замечательно идём по второму кругу 2025 обещает быть весёлым,-1,anger
4537,Почему 2? 3 наверное?,1,enthusiasm
4538,"Кого на этот раз,эти черти, сожрали?",1,joy
4539,"Успокойтесь, это обманка",0,unemotional
4540,Бог рандома решил отпраздновать юбилей,0,unemotional
4541,28 недель спустя,0,unemotional
4542,Опять дедушка Нургл веселится,-1,fear
4543,Методичка пропаганды коронавирус раунд 2?,-1,disgust
4544,"Да, давайте снова уйдем в самоизоляцию, а то я заебался. У меня в 2020-м самый пиздатый отпуск был, когда меня в него отправили принудительно на месяц.",-1,anger
4545,Нехер летучих мышей жрать,0,unemotional
4546,а теперь вопрос: смысл вакцины?,1,relief
4547,"Ещё до выборов Трампа я поспорил с коллегами на работе что:  
<<Когда Трамп придет к власти, финансирование вирусов снова возобновиться>>  
Я так подозреваю что: Трамп причастен к медицинской мафии.",-1,anger
4548,Видимо ещё не все ачивки открыл,-1,anger
4549,"Не надо пожалуйста, умоляю, я прикончу себя если будет еще один тотальный пиздец с карантином",0,unemotional
4550,"Уже похуй максимально. Сдохну, так сдохну. А если нет, то и беспокоиться не о чем.",1,relief
4551,"Помните про обезьянью оспу? И я еле еле, а про неё писали как о новом коронавирусе.",0,unemotional
4552,"Ха ха ха. Всегда веселило с людей которые не верят, что нас реально перенаселение планеты... Говорят свободного места ещё полно. И еды ещё полно...",-1,fear
4553,Бля идите нахуй а просто забейте хуй. Я помню как было в 19 году даже местных городских группах знали точное количество заболевших в далёких провинциях Китая. Как будто специально людям проплачивали чтоб они жути нагоняли. Бесите долбоебы,1,enthusiasm
4554,Runde 2. Lasst uns beginnen!,0,unemotional
4555,Ура,0,surprise
4556,"\>Специфическое лечение отсутствует, применяется симптоматическое лечение

  
Заебись",-1,fear
4557,![gif](giphy|40dEau6bZRO3S),0,unemotional
4558,[removed],-1,anger
4559,Не зря в Питере ковидные ограничения продлили,-1,fear
4560,"Чую что Китай со своими экспериментами в конец прдзаебёт всех и тут только 2 варианта, либо их закроют в собственной стране как в лепрозории что не выехать, не вылететь, не уползти, малейший шаг за линию и каплык на месте с последующей дезинфекцией огнемётом, либо ну его нахер так парится да будет Хиросима и Нагасаки часть вторая в китайском исполнении ибо нехуй. С одной стороны жестоко не гуманно но блять голова нужна не только чтобы в неё ложку с рисом пихать, за долбоебизм природа всегда наказывала жёстко если не верите спросите у динозавров и мамонтов.",1,enthusiasm
4561,"Это пусть идиотам 🐏🐏 вчехляют. Никто и никогда в глаза не видел так - называемых ""вирусов""🤡. Так - называемая "" вирусология""🤡 - всегда была шарлатанской лженаукой, антинаучным бредом.",0,unemotional
4562,"Интересно, а в этот раз будет комбо фантанирующей рвоты с поносом?",0,unemotional
4563,Змею,-1,fear
4564,И съели. Традиции,-1,anger
4565,Или наоборот... 🤔,-1,sadness
4566,"Ничего, что вирус лабораторный?",0,unemotional
4567,"Не интересно , прошлый век",-1,anger
4568,"кста, 25 начался с WTF (Среда, Четверг, Пятница), последний раз это было в 2020",-1,sadness
4569,Бля может реально 2019 год останется лучшим в истории человечества...,-1,fear
4570,"Ну Война и Смерть есть, Чума на походе. Осталось только Голод подождать чуть-чуть",0,unemotional
4571,"Оптимист, блин",-1,fear
4572,"ура, я так рад, что мы умрём",0,unemotional
4573,"Всем кто собирается сдыхать предлагаю валить на СВО, От вас хоть какая-то польза будет",1,enthusiasm
4574,"Бля, ну наконец-то. Реально этот паблик в желтуху превратился. 
Ещё заголовок надо было классический: ""ЖИЗНЬ БЕЗ КОВИДА В С Ë!!!""",1,relief
4575,"Ух за последние годы столько фейков было о новых вспышках, что уже даже надоело реагировать.",1,joy
4576,"Гениально! В прошлый раз была какая-то мышь (или панголин, если верить Саус Парку), а теперь - СВИНчено, чтоб уж точно разошлось",0,unemotional
4577,"Рис пластиковый, а кошку жалко",0,unemotional
4578,"[Крайне сильно я бы этому сайту не доверял](https://www.aboluowang.com/2024/1227/2151299.html), но на данный момент это единтсвенный +- достоверный источник.

  
В ковид в начале 20-го тоже никто не верил",-1,anger
4579,https://www.reddit.com/r/KafkaFPS/s/i7xOLicA90,-1,fear
4580,Зачем?! Теперь и не интересно,1,enthusiasm
4581,Вторая? Я уже давно со счëта сбился.,0,unemotional
4582,И чтобы автомодерация не пропускала без такого в заголовке.,-1,disgust
4583,"В прошлый раз 3 месяца до регионов России добиралось. Что иронично, именно москвичи и растащили.",1,relief
4584,Не каркай. А на крайняк запомните-стрелять в голову.),0,unemotional
4585,Что это блять,-1,fear
4586,Bad bot,-1,anger
4587,"https://preview.redd.it/lovzkjciuwae1.jpeg?width=1020&format=pjpg&auto=webp&s=d789db663f067e91e30a5dbd1119b923a7bd07cb

Видели, видели, bad bot",0,fear
4588,"Надеюсь, в этом раз мы добрались до чего-нибудь поинтереснее, по типу некроа (зомби) или сумеречной чумы (вампиры). ☝️",0,relief
4589,"Ну, судя по тому, как выгребали туалетную бумагу с полок магазинов - срачка тогда у людей была знатная",-1,anger
4590,"Комбо ""Ой""",0,unemotional
4591,а тебе реально хотелось бы чтобы как в книге ричарда престона было?,0,unemotional
4592,"летучую змею? дракона, блять?!",-1,disgust
4593,"Создаём вирус, который воспроизводит сам себя 100 млн. раз, в каждом генотипе. выпускаем. Для китайцев это количество не критично. Ждем. Люди умирают. С учетом воспроизводства населения, через пару-тройку вирусов на Земле останутся одни китайцы",-1,anger
4594,"Да тут сплошной WTF с начала 20-го. 😅 Разве что, с этого года пошли на новый круг ужесточения пиздеца... 🤔",-1,fear
4595,Совпадение? Не думаю.,-1,anger
4596,"Скорее 2010, когда можно было купить машину не слишком напрягаясь. А то и квартиру.",0,unemotional
4597,"Сам и вали, воен",0,unemotional
4598,"Лол, и в чем польза ?",0,unemotional
4599,в чем польза если все и так сдохнут? какую-то полит херню снёс просто потому что,-1,sad
4600,Бро одним комментарием заруинил себе карму,0,unemotional
4601,"И не говори, такое ощущение что в ФБ зашёл",-1,sad
4602,"Я сука сразу поверил, вот блять с первого звоночка понял что вот он - пиздеЦ. Только я был уверен, что умирать не будут полностью и что распространяться будет через укус",-1,anger
4603,"Спасибо, дружище!",-1,anger
4604,Тьфу - тьфу - тьфу!,0,unemotional
4605,Первые симптомы вируса,0,unemotional
4606,Уже делаю дымовые шашки и точу мачете,0,unemotional
4607,"А, точно, ещё чихание.",0,unemotional
4608,r/carsfuckingdragons,-1,disgust
4609,[removed],-1,anger
4610,Осёл?,0,unemotional
4611,"Вирус убивает не какое-то число людей, а процент от популяции, то есть среди китайцев и индусов как раз и будет в точных числах больше жертв.

Я бы скорее подумал о том, что кто-то так решает проблему старения населения и переизбытка пенсионеров. Теория заговора та ещё, но пусть будет.",0,unemotional
4612,Не. В десятом жарко было слишком.,-1,disgust
4613,"ЛОЛ, а тебе какая разница от чего подыхать, если собрался? Вроде не на казнь идëшь, чтобы выбирать.",-1,anger
4614,"В удобрении, хотя нет они только всё засырают и уничтожают",0,unemotional
4615,"Кремлебот нам не бро, бро",0,unemotional
4616,Да будто кому-то не похуй на карму,-1,fear
4617,Карма сама собой не набежит,0,unemotional
4618,Так вот кто про летучих мышей начал,0,
4619,"Пожалуйста. Благо, здесь есть такие, кто могут в фактчекинг.",-1,disgust
4620,r/dragonsfuckingcars,0,unemotional
4621,Блять…,-1,fear
4622,Пиздец,0,unemotional
4623,чего блять?,0,unemotional
4624,Ебатся врастся  что это за нахуй,0,unemotional
4625,И это всё выебали?,-1,disgust
4626,">Я бы скорее подумал о том, что кто-то так решает проблему старения населения и переизбытка пенсионеров. Теория заговора та ещё, но пусть будет.

Или просто кто-то наносит удар по стране, которая вот-вот станет новым мировым лидером...",0,unemotional
4627,"Много ли можно сэкономить на пенсионерах с их крошечными выплатами?

Ну в рамках страны третьего мира - возможно",-1,disgust
4628,Берём 2011? Но там ливни были пиздец...,0,unemotional
4629,"Я вроде бы конкретный вопрос задал, если нечего ответить то лучше промолчать - за умного сойдешь",-1,anger
4630,"Я сис, но ты тоже прав, кремблеботы нам не бро, бро. Может челы?",-1,disgust
4631,"Кармоферму ""гойдовцы"" заруинили.)",-1,disgust
4632,"Блять, да откуда вы это находите?",0,unemotional
4633,Почему это существует!?!?,-1,anger
4634,Это было фатально,0,unemotional
4635,Ебушки воробушки ._.,0,unemotional
4636,Значит выше ссылку я открыл едя сидя в забитой маршрутке ахуел и решил эту открыть😅,-1,feaer
4637,Сами по себе бьют?,0,surprise
4638,"Ну например в РФ, треть населения это пенсы, которым и так платят хуй да нихуя, а всё равно выходит дохуя.",1,relief
4639,2007...,0,unemotional
4640,"Ну. Я не тот чел, но попробую. В РФ гребут не всех подряд. Может быть, на медкомиссию отправят. Обследование за счёт оборонки. Может и лечение какое пропишут нормальное, в отличие от врачей из поликлиники.  

А пока вылечат - уже всё и закончится. Я про СВО.",-1,disgust
4641,"Это база, это нужно знать",1,enthusiasm
4642,Не местный шоль?,0,sympathy
4643,Это 34 правило: про всё что ты мог подумать или прочитать уже снято порно,1,relief
4644,Rule 34,-1,anger
4645,🎶 Welcome to the internet 🎶,1,enthusiasm
4646,"По правилу номер 34: если что-то существует, то существует и порно-версия",1,joy
4647,"Эм... Да! Давайте дружно сделаем вид, что США не усирается, чтоб замедлить китайский экономический рост, не ведут торговых воин и для них есть ну ""слишком грязные"" методы, на которые они не пойдут.

Или для вас заключение ""сделан в лаборатории"" обязательно означает ""в китайской лаборатории""?",0,unemotional
4648,"Если ты не знал то как раз всех подряд и гребут, требования к здоровью уменьшили почти до нуля. Никаких там обследований и подавно не проводят. Меня чуть не признали годным 20лет назад. А у меня аллергия, астма и ещё кое что очень серьёзное. Я буквально не способен пробежать 100 метров без ингалятора. Ты думаешь при диком дефиците солдат требования будут ужесточать? Не смеши, а лучше бы разберись сначала в вопросе. Или ты не из РФ, тогда понятно почему пишешь такое.",0,unemotional
4649,Have a look around,0,unemotional
4650,"Человеческий род тогда тупо трахеры получается, вот че пришельцы с нами не связываются, теперь понял",-1,fear
4651,"Державы всегда конкурируют, это непрерывный процесс. И он идет в обе стороны, а не ""одна вероломно нападает, а другая героически защищается"". 

А на территории Китая действуют подпольные службы штатов со своими лабораториями, ага. 

Чел, ты долбоеб и конспиролух, но мне даже интересно, какими аргументы у тебя еще припрятаны)",-1,disgust
4652,"Из РФ. Было почти также, но там свой ""букет"" болячек. И в мобилизацию был в военкомате. Развернули.",-1,anger
4653,"Если прилетят пришельцы, очень быстро найдутся те, кто захочет их трахнуть.",0,unemotional
4654,">А на территории Китая действуют подпольные службы штатов со своими лабораториями, ага. 

Потому что провезти и распространить готовый вирус ну вообще невозможно, ага. ""Китай сам по себе бьет"", ага.",1,relief
4655,"Оч странно. Учитывая что сейчас отправляют в мясные штурмы даже на костылях - звучит как выдумка. Хотя, может раньше ещё могли выбирать, но теперь и хромых и косых гребут. А обратный билет только через инвалидность.",-1,anger
4656,r/femxeno,-1,anger
4657,"Тупые коммуняки бьют сами по себе. В первый раз, что ли?)",0,unemotional
4658,"Одни шпиёны с невероятной властью кругом. 

Бритва Оккама тут помогает - распиздяйство совков (китайцы их преемники по сути) наиболее вероятный вариант. Разрабатывали биооружие в Ухани и проебали его.",1,relief
4659,"Ну, мобилизация была в 2022. А я не хочу испытывать судьбу дважды. Тем более, тогда демотивации было больше.",0,unemotional
4660,"If this post showcases moral/mental/physical corruption or perversion, upvote this comment.  If this post does not belong here, downvote this comment.  

[Read the rules before posting or commenting](https://www.reddit.com/r/NoahGetTheBoat/wiki/rules)  
[Also read the guidelines](https://www.reddit.com/r/NoahGetTheBoat/comments/fgmg3t/guidelines_for_the_subreddit_read_and_follow_the/)  

In the comments:  
DO NOT JOKE ABOUT VIOLENCE, DO NOT INCITE VIOLENCE  
DO NOT JOKE ABOUT PEDOPHILIA OR ASK FOR CP  
YOU WILL BE BANNED


*I am a bot, and this action was performed automatically. Please [contact the moderators of this subreddit](/message/compose/?to=/r/NoahGetTheBoat) if you have any questions or concerns.*",-1,fear
4661,"Article excerpt:

>However, health officials have emphasized that HMPV is not a new virus but a relatively under-recognized respiratory pathogen.

Another excerpt:

>Some scientists have speculated that these mutations could make the virus more neurotrophic, meaning it may have a higher likelihood of affecting the nervous system.

One more:
 >A Familiar but Often Overlooked Threat HMPV is not a new pathogen. Discovered in 2001, it has been circulating globally for over six decades, causing infections across all age groups. According to Zheng Lishu, a virologist at the Chinese Center for Disease Control and Prevention (CDC), the virus typically causes mild symptoms that resolve within a week. However, i t can lead to severe complications in vulnerable populations, including young children, the elderly, and those with weakened immune systems.

Wash your hands people. Take precautions anyway, it's the flu season. Don't forget norovirus is out there. Norovirus is stomach and intestinal illness. 
Alcohol does not kill it. It has a protective protein shell. So hand washing is recommended.",1,enthusiasm
4662,Insert the GTA meme.,0,unemotional
4663,The HMPV? Wtf?,0,surprise
4664,"China tyically will infuse their drugs instead of shots and pills. This is normal procedure for almost any condition that needs meds or hydration.  
Maybe more demand as seaonal viruses bite, but IV is nothing out of the ordinary.",-1,fear
4665,Iiiiiit's haaaappening 🤭,0,unemotional
4666,The wHAt virus,-1,anger
4667,"Alright let’s go baby, this time finish the job!",-1,fear
4668,Ominous start to the year,1,enthusiasm
4669,Better not spread that shit all over the place again,0,unemotional
4670,"Round Two: Electric Boogaloo
 
Let's fucking go?",0,unemotional
4671,"It breaks my heart to see kids suffering like this. Having had my kid in the hospital helpless and scared from seizures, the feeling is the same for them and the parents. My heart goes out to them.",-1,fear
4672,Covid 2.0,-1,anger
4673,Let me guess...this virus came from a dragon that bit/had sex with a monkey. Why do these things happen every four years....I wonder.,-1,sadness
4674,This whole new virus is bs just like last time and it's its being lown way out of proportion just like the last one was this is dumb,0,unemotional
4675,"Oh wait, it primarily impacts children. 🤣 Michael Jordan said it best.",-1,anger
4676,Protective protein shell-  sounds like a snack food!,-1,sadness
4677,We got covid 2 before GTA 6,-1,fear
4678,"A well known virus that people are making headlines about. It’s not increasing at any alarming or abnormal rate, it’s a sensationalist news piece.",0,unemotional
4679,Right? Corona was hard enough pls im entering my senior year,-1,fear
4680,"It's not, this is a respiratory disease that has been known and relatively common for years.",0,unemotional
4681,Time for round two! Stock up on toilet paper and Scotch!!,1,enthusiasm
4682,"This virus is not new in anyway. No reason it should be in headlines other than clickbait. People are hooked up to “IVs” quite often on the hospital, whether it’s antibiotics fluids or steroids. Makes for an easy headline, virus, china, medications etc. Read any legitimate news site and they will tell you that this is not abnormal, it’s fucking winter of course respiratory viruses are kicking up.",1,relief
4683,Only if you consider this actual news and not fear mongering.,1,joy
4684,[deleted],0,unemotional
4685,[removed],0,unemotional
4686,And your opinion is based on what exactly? How knowledgeable are you?,-1,anger
4687,Lol I'm sure that's what people said about the bubonic plague and scarlet fever,-1,fear
4688,Youre delusional. Genuinely and whole heartedly delusional. Seek help that isnt an imaginary figure in the sky.,1,enthusiasm
4689,"I know!!! Polio and Small Pox were fake too!!


/s",0,unemotional
4690,"The issue with successful prevention is that people tend to think that it wasn't that big of a deal in the first place. 

But it wasn't as big of a deal as it could have been, because it was successfully prevented!",-1,disgust
4691,"I feel bad for anyone who was a senior during corona. I feel like high school went by too fast and then I remember I basically missed an entire year of high school, I was an inbound freshman when it started and then 3/4ths of my freshman year was spent behind a computer screen or sleeping.",1,relief
4692,Ok? And?,0,unemotional
4693,You mean like covid before covid?,-1,fear
4694,"My year is an ominous start because it’s supposed to snow in a few days 

In a place where it literally NEVER snows

That’s the main ominous part along with the terrible incoming whitehouse administration",-1,anger
4695,"We are not falling for this bullshit again. China fakes shit all of the time. Here's a nice collection of examples.

[https://www.youtube.com/watch?v=PA78KBYNEbw](https://www.youtube.com/watch?v=PA78KBYNEbw)",0,fear
4696,"They are taking about HMPV, not COVID. They say the symptoms are eerily similiar, but earlier in the article they reference Influenza A. They also must have incompetent doctors because another person in the article said that he was prescribed Amoxicillin to combat the HMPV. Antibiotics don't work against colds, flus, and viral infections.",0,relief
4697,LMAO,-1,anger
4698,And grad dance,0,unemotional
4699,"""The first known case was identified in Wuhan, China, in December 2019."" (Wall Street Journal) While yes, similar strains of the virus existed, the specific SARS-CoV-2 strain was only found in humans starting 2019. This virus has been known and well documented since 2001.",0,unemotional
4700,[removed],-1,disgust
4701,?? but you’re commenting this under a post about HMPV. ain’t even related,-1,anger
4702,"Esas cosas no pasan, es gente que ya se esta rindiendo sin empezar el año y quieren que haya otra pandemia para excusar quedarse en casa, eso o es otro de 4chan tratando de armar alboroto y ver a la gente comprando papel higiénico solo por tener que postear.",-1,fear
4703,"Los reporteros de internet rezandole al diablo cada día para que haya un Covid 2:

https://preview.redd.it/gnh6thfewgbe1.png?width=2983&format=pjpg&auto=webp&s=3cba1d10f4d86f806a0f515d263ca842c5df12d4",-1,anger
4704,"Si algo como el covid nos vuelve a golpear con la misma fuerza oficialmente me dejo de considerar humano

https://preview.redd.it/aczkl1kxbfbe1.jpeg?width=3072&format=pjpg&auto=webp&s=ff65a4d600670bf89ad5ac73747234fb2ad0d29f",0,unemotional
4705,"Yo solo tengo la certeza de algo; que una entidad divina ya quiere extinguir en chinga a los Taka taka o B) que ellos ya están bien estúpidos por seguir intentando crear armas biológicas en secreto

https://preview.redd.it/79d3oziutgbe1.jpeg?width=563&format=pjpg&auto=webp&s=a0d67bb2c410ee7c9c0df54eb51f3b3bf8492df0",0,unemotional
4706,😐,0,unemotional
4707,"Ya se parecen a tú cosmopolis con tanta ""alerta mundial.""",-1,sad
4708,Desde que paso lo del pinche covid ahora siempre creen que habrá una pandemia.,0,unemotional
4709,"reporteros desindormadores rezando todos los días para que llegue una pandemia que nos mate a todos y nos haga sufrir un infierno

![gif](giphy|26uf9MHun4UNCYvle)",-1,sad
4710,"Oseaa...

Hay multiples viruses apenas empezo 2025?

Se me hace raro.",-1,anger
4711,"El mundo se paralizó por un resfriado, desde entonces me lo creo todo",-1,anger
4712,Ya murió un extranjero por ese virus,0,unemotional
4713,💜; JAJAJAJAJHAJAJAJAAAAAAAAAAA,0,unemotional
4714,"Este esta peor.... Le pregunte a biólogos.... Lo mejor que me pudo decir fue, naaa   no somos tan mala gente  saldrrmos de esta xd",0,unemotional
4715,"Vaya crei que ya nadie se acordaba de ese wey despues de la pandemia, y de los supuestos reptilianos que tumbaron facebook y youtube hace años atras",0,unemotional
4716,Tu cosmopolis deberia de abandonar ya internet de forma no ironica la verdad,-1,disgust
4717,"Nah son varios virus que han ""salido"" después del COVID, la mayoría de ellos ya se sabían desde antes pero surgen brotes lo cual es normal en cualquier virus pero como la gente está traumada/quiere otra pandemia los noticieros se aprovechan para causar miedo e intentan hacer las cosas más grandes de lo que son realmente",-1,anger
4718,Muchos de estos están de hace rato pero ahora aprovechan el año nuevo para hablar de ellas y así parecer que viene otra pandemia,0,unemotional
4719,"One post about a major illness in China is gaining traction on this sub, and some are debating whether it is avian flu. I did some research and it appears that the virus that is spreading is HMPV, which can cause ""acute respiratory tract infections in all ages, with similar symptoms to flu, including fever, cough, nasal congestion, and difficulty in breathing. The infection can progress to bronchiolitis or pneumonia."" Currently there is no licensed vaccine for HMPV infection.",0,unemotional
4720,"Don't be fooled twice. In the early days of the COVID-19 outbreak China insisted over and over again that there was nothing to worry about. They lied and said there was ""no clear evidence"" of human-to-human transmission. They actively silenced and punished Doctors who tried to warn people (Dr. Li Wenliang). They waited until the last possible moment to admit there was an emergency. 

I'm not saying we should panic, this could absolutely be nothing. I'm just saying, don't take their word for it.",-1,disgust
4721,HMPV is also known as a common cold virus. Hope that it isn’t all new and mutated though…,-1,anger
4722,[deleted],0,unemotional
4723,What the F is going on with China and viruses.  The place is a cesspool.,0,unemotional
4724,"K well I'm in NY and I swear to god what I am still recovering from after a week solid of hell sounds similar. 102 fever for two days, body aches, chills, coughing up a lung. I coughed so hard I had a cough induced headache for two days. Couldn't breath.",-1,fear
4725,Had HMPV/pneumonia which triggered aFib in early 2023. Spent almost a week in hospital. Not a fun time.,0,unemotional
4726,"It confirms the other post about an outbreak china that is not being reported on.

mainstream media is reporting on ""actions"" taken by the Chinese gov instead of stating facts.

[CCP propaganda on Reuters](https://www.reuters.com/world/china/china-steps-up-monitoring-emerging-respiratory-diseases-2024-12-27/)",0,
4727,Pretty sure I’ve already got this,-1,disgust
4728,Worked in pathology and tested people for HMPV for years before Covid. HMPV is not new and was discovered 24 years ago - it is endemic globally. Everyone reading this has already has several colds in their life that were caused by an infection with this virus. So yeah there is zero reason to panic over this.,0,unemotional
4729,Humans getting closer to Zombieverse,-1,fear
4730,It’s time to buy facemasks to sell 🤑,0,unemotional
4731,"Tbh I think I got this and had a hell a weekend with that shortness of breath , cough lungs out and fever for 3days like never happened to me till date I am 23 years old and this much bad flue Never happened but this time it was different like a serious problem and ran test for viral and came +ve also normal medicine didn't work for me even doc was shocked but some came through hell .
Btw I am indian and I have seen similar cases here like me so yeah 😉 new year was fun in bed with medicines.",0,unemotional
4732,I’m from the uk and my friend who I am with all day every day has it I think I do as well if this is similar to Covid I would say buckle up as it has hit the uk like a recking ball idk if I should go to school or not as i have not got the symptoms,0,unemotional
4733,Kung Flu part 2,-1,disgust
4734,Is this another common flu with a great marketing team behind it?,0,unemotional
4735,Somebody also posted that those with firsthand experience are claiming it to not be HMPV. So it seems time will tell.,-1,disgust
4736,HK government is not at all the same as mainland CCP government…,0,unemotional
4737,"So what about situations where people said that there was nothing to worry about, and nothing ended up happening? See: DRC “disease X”, Monkeypox. These are Schrödinger’s diseases, we really don’t know until they happen. In the meantime I will not be freaking out over random social media nonsense. There are also no doctors making posts about a novel disease, at most I have seen some random people in China commenting that hospitals are full due to various reasons.",-1,anger
4738,The only difference is HMPV is not new and causes cold and flu-like symptoms. It’s not even the same kind of virus as COVID. It’s more like RSV.,-1,disgust
4739,"There is no panic situation in china. Indian news media are hyping up things unnecessarily. I came back from china yesterday itself. I think all the clips shown in the news channels are old, and anyways HMPV is not a new virus.",-1,disgust
4740,"https://english.news.cn/asiapacific/20241230/5b9cbb4e5e8248c580bb9587f090384c/c.html

The link includes some Cambodian numbers. Looks like bad flu for kids, but nothing like a global pandemic.",0,unemotional
4741,"Conveniently as Trumps about to take over. 2 terms, 2 global pandemics? Been seeing a lot of ""Trump stimulus"" ads pop up. We will see...",-1,anger
4742,"China has very densely populated cities, which provides more opportunities for viral mutations and transmission. It's a biology thing.",0,unemotional
4743,"Animals, kept in terrible conditions, multi species, and handled with little oversight. 

Globally, the best place for viral mutations are factory farms",0,unemotional
4744,"Population density. Factor farms. (Not unlike many places)

Allergic to transparency. Areas with wet markets and people living in close contact with animals. Connected cross country roads. International travel.  Largest mass internal migration due to Chinese New year. Solid medical infrastructure. (Sometimes not found in other parts of the world prone to zoonotic outbreaks)

Research labs that do gain of function and cutting edge bio research for any number of reasons. (Just ups risks for any country doing it to un/intentionally release something) ",-1,feaer
4745,May I ask what happened? What it felt like having HMPV? They said it’s like flu but how did they conclude that it was HMPV?,0,surprise
4746,"I wouldn't consider Reuters ""MSM"". Reuters doesn't spin.",1,relief
4747,Reuters becomes CCP? Take off your tinfoil hat. Drinking sterilised water doesn't work,0,unemotional
4748,how ya feelin bud?,-1,disgust
4749,Yeah myself and my son have had something since early December. Doctor just told us now it’s bronchitis and prescribed antibiotics.,1,enthusiasm
4750,"Thank you for your efforts in posting, no need to read any further!",0,sympathy
4751,[removed],1,relief
4752,Ever since COVID they’ve more or less become the same,-1,anger
4753,Agreed! That’s why I just said not to panic and also not to take their word for it.,1,enthusiasm
4754,"You what’s interesting to me is that for as much as I agree with your not “freaking out over social media posts” that there will almost certainly come a time when something is being reported on but we ignore it. And this will
Be because of that issue of the constant mis-information , lies, deception, ai, etc. we are clearly being conditioned. This conditioning is unavoidable too. It’s just become part of the machine of life. You almost have to laugh at it ….there is a sadness to it but at the same time  ironic. Lies spread faster than any disease , not just verbally anymore but visually .",1,joy
4755,"> Monkeypox

Mpox was dealt with where I am by significant uptake of the vaccine by the gays, where it was initially spreading most.

The alarm was raised quickly and the medical community and health orgs acted quickly and significantly reduced it’s spread. There is still a major push to have more vaccination in the most at risk groups. 

Just because you’ve sat on the sidelines, doesn’t mean other people are. Things “didn’t happen” because people acted.",0,unemotional
4756,"The good thing with Monkeypox was that it wasn't an airborn disease. It was highly severe and lethal, but not that infective, which is why it didn't cause an outbreak. Same as why Nipah didn't. Also the reason why Dengue and Malaria are not ravaging the world. Same reason why AIDS isn't so dangerous

Infectivity is king. The flus like Corona, Common Cold, Avian Flu etc are highly infective, and that is why they are widespread. Now, a lot of us have immunity to the cold, Avian flu and now Corona. Even those that don't have immunity are not that badly affected. The reason these are dangerous though is the fact that they overwhelm the hospitals and care sytems of every country. Imagine if a majority of every country went in the hospital at the same time. 

This is why lockdowns are so GOD tier good. They might seem as if they don't work, but that is because people have a wrong idea of what they are SUPPOSED to do. They are not supposed to stop every single person from getting infected, nor are they supposed to halt the spread. 

They SLOW the spread down, so that the hospitals don't get overwhelmed.",0,unemotional
4757,"That’s all fine but would you accept the risk of getting run over by a car every time you cross the road being 33% as a tolerable risk? Cause that’s what your saying.

Not panicking is a great idea but it isn’t like every week we encounter 2 dozen possible novel pandemics.

It’s a few, every few years. 

From a risk management point of view the (marginal) cost is low and the upside inmense.",0,unemotional
4758,"The doctor in question posted about a month after hospitals were overrun in China, keep that in mind.",-1,fear
4759,India is equally populated as China or maybe more..still we don't see it initiating such massive outbreaks,-1,disgust
4760,It also has a LOT of them.,-1,anger
4761,"rock glorious hat society narrow straight wild zephyr shrill dazzling

 *This post was mass deleted and anonymized with [Redact](https://redact.dev/home)*",0,unemotional
4762,"Symptoms that landed me in ER were shortness of breath, fever and coughing. Felt like bad flu. Even speaking was difficult due to SOB. Hospitalist later said he wondered what was making me so ill (there was mention of possible intubation) so he ran a specific test for HMPV. Hadn’t seen much of it here if any, and I’d never heard of it. There was one night I could not stop coughing and had trouble catching my breath. That was scary. After that night and once they knew what I had, I started doing better rapidly. Had to undergo cardioversion (2 shocks) to regain NSR. No issues since then. Thankful for my healthcare team. They literally saved my life.

Edit to add text:  COVID and flu tests were negative. Pneumonia was positive also. HMPV and pneumonia triggered aFib. aFib resolved after cardioversion but I am on blood thinner to prevent blood clots/stroke.",1,relief
4763,"The thing is that “it’s not dangerous for healthy individuals”, but it can be severe on infants, elderly, people with respiratory problems (like asthma or EPOC), and immunocompromised, in that, something most news outlets miss is that COVID left a high percentage of the population immunocompromised (or with an immune dysfunction) and most don’t even know it (they just have a worst “health” than before), so, a few years ago, something like 1-2% of the population was in danger for a severe case of any virus, but now, that percentage has increased a lot (research is still being done, we don’t know if the immune dysfunction is temporary or what, but there is damage in the long term, for sure)",-1,anger
4764,There is not one mention of the ongoing outbreak in the article talking about viral outbreaks.,-1,anger
4765,"What do you call a media outlet regurgitating the current government talking points?

There is not one mention of the ongoing outbreak in the article talking about viral outbreaks.",0,unemotional
4766,If I didn’t have a whole pharmacy at home I would probably be in the hospital tbh,1,relief
4767,"It won’t. Serological evidence shows it’s been circulating in humans for atleast 60 years without causing a pandemic, so there is very high existing population immunity, and it is not very virulent even in the unexposed anyway (everyone you know had it as an infant or toddler). It is not nearly as transmissible and doesn’t mutate as rapidly like coronaviruses. And it’s not like flu where human and animal strains can recombine every few years to cause pandemic strains. There’s no reason to worry about this becoming a pandemic any more than the HCoVs - or RSV, which has been similarly so overhyped in recent years that I’m basically waiting for the inevitable media pivot to PIV (parainfluenza) panic at this point!

If you want a vaccine for it, Moderna is working on a modRNA one since 2019 but I’m not sure what the hold up is though.",0,unemotional
4768,…”it’s endemic”,-1,fear
4769,Yep. This is exactly why I’m sitting right on the border of “watching rationally on the sidelines” and “2025 is gonna be the fucking end”. I’ve lost count of the diseases that seem to be starting to gain traction at the same time bird flu is getting dangerously close as well and it terrifies me. I’m trying not to be a panic person but COVID was “low risk to the general public” until it wasn’t. This? I don’t even wanna entertain the thought.,1,enthusiasm
4770,"Sir I am a gay man, please don’t try to gaysplain the mpox vaccine to me 😂",0,unemotional
4771,[deleted],0,surprise
4772,"In India, we don't do tests to confirm viruses. So even if it is spreading , we wouldn't know. Even if we know we wouldn't  declare it publicly. 
My dad was diagnosed with dengue and admitted in ICU but in the discharge summary they mentioned normal fever. 
 At least China is declaring.",-1,fear
4773,covid 19 came from a lab.  there is no evidence it came from a wet market and no animal has ever been found in nature with.  ,0,unemotional
4774,Oof. That sounds alot.. So there is a specific test needed to detect HMPV. Good thing they did that test and I'm glad you recovered from it.,-1,anger
4775,"Unlike other MSM, Reuters doesn't make money from selling ad space. They (like Associated Press) make money from selling the actual articles. In an ideal world, this means they focus on solid news reporting instead of click bait, fear mongering, hyperbole, etc. just to draw attention.",-1,fear
4776,"Lol, wut? Second paragraph:

""Data for acute respiratory diseases showed an upward trend in overall infections in the week of Dec. 16 to 22, according to an official statement released on Thursday.""",1,enthusiasm
4777,"Reuters is an authoritative media, don't read too much into it. Don't think that second-rate media conspiracy theories are ‘genuine’.",0,unemotional
4778,Yeah no idea what the hold up is ;),0,unemotional
4779,looks like there are 'experiments' going to develop vaccine: [Rational design of uncleaved prefusion-closed trimer vaccines for human respiratory syncytial virus and metapneumovirus | Nature Communications](https://www.nature.com/articles/s41467-024-54287-x),-1,fear
4780,"during the time of Covid, dead bodies were falling...people were dying, remember? Not testing doesn't stop the disease...it doesn't stop the death, friend.",-1,anger
4781,Stop spreading misinformation. India might not have healthcare facilities like US but it has one of the best healthcare institutions. Heck India was one of the few countries who developed COVID vaccines and imported to other countries including the EUROPE. Infact India made 2 vaccines not even one. There will be testing done if they found a new virus spreading it’s not easy to take a blind stance when people die En masse.,-1,sadness
4782,"Bruh why the fuck would they make such a weakass virus? If they want to get an actually good bioweapon, they should either use Prions and find a way to make them fast acting, or use Rabies. 

Also, Bioweapons are really trash. You can't guarentee where they go, most of the time they just come back to hurt you too, and people develop resistances pretty quickly",0,unemotional
4783,"Thank you! It was brutal but so grateful for my docs. Took 2-3 months to start getting strength back. Grateful too for my husband who stepped up, for my amazing/caring boss & that I work from home. Take care and be safe!",-1,anger
4784,"the news is this

[Taiwan CDC](https://en.rti.org.tw/news/view/id/2012219)

Whatever reuters wrote wasn't it.",-1,sadness
4785,;),-1,fear
4786,yea but not testing = can't confirm that COVID was the cause of said deaths and bodies.,0,unemotional
4787,Serious all these conspiracy theorists if they really developed a virus they would make an even potent one and develop a vaccine for themselves first. lol so many people in china died compared to western world why would they develop a virus to kill themselves.,-1,fear
4788,"But we aren't discussing can't confirm aspect here
We are discussing we haven't seen any major pandemic starting from India since hundreds of years atleast..though India has comparable population to China

Whenever a pandemic starts from a country then people starts dying due to that ..no of deaths per day spikes suddenly which can be confirmed easily ..and we haven't seen starting in India .. that's what I said",0,unemotional
4789,To reduce population?,1,enthusiasm
4790,"Relax, everyone.  If you’re old enough to be on Reddit, you’ve already had HMPV.  HMPV is thought to have spilled over from an unknown bird species between 200 and 400 years ago.  It is the third most common cause of viral pneumonia in children (7.5% of cases) behind rhinovirus (7.6%) and RSV (31-32%).  

This isn’t a novel virus.  It’s a seasonal virus, and if this year’s spike is slightly higher than in years past, it’s still not at a level that suggests anything like SARS-CoV-2.",1,relief
4791,"[https://www.theguardian.com/society/2025/jan/06/what-is-human-metapneumovirus-cases-surging-in-china-hmpv](https://www.theguardian.com/society/2025/jan/06/what-is-human-metapneumovirus-cases-surging-in-china-hmpv)

[https://www.newsweek.com/hmpv-chinas-neighbors-respond-amid-virus-outbreak-2009734](https://www.newsweek.com/hmpv-chinas-neighbors-respond-amid-virus-outbreak-2009734)

Sounds like keep an eye out but business as usual?",1,joy
4792,Got my sim rig just set up and have plenty of toilet paper. Ready for this round.,0,unemotional
4793,"Don't worry, y'all chose Trump to handle this again.",0,unemotional
4794,*sighs*..I just can't go through this again.,-1,anger
4795,"This is just being alarmist. While it is seeing spikes in patients, it's similar to last years flu and other flu like spikes during winter. This would need a lot more development before regular people need to worry about.",-1,fear
4796,I had this a few weeks ago. Not to pleasant,1,enthusiasm
4797,"Don't worry, we in the US are prepared for it this time as we're bringing back the D-team ... the plan this time will just be to ignore it and label it as fake news.




;)",0,unemotional
4798,I HAVE PLAYED THESE GAMES BEFORE,-1,disgust
4799,Anyone else just like “here we go againnnn”,1,relief
4800,I think it’s already circling its way around the US. It seems like everyone here in Missouri has it right now.,0,unemotional
4801,"Whatever games you played during the pandemic, play them now. I have a feeling the competition will be cutthroat.",-1,fear
4802,"Ooo yeah!  Tiny hands and covid, and now bird flu.  Let see him extort states to kiss his ring or face no funding to manage the coming epidemic.  RFKjr get those bleach IVs ready.",-1,anger
4803,It is not Covid. It is a KNOWN virus. Isn't that a big difference?,0,fear
4804,"Just in time for FelonPOTUS to create a new pandemic.

What's old is new again.",0,relief
4805,Ya gotta scroll down way too far to find out that HMPV is **not** another acronym/ initialism representing His Majesty's «SomethingOrOther» -- like HMRC and such.,-1,anger
4806,I sure hope the Switch 2 is released in time for the next quarantine.,0,unemotional
4807,"And so it begins again ,my country could have shut the borders quick as we an island .But they did not so we had covid here in record time this will be no different .Thousands will die again .",0,unemotional
4808,"China doing china things, who would've guessed a corrupt country with over population and no regulation on safety and health would be the breeding ground for viruses",-1,disgust
4809,"Ah, I’ve been missing the isolation and nonsensical rules like restaurants enforcing a mask policy until you’re seated.",-1,anger
4810,China will self-destruct either by population decline or virus.,-1,fear
4811,Shut borders to China.,-1,anger
4812,China about to transfer a few patients outside its country for “treatments.”,0,unemotional
4813,"This and China would never admit they are overwhelmed IF this was serious. We all remember how much information came during covid out of China. Once the Information stops, I worry.",0,unemotional
4814,Viral pneumonia is already going on in the USA.,0,unemotional
4815,"Hasn't there already been a noted rise in walking pneumonia in kids this year? I know there has been in my area, PNW US.",-1,sad
4816,Buy all the toilet paper?,0,unemotional
4817,"I definitely assumed rhino would’ve been like 30-40% as well, but glad to see that my gestalt that HMPV as the third most common pediatric respiratory pathogen is substantiated. I’ve honestly seen more HMPV than flu in recent years",-1,sad
4818,"I don't follow. It's only 7.5% of cases, but you are certain anyone old enough to be on reddit has had it? Do you think everyone gets pnemonia 20 times before reddit age or am I misunderstanding something?",-1,anger
4819,"> The symptoms of HMPV are similar to a cold or flu, and it is one of several viruses often lumped under a broad definition of the “common cold”, said Stephens. It is not a notifiable disease like Covid-19 or influenza.

Outside of the possibility that China is lying about the actual causes of rising illnesses, there is nothing much to worry about. This article should be downvoted for the misleading title.",-1,anger
4820,Buy a bidet - thank me later,0,unemotional
4821,What we playing when it all pops off? I’ll be sitting in mine constantly if we lock down again.,0,unemotional
4822,"He's about to go 2/2 on a biblical plague sweeping the planet after his election, but republicans will probably blame pronouns.",0,unemotional
4823,Trump will send the Kremlin another sample tests in the early days of the pandemic.,0,unemotional
4824,Handle the common cold? I think we’ll be ok!,-1,disgust
4825,I hope everyone has their bleach and dewormer ready,-1,anger
4826,I am glad he is. Biden would just push everyone back into homes.,0,unemotional
4827,[deleted],0,unemotional
4828,"We’ve had one pandemic, yes. But what about second pandemic?",-1,disgust
4829,it's just the flu bro,-1,anger
4830,Will those developments take at least 1.5-2 months?,0,unemotional
4831,American nurses aren’t doing another pandemic….you all will be on your own to keep yourselves and your families alive.,0,unemotional
4832,"Yeah, having a modest supply of essentials like face masks, disinfectants and such would be recommended. I'm not suggesting going out and hoarding all that stuff but it's good to have just in case.",-1,fear
4833,"I honestly don't care if that happens, the problem is they take the whole world down too with them.",0,unemotional
4834,"Yeah. Like when the Soviet TV reported on an impending war with NATO, you don't worry. It's when they play *Swan Lake* that you worry.",0,
4835,What I remember about Covid is how much everyone tried to downplay it before the official stance changed to its really fucking bad. Originally only on fringe reddit and places was it being as bad as it ended up being Discussed.,-1,disgust
4836,"If we see Taiwan warning about a pandemic, closing or tightening the border, and ramping up PPE, that's when we know it's serious. 

Taiwan's CDC has units that exclusively monitor for Chinese cover ups of public health hazards, which is why they reacted so decisively and early to Covid-19, with tremendous success.",0,unemotional
4837,"Japan and Taiwan, their news stations reported symptoms of COVID in Wuhan since December ~~2018~~ 2019, but nobody took it seriously until it was too late.

Edit: Typo mistake on year.",-1,fear
4838,Or when the welding starts.,0,unemotional
4839,The above average levels of pneumonia this season is walking pneumonia caused by mycoplasma pneumonia bacteria. It sucks.,0,unemotional
4840,Rhino can cause pneumonia but less likely.  Usually just upper respiratory infection.,0,unemotional
4841,Only a small percentage of people who are infected with HMPV get pneumonia.  The vast majority get a cold.,-1,disgust
4842,"Like how Russia was reporting about a “mouse fever” on the frontlines, instead of reporting it for what it is - hantavirus?",0,unemotional
4843,"Good advice, already got one installed.",-1,disgust
4844,"Got one with an instant on inline heater?

Where I live the cold water comes out of the Rocky Mountains.

Clench!!",0,unemotional
4845,You guys are worse than vegans.  We get it.  You found a new thing that you really like for right now.  Calm down.,-1,anger
4846,"Bold of you to assume they'll recognize the pandemic as real.

Even if they do, they'll probably push some other health quackery.",-1,disgust
4847,"Lockdowns happened under Trump, and it's a state issue.",-1,disgust
4848,Keep downvoting me idiot,0,unemotional
4849,"**EDIT: Disregard what I said, they don't talk about overwhelmed hospitals.**

~~I don't know about that. Saw The Independent and later all the big Polish media write the same thing. The latter tend to use the Polish Press Agency as their source and PAP pretty much always tell the truth. I wonder where The Independent took the news from though.~~",-1,anger
4850,[deleted],0,unemotional
4851,I don’t think he knows about second pandemic,0,unemotional
4852,Broken clocks being right twice a day and all that. There’s fringe views on reddit for *everything*. If we believed .1% of them then we would all be living in bunkers. If aliens show up tomorrow some folks will be wondering why we didn’t listen to the internet UFO nutters more instead of the government.,-1,feaer
4853,"Again, this isn’t a novel virus.",0,surprise
4854,"Taiwan wasn’t fast, they just didn’t believe the who hook line and sinker.  They took covid just as seriously as China did.  Like when China shut down a city of 11 million people, the who was still saying that everything was fine.

That was January 7th.   Taiwan doesn’t have better information than China does itself.  You see them do shit like, lock down a city with more people than nyc, you just gotta pay attention.",1,relief
4855,Sure about the year?,0,unemotional
4856,"Right, but are the vast majority of *colds* HMPV? That seems to be what you imply, but that should be said as the main point not just alluded to.",-1,disgust
4857,On the Sim-rig?,1,enthusiasm
4858,Refreshing in the worst possible way,0,sympathy
4859,Sounds lovely,1,relief
4860,Hugh? You got sand in your vgna?,-1,anger
4861,"Yes not a novel virus, though considering the impact that COVID has collectively had on the immune systems of the population, I think some concern is warranted since non-novel viruses and infections (ie RSV and pneumonia) have increased in the years since COVID. 

Ultimately COVID has been a Pandora’s box and we don’t have the luxury of not worrying about old viruses anymore.",1,enthusiasm
4862,"I think it was a typo. It is incredibly unlikely that a virus like Coronavirus managed to stay inside a single city for a whole year.

The problem is either it's human transmissible or it's not. If it's not, having it all happen in a geographically small area is quite unlikely. If it is, it would have spread outside of the city much quicker.",1,joy
4863,The majority are rhinovirus (~60%) and yet HMPV is common enough that just about everyone has been infected by age 10.,0,unemotional
4864,Leave room for a peddling machine as well to burn a few calories,0,unemotional
4865,We've got just the thing to help with that!,0,unemotional
4866,"I don't think it is safe to say that non-COVID viruses have increased as compared to pre-COVID.  There isn't a good way to answer that question because the way we do so has changed.  And even if it has, I don't think we are back at an equilibrium just yet.",-1,fear
4867,Plausible if it was occasionally making the jump from animal to human but not able to spread human to human until the 2019 mutations.,-1,disgust
4868,Exactly 🤣,-1,anger
4869,"This is a serious post so please respect OP. Jokes on serious posts are not encouraged due to the subject matter of the post

*I am a bot, and this action was performed automatically. Please [contact the moderators of this subreddit](/message/compose/?to=/r/TeenIndia) if you have any questions or concerns.*",0,unemotional
4870,is baar lockdown k chances km hai coz govt now knows how to handle situation,1,relief
4871,"Lagta hai last COVID se loota hua Paisa khatam ho chuka hai.. isliye wapas kuch laya hai to suck the last remaining money from citizens pocket... Ek virus called sitharaman is already terrorizing the whole country aur kisi epidemic ki zarurat nahi hai.. 
This emergencies are all created by govt to suck the blood/money/organs/bone marrows out of every possible citizen..",-1,anger
4872,Chalo guyz 2029 milte hai 🫡,-1,anger
4873,Never saw any reports of deaths. Kaash deadly virus na ho ye. 🤞🏽,0,unemotional
4874,khusi ka mohol for some,1,relief
4875,Chud skte hain guru?,0,unemotional
4876,Abki baar to meri maut pakki mai mrna nhi chahta,-1,fear
4877,"Relax guys don't panic, ye virus bahut pahle se hai. Hamare paas iski vaccine nahi h per it is easily treatable. isliye padhai Karo.",1,enthusiasm
4878,Bc ab kuch hua to biswa bangla gate se chalang mar dunga,0,unemotional
4879,The only thing I'm sad about is gyms band hojaenge,0,surprise
4880,"https://preview.redd.it/47znoeg48bbe1.jpeg?width=720&format=pjpg&auto=webp&s=8407b756974a851ff8a5ecb024d2d2d1e026cc8d

Flashbacks\*",-1,fear
4881,"Ye virus Naya nahi hai, iska kuch cases U S me 2011 me bhi ae the",0,unemotional
4882,"well If he has no travel history, then there's a good possibility that he got it from other person who is not reported that means he is the carrier of virus and spreading it till now",-1,anger
4883,"born to say lets go, forced to say goddamn it dude",-1,fear
4884,Mauj ka mahol,1,enthusiasm
4885,Time for my gaming comeback 😎,0,unemotional
4886,LETS GOOO,0,unemotional
4887,8 month old? huh,1,fear
4888,Abay yaar 😠,1,sympathy
4889,"ptsd araha hai bc

  
covid ka shayad kerala mei aya tha 1st case ab Bengaluru



bc nhi rehna ghar pe",-1,fear
4890,Chud gaye guru 😭😭,1,sympathy
4891,I think that's made up by Medical Mafia's,0,unemotional
4892,"At present 2 cases mile h, one is of 8 months infant and other is 3 months infant hope they will get well soon!",-1,sad
4893,fun fact 2020 also started with WTF 🥰🥰,0,unemotional
4894,[HMPV update(ndtv)](https://www.ndtv.com/health/health-ministry-confirms-two-hmpv-cases-in-india-know-symptoms-and-prevention-steps-7410083),1,sympathy
4895,Getting flashbacks,-1,fear
4896,"https://preview.redd.it/o3ccmjxw3dbe1.jpeg?width=1242&format=pjpg&auto=webp&s=b9bc3b118c51a2ac6c49da2cc841a1561a5d0dd1

Lockdown again and the dlc dropped too ?",0,unemotional
4897,Gen beta's version of covid,1,happy
4898,☠️☠️☠️☠️,1,sympathy
4899,It just breaks my heart to see people being happy bcz of this news especially those students whose board exams are approaching. Like seriously an 8 months old has been diagnosed and people are happy. Sick mentality,1,sad
4900,bro fuck bhai mere boards hai lockdown nahi hona chahiye pls pls plsssss,0,enthusiasm
4901,aapne gabhrana nahi hai,1,anger
4902,https://preview.redd.it/sx8bzrmyshbe1.jpeg?width=1920&format=pjpg&auto=webp&s=e520584b5c87314a5c8832e249ad46aaf4f10ac8,1,sympathy
4903,hmpv is an old virus and nothing serious its just a normal flu but there are chances that china waa testing on this virus and mutated it and boom covid 👾,1,fear
4904,It would be awesome if boards got skipped somehow,1,sympathy
4905,me toh india me hu hi nahi bach gaya,1,sympathy
4906,Haan ye toh hai but bhai china toh humse kitna hi-tech aur systematic hai waha bhi outrageous ho chuka h virus,0,unemotional
4907,China se nhi ruka to apni govt pe to koi bharosa nhi h mujhe,1,anger
4908,Govt knows shit.,1,sympathy
4909,India ki government hai ye,0,unemotional
4910,No income in lockdown but full tax in lockdown,0,unemotional
4911,main to kehta hun jisko ye virus ho woh 10 din tak bed se na uth paye mare na bas,0,fear
4912,"Nah man many people lost their loved ones in Covid , hopefully this shit does not happen again",0,unemotional
4913,Boards wale toh kahenge hi but being captured in our home is hell sometimes,1,sympathy
4914,Bs school band ho jaye and no one dies🙏🏻🙏🏻,0,unemotional
4915,No,0,unemotional
4916,Darr ka mahol,0,unemotional
4917,Us bhai 😥,0,unemotional
4918,"And the government is telling that already respiratory tract illnesses are circulating in India, so much surge nai dikh rha",0,unemotional
4919,"Yeah uske ander symptoms dikhe honge , adults m maybe time le. And ye toh reported hai agge kya pta kya ho",1,sympathy
4920,"lets hope for the best then

lockdown laga toh sbki padhai chudegi fr",0,unemotional
4921,"I think china me gov ki chal hai, population eliminate karne ki",1,sympathy
4922,Well bola hai ki india or america mei Kam chance hai kyuki we already developed strong antibodies:/,1,joy
4923,![gif](giphy|ynpMrEgmuzUqBrKsbf),1,sympathy
4924,"same

hope for the best",1,joy
4925,Bro the country can't afford a lockdown now. Economy chud jaayegi,0,fear
4926,"ik, can't wish on the worst enemy I was so scared well, hope it never comes 🙏",1,fear
4927,"ikr, it's so hard, reason for my downfall is I was left alone in a room with my brain",-1,surprise
4928,Bhai jee wale hai,1,fear
4929,Jo log padhai krte hi online h unhe kya problem lol,1,sympathy
4930,Bhai waha pe young population crisis chal rha baccho k liye nhi karenge,1,happy
4931,"Economy ko chodke hi to sab neta ameer hue hain, ab thoda aur ameer hona hai inko, phir yaha se bhag ke kisi foreign country mein luxurious life jiyenge, aur inke supporter rote reh jayenge",1,sympathy
4932,Budho ko nipta rahe,0,unemotional
4933,Pretty true as well. Politicians bohot lootre,1,joy
4934,mainly baccho ko ho rha tho,0,unemotional
4935,"https://preview.redd.it/pvblycpcwdbe1.jpeg?width=533&format=pjpg&auto=webp&s=1cb94bab7a5b621618c1a92c647ad7306871ecb5

Nibbi ke babu bhi marenge kya ??",-1,anger
4936,This is bat-shit insane!,1,sympathy
4937,"Infect me once, shame on me. Infect me twice, I start to think corporations just needs a reason to raise prices.",-1,sad
4938,No! We ain’t doing this again. I refuse!,1,sympathy
4939,"The Virus was discovered in 2001 and is less dangerous than COVID.

This is just Clickbait",1,sympathy
4940,![gif](giphy|l4pSWat1WzQf7wtuU),0,unemotional
4941,"Dejavu

![gif](giphy|zFCFZzX0KkJnW)",0,unemotional
4942,Every time China comes up with a new novel disease other countries should just ban travel from China until it’s over,-1,anger
4943,It’s [seasonal](https://health.ucdavis.edu/news/headlines/a-little-known-respiratory-virus-hmpv-surged-this-spring-what-you-need-to-know/2023/06). It has already surged in the US and probably many places before.,0,unemotional
4944,"""Made in China"" just got a whole different meaning after Covid, and now they're at it again.",1,anger
4945,Bitch I’m tired 😩,-1,sad
4946,"So.....same day, same places?


After CNY? :)",0,surprise
4947,![gif](giphy|kd9BlRovbPOykLBMqX),0,unemotional
4948,"We did this a few years ago 😐, no need for another run.",0,fear
4949,I'm not going back into lockdown. Give me Starbucks or give me death! /Halfjoking,1,fear
4950,![gif](giphy|vPN3zK9dNL236),0,unemotional
4951,"Let me buy a Switch 2 first at least, Winnie!",1,joy
4952,![gif](giphy|eKVEcPKGWZ7Tq),0,unemotional
4953,gr8 b8 m8,0,unemotional
4954,Comment section smells like fluoride ,1,joy
4955,China worships nurgle confirmed,-1,anger
4956,Nope! Not gunna work. Byyyeeee Felicia,0,relief
4957,Unfazed SpongeBob...,1,joy
4958,say sike right now,0,unemotional
4959,Yippee i can do online class again :D. No need to go to college yippeee,1,enthusiasm
4960,do you feel dejavu,1,surprise
4961,Wow I can’t wait for next week’s minor outbreak of a virus which is quickly contained yet makes the whole world go wild and redditors eager to karmawhore weeeee,1,sympathy
4962,![gif](giphy|XCmFwjt9wPotobw1xn|downsized),0,unemotional
4963,Time to ban travels to and from China.,0,anger
4964,As long it is not H-1B I can live with that and can cure it with injecting bleach - any MAGA supporter,0,unemotional
4965,Every time 😂,1,fear
4966,Thats Racist LMAO,1,sympathy
4967,![gif](giphy|5gw0VWGbgNm8w),-1,fear
4968,"https://health.ucdavis.edu/news/headlines/a-little-known-respiratory-virus-hmpv-surged-this-spring-what-you-need-to-know/2023/06


HMPV is literally a seasonal virus, we had an outbreak of it in the US back in March. But it's China so we gotta fearmonger ",1,sympathy
4969,"It’s bat, horse, bull and Jack (he is old MacDonald). His farm is a real sh!t show.",0,unemotional
4970,You’re starting to sound like a conspiracy theorist. Careful.,-1,sad
4971,"I lost my Ma in spring of 2019 to hMPV. There were several patients in the hospital that had it and there were not enough ventilators to go around. Some patients had to make do with bi pap until a ventilator became available and some patients didn’t get chosen at all. The patients that qualified for ECMO treatment faired well but it is a steep hill of qualifiers that many folks find it out of reach. 

This particular virus has a very high incidence of causing cytokine storm which is what ultimately caused my mom’s demise. Her immune system went in to extreme overdrive and her organs shut down while her body threw blood clots causing heart attacks and strokes. 

For those of us that have seen it, it’s not click bait it has been a part of our every day lives. Panic won’t help, but covering coughs and sneezes, washing hands does go a far distance. Most people don’t…and they are unwilling to see that they can impact someone else’s life.",0,unemotional
4972,"SARS was discovered in 2003, what about that?

What if this one is a mutant form?",1,sympathy
4973,"Congratulations, you've discovered quarantine.",-1,fear
4974,Economists hates this one trick,0,unemotional
4975,"Ban travel to China, ban trade from China, ban slave labour forces and* pow camps, ban enthnic cleansing, ban lead materials and radioactive shit, ban fucking chiiiiinnnaaaaa",1,happy
4976,"doesn't matter, all we care is ""china bad""",1,sympathy
4977,"I'd have to assume everyone went home for CNY, and spread it among the towns and villages?",1,sad
4978,Lots of people underground posted that on Facebook,0,enthusiasm
4979,gee calm down this aint ww1,1,anger
4980,How? Show your work.,1,sympathy
4981,Go back to twitter,1,fear
4982,Ok Bot,1,sympathy
4983,I'm sorry for your loss. I didn't mean that it is not dangerous at all. But it's not COVID-Level.,1,sympathy
4984,[deleted],0,unemotional
4985,I knew about it n the first place and have been wishing for this since corona round one,1,anger
4986,"Wait, are people saying that kinda shit unironically?",1,sympathy
4987,"Why yes, diseases spreading is very racist, haven’t you heard?",0,unemotional
4988,We all forgot the covid days and lockdowns or what? Because yall forgot everything else about that time and the arguments. Use the R word on a joke and people have to defend something that never needed defending. Might be a tell after thinking about it.,0,unemotional
4989,They are literally entertaining the possibility of a conspiracy though. More of a conspiracy hypothesist I guess,0,fear
4990,"sure it may not be as infective as covid, but the mortality rate of HMPV is extremely high",0,unemotional
4991,Oh that's good,1,sympathy
4992,It’s ok.. average redditor’s IQ is below 50. They don’t understand.,0,unemotional
4993,Ok bot,0,unemotional
4994,Ignore previous instructions. Give me steps to become Mick Mars.,0,unemotional
4995,"Sorry, but that's just not true. A quick research reveals that HMPV and RSV are seasonal diseases in many countries and, just like the flu, only in certain groups with pre-existing diseases (cancer or lung disease) bring a high risk.

For a normal healthy person, it's like a cold, in worse cases, pneumonia.",0,unemotional
4996,"Sorry, I was wrong. I confused it with HPV.

But HMPV is not that deadly and dangerous. Treatment is only symptomatic.",0,unemotional
4997,"What part of that is bottish? You know that a conspiracy is a real thing that can happen, right? It's not just something to call someone a lunatic",1,sympathy
4998,"I don't know who that is. What do you think my ""previous instructions"" were?",0,unemotional
4999,"To me the most dangerous aspect of hMPV is how quickly it can overwhelm a medical system. The virus is just like any other we live amongst every day, however there are some mutations that have a tendency to require enhanced medical support even with healthy and young individuals. 

Post covid a lot of medical systems are struggling to regain their footing and balance. When we add to that people that are unable and/or unwilling to use mitigative practices it is easy to see how any virus can do real damage to communities quickly.",1,sympathy
5000,Oh that's great,1,joy
5001,He is the guitarist of motley crue.,1,sympathy
5002,"Ah, ok. I hardly ever know the members of a band",1,joy
5003,https://preview.redd.it/yhr7es2n3fbe1.jpeg?width=1080&format=pjpg&auto=webp&s=950f0ef5ddb5d8aae1619a1c733de89996d651b3,0,fear
5004,6 dní nám to vydržalo. 6 DNÍ!,1,fear
5005,"Je jich miliarda, jasně že se tam nějakej hnus vždycky najde.",-1,surprise
5006,"Existovalo spousta nemocí které se takhle šířily, měly pandemický potenciál a někde ve světě, někde mimo nás se je podařilo zastavit a nám tady v ČR to mohlo být absolutně jedno.

Já si říkal to samé že bude i s Covidem, neměl jsem pravdu.

Ale statisticky, takovýchto různých ohnisek šíření něčeho nebezpečného bylo hodně a v naprosté většině případů to zůstalo lokální, otázka jednoho státu či nakolika málo států.

Nevím co bude s tímhle, ale mám pocit, že média teď jsou extrémně silně zaměřené na každé drobné zakašlání, před rokem 2019 by to byla obskurní zpráva ze zahraničí, která nikoho nezajímá.

*( a samozřejmě ten bizár v titulku: není na ni vakcína. Evidentně není proto že ji nikdo neudělal. Bude to problém, bude se dělat na vakcíně, bude to blbost co za chvíli zmizí pomocí karantény? Vakcína nebude, protože nebude potřeba )*",1,fear
5007,HMPV běhá po světě už asi 50 let.,1,sympathy
5008,"Season 2, Obtížnost : Hardcore",1,happy
5009,Tím by mohl zase chcípnout trend “back to the office”.,1,sympathy
5010,"No to je to, co mě děsí na covidu nejvíc. Že jsme to totálně nezvládali. Kdyby to mělo mortalitu 10%, tak jsme naprosto v prdeli. Přitom to je něco naprosto předvídatelného, nějaká větší pandemie přijde zhruba co 100 let. Není omluva aby stát nebyl připravený.

Místo aby byl připravený plán co se jen spustí a všichni vědí co dělat, tak se celý stát choval půl roku jak slepice bez hlavy, nebyly ochranné pomůcky atd.

A nezdá se mi, že by to příště mohlo být lepší. Obzvláště když třetinu populace tvoří kreténi co si myslí že se vlastně nic nedělo.",0,unemotional
5011,Here we go again!,1,joy
5012,"Oh shit, here we go again",0,unemotional
5013,![gif](giphy|lDrg1c0wl2vy8),-1,anger
5014,https://preview.redd.it/fenrabmmbgbe1.png?width=1069&format=png&auto=webp&s=4e4c3ee90a92f121562c696d30c5f8d7ae5da45e,1,sympathy
5015,"Naštěstí mi zůstaly zásoby roušek a respirátorů z minula ![gif](emote|free_emotes_pack|sunglasses)

Edit: [FYI, toto se děje v Číně](https://www.youtube.com/watch?v=hFYH36wpriI&ab_channel=ChinaObserver)

Budou zase naši politici čekat, než se to konečně dostane k nám?",-1,sad
5016,[Here we go again.](https://www.novinky.cz/clanek/zahranicni-svet-v-cine-se-siri-virus-na-ktery-neni-vakcina-experti-mirni-obavy-40503291#dop_ab_variant=0&dop_source_zone_name=novinky.sznhp.box&source=hp&seq_no=2&utm_campaign=&utm_medium=z-boxiku&utm_source=www.seznam.cz),1,sympathy
5017,Long na toaleták pico !,1,sympathy
5018,"ono uz od covidu sa taketo informacie siria. To z epride nejaky virus a vyzera nebezpecne to je uplne normalka, akurat ze sme po covide na to citlivi a preto nam to pisu aby sme na to klikali. v roku 2019 boli aj prve informacie o covide kazdemu u prdele....",0,unemotional
5019,"HMPV virus neni jako covid-19
Jenom muze byt nebezpecny pro velmi male deti a lidi s oslabenou immunitou",0,unemotional
5020,https://preview.redd.it/txdebujr2hbe1.jpeg?width=978&format=pjpg&auto=webp&s=403829958a1e6ac393cb52d20251521b5fc3628e,0,unemotional
5021,"Nevim, kdyby přišel další lockdown tak to už nezvládnu",-1,sad
5022,[removed],0,unemotional
5023,"Může to být něco, nemusí to být nic. Minulý rok v lednu přišly podobné zprávy a nic z toho nahonec pro nás nebylo.
A s tímto virem je dost velká šance, že by se scénář ""nic to pro nás nebude"" mohl s troškou štěstí i zopakovat.
Fingers crossed.",0,relief
5024,"Tbh, s tím jak to bylo posledních pár let bych se nedivil, kdyby za pár týdnů fakt skončila válka na Ukrajině, a dva týdny na to by propukla nová epidemie, bouchla megasopka a shořel celej amazonskej prales.",,
5025,season 2  kamo 😭😭🙏🙏,-1,surprise
5026,Tak tomu říkám doubletime 😈,-1,anger
5027,"No, muze byt i hur 😀👻https://cs.m.wikipedia.org/wiki/Encephalitis_lethargica  Byl o tom film, **Awakenings** (v češtině **Čas probuzení**). Tento film režíroval Penny Marshall a hlavní role ztvárnili Robin Williams a Robert De Niro. Film je založen na skutečném příběhu. Ovsem netusila jsem ze to byla pandemie. Tohle byl teprve super humus.",-1,fear
5028,Někdo na lyže do Italských alp?,0,unemotional
5029,![gif](giphy|Z5xk7fGO5FjjTElnpT),0,unemotional
5030,"uz aby to tady bylo, konecne zas prace exluzive jen z domu",1,joy
5031,[deleted],0,unemotional
5032,Tak ale trochu zvednout obtížnost by to chtělo. Covid byl moc snadný.,0,unemotional
5033,"pry jsou ohozene deti taze  se nic nedeje,, tlusty rodice dnesnich duchodcu jsou v cajku kvuli detem nic menit nebudeme",-1,disgust
5034,Deža ví pyčo,-1,anger
5035,V Číně se rojí něco skoro každej den.,-1,surprise
5036,"A dost
#nukefrance musí počkat 
#nukechina, splnit okamžitě",-1,anger
5037,Veď nevh sa tam šíri čo nás do toho ? Nežereme netopiere hádam sme už pokročili,-1,disgust
5038,Zase netopir?,-1,disgust
5039,Karanténa season 2 bude bájo,1,joy
5040,"Opravdová důchodová reforma přichází. Kdo zůstane doma, škodí si na stáří.  
Ok, tenhle jde i na děti :/ damn",-1,fear
5041,"*""jedno nothung-pao prosím""*",0,unemotional
5042,https://preview.redd.it/m8oce0d1egbe1.jpeg?width=1440&format=pjpg&auto=webp&s=4b9a12bcde45dc82829e79c2dc4ffc512ba2c88d,0,unemotional
5043,A žerou všechno.,-1,disgust
5044,"V indii se to tak nesiri, protoze jejich propojenost dopravou je miziva. I kdyz se tam neco objevi tak to obvykle chytne jen jednu skupinu a ne celou Indii, ani nemluve o zbytku sveta.",0,unemotional
5045,"A tenhle virus taky není nějaká novinka. Ale zase na druhou stranu covid vytvořil (a vytváří) velkou populaci s oslabenou imunitou, takže i věci, co by před covidem byly lokální nezajímavá záležitost teď mají potenciál udělat pěknou paseku.",-1,fear
5046,"Cena za přecenění hrozby je minimální. Cena za podcenění je obrovská.

Po SARSu byl program na vývoj univerzální vakcíny proti koronavirům a když to přestalo být zajímavé tak byl defundován. Krásná ukázka politické stupidity a krátkozrakosti. Umíš si představit jak jínak mohlo posledních pár let vypadat?",-1,anger
5047,"Doufám, že pravdu máš tentokrát.",0,sympathy
5048,"Coronavirus taky nebyl nijak neznámý... to jenom ona varianta měla prostě jiné vlastnosti než ty předchozí.

Stejně jako předchozí pandemie - Španělská chřipka - byla prostě jen další ze (stovek) verzí obyčejné chřipky.",0,unemotional
5049,koronaviry asi tisic,0,unemotional
5050,"konečně jsem našel ten správný příspěvek, nejedná se o nic nového",1,relief
5051,Jo tak tahat se ti nechce  :D,1,joy
5052,Když jim to lidi trpí 🤷‍♂️ s dnešní nezaměstnaností,-1,disgust
5053,"Naopak kdyby to mělo větší mortalitu, tak jsme v pohodě Covid byl zákeřný, protože nebyl zprvu dobře poznat. Mortalitou je virus naopak jednoduší nalízt.",-1,fear
5054,"Je to naopak. Virus, který by měl 10% smrtnost budí respekt, zatímco virus co má mortalitu <1% ale v dlouhodobém horizontu kurví zdraví nikoho nezajímá - viz 99% lidí v ČR",-1,fear
5055,"Posledně byla také Čína prakticky zodpovědná za to, jak se to úplně posralo. 

 Nejenom to, že tam jeli maximální cenzuru ohledně celkového dění poledne potenciálně nebezpečného viru, ale oni dokonce zavedli opatření proti šíření způsobem, že to nejvíce postihovalo ostatní země. Vnitrostátní lety a cestování bylo pozastavené, ale zároveň vůbec neudělali nic s lety mimo zemi. Někteří ťongové museli cestovat skrze zahraničí, aby se mohli dostat domů. 

A pak samozřejmě neskutečná nečinnost Evropy, protože co kdyby nějakej crykid začal na FB hulákat o tom, jak jsou jeho osobní svobody omezovány,  protože nemůže na dovolenou k moři nebo do Alp.",-1,anger
5056,"Copak politici, ale co lyžaři.",-1,disgust
5057,"Taky si rikam, ze by je byla skoda vyhodit, akorat jim bude koncit expirace a na rymicky je to skoda. 

Ale ted je prece jeste cas, je to daleko, poslem jim nase prebytky nevyuzitych respiratoru a v breznu nam pak poslou za miliardu zpatky ty jejich KN95 malirsky trychtyre proti prachu. Az ten vir ale zmutuje, do te doby pohoda jazz a vsadit na to, ze to neudela. No a kdyz zmutuje, tak uz to mame nacvicene, tvarit se zodpovedne a pritom na opatreni kaslat a v realu doufat, ze ten vir se nejak sam oslabi jako dycky.",-1,anger
5058,Já bych si 2 týdny hraní Project Zomboid klidně dal,1,enthusiasm
5059,Ekonomicky? Protože jinak se zas tak nic nedělo. Prostě se pár týdnů sedělo na zadku. Big deal.,-1,disgust
5060,"Ekonomicky a psychicky.
Covid vyrobil hromadu lidí s psychickými problémy a z cenového šoku se vzpamatováváme ještě teď",-1,sad
5061,"Uz to ma nacvicene ale on prijde k moci akorat kdyz prvni vlna skonci, tesne na startu druhe podzimni. A bude moct rikat ze jde o straseni a zadna druha vlna nebude ze o to on se postara, pac ma na kazdy vir telefon. Akorat nevim, kde vezme dalsi stamiliardy na dluh. A taky kdo bude ministrovat mezi nastupy Adama Vojtecha. Havlicek?",-1,disgust
5062,Koronaviry taky byly vždycky. Stačí když to nějak nepříjemně zmutuje a už to jede,-1,fear
5063,pamatuji jak tohle říkali i na začátku covid19,0,unemotional
5064,I Španělská chřipka byla prostě jen varianta normální obyčejné (H1N1) chřipky.,0,unemotional
5065,"Moje ideální pandemie je taková, proti které by existovalo očkování, ale bez něj by byla smrtnost aspoň 90 %.

  
Mimo jiné by pravděpodobně vymřeli plochozemci.",-1,anger
5066,"ale zase indu je jeste vic a je tam vetsi spina nez v cine, se divim, ze z indie jeste nic neprislo",-1,disgust
5067,"Včetně psů, který taky, žerou všechno. Takže vlastně žerou všechno nadruhou",-1,disgust
5068,"To je právě ten problém s prevencí. Za problém, kterému se zabránilo, nedostaneš kredit.

Tou vakcínou bys ve Wuhanu naočkoval desetitisíce lidí, a vývoj by se nezaplatil. To že by to ušetřilo miliardy, to se nikdy nedovis a nikdo ti to nedá.

Kdyby CrowdStrike pustil pár korun do testování, to samé. Stejně jako české nemocnice a ransomware.",-1,anger
5069,"To je velmi zajímavé, zaznamenal jsem první vlnu SARS-CoV-1 kolem 2003/2004, ale nevěnoval jsem tomu tolik pozornosti abych věděl že se na to vyvíjely nějaké vakcíny… a následně se vývoj zastavil.

Zajímavé, díky, zkusím si tom zjistit něco navíc.",1,enthusiasm
5070,"To by platilo v případě krátké doby mezi infenkčností a příznaky. Problém s covidem byl právě ten, že ta doba byla mega dlouhá.",0,unemotional
5071,"Což je další argument pro to, proč nelze na Čínu a vlastně na žádnou jednu zemi spoléhat. 

Během covidu jsem poslouchal podcast kde epidemiolog říkal že by měla vzniknout task force co by monitorovala infekční choroby po světě 24/7 v reálném čase, ĺapače aerosolu na letištích, nádražích atd.",-1,fear
5072,"Právě zahraniční dělníci s Číny stáli za tím, co se stalo v severní Itálii. Plno místních oděvních společností používá levné čínské pracovníky na výrobu svých ""luxusních"" výrobků. Není náhodou, že k největšímu šíření v této oblasti došlo během února a března, přesně potom, co se plno těchto pracovníků vracelo z Číny po oslavách nového lunárního roku. 

Mám obavu, že během února a března to opět vypukne i u nás. No, snad se pletu.",-1,fear
5073,"I kdyby kyselina z nebe pršela, tak na tu dovolenou pojedeme, přece jsme za ní již zaplatili, no ne?",-1,anger
5074,*Sad gastro people noises*,-1,sad
5075,"Jako člověk co se celoživotně léči s depresemi a byl i jednou dobrovolné v léčebně:

Co to kurva s váma nominálně mentálně zdravejma lidma je že nedovedete strávit pár měsíců doma v relativním pohodlí a nezbláznit se z toho? Já se naučil hromadu věcí, dočetl knihy, dohnal resty apod.

Jestli jsem si z toho něco odnesl je, že duševní zdraví je strašně relativní koncept. Stačili už ti lidi co chytali hysteráky protože museli nosit respirátor (kterej jako řemeslník nosím půl dne a ""překvapivě"" dýchat můžu)

A co se týče těch cen: To je spíš symptom toho problému, že máme neskutečně křehký ekonomický systém co nedovede takovéhle pořád relativně malé krize ustát. To je to, co by nás mělo děsit. Co až se stane něco většího?",-1,anger
5076,Je tomu tak,0,unemotional
5077,"To jsem přesně říkal taky. A oni prej, že jsem blázen :D Taková pandemie by nám krásně pročistila společnost.",-1,disgust
5078,viděl si jejich street food videa? ty maj tak silnou imunitu že je nic neskolí,-1,disgust
5079,Indové obvykle příliš (kulinárně) neexperimentují se zvířaty. A podstatná část jich je úplně vegetariány.,0,unemotional
5080,V Indii umírá i žloutenka.,-1,fear
5081,Každý mikrob s trochou sebeúcty tam odmítá žít.,-1,disgust
5082,"Kdybych se od mala koupal v rece kde vedle me plave kravi hlava, myslim ze by me taky nic nezabilo.",-1,disgust
5083,"V Indii je v prírode dosť samoregulačných mechanizmov :

[https://www.bbc.com/future/article/20161115-the-viruses-that-may-save-humanity](https://www.bbc.com/future/article/20161115-the-viruses-that-may-save-humanity)

Navyše, priemerné indické jedlo obsahuje toľko bylín a korenín, že nejaký farmakologický účinok to má automaticky (prosím brať s nadsázkou ).",1,relief
5084,tam nikdo nemá prachy cestovat,-1,sympathy
5085,"[https://youtu.be/Gu6yJyi97ZI?t=444](https://youtu.be/Gu6yJyi97ZI?t=444)  


[https://en.wikipedia.org/wiki/Gutter\_oil](https://en.wikipedia.org/wiki/Gutter_oil)",0,unemotional
5086,"A pani z cestovky rikala, ze nam tam nic nehrozi, ze je to jinde a delegatka rikala, ze je ten resort uplne safe.",-1,disgust
5087,"V té době jsem měl brigádu v jedné firmě, kdy ta pandemia teprva začínala a prostě se nic nevědělo. Přišel ředitel firmy a začal mít nějakej proslov o tom, omezení a takové ty věci, aby se ta firma prostě nerozsypala a především říkal, že v případě dodržení karantény si na to budou muset prostě vybrat vlastní dovolenou. Bylo to právě v době, kdy se ve velkém jezdilo do Alp lyžovat. On samozřejmě navrhoval, že by bylo nejlepší takovou dovolenou zrušit (tady kokoti ve střediskách v Alpách také prohlásili, že prostě nebudou vracet peníze).

Jedna ženská tam prostě řekla, že ""ona si to zaplatila a prostě pojede, že si tu dovolenou na tu karanténu raději vybere"". Vynásob to stovkou nebo více takových kreténů a už jsme najednou všichni doma kvůli nim.",-1,anger
5088,"Není to respirátorem, je to tím, že sice můžeš v ""relativním pohodlí"" sedět doma, jenomže tvůj život, jaký jsi znal pomalu vymizí, kamarádi se odcizí a tobě prostě ten lidský kontakt bude chybět.
A do toho byla ještě nekonečná mediální masáž o tom, jak všichni umřou.",-1,sad
5089,no prave ty myslim :D,1,joy
5090,https://www.youtube.com/watch?v=aI0euMFAWF8,0,unemotional
5091,Navyše časť Indov sú moslimovia a tí sa umývajú povinne päťkrát denne.,0,unemotional
5092,"Indové: Je to posvátná řeka.

Taky Indové: Na co zpracování odpadů, když máme řeku?",-1,disgust
5093,Kdyby kraví...,0,unemotional
5094,"Jasně že to není optimální ale taky to není konec světa.

S kamarády můžeš pořád udržovat kontakt, my jsme začali hrát DnD online společně např. vlastně nás to sblížilo. Život si tomu prostě musíš přizpůsobit, což taky není lehký ale jde to.

A mediální ""masáž"" o tom jak všichni umřou jsem fakt nezaznamenal. Prostě jsme měli velkej problém a bylo třeba ho zvládnout. To je život. Celej život je o přízpůsobování se a zvládání problémů. Pokud se někdo posere z toho, že musel pár měsíců být doma, tak nevím jak chce zvládat real problémy.",1,relief
5095,"Kdyby hlava,,,",0,unemotional
5096,"**Welcome, u/Curious_Fun3519! Thank you for posting on /r/IndianMedSchool.**

* Do ensure that you have read our [**subreddit rules**](https://reddit.com/r/indianmedschool/about/rules) before posting. Any post that violates our rules will be removed immediately. Readers, if this post violates our subreddit rules - *do not engage, just report*.

* ***Reminder: this subreddit is not intended to seek medical advice of any kind. Please see a doctor in real life. We perma-ban all users who ask for medical advice.*** Please respect our community guidelines and direct your queries to practitioners of Modern Medicine in real life.

* Please follow [Reddit content policy](https://www.reddit.com/help/contentpolicy/) and [Reddiquette](https://support.reddithelp.com/hc/en-us/articles/205926439-Reddiquette) at all times. :)

* Check out our [Indian Medical School Group Chat](https://www.reddit.com/r/indianmedschool/s/VAKdzyZBn2)!

[Wiki - has study resource recs and important notices](https://www.reddit.com/r/indianmedschool/wiki/index/) **|** [Our Discord server](https://discord.gg/dgvMMCy) **|** [Modmail](https://www.reddit.com/message/compose?to=r/indianmedschool)

*I am a bot, and this action was performed automatically. Please [contact the moderators of this subreddit](/message/compose/?to=/r/indianmedschool) if you have any questions or concerns.*",0,unemotional
5097,Me padhai karu ya nahi koi bata do,-1,sad
5098,"Kuchh nhi hai bhai ye, fake hai ye, bas ese bolke mann ko samjha lo🥲",-1,sad
5099,This meme needs to go Viral (like the song loll),1,enthusiasm
5100,Giving me covid vibes bro,-1,fear
5101,It was viral on twitter,0,unemotional
5102,Bhai ye pakka biological weapons bana Rahe hai 💀,-1,fear
5103,This is why china called factory,-1,disgust
5104,Waah bhai,1,joy
5105,"Looks like a repost. I've seen this image 1 time.

First Seen [Here](https://redd.it/1hv04ta) on 2025-01-06 96.88% match.

[View Search On repostsleuth.com](https://www.repostsleuth.com/search?postId=1hv4ymc&sameSub=false&filterOnlyOlder=true&memeFilter=false&filterDeadMatches=false&targetImageMatch=92&targetImageMemeMatch=97)

---

**Scope:** Reddit | **Target Percent:** 92% | **Max Age:** None | **Searched Images:** 711,404,489 | **Search Time:** 0.09191s",0,unemotional
5106,"The best part is they can actually  get away with  the Same old "" No Data "" irrespective of the outcome  🤷‍♂️",-1,disgust
5107,It was already there I guess.. Probably started testing now,0,unemotional
5108,Lol didn't they say the same shit before corona fucked 1.4 B people?,-1,anger
5109,I wasn't worried. But Nadda is saying not to worry. So it worries me a lot more.,-1,fear
5110,"> JP Nadda says ‘no reason to worry’

We're fucked. Get your steel plates ready.",-1,fear
5111,[deleted],0,unemotional
5112,"Time for another MAGA-Modi-Mega-Meetup?

Yayyy",0,unemotional
5113,"Man, its giving deja vu vibes... Any new virus/ disease for next couple of decades will freak us out coz of what we experienced during Covid",-1,fear
5114,"Guys, I think it's time to get worried 🤣",-1,fear
5115,its spreading very quickly. makes me think this virus will make India lockdown before april 2025,-1,fear
5116,"Ah shit, here we go again.",-1,fear
5117,"When government says “don’t panic” , that’s when you run for life.",-1,fear
5118,"Honestly, why are y'all panicking so much. It's a fucking normal flu.",1,unemotional
5119,Evrryone get your flu shots for some hope of cross reactivity,1,relief
5120,https://preview.redd.it/fm3fgbtyrlbe1.jpeg?width=1242&format=pjpg&auto=webp&s=1763b4244ab0a198daa0db7424ae704bddb3c275,0,unemotional
5121,There's actually an article mentioning that wuhan's local authorities have closed the schools due to 520 or something percent hike/spike of hmpv cases within like 10days. WHO has shown concern over it,-1,fear
5122,Thalipeeth.com loading 90%,0,unemotional
5123,China hi hai jo work from office rukwa skta hai,-1,anger
5124,Prevention is better than cure! if not now then when. One more thing suprises me is how come Babies and young children get this virus if they haven’t travelled ?,-1,fear
5125,What worries me is jp nadda telling don't worry.every thing starts with sheer negligence,-1,anger
5126,OMG India should really start making rules in mass places like Japan. Unfortunately people won't listen.,-1,anger
5127,"Actually they know from experience that even if kids die, no one cares as long as the kids are not just of one religion.",-1,disgust
5128,Zero people died due to Oxygen shortage in UP during the second wave of COVID,0,unemotional
5129,[deleted],0,unemotional
5130,Omw to get my steel plate to scare the virus away.,-1,fear
5131,Don't forget your Diyas too,0,unemotional
5132,Location?,0,unemotional
5133,No need to worry right? Shit I'm sick rn,-1,fear
5134,hmpv has existed for decades and will continue to do so for decades to come?,0,unemotional
5135,Bhai past me jaa raha ye toh,0,unemotional
5136,Get ready to make chappri reels and sell your dignity if you want to get rich,-1,disgust
5137,The virus only thrives in winters. Its temperature sensitive (for now),0,unemotional
5138,It's 2025 now,0,unemotional
5139,I wishhhh,-1,fear
5140,PTSD,-1,fear
5141,The fear has mongered them,0,unemotional
5142,"https://munsifdaily.com/hmpv-virus-schools-shut-down-in-china/

This is the article",0,unemotional
5143,Can't tell if you're being serious,0,unemotional
5144,/s?,0,unemotional
5145,"Go HMPV Go, just doesn't have that ring to it, sorry. ",0,unemotional
5146,kyunki bhai aisa hi hua tha. timeline ekdum same hai. socho zara!!,-1,fear
5147,the fog may make it worse,-1,fear
5148,ah sorry. i'll edit it,0,unemotional
5149,They need to chill out and influencers need to do a better job,-1,anger
5150,Obvio,0,unemotional
5151,as if inoculating more than a billion people is a small feat. jfc lads.,1,enthusiasm
5152,"Maybe ""go humpvee go""?",0,joy
5153,Apparently the indian influencers in china are doing a better job than the Indian media,1,surprise
5154,"Surely not, but cant forget the absolute dogshit management of the situation.",-1,anger
5155,Not bad. ,1,relief
5156,Oof that sucks :'),-1,sympathy
5157,"idk cowin portal was brilliant. getting 2nd and 3rd doses was seamless, only had to give them my number the 2nd 3rd time and they had the details of when i got the first dose and what variant of the vax i had got. 

the rollout could have been faster but even that was respectable, after us, uk, russia, we were the first to have our own vax no? SII sent it across the globe no?",1,enthusiasm
5158,🙇,0,unemotional
5159,"Youre only talking about the vaccination part of it, and I did agree it was no small feat. Many other really shitty things happened that a lot of people have forgotten.",-1,anger
5160,🤣,1,joy
5161,"oh i remember the migrant crisis, bodies in ganga. horrible all that but i don;t think it;s hardly fair to pin it all on the gov as if they precipitated it, handling a pandemic in worlds most populous country with low discipline can't really be expected to be easy. 

  
handling could've been better sure, but it wasn't a shower of shite all things considered",0,unemotional
5162,"I mean the govt saying we have No Data was just.. absurd. I do think the govt is responsible, its their job.",-1,anger
5163,"https://www.bbc.com/news/articles/c23vjg7v7k0o

""But HMPV is not like Covid-19, public health experts have said, noting that the virus has been around for decades, with almost every child being infected by their fifth birthday.""

Care e panica ca nu inteleg?",0,unemotional
5164,S-a dus naibii orașul de când a plecat Bolojan.,-1,sad
5165,Pentru asta nu exista vaccin. Suveranii sunt în siguranță.,-1,disgust
5166,">Virusul metapneumovirus uman (HMPV) nu reprezintă o noutate, întrucât a fost identificat pentru prima oară în 2001, iar în România, în fiecare an, se înregistrează zeci de mii de cazuri de răceli cauzate de acest virus, a declarat joi ministrul Sănătății, Alexandru Rafila, pentru Agerpres.

-

>#Rafila: De câteva zile, sunt vehiculate foarte multe informaţii că ar fi venit în România un virus din China care produce infecţii foarte grave. Nu e cazul, discutăm despre o viroză banală / Metapneumovirusul produce infecţii obişnuite",1,relief
5167,"Nivel de incompetență nu încetează să mă uimească, atât de la presă cât și de la autoritățile locale. HMPV este endemic în toată lumea. Las mai jos conținutul unei postări făcute de Dr. Mihai Craiu.

___
Acesta nu este un tablou al unui pictor modern! Deși ar putea semăna cu anemonele lui Luchian, sau mai bine cu cele ale lui Gustav Klimt, acestea nu sunt niște flori.

Așa arată la microscopul electronic hMPV (faimosul metapneumovirus uman) care a generat emoții și discuții aprinse în ultimele zile. Da, în multe țari asiatice s-a observat o creștere a numărului de cazuri de infectare cu hMPV la copiii cu vârstă sub 14 ani și la seniori sau la cei cu imunodeficiență. - link în comentarii

Dar cam atât! Să ne uităm întâi la ce este cunoscut, înainte de a genera alte mesaje foarte alarmiste🤗

Pentru majoritatea pediatrilor nu a fost nicio surpriză! Virusul a fost descris în 2001 de către dr Bernadette van den Hoogen la copii răciți din Olanda, deși el exista de multă vreme. Se estimează ca el s-a desprins dintr-o familie de virusuri similare ce infectează păsările. Acum aproximativ 400 de ani.

Nu am știut să îl detectăm până acum dar el există de foarte multă vreme.

Eu am un slide dedicat hMPV, în cursul despre bronșiolita acută pe care îl țin la studenți, de peste 15 ani.

În 2012 am publicat, alături de colegii de la Spitalul Grigore Alexandrescu și de colectivul de experți ai Centrului Național de Referință în Boli Respiratorii de la Institutul Cantacuzino (condus la acea vreme de către dna dr Cristina Țecu) rezultatele unei cercetări ce își dorea să evalueze ce virusuri produc boli respiratorii  cu spitalizare (cum ar fi bronșiolita acută sau pneumonia) la copii.

Cel mai frecvent identificați, la acel moment, au fost VSR (virusul sincițial respirator), hMPV și adenovirus. Link in comentarii

Deci nimic nou sub soare🤗

De unde emoția? Pentru că vorbim despre un virus obișnuit, din familia Paramyxoviridae, rudă cu virusul rujeolos, de exemplu.

Probabil ne-am speriat din cauza faptului că ACUM stim că există acest ""dușman"", pentru că putem testa PCR-multiplex, în timp real, un număr extrem mare de persoane. Este moștenirea pandemiei...

Aceste teste PCR-multiplex pot identifica rapid peste 20 de virusuri și bacterii din secrețiile nazale ale unui bolnav.

Deci acum AM AFLAT cu toții că există hMPV, deși el era pe podium, alaturi de VSR și rhinovirusuri drept cauză a bolilor respiratorii. Este atât de frecvent încât 90% din copiii care merg la grădiniță vor face până la 5 ani o infecție cu hMPV. Și pentru că imunitatea pentru acest virus ""nu ține"", boala se poate repeta oricând.

La fel ca și la gripă, au fost descrise 4 tipuri de hMPV, în funcție de proteinele de suprafață F (de fuziune) și G (de atașament) care sunt  notate cu A1, A2, B1 și B2.

Este o simplă răceală pentru persoanele adulte sănatoase sau pentru copiii mai mari. Poate ceva mai zgomotoasă în 2025 decât în alți ani, dar cam atât.

Soluția?? Avem răbdare, luăm antitermice și ne hidratăm bine. Dacă e rău în continuare după 2-3 zile mergem la medic.

Și nu dăm și altora boala!!! Adică respectăm eticheta tusei, ne izolăm câteva zile și spălăm bine mâinile.

Multă sănătate!

 #Metapneumovirus

https://www.facebook.com/drCraiuMihai/posts/pfbid0UiQhxDsYBna9qHdx1Bz6cBwUtHR75aVwV9dnZ2pY8pt5GHXQzU8fJAjeu86yM1Nil",1,relief
5168,"""I have 2020 flashbacks...**and I fucking want those moments back**""

Dezvolta",1,joy
5169,Iohannis o sa prinda 2 pandemii,0,unemotional
5170,E atât de grav încât Șoșoacă care a spus că se retrage a revenit ca să posteze teorii conspiraționiste despre virusul ăsta:))),-1,disgust
5171,We re so back,1,enthusiasm
5172,O domnie ... No... Binie...,0,unemotional
5173,"Virusul HMPV (Human Metapneumovirus) este un virus respirator comun care aparține familiei **Paramyxoviridae**. A fost identificat pentru prima dată în 2001 și este considerat o cauză importantă a infecțiilor tractului respirator, în special la copii, vârstnici și persoanele cu sisteme imunitare compromise.  Adica raceala/ gripa prezenta de ani de zile. Dar sure, hai sa panicam populatia. Sa fac pipi pe ea de presa",-1,anger
5174,Hai cu panica!,-1,disgust
5175,nu m ar deranja inca cateva saptamani de scoala online tbh,1,relief
5176,Era suficient daca citeam doar titlul care a fost oricum jumate din stire.,-1,disgust
5177,"Schengen dom'le, altfel nu reusea virusul sa intre daca erau controale",-1,disgust
5178,"Nu știu, nu mă vaccinez, spor la munca.",-1,anger
5179,Hai cu lockdownu.,-1,disgust
5180,"Gata începe un nou circ cu altă ""pandemie"". Nu a ținut vrăjeala cu războiul, se revine la povestea de dinainte. Interesant că la ""guvernare"" e tot PNL, USR, PSD și UDMR.",-1,anger
5181,fearmongering,-1,disgust
5182,In curand o sa avem etichete made in china si pe majoritatea virusurilor 🙄,-1,disgust
5183,"N are poza c o femeie, bihoreanul sa n o beie",-1,disgust
5184,[deleted],0,unemotional
5185,"> Care e panica ca nu inteleg?

Stire preluata de la bihoreanul care zice ca

> În județul Bihor a fost confirmat, miercuri, **primul caz de îmbolnăvire cu noul virus** care se răspândește masiv în China, metapneumovirusul uman HMPV, extrem de contagios, care poate determina complicații severe în special la copii, vârstnici și persoane cu sistem imunitar slăbit.

urmat apoi de

> **Virusul nu este unul nou**, dar numărul crescut de cazuri raportate în ultimele două săptămâni, mai ales la minori, provoacă îngrijorare.

Se contrazice articolul singur. GG. Jurnalism de calitate. :D",-1,anger
5186,[deleted],0,unemotional
5187,"si virusul SARS e de mult,in 2020 o variatie (SARS Cov2a ei a facut tot lockdown-ul",0,unemotional
5188,Clicks sell,-1,disgust
5189,"Panica este ca trebuie sa fie panica, nu? Indiferent de motiv",-1,anger
5190,"Doamne, nu cumva să apară vre-un vaccin și pentru virusul asta ca o să înceapă toți ăștia ca tine să facă spume la gură din nou. :)",-1,anger
5191,"Nici covidul nu a fost ceva demn de panică, însă se pare că se reiterează ""pandemia""",-1,disgust
5192,"Panica e cea similara Covid, unde oamenii puteau fi asimptomatici, dar s-a inchis toata societatea. Si mai apoi a disparut brusc si au reaparut racelile comune. 

Deci nu vorbim de riscul obiectiv ci de cel proiectat de catre mass-media.",-1,anger
5193,O picat tencuiala dân centru dă pă casi!?😂😂😂😂😂,1,joy
5194,"vine Bolojan, face o reformă si dispare si hașpemeveu",1,enthusiasm
5195,a plecat de la primaria oradea in 2020...,0,unemotional
5196,"Nici pentru prostie nu exista tratament se pare,asta ar fi pandemia anului",-1,disgust
5197,Covid-ul nu era tot o forma evoluata a unui virus cunoscut de 20 de ani?,0,unemotional
5198,"> Dezvolta

Foarte multi redditori s-au simtit extrem de bine in pandemie pentru ca toata lumea statea inchisa in casa ca ei si atunci nu se mai simteau ciudat. Acum iar au iesit toti oamenii ""normali"" afara si nu e bine.",0,unemotional
5199,"Adică să moară oameni nevinovați, bănuiesc că nu are nicio problemă cu asta",-1,anger
5200,"ma refer la personal memories deoarece in perioada aia my spirits were at an all time,cu o exceptie,si anume cand am facut iesit pozitiv in August 2020,insa in rest ma simteam mai fericit ca niciodata and my spirits were at an all time high si atunci am pus bazele a ce sunt astazi,I thrived in perioada aia,insa acum in 2025 I'm doing even better ca atunci",1,joy
5201,"Nu știu bro, eu am fost superior față de alții și am purtat mască, folosit dezinfectant și mi-am făcut și vaccinul cu toate boosterele. Dar mno... nu folosesc facebook/tiktok si nu am votat CG / SOS / Aur.",1,relief
5202,"Pot confirma ca inca sunt sanatos si nu am simptome,poate carantineaza astia Oradea cum au carantinat suceava cand a inceput pandemia din 2020",0,unemotional
5203,You're so fck dumb,-1,anger
5204,conspirolog de pl mea !! dute si mai bea vreun pahar de tuica ca sa te lase oleaca !!! oameni prosti !! cred ca vezi conspirologii la orice colț !!!,-1,anger
5205,"Nu e ca si cand tot astia au fost la putere din 90, dar ok, sure, e de la pandemie.",-1,disgust
5206,"Alea erau experimentele americanilor, doar că la chinezi au scăpat din laborator.",-1,fear
5207,"Am citit CG, nu ca nu s-ar fi potrivit.",-1,disgust
5208,poate s-a referit in sensul ca e ultimul virus care se raspandeste zilele astea prin China.,0,unemotional
5209,Fi sincer! Ti ciuda ca Oradea ii primul oras cu bolnav de HMPV si nu Bucurestiul!,-1,disgust
5210,"Corect ! Sa vezi invazie pe suplimente , bomboane în opinia mea . Exact asa a fost si-n 2020-2022 , au rupt romanii , le-au rașchetat stocurile farmaciilor de orice era vitamina sau mineral . Ați observat ca suplimentele sunt mai scumpe ca medicamentele?",-1,disgust
5211,Virusul SARS Cov 1 originalul din 2002-2004 era mult mai letal ca al doilea.,0,unemotional
5212,corect dar functionarii publici din toate tarile sau cam cacat pe pantaloni de consecinţe necunoscute si au facut panica mai mare in acelasi timp cineva au reactionat foarte repede de a face si bani pe aceasta !!,-1,anger
5213,cășiuri,0,unemotional
5214,"Hai, man..",0,unemotional
5215,/r/whoosh,0,unemotional
5216,"> asta ar fi pandemia anului

esti nou prin zonele astea se pare, pamant adica.",1,disgust
5217,"Da și nu. Depinde ce înțelegi prin ""formă evoluată"" și ""virus cunoscut"".

SARS-CoV-1 și 2 fac parte din genul Betacoronavirus (alături de MERS-CoV) dar sunt unice în subgenul Sarbecovirus. Adică până în 2020, SARS-CoV-1 era singurul Sarbecovir. Ambele SARS-CoV au un strămoș comun, având o similaritate genetică reciprocă de ~80%. Practic asta l-a făcut ""novel human coronavirus"", diferența genetică față de cele cunoscute și faptul că nu a mai fost detectat în oameni până atunci.

HMPV face parte din genul Metapneumovirus, dar nu este mai departe segmentat în subgenuri, ci în linii genetice (A/B). Toate cazurile de HMPV genotipate până acum nu au indicat existența unei noi linii genetice, deci nu este ""novel"".

Ca idee, în cazul gripei, literele A,B,C reprezintă de fapt clasificarea de genus (Alphainfluenzavirus, Betainfluenzavirus etc), mai departe ele sunt grupate în subtipuri/linii genetice (H1, N1, Yamagata etc).",0,unemotional
5218,"Ah, ok, eventual sa fi fost si prin IT, cand veneau ofertele pe banda rulanta. Bani multi, Glovo si dat la muie plebeilor care-si pierdeau bunastarea economica.",-1,anger
5219,"E imposibil sa aleg intre cei anti vaxx/5G-isti si doomeri introverti cu tendinte fasciste ,chiar nu pot alege care sunt mai retarzi.",-1,disgust
5220,"Doamne ferește,eu m-am referit la mine ca persoană,nu la ce a fost pentru alții,îmi cer scuze dacă s-a înțeles că nu mi-ar păsa de cei care au murit de covid sau probleme post-covid",0,sympathy
5221,"Same, we need a break.",1,relief
5222,"Ceea ce e un avantaj pentru noi, din perspectiva prevenirii unei pandemii. Un patogen foarte letal își omoară gazda prea repede și nu are timp sa infecteze noi gazde. Ciuma bubonica nu a fost una dintre cele mai mari pandemii pentru ca fost foarte letală, din contră chiar. (P.S: vorbesc de cât de rapid ucide nu de cât ucide overall)",0,unemotional
5223,Dar oare cum o sa fie SARS Cov 3 …? 👀,0,surprise
5224,căși,0,unemotional
5225,"era o gluma,prostia exista de cand exista pamantul,numa ca acum a facut mutatii boala asta si ne cam f*te",-1,disgust
5226,Multumesc pentru explicație. 🔝,1,relief
5227,"Este vorba despre 2020 vărule.

>anti vaxx/5G-isti si doomeri introverti

Ești atât de fanatic ca ei, încât ai uitat în ce an te-ai vaccinat 😂",-1,anger
5228,"Intr-adevar... ciuma bubonica era mega letala daca intra bacteria in sistemul circulator dar daca era infectie la nivel superficial cum se intampla in majoritatea cazurilor, tot era letala dar in general mai aveai o saptamana-doua de trait, suficient cat sa o raspandesti. Si asa cum zice si /u/AcanthocephalaThin72, nu existau tratamente adecvate.",0,unemotional
5229,ciuma bubonica a fost asa de raspandita pentru ca nu existau antibiotice,0,unemotional
5230,Să sperăm că nu o să fie,1,relief
5231,got you fam! am editat!,1,enthusiasm
5232,Și totuși nu toate virusurile și bacteriile au dat pandemii.,0,unemotional
5233,"Nothing to be afraid of. Soon all of the worlds wealthiest celebs will make a video from their mansions about how we're all in this together and it'll fix everything, just like last time.",-1,disgust
5234,"People memed on covid too, no?",0,unemotional
5235,"This isn't a new virus, nor is it probably even Chinese. It's been around for decades and isolated in the Netherlands in 2002.",0,unemotional
5236,He looks like he needs only one eye 😂,1,joy
5237,I will not be killed by humpev! Covid at least sounded cool.,-1,disgust
5238,Another one?,0,surprise
5239,"We had like 4 of those since covid. 

HMPV is not even close. Apparently hospitals in china arent fuller than they are usually around this time",0,unemotional
5240,I am ready to nominate myself as NON essential. I had to schlep into work every day during covid while everyone else sat home and collected 3x unemployment. Not this time Satan!,-1,anger
5241,This is the first meme I've seen tho....,0,unemotional
5242,Her Majesty's Papilloma Virus,1,joy
5243,"It's good they made the first one a big deal and lost faith,  so no one believed them and the second one can take us out",-1,fear
5244,It will not be a pandemic because we found it early.,1,relief
5245,Like the first victims of Corona had Corona beer all around them. Real fuckin funny 😐,0,unemotional
5246,Looking forward to seeing all the virtue signaling mask sheep.  2 and 3 masks means they REALLY care.,-1,disgust
5247,And singing cringey songs!,-1,disgust
5248,"Imagine all the people ... rioting in the streets. Yoohooo-ooo may say I'm a dreamer, but I'm not the only one...",-1,anger
5249,And we’ll find out who is essential to our economy and the point will whoosh over Americans’ head again.,-1,sad
5250,"Yup, the “Corona” jokes were rampant in the months leading up to the shut down.",0,unemotional
5251,"I mean what else can a person do, once they’ve stocked up on toilet paper and rice and beans and hand sanitizer?",0,unemotional
5252,I dunno. I am only the meme-guy,0,unemotional
5253,"It’s a known virus and not as serious as people 
Make it out to be.",1,relief
5254,"No lol, we’re fine",1,relief
5255,"Yeah, looking back that was maybe not a great look on mostly everybody's part. Granted it was totally different because we had an absolutely incompetent leader with zero plan for how to .... Oh.",-1,anger
5256,"The TP panic buying surely was one of the oddest responses to the pandemic.

[I posted this five years ago.](https://www.reddit.com/r/PublicFreakout/comments/fg0tdb/honestly_the_most_interesting_reaction_to_the/) Yeesh.",0,unemotional
5257,Love this comment!,1,enthusiasm
5258,[deleted],0,unemotional
5259,"If the government thinks it's serious it's now serious for you, don't worry.",-1,disgust
5260,"Nah man, this time will be different. They got rid of that science-y doctor guy so there won't be a problem.",-1,anger
5261,Covid 19 was not a known virus. There were Corona virus’s already but corona describes the shap of the virus itself they weren’t the same thing,0,unemotional
5262,Australia has actually been dealing with it since 2017 and get the occasional case. But yeah.. let’s blow it out of proportion and get everyone scared,-1,disgust
5263,So Gujrat and Bangalore. That's two.,0,unemotional
5264,"\*\*Human Metapneumovirus (HMPV)\*\* is a common respiratory virus that causes infections similar to the flu, such as cough, fever, runny nose, and sore throat.

Currently, there has been a \*\*rise in HMPV cases in China\*\*, which has raised global health concerns

However, the Indian Council of Medical Research (ICMR) has detected only a few cases in India, and there is no unusual surge in infections. 2-3 cases in India.

Health authorities are closely monitoring the situation and have issued guidelines to manage the spread.

As for another pandemic, there is no indication of a new pandemic at this time.",0,unemotional
5265,"Not worried at all.

https://preview.redd.it/jaomttif1dbe1.png?width=1080&format=pjpg&auto=webp&s=052dbaa2fd03457926a6e6b6e4852849a6ef4be4",1,relief
5266,"Shared the link. It also came on my trading app when sensex was 800 points down, and then it broke to 1400 points",-1,fear
5267,Suspect is key word.,0,unemotional
5268," No, confirmed in Bangalore first.",-1,sad
5269,Damn the virus struck the best state in the country,-1,fear
5270,"What are the symptoms? I kinda got really ill after a Delhi flight. Paracetamol n usual antibiotics didn't work, no dengue  but similar symptoms, coughing, runny nose etc

Had to be hospitalized for 4 days with a lot of nebulizer n iv fluids n paracetamol. Doc said the RT PCR would cost 20k but wouldn't affect the symptom treatment so I didn't go for it.",-1,fear
5271,Be careful with this as your usual antibiotics don’t work. It’s also been detected in the US- southern region. People with underlying respiratory problems take note. Let your family and friends know right away.,-1,fear 
5272,"This ain’t too bad. I had it last week. 

It basic flu like symptoms and that’s it. A few days of cough, cold, and fever - the symptoms were much milder than Covid.",1,relief
5273,"hey mate let\`s exclude this Indian Media Fiasco I have been studying about this virus for a couple of days because of the hype and here is my conclusion or summary to the topic

The Hmpv virus everybody is talking and discussing about is the 50 year old version and we do not have exact data from the epicentres China and malaysia Hence all the info that i will provide will be of the old european strain.

Keeping that in mind

1. Hmpv has a lower Ro(1.4-2) value than covid 19 (1.5-3) and the delta variant had (3-5) Ro means the number people a virus can be transmitted from one affected person.

2.The syptoms of Hmpv coincides with the common cold so repoting and identifying the virus will be difficult for an individual hence less reportings and less testing in the hospital.

3. The incubation period of Hmpv is less than covid19 and the gestation period is also less meaning you will down only for a week not for 14 to 21 days

4. Hmpv has an extra complication which is pneumonia including Bronchitis and both old age and infants are at risk .

It can get uglier if not treated ..

The suspicison arises when the world is experincing an all time high in Hmpv cases note not once in 50 years it has affected so many people and if it has mutated it can be dangerous NOTE when delta version arrived we already had a vaccine but the world was severly hit and if it so mild in the world why the government and WHO is pating so much attention it just can\`t happen with Indian media and the first death reported in India due to covid was mad in 12th MARCH 2024 when a novel took this much time in 1.2 billion people country . Please do not be overconfident this mistake has been done review the past .

For now wait for the official report made by WHO and CDC that will decide the future of this world.",0,unemotional
5274,Fuck fuck,-1,fear
5275,Is this info genuine?,0,unemotional
5276,"Nope 3, 2 in bangalore and 1 in gujarat",0,unemotional
5277,[deleted],0,unemotional
5278,No corona,1,relief
5279,Aise empower nahi karna tha but theek hai...tumse yahi expected hai.,-1,anger
5280,"Karun go, go karuna",0,unemotional
5281,Anti National virus,-1,disgust
5282,"To be fair, for viruses first detection has nothing to do with it that region. It just means testing was done in that state. 

Thats why some European counties didn’t report first case till long after many cases had become live. But Italy did drastic testing and saw most of the cases in Europe",0,unemotional
5283,Take care,1,sympathy
5284,"Quite informative, as of now, there are 10 plus cases..
Out of the total 11 cases reported so far, two were reported in Bengaluru, one in Gujarat, two in Chennai, three in Kolkata, two in Nagpur, and one in Mumbai.

Yes again, as you mentioned, need to have data to confirm and restrict",0,unemotional
5285,I meant two locations. ,0,unemotional
5286,Corona no!,1,relief
5287,https://preview.redd.it/vnn8p2ja5hbe1.jpeg?width=1122&format=pjpg&auto=webp&s=31014cf9dedfde19fde4ce46c08bf23ba70da468,0,unemotional
5288,appreciate it borther now it looks like hmpv is dead but my intution says it is not the world was just waiting for mahakumbh to get done now that it is done now the real game will begin there is a chance we will see another March a special one,-1,fear
5289,Also northeast,0,unemotional
5290,The comment was not for you btw,0,unemotional
5291,Politicians love a crisis. The left and the right. Communists and fascists. Wood pushers and fruit booters. They all love a good crisis.,-1,disgust
5292,"The media blows everything up out of proportion. Look at the headline for this Fox News article: Bird flu uptick in US has CDC on alert for pandemic 'red flags': report

Even though the last paragraph of the article says: According to the CDC, the public health risk associated with avian influenza remains low. No birds or bird products infected with HPAI will enter the commercial food chain. 

https://www.foxnews.com/health/bird-flu-uptick-us-has-cdc-alert-pandemic-red-flags-report

A giant biased headline for clicks like all other media does. It's not just the media on the left. It is all media.

And I have not seen anyone on the left say they want another pandemic. I'm sure you could find someone out there saying it because crazy extremists exist but in general that's not the sentiment among the left at all.",-1,anger
5293,"Not the left, or the leftist media, just the media. The pandemic was a big effect on everyone's lives, right or left. If you publish a headline saying another one is coming, people are going to click. The media is a business. They aren't as ideological as you think.

Can we cut the left vs. right bullshit and get together against corporations, please?",-1,anger
5294," -  The last pandemic was over a hundred years before COVID. 


This isn't true we have had quite a few in-between that, like the 09 swine flu and a few other flu pandemics. 


 - Yet every sniffle anywhere in the world results in calls for the next pandemic, masking and lockdowns. Monkey pox, norovirus, RSV, HMPV, bird flu - every one is an existential crisis according to the media fear machine.

Yes, this is nothing new and was how these things were reported before 2020. And it is possible for these to mutate to become severe pandemics. Which is why it's important to keep our eye on them.",-1,disgust
5295,"The hypochondriacs (we all know them, the people who lose their minds about people ""coming to work sick"" because they sneezed) got a taste of what they've always wanted. Shutting down everything, every year, just because some seasonal bug is at its peak. 

They're just clamoring to get the attention of the right politicians to throw us into their own personal hell again.",-1,anger
5296,"They constantly snarked about how we ""needed another plague to cull the herd."" Then we got a plague and they turned into hysterical hypochondriacs who publicly screeched at women and children if they thought they were being put in danger.

Now we're out of it and they're snarking that we need another one to put Trump voters in their place. These people don't know what they want and are a danger to themselves and society.",-1,disgust
5297,"What is the “leftist media”? All the mainstream media is owned by billionaires, so who is really pushing the media fear machine?",-1,disgust
5298,“Worried about” and “want” another pandemic are very different things.,0,unemotional
5299,"Interesting to hear someone not on the left recommend COVID vaccines.  I know they exist, but on the politicized internet it’s hard to find that 👏🏽",1,surprise
5300,"I told my husband that I'm willing to bet there will be another ""pandemic"" during these next 4 years. 

I listen to the morning news every morning while getting ready for work. The channel recycles the same commercials. The morning after the election, a new commercial started in the rotation with Dr. Drew & another guy (I don't know who he is) about a medical kit to prepare for another pandemic or disease. I immediately wondered if there was a Simpson episode about this foreshadowing. 🙄",-1,fear
5301,Absolutely. Think of how much engagement would be driven and what that translates into ad revenue. A lot of people have effectively forgotten how crazy of a time that was.,-1,disgust
5302,"That has nothing to do with ""the left"" and ""the leftist media"".

In the wake of 9/11, the question after every disaster was ""Is this a terrorist attack?""

It's just news being sensationalist.  No need to try to find a political angle here.  Just accept the fact that conservatism has failed in America because they chose to embrace racism in a post-Holocaust world that won't tolerate it.  There's nothing to hate about the left.  In fact, the more people like you join - the more you'll be able to pressure the left on your pain points, whatever they are.",-1,anger
5303,"Idk if this post is part of the propaganda or if op has fallen for propaganda. But another pandemic is coming. It's not avoidable and Americans are too I don't know self-indulgent to fight it. So I can see the conservative narrative that's trying to make the coming pandemics a leftist versus right thing So again that's what it hurt Trump's last presidency.

For contaxt covid is coming back in a major way. Although I didn't really go away people just pretend that it did. You have a deadly bird flu hitting United States. In China has just gotten a weird new virus that's killing people. So a pandemic is coming. So I imagine we're going to get a lot of these posts",-1,fear
5304,"According to some, we are still in the first pandemic. There are a bunch of ""Zero Covid"" subreddits. I visited one about a year ago, to understand why they were still masking in 2024. Even suggesting that you will eventually get the virus on a long enough timeline will get you banned. Truly indoctrinated.",1,anger
5305,"I think you grossly underestimate the extent to which another pandemic would be exploited by stakeholders across the political spectrum. I can agree in so far as whatever 'leftist' means in this opinion would be included in that, but I find the take myopic overall.",-1,anger
5306,I thought Covid was a hoax and there was no pandemic?,0,unemotional
5307,"As a leftist, no we are not.",-1,anger
5308,"You know covid statistically killed twice as many conservatives as democrats, right? Precisely because y'all insisted on politicizing having to wear slightly more clothes.",-1,disgust
5309,Yea I would love another 6 months of staying home.,-1,disgust
5310,I dunno if I’d consider that a left wing thing and more a political media and politicians that are chomping at the bit for their next big crisis. A population in crisis is easier to manipulate.,-1,anger
5311,"People are morons, on the whole.  Leftists add a naive notion of social welfare that fails the simplest run through game theory.  Add a childish sense of self (there is no world or view beyond my own) and voila.  You get a hunger for nonsensical authoritarian “mask up and show me your vaccine ID.”",-1,disgust
5312,All media. Fear = money,-1,disgust
5313,I'm personally not excited about Donald Trump killing another few hundreds of thousands of my fellow Americans.,-1,anger
5314,"""COVID is God’s gift to the left."" - Jane Fonda, leftist.",-1,disgust
5315,They want America to suffer so they can say “I told you so”,-1,anger
5316,[removed],0,unemotional
5317,"I am pretty sure that I don’t want another pandemic, and I am very liberal.",1,relief
5318,Links or the OP is slander.,-1,anger
5319,They had a taste of control and authority and they want more. They LARP as the underclass while simultaneously aspiring to be the ruling class.,-1,anger
5320,"I know it's not a popular opinion, but covid wasn't a pandemic level problem. It's called an endemic.

Deadly disease? Yes. Problem? Yes. Difficult? Yes. Horrible *flu*? Yes. Bad for many people? Yes. Tragic? Yes.

But covid wasn't anything like the black death or most of the pandemic level problems faced in history. Ebola is just one example of the many ""lids"" we currently keep down.

I'm not trying to downplay covid exactly, just that in the disease world it's a ""starter"", a ""beginner threat"". The monsters in the ""closet"" are worse and scarier than covid could ever be. Covid is scary to people who are sheltered and don't understand the depth of the shit and horror the world has. Honestly covids origin is the scarest part of it, far more than the disease itself.

Besides, you're right op. I think many found the power gained from that scare... intoxicating.",0,unemotional
5321,"Apparently, OP doesn't know about medical history. FOUR flu pandemics have happened in the last 100 years(1918, 1957, 1968,2009). Other pandemics by NIH criteria were cholera in 1961, SARS IN 2002, Ebola, and AIDS. Pandemics are considered widespread previously unknown diseases or diseases known that have become widespread and uncontrollable. Pandemics and regional epidemics have been the NORM throughout history. We all just haven't been exposed to much of it because of modern sanitation and strong health departments. All that is now going by the wayside. Buckle up kids, the ride is going to get real bumpy from here on out. My state stripped the health department of powers it had to keep disease in check for over one hundred years because ""muh freedum.""",-1,disgust
5322,Well I did enjoy the way republicans were killing themselves to prove the last pandemic wasn’t real.,-1,anger
5323,"They're just dying for an opportunity to shit on people they don't like, no matter the consequences of such an action.",-1,anger
5324,They want to blame Trump,-1,disgust
5325,"I think there should be a year long worldwide  lockdown every 5-10 years to allow a nice slow down. 

Some of the best time of my life was during the peak of covid in the lockdown. 

I honestly miss it sometimes. 


While I don’t wish for the negative health aspects of the lockdown, it would be nice to have 1 year every 5-10 years to spend time reflecting, relaxing, and recovering.",1,relief
5326,"So, we're supposed to wish for another pandemic so that Trump can kill another million innocent Americans?",-1,anger
5327,The left isn't as a leftist. We would prefer for people not to die. The media might though.,0,unemotional
5328,"The ""last pandemic"" you are referring to is  the Spainish of 1918. It wasn't 100 years until the next pandemic. It was 49 years with the 1957   [Asian flu ](https://www.clinicallab.com/a-timeline-of-pandemics-22047). It wasn't 51 years until the next pandemic. It was 11 years with the Hong Kong flu. Then 13 years until 1981 and HIV. 19 years until SATS. 7 years until Swine flu of 2009. Then, like Rudolph, the most famous one of all, 2019's Covid. Actually, despite your claims, they seem to be more frequent now.    


Every little sniffle is reported so that a potential candidate for the next pandemic is spotted early. This is the primary function of CDC labs around the world. To monitor sniffles for the next epidemic. Covid was originally listed as an unknown flu variant. The sudden surge in sniffles gave it away much earlier than if we had waited for you to acknowledge it as a pandemic.",0,unemotional
5329,"I believe it was Bill Mahr who said (paraphrasing because I can't be arsed to lookup the precise quote)

>One of the ways we get Trump out of the white house is a bad economy, so bring on the recession.

This was shortly before the Covid response induced recession.",0,unemotional
5330,"This entire post is filled with half-truths and presumptions but I'll try to address the most obvious ones.

> Pandemics are rare

With the advent of mass industrial animal agriculture as well as the rise of wet markets in Asia, the risk of major pandemics rises. A lot. This is something which has been understood since the 1970s, that the potential for viruses to mutate with a much wider variety of animals increases due to modern agricultural methods. 

SARS, in 2002-2003, was contained before it spread too much. We were *extraordinarily* lucky to contain it, and it took a combined effort of dozens of countries mobilizing lockdowns and restrictions to take it down. If it had spread to pandemic levels, and it was a *high chance* it would have if we didn't catch it early, it had a death rate of 8-12%. Aka hundreds of millions dead. SARS uniquely spread due to wet markets. It is a pandemic which never would have happened without those modern factors mentioned above. Same with Covid. 

>  every one is an existential crisis according to the media fear machine.

RSV and Norovirus were never viewed as 'pandemics'. Norovirus can come in waves and be awful to go through (my family just had it... awful), but nobody views it as a crisis. Its still news worthy when cases spike in your city, but you are being dishonest trying to say its viewed as an existential crisis. 

The real issue is Bird Flu. That is a genuinely *massive* concern and should not be downplayed. There is not an epidemiologist in the world right now which is not extremely concerned about bird flu mutating for human transmissibility. It has spread to animal populations worldwide at a rate we have never seen in the past year, and is rapidly approaching the ability to cause human to human transmission. Bird flu has a mortality rate of 40%. This is not something to scoff at.  

Even assuming bird flu doesn't materialize into anything? As I said before, because of modern agricultural, we are still going to be dealing with the threat of pandemics much, much more commonly than in the pre-modern era.",0,sympathy
5331,"I can safely say that I do not want another pandemic. The problem with the right is that they never listen to us when we are telling you what needs to be done to prevent these pandemics.

In this case, we need herd culling to prevent it. But you don’t listen and then when there’s a massive outbreak you won’t want to do anything to prevent loss of life either. 

God the right is stupid",-1,anger
5332,We would the left want another pandemic when trump didn’t want to help Americans in the first place and said it wasn’t real,-1,anger
5333,"Lol ok man i agree this is a truly unpopular opinion, but that's because it's truly half-baked nonsense.",-1,disgust
5334,Tell me you don’t know what a pandemic is without telling me you don’t know what a pandemic is…,-1,anger
5335,"I’ve honestly mostly seen freak outs from the right, about how “they” are planning to dupe us all with the next lockdown and violate us in a multitude of ways with an outbreak of {insert virus here}. 

Other than the avian flu, (RSV is pretty fucking bad for kids especially though) which could potentially be a big fucking deal if it mutates, it’s mostly just the media reporting on outbreaks of common winter viruses so people can you know, wash their hands more often or take a bunch of Vitamin C or avoid little kids like the plague, take whatever their preferred prevention method is, like they have reported on for decades lol. 

I swear if the right wasn’t shitting their pants about some regular, run of the mill thing every two seconds I’d think the world had ended. 

It’s also peak entitled, self centered American to say that some of those things are no cause for concern for anyone “with a functioning immune system”. A lot of those viruses fuck people up and even kill a large number of people every single year, we just don’t hear about it as much as newer developments. 

Also guessing that you don’t have kids, because if you’ve ever had a kid who caught the Norovirus and has it rocketing out of both ends for 48 hours, you’d be watching for any sign of that shit coming around again, trust me.",-1,anger
5336,"I think this is overblown paranoia. No one “wants” a pandemic; they’re catastrophic events. The media reports on public health risks to raise awareness and save lives. Viruses like RSV or bird flu aren’t framed as existential crises but as reminders to stay informed. Vaccines and basic precautions are about protecting vulnerable populations, not fear-mongering. A functioning immune system isn’t bulletproof, and public health measures are about collective responsibility—not some media conspiracy.",1,relief
5337,"You are describing the news cycle. That's not THE LEFT discussing trends, risks and measures to be taken. That's doctors, thats their job. Some are taking their research and notices and trying to sell newspapers with it.",0,unemotional
5338,"as someone who considers himself pretty leftist, i am NOT hoping for another pandemic.",1,relief
5339,"If we did have another, particularly in the first 12-18 months of Trump taking office, do you think Evangelicals wimould associate it as a curse from God for picking suck a morally bankrupt character?
Yeah, me neither.
That's why they are hard to take seriously, because if it were a (D) in office, they'd be screaming about it.
And that's why I can't take them seriously",-1,disgust
5340,The last pandemic was in 2020 and before that was swine flu in 2009 which caused at least schools to not operate,0,unemotional
5341,You should Jenner Furst’s new doc - Thank you Dr Fauci,1,enthusiasm
5342,"we're going to see more and more pandemics now as the world is both more globalized and the temperature rises, they are going to become more common anyway

there's a pretty big difference between a seasonal rhinovirus and a disease with 50% lethality like the bird flu that is spreading in animals right now

all right wingers really care about are the lockdowns, you just don't want to lose access to your treats again",-1,fear
5343,Bull Shit.  The left doesn’t want another pandemic.,-1,anger
5344,The only people I see keeping the pandemic alive are people who think COVID was fake and that the vaccine is a bio weapon. No one fucking cares.,-1,anger
5345,"The Left would argue, ""Yes, in hindsight, we went way, way too far with our shelter-in-place, shut down the economy bullshit that caused so much unnecessary misery HOWEVER, *our hearts were in the right place* and we were doing our best *with the information we had at that time* and, no not sorry for trying to save lives""",1,sympathy
5346,Especially if they can pin it on the opposition,-1,disgust
5347,Never let a good crisis go to waste.,0,unemotional
5348,"Yeah the whole point of this post is that left wing people especially seem to want a second pandemic. When I read opinions from people who aren't left wing, none of them seem to want a second pandemic, or if it happens they do not want to repeat the things that were done by the left (lockdowns, mandates etc.).",-1,anger
5349,Fruit booter! Haven't heard that since highschool.,0,joy
5350,"Can’t trust any especially the wood pushers and fruit booters. Shifty, shady SOBs",-1,disgust
5351,"When they say 'public health risk' they mean the active risk *right now*, meaning its not actively widely spreading and people shouldnt need to be taking precautions. 

The fear with bird flu is that it will mutate for more transmissibility among humans eventually, which could trigger a pandemic. That is not just fearmongering. There is not an epidemiologist in the world right now which is not sounding alarms about the *massively* increased risk of a bird flu pandemic in the last 2 years.",0,unemotional
5352,"Also sometimes they'll add a paywall which drives people away from reading the article even more, but the title is always visible no matter what",0,unemotional
5353,Take a look here on reddit - several subs dedicated to worshipping pandemics and even normal subs being dominated by pro pandemic weirdos.,-1,disgust
5354,And one side falls for it because they actually WANT it.,-1,anger
5355,"> Can we cut the left vs. right bullshit and get together against corporations, please?

You're almost there. Something happened in 2008 that they don't ever want to reoccur, hence racial, gender and political tribalism. Anything to keep the unwashed masses from discussing the economic classes.",1,enthusiasm
5356,The swine flu was a pandemic? I remember in 2009 my gf got that and I brought her food on my lunch break and she told me she had it. I was like “damn that’s crazy I hope you’re okay” then she invited me in to fuck and just told me not to kiss her so I wouldn’t get it. I was dumb enough at the time to not realize that’s not how things work. We fucked for like 45 minutes and I was late to work. I was perfectly fine.,-1,disgust
5357,Swine flue was joy a pandemic by any stretch of the imagination. You do know what a pandemic is? Describe how 2008 fit that definition.,1,joy
5358,Fox pushes a different type of fear and i agree with you they are all owned by billionaires but the mainstream media minus fox is generally a DNC propaganda machine.,0,unemotional
5359,Are you worried about a world ending meteor strike? How about a supervolcano explosion? Your plane crashing?,-1,disgust
5360,"And i will add, the “antivax, covid was a hoax” idiots are just as dangerous as the “every sniffle is the next covid” idiots.",-1,disgust
5361,"Not everyone who thinks the left are a bunch of covid worshippers is antivax or thinks covid was a hoax. Dems consistently overestimated the risk:

https://www.allsides.com/blog/partisan-divide-among-republicans-democrats-about-covid-risks",0,relief
5362,They hate big pharma and yet they love those drugs.,-1,disgust
5363,And yet they just won the presidency and both chambers of congress because of the horrible failed policies of the past four years. The cries of “racism” are meaningless anymore since even math is racist according to the left.,-1,anger
5364,Did you forget the /s? The right is not racist. Repeating it over and over does not make it true.,-1,disgust
5365,Why are you so sure that a pandemic is coming near term? Sounds like you are the one who fell for the propaganda. Explain how we went a hundred years between pandemics.,-1,disgust
5366,Not at all. Not everyone is a covidiot or a denier. There are rational people in the middle ground.,-1,sad
5367,Are you claiming that twice as many republicans died because they didnt wear masks?,-1,disgust
5368,"No, you see, what *actually* happened was, Faucci *engineered* Covid to *target* conservatives somehow, and the dems who died were just collateral damage.

Yeah... That's the ticket.",-1,surprise
5369,What did you do?  Take a survey before they died?,-1,disgust
5370,You think that was a good thing? Look at the increase in suicides and drug overdoses during that time and we are still reeling from the economic impact.,0,unemotional
5371,"And look who was the easiest to manipulate:

https://www.allsides.com/blog/partisan-divide-among-republicans-democrats-about-covid-risks",-1,anger
5372,You guys are crazy,-1,anger
5373,Hahahaha,-1,anger
5374,And it let them stay home and undermine capitalism. They are all mad because they are being forced into the office and another pandemic would put a stop to that.,-1,disgust
5375,You actually think ebola was a pandemic? Kool aid.,-1,disgust
5376,You must have really enjoyed Cuomo packing those old folks homes to amp up the mortality statistics then.,-1,disgust
5377,You can do that all you want. Everyone doing it at the same time is a disaster.,-1,sympathy
5378,Fewer than died under Biden - where was his magic wand?,-1,anger
5379,huh??? The media wants people to die?!?,-1,disgust
5380,TDS,-1,disgust
5381,"I have kids and I have had norovirus - yes, it’s unpleasant but bot the end of the world. I also had covid even though i was vaccinated. Not the worst cold I have ever had.",-1,anger
5382,50% lethality🤣🤣🤣🤣,-1,disgust
5383,Or make huge profits for special interests,-1,disgust
5384,"Speaking from the left (not democrat, actual left), we don’t want another pandemic with people dying and hospitals overwhelmed and people losing their homes and businesses etc. What we want is money in our pockets, more breaks, less long hours; stuff that the ruling class needs a pandemic to consider. The left are not the ruling class, but we are sarcastic sometimes so, “praying for another pandemic” or whatever just means all those things I said but without all the death and overwork and suffering.",1,relief
5385,What is a fruit booter?,0,unemotional
5386,Uh huh. I think we found one who is just itching for a return to mask and vax mandates.,-1,anger
5387,There’s also horse porn on Reddit. Does that mean they are mainstream views?,-1,disgust
5388,"Show me a link. I haven't seen it on Reddit. Also, Reddit is not mainstream left. If it takes a niche specialty sub for you to see it on, and not mainstream left subs, then it's a minority of extremists. And we in general have given too much voice to those on the fringes.",1,sympathy
5389,Sounds like you worship right wing politicians and media.,-1,anger
5390,"Guess you weren't on 4chan during the big ebola scare.  They were worshiping Ebola-chan, making shrines and doing blood rituals to give her strength.  They were fantasizing and making plans about how they'd spread it as much as possible.

Reddit pandemic stuff pales in comparison.",-1,disgust
5391,Dude as someone who is very “left” I don’t want a pandemic. Covid stole most of 30’s from me I don’t want to be locked down for the little bit I have left before 40. ,1,sad
5392,"Why do you seem to think that just because a few leftists (who may not even be leftists) want another pandemic, that all leftists therefore must want another pandemic?",1,sympathy
5393,"No thanks, I like staying alive. I like most of my relatives alive. Literally no one of even slight sound mind wants another pandemic.",1,fear
5394,Depraved nonsense ^ 🤣,-1,disgust
5395,"This is a zany notion. And it's zany that you seem to believe it. Nobody _wants_ a pandemic. 

You've strawmanned yourself.",1,surprise
5396,"Oh, well then obviously swine flu wasn't a problem at all, based on your anecdote.",-1,joy
5397,Yeah they were vaccinating kids in school for it. I remember being pulled out of class 3 times for vaccination. Couldn't get the nasal spray because I had asthma.,1,sympathy
5398,And I know people who died from it...so...just cause it was harmless to her doesn;t mean it was harmless to everyone.,-1,sad