text,actual,predicted
"Bird flus right at 50%, i am terrified of when that makes its first human to human transmission, since it's contagious as hell.",fear,unemotional
Links or the OP is slander.,anger,unemotional
Bhikari wale joke ko sarcasm nhi bolte,anger,unemotional
Does mask help as well?,unemotional,anger
"Сам и вали, воен",unemotional,unemotional
Russia you are allowed to take down civilian airliners if you stop with the war,anger,unemotional
Bro your sense of humour is just too good😭💀🤣,happy,fear
It's a joke probably to get Jack's attention,anger,unemotional
La mayoría de los casos son leves,unemotional,unemotional
Fuck nazi twitter,anger,unemotional
Bhai me to pb me fail tha,sad,fear
y eso?,unemotional,unemotional
Ramdev running made me laugh.,happy,unemotional
FFS Greenland ruining again another Plaque INC run,fear,anger
"Pues en internet la noticia es nueva pero parece real...

[Fuente de información ](https://www.nmas.com.mx/salud/que-es-virus-hmpv-china-sintomas-enfermedad-respiratoria-ataca-ninos-menores-5-anos/)",unemotional,unemotional
"Bhai Hmpv maa chod dega agar lockdown lag gya sbke mental health already fuki hui hai, ghar mei bethna parega beyond repair damage hogi. Financially to pucho mat, indian economy ke lawde lag jayenge. Agar lockdown sachme serious raha to. Sala ye virus lora lassan ka dukh khatam kyu nahi hota 😭",fear,anger
[deleted],unemotional,unemotional
So we're going back to WFH ?,disgust,fear
What the F is going on with China and viruses.  The place is a cesspool.,unemotional,anger
"https://preview.redd.it/4kapz7lnkbbe1.jpeg?width=720&format=pjpg&auto=webp&s=b40650da4866a4104a226174b7646e098bfbb0b5

Probably because china is facing excessive cases",anger,anger
Ya saquen a China del server nmms,anger,anger
Thanks for sharing,joy,unemotional
abee bhaaii![img](emote|t5_311ttu|49427)srry  dost hai be wooh,anger,unemotional
How much tickets to Greenland or Madagascar?,unemotional,unemotional
Uh huh. I think we found one who is just itching for a return to mask and vax mandates.,anger,unemotional
Which state bro?,unemotional,unemotional
Kuch sahi nahi h bhai humare bhi lawde hi lage huye h,sadness,unemotional
Obvio,unemotional,unemotional
"Pvtos Chinos, vuelen ese país laptm.",anger,anger
Hope it reach to india soon!,enthusiasm,fear
"Why should we be afraid? It's a common cold and even experts say not to bother worrying about it. Its effects are known to mostly be mild.

Covid was borderline worth the lockdowns it caused; it really was quite lethal in people of poor health and the elderly, and also seemed to randomly be more deadly in healthy people. With that said, I think many people agree now that we may have gone abit far after not reacting quickly enough to quell it before it really got going.

The media is just causing panic, again, for clicks. It's highly unethical and should be against journalistic integrity. But, I guess that integrity went out the window when 24/7 media became a thing.",unemotional,anger
here we go again,enthusiasm,unemotional
![gif](giphy|uCR9NUDcI5SRCP9k4i|downsized),unemotional,unemotional
Debating vaccines and a climate skeptics subreddit? You really are the human equivalent of a participation trophy,disgust,unemotional
Cake,unemotional,unemotional
This happen with the last pandemic too,unemotional,unemotional
stop eating authentic shit!,disgust,anger
"Not OP, but can I ask a related question? My son is 3.5yo and has asthma. He usually sits about 98% when healthy and not having an asthma flare. When he's sick, without an active asthma attack he generally ranges 94% but has dropped as low as 87%. We've been told to take him to the emergency room when he drops to 89% or lower... but is it safe for him to be 90-93% staying home in bed whenever he's sick? Because as of right now, that's currently what's happening.",surprise,unemotional
"jbse lockdown hata hai (2022 march) , har 6th mahine naye lockdown ki khabar aati hai, kbhi koi naya strain,kbhi koi naya virus,kbhi monkeypox

aadat hogyi h ab, dw guys ye bhi fake hogi",anger,fear
"Cool bonus: unlike COVID which flummoxed us by its transmission methods, we know that flu is transmitted by spittle droplets.  Basic masks work for flu.",joy,unemotional
Bombardeen Perú,unemotional,unemotional
"I'm well aware of what a vaccine is and does and I agree if the vaccine is properly tested it does wonders for the population. I have a problem with an experimental vaccine never tested being forced into the population with threats of losing your job. I have known many people who got vaccinated and had serious adverse effects and they regretted getting it. Label me if you want. If they would have followed the traditional route of testing the vaccine much like the flu or polio, I would agree, but they didn't.",anger,anger
"

>While the virus affects all ages it’s more serious in ages under 5 and over 65, or those with a weak immune system.

Soo, nearly every serious virus/sickness ever...",fear,unemotional
To whom you are giving thing message? To each Indian or to only Gujarati people ? At least use Hindi or English so that people can get you message. Local language is only for your surroundings. Hope you get it. Thank You.,sympathy,unemotional
Have you considered putting an end to your worthless life? Because you really should.,unemotional,unemotional
Bhai 2-2 baar reply kioo diaa,anger,unemotional
Mera geo se pichle din band hua tha Saturday tha 6th ka,relief,anger
The bird flu going around while conservative influencers are pushing raw milk however…,anger,anger
8 month old? huh,fear,unemotional
He will douse the box in vodka,disgust,unemotional
"Wait,is that Matt Gaetz?",surprise,unemotional
"The virus that has been around since the early 2000's: *exists and increases during cold and flu season as it always does*
Media: ""NEW HORRIBLE VIRUS ON THE RISE""",anger,anger
"Уже похуй максимально. Сдохну, так сдохну. А если нет, то и беспокоиться не о чем.",relief,unemotional
https://preview.redd.it/er1g9mk4l8ce1.png?width=1280&format=png&auto=webp&s=543c391930efb231153d16baed154e1cb9786052,unemotional,unemotional
Translation daalo bhau 😂,unemotional,fear
"Bro what.... this virus has been identified in 2001. Its not a new virus at all. Perhaps there was the first significant number of infections more recently, but we're all pretending this is something new that doctors have never seen before like covid",unemotional,unemotional
Pump season begins,anger,unemotional
"Those who are praying ki virus ajaye they literally are kids 
They don't know how fatal it can be.. 
How your family gets broken!! 
The feeling of helplessnesss... 
The feeling of corruption!!!! 
The constant worrying ki inhe bhi na khodu kahi... 
Fuk offffffffff, I'm telling you kids... 
You don't know how bad it can hurt you... 
I'm still recovering my family too the scar and void is too big... 

Lastly dukh unhe nahi hota jo chale jaate hain dukh unhe hota hain jo reh jaate hain",unemotional,anger
"^[Sokka-Haiku](https://www.reddit.com/r/SokkaHaikuBot/comments/15kyv9r/what_is_a_sokka_haiku/) ^by ^Agngp:

*Current market is*

*News driven rather than stock's*

*Fundamental driven*

---
^Remember ^that ^one ^time ^Sokka ^accidentally ^used ^an ^extra ^syllable ^in ^that ^Haiku ^Battle ^in ^Ba ^Sing ^Se? ^That ^was ^a ^Sokka ^Haiku ^and ^you ^just ^made ^one.",unemotional,anger
Me when I see a beaver,unemotional,unemotional
"Conveniently as Trumps about to take over. 2 terms, 2 global pandemics? Been seeing a lot of ""Trump stimulus"" ads pop up. We will see...",anger,unemotional
"Nobody ever said it was 100% but again you just proved that they work by not allowing the particles to freely go into the air.

And of course the font cover their mouth with their hands, the mask protects most of the particles and they need their hands sanitary. I don't know what your problem with masks is, it's literally not a hard concept. Since when did being dumb as fuck become essentially a fashion statement on America?",sympathy,anger
"Our media is no better, but my comment wasn’t about them 😅",surprise,anger
"Tal cual, hasta me atrevo a decir que están probando armas biológicas y como no se puede meter nadie a China a investigar eso son libres de hacer lo que quieran los come perros.",unemotional,unemotional
I have stayed home before,relief,unemotional
"Panica e cea similara Covid, unde oamenii puteau fi asimptomatici, dar s-a inchis toata societatea. Si mai apoi a disparut brusc si au reaparut racelile comune. 

Deci nu vorbim de riscul obiectiv ci de cel proiectat de catre mass-media.",anger,unemotional
"Again, this isn’t a novel virus.",surprise,unemotional
Someone playing Plague.Inc irl,sympathy,unemotional
I Just did.,anger,unemotional
"[https://www.moneycontrol.com/news/business/markets/diis-net-buy-shares-worth-rs-5-750-crore-fiis-net-sell-rs-2-575-crore-shares-12904465.html](https://www.moneycontrol.com/news/business/markets/diis-net-buy-shares-worth-rs-5-750-crore-fiis-net-sell-rs-2-575-crore-shares-12904465.html) 

lo bhai data is here looks like retail investors sold the fuck out of market today.",disgust,unemotional
"Please, it's bird flu we have to worry about now, not HMPV.",fear,unemotional
Me parece muy bien que se lleva a todos los putos del gobiern0 y los putos lacras. Ya Era hora,unemotional,unemotional
"Are you saying you trust the crazies *more* than the “medical consensus” derived from several professionals with more education, experience, and knowledge than the crazies and most of the …(idk “sanes”?) out there?",disgust,anger
"Bc mera abhi jee ke baad college start hona hai mujhe koi bakchodi nahi chahiye, bc fresher year ruin karenge😭",sad,unemotional
"Next lockdown in 2030 starts: Being lockdown with GTA 6, Damn.",fear,fear
"Keep dreaming, they will drag our corpse to the office if it means that they get to keep the tax benefits.",anger,anger
What good is being afraid going to do? Might as well make a meme.,relief,fear
They hate big pharma and yet they love those drugs.,disgust,unemotional
Hai cu lockdownu.,disgust,unemotional
[removed],surprise,unemotional
1st any day. Especially joh corona ne fuck up ki thi mere school life ko. Not going thru that again. College nahi barbaad karni,unemotional,anger
I sold all,fear,unemotional
"Tbh I think I got this and had a hell a weekend with that shortness of breath , cough lungs out and fever for 3days like never happened to me till date I am 23 years old and this much bad flue Never happened but this time it was different like a serious problem and ran test for viral and came +ve also normal medicine didn't work for me even doc was shocked but some came through hell .
Btw I am indian and I have seen similar cases here like me so yeah 😉 new year was fun in bed with medicines.",unemotional,anger
Two weeks? We were literally suffering for 2 years,sad,unemotional
lund,unemotional,unemotional
"El sars era conocido, coronavirus hubieron toda la vida. Metaneumovirus hay ahora mismo en uruguay tmb. Lo que cambia son las sepas.",fear,unemotional
![gif](giphy|6ILjOfJ1oL7NAc9SQ7),unemotional,unemotional
"Y como van los créditos sociales amigo? Nuestro lord todo poderoso ya te dio tu paga? (Es broma, por si acaso, siento que sueño grosero)",happy,anger
"Yes please no pandemic, I need to socialize and meet a girl. We cant do this again. We can’t do 2020 round 2.",sad,anger
https://preview.redd.it/3s7b62yinqae1.jpeg?width=1080&format=pjpg&auto=webp&s=6e94ee0d893b28144535f1ab545e1885852b43d6,unemotional,unemotional
Legends waiting for ww3,unemotional,unemotional
"https://www.who.int/emergencies/disease-outbreak-news/item/2025-DON550

WHO is also Godi media?",unemotional,unemotional
![gif](giphy|40dEau6bZRO3S),unemotional,unemotional
"I'm waiting for epic protest against HMPV by Ramdas Athavale ""HMPV GO, GO HMPV....""",unemotional,unemotional
"Надеюсь, в этом раз мы добрались до чего-нибудь поинтереснее, по типу некроа (зомби) или сумеречной чумы (вампиры). ☝️",relief,unemotional
SSRO ko bol kar research karwau kya ![img](emote|t5_311ttu|32180),disgust,unemotional
Why be afraid when you can embrace the sweet release of death?,sad,anger
"que sobreviva quien tenga que sobrevivir.

![gif](giphy|zfRG5WaSnBPd6|downsized)",fear,fear
Season 2?,sympathy,unemotional
Upvote this. Downvote the post. Misinformation or at least dramatizing unnecessarily needs to stop.,enthusiasm,unemotional
Depraved nonsense ^ 🤣,disgust,unemotional
"Just in time for FelonPOTUS to create a new pandemic.

What's old is new again.",relief,unemotional
Can we get zombies this time 🥹,enthusiasm,unemotional
Pendejadas.,anger,unemotional
Koi china jaake yaha leke aao is virus ko jldi![img](emote|t5_311ttu|49427),anger,anger
Wait what the fuck is the HMPV VIRUS,happy,fear
Let me guess...this virus came from a dragon that bit/had sex with a monkey. Why do these things happen every four years....I wonder.,sadness,anger
We have to start calling it Rare-sense now instead of Common 😭,sad,unemotional
"Yep, cold is a symptom, not the disease itself.",unemotional,unemotional
"Thank you for your efforts in posting, no need to read any further!",sympathy,fear
"Prople here saying chill. Plz dont. Wear masks and take care of your parents 

Its an emergency state in china and malaysia. Its no joke. Even if its existed for decades, its causing an outbreak today. 

WHO has been asked to monitor china. Even they are taking this seriously. We should too.",anger,unemotional
"reporteros desindormadores rezando todos los días para que llegue una pandemia que nos mate a todos y nos haga sufrir un infierno

![gif](giphy|26uf9MHun4UNCYvle)",sad,unemotional
PB mtlb?,unemotional,unemotional
Hope we get WFH again 😁,unemotional,anger
saale Agle saal 15 din mei 99%ile wali post kab aa rahi hai teri ![img](emote|t5_311ttu|30168),relief,anger
Lenovo LOQ is a good choice if you're budget minded. I have it no regrets. Better than the Acer Nitro I used to have.,enthusiasm,anger
Jokes on you. I hope HMPV mujhe ho jaye aur me tapak jau.,sad,unemotional
"I mean yeah, it's the internet of course we'll make memes.

And NGL even if the virus spread around it ain't reaching covid levels, people and companies and governments are significantly more used to dealing with lockdowns.",unemotional,anger
GOD MADE,happy,unemotional
There's a comment where I have linked a video that I posted on twitter which is same thing in english.,joy,unemotional
"Los chinos ya la cagaron 3 veces en menos de 5 años (covid 19, la represa que desaceleró la rotación de la tierra y el aerogenerador mas grande del mundo que modificó las corrientes de aire) y ahora salen con esto?? 

Creo que ya estaríamos de cagadas chinas por este siglo",joy,unemotional
Crazy another pandemic already,sad,unemotional
"Easy now, killer.  Don’t tell me to not to get worked up, because I’m not, and then turn around and drop some high school level insults.  They don’t work on adults.",annger,anger
"""They're eating the frogs""",joy,unemotional
"is this real ?

![gif](giphy|eFxpuiAuG4nrPNCPEM)",surprise,unemotional
[deleted],unemotional,unemotional
"What’s funny is it’s reported 3 cases in India now but they say no need to worry. While the virus affects all ages it’s more serious in ages under 5 and over 65, or those with a weak immune system. Gee, where have I heard that before?",fear,unemotional
VIRUSES FROM CHINA ALSO HAVE A HALVING CYCLE OF 4 YEAR LIKE BITCOIN,anger,unemotional
https://preview.redd.it/wuz8cfqcf9ce1.jpeg?width=1170&format=pjpg&auto=webp&s=40f2c870f40119118e97735e366b8ad55d6af7a5,unemotional,unemotional
"And i will add, the “antivax, covid was a hoax” idiots are just as dangerous as the “every sniffle is the next covid” idiots.",disgust,anger
"Ayee khuda please, ek aisa plague de do, jisse koi na mareh, koi harm na ho, par exams pospone ho jaye.... 3-4 months k liye",sympathy,unemotional
Otro aislamiento wujuui 🥳🥳🥳,enthusiasm,unemotional
WTF from 2020 is back in 2025 yuhuuuu,joy,anger
Pues ahorita no hay ningún medio confiable que haya dado la noticia,unemotional,unemotional
Ab hoga Academic comeback in this new Lockdown season,joy,anger
Imss del bienestar...... esos que recetan detentes y ponen vacunas falsas,disgust,unemotional
Politicians love a crisis. The left and the right. Communists and fascists. Wood pushers and fruit booters. They all love a good crisis.,disgust,disgust
"90% gonna be harder, but with great revision and prep you can get it.

80% is much easier though.

Boards ask Basic questions from ncert. With enough Basic concept practice in physics you could do most of the questions (somehow people were saying last year that physics was tough, even though it was still pretty easy)

I did aakash tho and practiced their modules, so maybe I'm a bit biased towards board being easy, idk.",enthusiasm,anger
FB told me so LOL,joy,unemotional
??,unemotional,unemotional
"Dip dip dippity dip, I said a dip dip dippity dip!",anger,unemotional
Fuck man,anger,unemotional
So you’re telling me I ingested someone else’s mouth spittle without realising it? Just coming round from flu after having it since the week before Christmas. I had it last year too except it was flu b not flu a. I got all my vaccinations and it still knocked me down. I’d hate to see what it would be like without taking a vaccine.,anger,anger
Mi compa el menos conspiranoico.,unemotional,fear
"Hi /u/Substantial-Coat-529. We are removing this post due to the following reason:

- Less than 200 combined karma

*I am a bot, and this action was performed automatically. Please [contact the moderators of this subreddit](/message/compose/?to=/r/ChikaPH) if you have any questions or concerns.*",enthusiasm,unemotional
"I've been to Monroe. It's sole claim to fame is you're slightly less likely to get stabbed in Monroe, than you are in Shreveport.",fear,anger
100%,unemotional,unemotional
Что это блять,fear,unemotional
every virus comes and goes untill it doesnt and becomes next covid,sympathy,unemotional
"We raise our wind in the open, none of those enclosed factory things.",unemotional,unemotional
"Hey, my symptoms are similar to you.. do you also have chest/back ache at times? I have been facing since last 2 days",anger,unemotional
"I wish the media people had some brains and did their research before printing those headlines.


HMPV is NOT a new virus. There are HMPV patients in India every year. There is a new strain in China apparently which is causing Havoc. But china being china, is not giving more information on this. So let's wait for the virus to reach some other country where the genome sequence can be identified.


Please leave those kids alone. Don't quarantine/isolate them for god's sake.",anger,unemotional
"It's common slang for ""fixing to""",surprise,unemotional
I gotta respect this,joy,unemotional
"Eso es muy cierto, pasa hasta acá en reddit",unemotional,unemotional
Un resfriado colombiano y mata todo bicho existente,anger,unemotional
"A tenhle virus taky není nějaká novinka. Ale zase na druhou stranu covid vytvořil (a vytváří) velkou populaci s oslabenou imunitou, takže i věci, co by před covidem byly lokální nezajímavá záležitost teď mají potenciál udělat pěknou paseku.",fear,unemotional
"Que mal, bueno a descubrir si también soy asintomático a esto, ya me la pelo el COVID y sus variaciones, la influenza, y otras virales",unemotional,unemotional
[removed],joy,unemotional
And that’s how journalism died,unemotional,unemotional
Vai bc har agle do mahine me news aati thi fir chali jati thi ain't gonna believe shit until real lockdown hits in the whole country,fear,anger
Why panic bocz government not care of general life every country government know if so many cases then health care sector will collapse if that then general public will panic and whole economy will go down .,unemotional,unemotional
"So.....same day, same places?


After CNY? :)",surprise,unemotional
Xq experimentam con enfermedades,unemotional,unemotional
Jo log padhai krte hi online h unhe kya problem lol,sympathy,unemotional
No...se van a meter lonque el gobierno les  diga... primero los asustan y despues se inyectan. 🐑,anger,unemotional
"I remember reading articles about Swine Flu, Ebola, and Zika

And then nothing happened",sympathy,unemotional
[deleted],unemotional,unemotional
virus is a propoganda just to make quick bucks. just a stunt by pharma companies to increase revenue.,sympathy,unemotional
They are trying to potrait it like covid 2.0 they want that sweet sweet trp,unemotional,unemotional
But this time it’s with the side of WW3 in eastern Europe/middle east,unemotional,unemotional
haan and hell naw i dont want that i got only 300 rn,fear,fear
"https://preview.redd.it/m6ff2n8kxbbe1.jpeg?width=640&format=pjpg&auto=webp&s=72ef601e785bf50593aa8e63ae8ec68626bb2f34

saar wants you to WFH for 140 hours 😁",disgust,unemotional
">dw guys ye bhi fake hogi

Saare major newspapers ne report ki hai.",disgust,unemotional
Somehow the crypto market doesn't give a fuck about the virus.,anger,unemotional
mere wale se itna zor awaaz aata tha ki online class me bachche complain krte the ki iske mic se awaaz aa rhi hai ![img](emote|t5_311ttu|49466). aur wo laptop 90 degree se zyada khol do to screen glitch ho jata tha,joy,unemotional
"https://preview.redd.it/dq4dd680azae1.png?width=640&format=png&auto=webp&s=8e0c97a3cace0b7359407febab83fbe69f193115

 hey can this be brought to india within 20 days? asking for a friend",unemotional,fear
Agreed. 100% accurate. If a child is desating off of supplemental O2 or in resp distress before discharge then you'd be correct. But either I didn't read and reread the OPs information wrong or others didn't pay attention to what I wrote or possibly got triggered because anything against AMA certainly carries an emotional charge for us as physicians.,sympathy,unemotional
"I bought calls today, I'm sure what's gonna happen next.",joy,unemotional
"es falso, y duden de los medios mierdas que utilizan esto como información para atraer a gente sin criterio , es un virus viejo",unemotional,unemotional
![gif](giphy|VLN3op6YBcFVD0fQWD|downsized),unemotional,unemotional
"just bought tata power shares, ofcourse long term💀",sympathy,unemotional
![img](emote|t5_311ttu|32193)accha jaa rha,sadness,unemotional
VIT se hoon bhai sheru wale 🥲,sympathy,unemotional
"Sálganse todos del planeta, quiero estar solo",unemotional,unemotional
[deleted],unemotional,unemotional
"Abeey yaaar, abhi toh recover ho raha tha. 

Phir GIRR GAYA😭",unemotional,unemotional
"Pos nada, otro evento histórico a la lista, ¡a darleeeeeeee!",unemotional,unemotional
Haha that one really got around. That poor guy.,joy,anger
not confirmed by any credible news outlet so don’t panic over this,sympathy,unemotional
Putos chinos se sacan enfermedades nuevas del culo los cabrones,anger,disgust
"Looks like a repost. I've seen this image 1 time.

First Seen [Here](https://redd.it/1hv04ta) on 2025-01-06 96.88% match.

[View Search On repostsleuth.com](https://www.repostsleuth.com/search?postId=1hv4ymc&sameSub=false&filterOnlyOlder=true&memeFilter=false&filterDeadMatches=false&targetImageMatch=92&targetImageMemeMatch=97)

---

**Scope:** Reddit | **Target Percent:** 92% | **Max Age:** None | **Searched Images:** 711,404,489 | **Search Time:** 0.09191s",unemotional,fear
Please not another pandemic 🥲,sad,unemotional
Oh fuck is this a joke?!?!,surprise,unemotional
Nothing factual from those circles. Just some anecdotal stories.,fear,unemotional
This virus comes from people with doo doo breath,disgust,unemotional
"tru the fire. Malamig ang klima sa China ngayon, kaya natural talagang aaykat ang common viruses. Ang HMPV ay hindi na bagong virus, kung ikukumpara natin sa COVID-19 na ang dating pangalan nito ay ""NOVEL Corona Virus -19"". 

Kahit naman ngayon dito sa Pilipinas ay malamig ang panahon at marami ang tinatrangkaso. Let us all stay vigilant and be prepared. : D",anger,anger
"You don't really have a point tbf

The vaccine works. Just because a tiny percentage of people had a negative reaction to it does not dismiss this. Every vaccine can cause negative reactions, no matter how properly trialed it was",sympathy,unemotional
Just nod your head and walk away,sympathy,unemotional
"Date un tiro o algo, nos sale mas barato",sad,unemotional
Ay no otra vez ya no. Mejor ya llévanos Dios,sad,unemotional
"As long as the people knows na they have to wear facemask kapag may ubo sila, I think mga gantong sakit ay magiging controlled. Ang problema sa atin pag may ubo yung iba, proud sa ubo kung maka ubo as in kita ngala ngala 😅",anger,unemotional
" -  The last pandemic was over a hundred years before COVID. 


This isn't true we have had quite a few in-between that, like the 09 swine flu and a few other flu pandemics. 


 - Yet every sniffle anywhere in the world results in calls for the next pandemic, masking and lockdowns. Monkey pox, norovirus, RSV, HMPV, bird flu - every one is an existential crisis according to the media fear machine.

Yes, this is nothing new and was how these things were reported before 2020. And it is possible for these to mutate to become severe pandemics. Which is why it's important to keep our eye on them.",disgust,unemotional
Que el alien te pague la casa o cobrarle renta,happy,unemotional
Tan pendejos,anger,unemotional
Insert *we don't do that here* meme,joy,unemotional
Best of luck,surprise,unemotional
arre bhai sorry bhaii maafiii![img](emote|t5_311ttu|32193),fear,unemotional
diagnostics yes...just had a 9/11 though that piling up diagnostic and hospitals at this stage would be morally incorrect ?,unemotional,unemotional
Absolutamente !! 👏👏🙂‍↕️,unemotional,unemotional
"As long as you aren't obese and can pass a piss test. 

That's it.  That's the litmus test. 

(Yes, there's a handful of medical DQs as well)",surprise,unemotional
Pandemic my dick,anger,unemotional
"rock glorious hat society narrow straight wild zephyr shrill dazzling

 *This post was mass deleted and anonymized with [Redact](https://redact.dev/home)*",unemotional,anger
"okay but i had that last year, had never heard of it before (and tbf, that’s probably the reason it was so so horrible on me, no immunity memory) and it took me 43 days before i began to feel ANY kind of improvement. it ‘bout took me out, had to go get breathing treatments at the ER a few times. was fucking terrible!",fear,unemotional
"Oh shit, here we go again",unemotional,unemotional
"🤣🤣🤣

Where are the interviewers who asked ""where do you see yourself in 5 years"".",anger,unemotional
Bhai mai abhi train Mai betha hu Bengaluru ke liye aur ye sab suun raha hu![img](emote|t5_3mnyi|27432)![img](emote|t5_3mnyi|27423),surprise,unemotional
I was 10 bruh,unemotional,unemotional
"Osea, dices que ahora SI a la gente le va valer v*rga las normas y por ende va haber muertes y multas y caos por todos lados... Estoy de acuerdo 😬",fear,unemotional
"If it does happen tho, I'm gonna invest in hilaoing gaand on Instagram and see 5000x returns",unemotional,unemotional
"Also, most places will let you set up a payment plan. I had a friend who paid $10 month for 2 years until the bill was settled. It's horrible that finances dictate the amount of health care a person can access.  Please take the ambulance!",unemotional,unemotional
"Yeah, not happening",anger,unemotional
Covid 19 had very high mortality rate especially during the begining. This one doesnt as far as i have read in news. If something is happening behind the scenes in china then thats a different set of facts i am not aware of.,enthusiasm,anger
Getting flashbacks,fear,unemotional
I’m from the uk and my friend who I am with all day every day has it I think I do as well if this is similar to Covid I would say buckle up as it has hit the uk like a recking ball idk if I should go to school or not as i have not got the symptoms,unemotional,unemotional
"Ah, ok. I hardly ever know the members of a band",joy,unemotional
![gif](giphy|kd9BlRovbPOykLBMqX),unemotional,unemotional
NO MAMES NOOOOO!!,unemotional,unemotional
"In India, we don't do tests to confirm viruses. So even if it is spreading , we wouldn't know. Even if we know we wouldn't  declare it publicly. 
My dad was diagnosed with dengue and admitted in ICU but in the discharge summary they mentioned normal fever. 
 At least China is declaring.",fear,unemotional
[removed],unemotional,unemotional
This time Vampires instead of bats,surprise,unemotional
*Sad gastro people noises*,sad,anger
Lalago na naman ang face shield industry neto,unemotional,unemotional
Bruhh we’re cooked like a jack rabbit on a skillet in the middle of July!,fear,unemotional
"Menos si se anda gestando en China, el H1N1 nos lo quisieron atribuir y el Covid a medio mundo menos ellos.",disgust,unemotional
Por lo que leí este virus afecta a los niños y pre adolescentes,fear,unemotional
dude my social skills went down the drain during covid. this cant happen again,sad,anger
"Go ahead ignore the fact the whole b.s. show started with people collapsing in the streets in china. not flu like symptoms at all.

Also i'm not denying people died. I am questioning the cause.

If you want to continue to trust authorities that lied to you every step of the way, you go right ahead.",anger,anger
This is just a common respiratory virus with the same severity as RSV.,unemotional,unemotional
"Didn’t go to well from what I recall. However there’s some real sad injustice going on with the millions of people every year before Covid happened that died from getting a cold/flu that progressed to be worse.. and they never got their death counter on the news. Same numbers, just not news worthy i guess 🤷‍♂️",sympathy,anger
oho economical crashes,unemotional,unemotional
"Wait, people are actually selling because of hmpv?",sad,unemotional
"Why yes, diseases spreading is very racist, haven’t you heard?",unemotional,unemotional
Where are the dolphins? Can they confirm?,joy,unemotional
Этого нам бля не хватало...,unemotional,anger
In sbki maa ke bhosde me aag lag jaye 🐅![img](emote|t5_311ttu|49199),anger,unemotional
"Don't worry. This virus has been in the US and Europe for years. It's basically just any other respiratory virus. If you're not old, young, or immunocompromised, you'll be fine, which is the same with common flus and colds.

Chances are the western world has had a bunch of cases this winter and no one has tested because cases just look like regular flus or colds. This isn't that big a deal.",relief,anger
That's going to lead you to some dangerous places can I just say,fear,disgust
![img](emote|t5_311ttu|32180),enthusiasm,unemotional
"Bullshit that you may have to inconvenience yourself? maybe. It hasn't hit that point so no reason to get worked up. 

Or bullshit that you don't realize/believe 1.2 million people died from Covid? That would be fucking stupid.",anger,anger
">Last time football choota tha isbar bohut kuch chootega.

Fr bhai lockdown ke baad ek bhi tour nhi khela ( basketball khelta tha)

Pura hi choot gya",unemotional,anger
todavía no hay de que preocuparse hasta que medios más serios den información,unemotional,unemotional
Lol,fear,unemotional
[deleted],unemotional,unemotional
WE KNOW HIS NAME!,unemotional,unemotional
"HMPV isn't new, and the infection rates are increasing alongside other respiratory viruses, as you would expect to see during winter, everything is normal.",unemotional,unemotional
https://preview.redd.it/i9grpbkvbqae1.jpeg?width=493&format=pjpg&auto=webp&s=16106cd9f680004aeadea1db73fe6e7fa2ee50dd,unemotional,unemotional
"Thanks for abusing the report for Reddit resources, enjoy your ban 😑",anger,anger
"Yes, common cold, you are a joke",disgust,unemotional
China is in the middle of a cold and harsh winter so there’s obviously plenty of people getting sick at the same time and this ain’t a new virus either so don’t freak out just yet.,anger,anger
"Bhai zyada umeed mai mat rehna, NTA waale sabke gaand maarne ka plan kar raha hai iss saal....",anger,unemotional
"No, I dont want any pandemic anymore please 😭😭😭
I've had enough now",sad,fear
"So, history repeats itself.",unemotional,unemotional
I would rather give boards man my future would be fucked if they end up considering my prelim marks,fear,fear
"""COVID is God’s gift to the left."" - Jane Fonda, leftist.",disgust,unemotional
Oh no they understand. They're doing it on purpose,sympathy,fear
"Es clickbait.

Tranquilos. Si hubiera problema ya estarían otros procesos en marcha. No hay nada activado. Trabajo en un área relacionada a la salud y las cosas con el COVID fueron muy diferentes, casi de inmediato y hubo disrupciones notorias. Aunque no parezca los gobiernos y los organismos internacionales pueden reconocer el peligro de una pandemia de manera muy temprana. Este fenómeno en China no es una de de esas cosas.",unemotional,unemotional
"In 2019-20 I had my middle school final exams and due to covid they were much easier. Now I'm in my last year of highschool so I'll have the finals once again, it would be such a meme if this happened again and my exams would be easy",fear,unemotional
[deleted],unemotional,unemotional
"Ah, ok, eventual sa fi fost si prin IT, cand veneau ofertele pe banda rulanta. Bani multi, Glovo si dat la muie plebeilor care-si pierdeau bunastarea economica.",anger,unemotional
"aw fuck, is this what i've been sick with for the past few days?

feels pretty gross to get a cold that's from the other side of the globe",surprise,anger
Friend on Xbox said it gives you testicular cancer in a party yesterday,surprise,unemotional
"I'm hoping for another pandemic, i don't wanna get out, i wanna stay on my bed all day...",happy,anger
January na hi cancel hoga na hi mere se kuch hoga. Hope April cancel na ho.,unemotional,disgust
S-a dus naibii orașul de când a plecat Bolojan.,sad,unemotional
Te estás tardando…,unemotional,unemotional
",",unemotional,unemotional
"It’s basically like the Flu, found a good article for reference 

https://www.bbc.com/news/articles/c23vjg7v7k0o",unemotional,fear
"""H1N5 has entered the chat""",unemotional,unemotional
covid leke hmpv de gaye hhmmmmm,disgust,unemotional
"It looks like you shared an AMP link. These should load faster, but AMP is controversial because of [concerns over privacy and the Open Web](https://www.reddit.com/r/AmputatorBot/comments/ehrq3z/why_did_i_build_amputatorbot).

Maybe check out **the canonical page** instead: **[https://m.economictimes.com/news/international/global-trends/hmpv-virus-in-china-covid-like-scare-human-metapneumovirus-faqs-symptoms-treatment-diagnosis-and-everything-else-you-should-know/articleshow/116909996.cms](https://m.economictimes.com/news/international/global-trends/hmpv-virus-in-china-covid-like-scare-human-metapneumovirus-faqs-symptoms-treatment-diagnosis-and-everything-else-you-should-know/articleshow/116909996.cms)**

*****

 ^(I'm a bot | )[^(Why & About)](https://www.reddit.com/r/AmputatorBot/comments/ehrq3z/why_did_i_build_amputatorbot)^( | )[^(Summon: u/AmputatorBot)](https://www.reddit.com/r/AmputatorBot/comments/cchly3/you_can_now_summon_amputatorbot/)",unemotional,unemotional
Puro verso,relief,unemotional
"Opravdová důchodová reforma přichází. Kdo zůstane doma, škodí si na stáří.  
Ok, tenhle jde i na děti :/ damn",fear,unemotional
big sharks were calm today in fact DII bought tons of stock...its the retailers who got panicked. Numbers are out for today.,unemotional,anger
"OMG
FORNITE SEASON 2",unemotional,unemotional
"It really makes me sad when cost is a financial barrier to healthcare – I’m sorry to hear your daughter is sick and that the costs are already adding up

An oxygen saturation of 82% is very low, normally we want it in a young healthy child to be at least 97%, ideally higher. Hypoxemia can cause considerable damage to many parts of the body. If she needs to be on an oxygen mask (beyond even nasal prongs) to keep her oxygen levels at normal range, that’s quite serious (even if you feel your daughter currently doesn’t physically appear to look that sick). This is not something that should be managed at an urgent care centre",sad,anger
Fake News bro,disgust,unemotional
How? Show your work.,sympathy,unemotional
Iiiiiit's haaaappening 🤭,unemotional,unemotional
"Hey. Last week, I had a delightful squirrel testicle tartare topped with creamy bat caviar, and I barely got any tumors.",surprise,unemotional
"Sabia cosas

https://preview.redd.it/pyn152zgwdbe1.jpeg?width=220&format=pjpg&auto=webp&s=55419991a9b61d55ad40e6790683570b5769dfcb",unemotional,unemotional
"Well, I guess it’s either we cry or laugh about it. And many people are just choosing to laugh about it for now. I suppose deep down a lot of folks are also worried about a possible new pandemic and a sense of humor is a way to cope. Let’s just do our best to stay safe and hope for the best that it won’t spread worldwide again.",relief,anger
"brb sharted my pants (cancelling my flight to bangalore, peace)",enthusiasm,unemotional
[deleted],unemotional,unemotional
A mí también.,joy,unemotional
Can I enter your world?,unemotional,unemotional
[deleted],fear,unemotional
"> Care e panica ca nu inteleg?

Stire preluata de la bihoreanul care zice ca

> În județul Bihor a fost confirmat, miercuri, **primul caz de îmbolnăvire cu noul virus** care se răspândește masiv în China, metapneumovirusul uman HMPV, extrem de contagios, care poate determina complicații severe în special la copii, vârstnici și persoane cu sistem imunitar slăbit.

urmat apoi de

> **Virusul nu este unul nou**, dar numărul crescut de cazuri raportate în ultimele două săptămâni, mai ales la minori, provoacă îngrijorare.

Se contrazice articolul singur. GG. Jurnalism de calitate. :D",anger,anger
Humans getting closer to Zombieverse,fear,fear
I played these games before,unemotional,unemotional
es una estratejia de maketi,unemotional,unemotional
Arey inki aisi taisi bhaii kyuuuuu,anger,unemotional
This is wechat,unemotional,unemotional
Smart people are advocating for this.  The smartest people.  Ask anyone.,enthusiasm,unemotional
I mean we did that the first time too,unemotional,unemotional
Huh? What virus now?,surprise,unemotional
jimon,unemotional,unemotional
https://preview.redd.it/qznqtnckl9ce1.jpeg?width=1170&format=pjpg&auto=webp&s=dc918cdb6177d246b56fb42fb7849b1986fba454,unemotional,unemotional
https://preview.redd.it/9vd3w4sigdbe1.png?width=1080&format=pjpg&auto=webp&s=51beeb3bdb6e144569f106f996df8318218e5004,fear,unemotional
"A ver si se dejan de joder, y algun heroe global detona una nuclear en China. O cierren las fronteras, o matenlos a todos. No hacen otra cosa que desarrollar y propagar enfermedades.",unemotional,anger
"Pandemics and world wars, Reddit loves to panic about them",sympathy,fear
Subtitles bro!💀,unemotional,unemotional
Because the first case was very old and the spread is not much as per the time that has passed since then.,sympathy,unemotional
Kaun ajay,anger,unemotional
"They didn't send money over there, they send ammo and weapons from US Army stockpiles that otherwise would just have collected dust anyway. These have a pricetag on them of 60 Billion but this money is basically from the defense budgets of the past 10 years when the stuff was bought.

And since the US Army is going to continue to buy from the Military Industrial Complex regardless whether they need it or not they are probably glad that they could make some room for newly bought weapons and ammo.",unemotional,anger
Why?,relief,unemotional
Season 2 might be about avian flu mutating to spread among humans.,fear,unemotional
Es falso.,fear,unemotional
"In case yall thought we were fine because HMPV is new, prepare for the avian flu! H5N1 is the real deal babyyyy!",enthusiasm,unemotional
Coronaviruses go back to the 1960s.,unemotional,unemotional
"I also asked a few people I know who are in Beijing. Here's one of the conversation:

https://preview.redd.it/18fgvuz9sibe1.png?width=1080&format=pjpg&auto=webp&s=ad150208ba18fa8d7721e242a38f9108fd360370",unemotional,anger
1 año y 25 dias y aun te duele la cola? JAJAJAJA,anger,unemotional
Los indios se hacen los boludos pero el hongo más chiquito ahí te simula el universo de The Last Of Us.,anger,anger
Sus webos se lo dijeron supongo,unemotional,unemotional
"Came into prominence in the early 1980’s.

40 years is long enough to call an expression dated.",unemotional,unemotional
"> ITS NOT GOING TO

It ain’t gonna*",unemotional,unemotional
Padhai toh college ke last year me bhi ho jayegi par bakchodi nhi rukni chahiye ![img](emote|t5_311ttu|30180),unemotional,fear
"Державы всегда конкурируют, это непрерывный процесс. И он идет в обе стороны, а не ""одна вероломно нападает, а другая героически защищается"". 

А на территории Китая действуют подпольные службы штатов со своими лабораториями, ага. 

Чел, ты долбоеб и конспиролух, но мне даже интересно, какими аргументы у тебя еще припрятаны)",disgust,unemotional
"Ah no me preocuparía mucho todavía, yo me acuerdo cuando dijeron que había otro tipo de COVID que venía de las ratas y nada termino pasando con eso, yo esperaría hasta que termine viendo más casos en más lugares",unemotional,unemotional
Putos chinos !!! Siempre con sus mamadas,anger,unemotional
Our lord Corona has Heard us and he is coming to save us from boards 🫴,relief,anger
Otra vez...,unemotional,unemotional
ciuma bubonica a fost asa de raspandita pentru ca nu existau antibiotice,unemotional,unemotional
[removed],unemotional,unemotional
Abe yaar 10th ka exam hai.. bohot acha prepare kia hai sab kharab ho jayega bc,sad,fear
HK government is not at all the same as mainland CCP government…,unemotional,unemotional
I did not 💀,unemotional,unemotional
"**Welcome, u/Curious_Fun3519! Thank you for posting on /r/IndianMedSchool.**

* Do ensure that you have read our [**subreddit rules**](https://reddit.com/r/indianmedschool/about/rules) before posting. Any post that violates our rules will be removed immediately. Readers, if this post violates our subreddit rules - *do not engage, just report*.

* ***Reminder: this subreddit is not intended to seek medical advice of any kind. Please see a doctor in real life. We perma-ban all users who ask for medical advice.*** Please respect our community guidelines and direct your queries to practitioners of Modern Medicine in real life.

* Please follow [Reddit content policy](https://www.reddit.com/help/contentpolicy/) and [Reddiquette](https://support.reddithelp.com/hc/en-us/articles/205926439-Reddiquette) at all times. :)

* Check out our [Indian Medical School Group Chat](https://www.reddit.com/r/indianmedschool/s/VAKdzyZBn2)!

[Wiki - has study resource recs and important notices](https://www.reddit.com/r/indianmedschool/wiki/index/) **|** [Our Discord server](https://discord.gg/dgvMMCy) **|** [Modmail](https://www.reddit.com/message/compose?to=r/indianmedschool)

*I am a bot, and this action was performed automatically. Please [contact the moderators of this subreddit](/message/compose/?to=/r/indianmedschool) if you have any questions or concerns.*",unemotional,anger
![img](emote|t5_311ttu|49427)ok,fear,unemotional
Delhi seh nikal Lena chahiye shayad...( Sikkim shift ho jate hai ),fear,unemotional
"No me caería mal un año de vacaciones otra vez, total, me gusta estar en casa",joy,unemotional
Mai to apne gav chala jaunga 👍,relief,unemotional
“They’re making the damn frogs!”,surprise,disgust
"I know it's quite tempting to blame something for things that you can't control. But still it's important to realise that things just happen. Life is never a safe space for anyone. Also, the cases found in India do not have a Chinese origin. The strain in India is probably completely different from that in China. There is a lesser chance of this virus converting into a full blown pandemic...unless there aren't any severe mutations.",disgust,anger
Yeaaaaahhhhhh!!!!!,joy,unemotional
"abey harr baar kyu cool banna hai, he meant to say ""who knows""",sympathy,unemotional
"To leave and go home would definitely be against medical advice, and signing out a child in acute hypoxic respiratory failure would immediately provoke a report to child protective services.",unemotional,unemotional
Why Railway? If another pandemic hits the railway profits will die,disgust,unemotional
We don't know what is going on at the higher level but we feel that its nothing fear about as of now.,sad,fear
"Our leaders were too stupid to do anything last time, other than fuck up small businesses and print money for the wealthy.

Why should we stop life again?",anger,anger
Not bad. Not my best either,disgust,unemotional
Cant wait for season 2 to release soon,enthusiasm,anger
"Enjoy the rest of the decade, big brains",unemotional,anger
I mean its technically allowed.,surprise,unemotional
"Upvote por la referencia. No de nuevo, decía.",relief,unemotional
yea pretty sure I have this. family came back from Thailand and everyone sick since. Covid like symptoms but more severe. Been 2 weeks of suffering now with fever dreams and debilitating fatigue,anger,unemotional
Sale una noticia asi cada 3 meses,unemotional,unemotional
The only top comment you'll find on Reddit is some 13-year old trying to be smart and saying something absolutely irrelevant for the sake of it.,unemotional,anger
Опять дедушка Нургл веселится,fear,unemotional
"Ojalá haya otra pandemia, ahora tengo que jugar",disgust,disgust
I am ready to nominate myself as NON essential. I had to schlep into work every day during covid while everyone else sat home and collected 3x unemployment. Not this time Satan!,anger,anger
[deleted],unemotional,unemotional
Frog,unemotional,unemotional
"Claro. Podrías estar tranquilamente intubado y conectado a una máquina sin la cual no respirarías, disfrutando de la vida.",unemotional,unemotional
"La gente exagera, solo se deben quedar en casa los grupos vulnerables como los viejitos, los inmunosuprimidos y los marranos de cagada.",disgust,anger
Noticia falsa. Infórmense,sympathy,unemotional
"Otra vez tenían que ser chinos, vale reata. A encerrarse de nuevo.",anger,anger
Common sense is an uncommon commodity.,joy,unemotional
"Вирус убивает не какое-то число людей, а процент от популяции, то есть среди китайцев и индусов как раз и будет в точных числах больше жертв.

Я бы скорее подумал о том, что кто-то так решает проблему старения населения и переизбытка пенсионеров. Теория заговора та ещё, но пусть будет.",unemotional,unemotional
https://preview.redd.it/0dai7rdkfrae1.png?width=549&format=png&auto=webp&s=05e2b360bde7075ed70db59fdb9191f34148344b,unemtional,unemotional
Covid 1st wave was nothing compared to the second wave that came.,unemotional,unemotional
"Siento que, depende mucho de la carrera",unemotional,unemotional
so was covid,unemotional,unemotional
The only thing I'm sad about is gyms band hojaenge,surprise,unemotional
![gif](giphy|JsGyRpqwVkBRPFEOil|downsized),unemotional,unemotional
Boy who cried wolf. Response to Covid was so overblown people are either not going to take the next one seriously or are still double-masking daily.,anger,unemotional
Kung Flu part 2,disgust,unemotional
yeh kaisa govt hai virus failne ke baad measure leti hai ![img](emote|t5_311ttu|32193)exams ke samay hi lockdown laga doh na ![img](emote|t5_311ttu|52289),joy,unemotional
Taking one rn,unemotional,unemotional
That same info can be found in the articles I've read about the virus.  This shouldn't be difficult but the news got clicks and social media bullshit will do the rest.,disgust,unemotional
"Esta noticia es más Fake que un ""basado en hechos reales"" al final de una película de terror",enthusiasm,unemotional
https://unitel.bo/noticias/salud/china-declaro-emergencia-por-una-nueva-enfermedad-respiratoria-esto-es-lo-que-se-sabe-MF14550396,unemotional,unemotional
Operators leave no room for not manipulating. Even an icky reason is enough.,unemotional,unemotional
FII sold more than double on 3rd jan than what they did today. FII are not responsible for todays slide.,enthusiasm,unemotional
Finally someone speaking about this Stupid joke,anger,unemotional
Aane de aane de![img](emote|t5_311ttu|30367)![img](emote|t5_311ttu|49455),enthusiasm,unemotional
[deleted],unemotional,unemotional
"Jasně že to není optimální ale taky to není konec světa.

S kamarády můžeš pořád udržovat kontakt, my jsme začali hrát DnD online společně např. vlastně nás to sblížilo. Život si tomu prostě musíš přizpůsobit, což taky není lehký ale jde to.

A mediální ""masáž"" o tom jak všichni umřou jsem fakt nezaznamenal. Prostě jsme měli velkej problém a bylo třeba ho zvládnout. To je život. Celej život je o přízpůsobování se a zvládání problémů. Pokud se někdo posere z toho, že musel pár měsíců být doma, tak nevím jak chce zvládat real problémy.",relief,anger
"I think they're describing some sort of AI design/editing, using real images. So, AI gets given a headline, and trawls the Internet for real, freely available photos to stitch together as a thumbnail, instead of having an AI generate the whole thing from scratch.",surprise,unemotional
I would sure hope not.,fear,unemotional
amazing! i didn't even think about that- i've started cricut crafting already for a party in june and im determined to make this man cry when he walks through the doors,enthusiasm,disgust
called it the minute I saw it on the news lots of people were against me but I knew it was BS!,unemotional,unemotional
5 saal se ch*d hi raha hu bhai,unemotional,unemotional
"where poison swamp, Michael Zaki is disappointed",unemotional,anger
Are mujhe toh 1 hafte se saans lene me dikkat ho rhi....fatt rhi kahi HMPV na hojaye !!! 😐💀,fear,unemotional
Да будто кому-то не похуй на карму,fear,unemotional
"Yeah, science has been concerned about a variety of bird and swine influenzas for at least the past 20 years, and none had near the impact that Covid did.",sympathy,unemotional
"Ngl, since 2020, I feel like these things go viral more often. Like news companies know ""disease from china"" will get clicks.",anger,unemotional
https://preview.redd.it/vyw4miu2oice1.jpeg?width=640&format=pjpg&auto=webp&s=266f97f547f266eabb198e91b7f998a540b7eb53,unemotional,unemotional
"*procede a comprar un camión de roscas del costco*
*pide otro camión de papel pal fun.....*",humor,unemotional
Tech work fresher will finally get a job again,relief,fear
I thought it was just a common mispelling based on the keyboard layout that eventually people did on purpose,surprise,unemotional
We don't really want to go through another period of quarantine. 🥲,fear,fear
"I prepared well, still on 2nd side",surprise,unemotional
Both are no concern.,relief,unemotional
Itna chud gaye hai ki ab teri chudi Hui baat bhi achi lag rhi hai ![img](emote|t5_311ttu|32193),sympathy,anger
So is this real or another rumour??? Lockdown sachme lagne wala hai kya????![img](emote|t5_311ttu|30176)![img](emote|t5_311ttu|52289),surprise,unemotional
"Lmao bb save yourself and stop talking science when you don’t understand it at all. 

We are all born with certain abilities. And this is not one of yours.",anger,anger
And singing cringey songs!,disgust,unemotional
+1000 social credit XD,surprise,unemotional
"""The first known case was identified in Wuhan, China, in December 2019."" (Wall Street Journal) While yes, similar strains of the virus existed, the specific SARS-CoV-2 strain was only found in humans starting 2019. This virus has been known and well documented since 2001.",unemotional,unemotional
"Sure that's one of the strategy, although you might just run out of cash if you keep buying ""each and every dip"". Others might look at macro economic trend, growth, earning, investor sentiments and decide if they want to invest or wait it out. 

Usually the plain old blind SIP is safer for most that don't want to deal with all this and are content with lower returns for less risk.",disgust,anger
I'm waiting for sequel of go corona go,relief,unemotional
I didn't prepare well and on the first side. Damn,enthusiasm,fear
Otra vez y nuevamente con la 4Transa en el poder. Prepárense para ver morir otros 800k mexicanos.,unemotional,anger
This virus is mainly affecting only children… somewhere I feel China is coming up with interesting ways to curb their population.. funny..,anger,anger
"The issue with successful prevention is that people tend to think that it wasn't that big of a deal in the first place. 

But it wasn't as big of a deal as it could have been, because it was successfully prevented!",disgust,fear
Era suficient daca citeam doar titlul care a fost oricum jumate din stire.,disgust,unemotional
Let's be real. It's just an excuse for people to buy more toiletpaper.,unemotional,unemotional
Kon hai joh Plague Inc.khel raha hai duniya ke saath,unemotional,unemotional
Happy cake day sir,happy,unemotional
"Moje ideální pandemie je taková, proti které by existovalo očkování, ale bez něj by byla smrtnost aspoň 90 %.

  
Mimo jiné by pravděpodobně vymřeli plochozemci.",anger,unemotional
"\>Like China isn't one of if not the most racist country on earth.

Racist and fucking proud. This is not Europe mate, Chinese people aren't like the white who are getting cucked by the migrants, raping the native white people, and native white people can't do shit about it, because you know... ""YOU ARE FAR RIGHT, YOU ARE A FACISTTTTT CUH"". Lmao, it is always funny asf to me how white people aren't talking about this hard enough, when their native race is decreasing and decreasing, your countries are getting invaded by 3rd worlders without using guns and knives.

EDIT: Appears to me that I have hit some nerves. Maybe it is the white cucks or the migrants, lmao.",unemotional,anger
yes yes yes yes yes... No fucking boards,happy,unemotional
"Yeah uske ander symptoms dikhe honge , adults m maybe time le. And ye toh reported hai agge kya pta kya ho",sympathy,unemotional
what the hell when did this happen,surprise,unemotional
High effort meme ![img](emote|t5_3mnyi|9611),enthusiasm,disgust
"I've literally heard ""fixing to"" once in my life and it was in that incredibly cringe mirror speech by Paul Rudd in Wanderlust.",surprise,anger
"Yes, the virus under discussion is among those that people associate with the common cold but, hey, since when did people start believing the WHO and Newsweek (where the story appeared)?",disgust,anger
"dog flu, there you go. that'll be $59000 please.",fear,unemotional
lmao 😭🤧😭,joy,unemotional
China and the pandemic are more consistent with sequels than Valve and Gabe,unemotional,anger
"ahh the nostalgia!  
we used to mute online classes and play among us and code all day!",joy,unemotional
"Yes, Billiam.",unemotional,unemotional
This is pretty cool!,joy,unemotional
https://www.who.int/emergencies/disease-outbreak-news/item/2025-DON550,unemotional,unemotional
"la primera vez fue aceptable, ya otra vez es porque es intencional",unemotional,unemotional
![gif](giphy|6ILjOfJ1oL7NAc9SQ7),unemotional,unemotional
Chalo guyz 2029 milte hai 🫡,anger,unemotional
not a new virus,unemotional,unemotional
You guys are getting time off?,sad,unemotional
"And look who was the easiest to manipulate:

https://www.allsides.com/blog/partisan-divide-among-republicans-democrats-about-covid-risks",anger,unemotional
"The vaccine is to help train your immune system against the virus, so that your immune system will be able to act appropriately and help reduce symptoms. It also happens to help save lives against more dangerous virus like the polio. Perhaps certain people does have adverse reactions to certain vaccines (maybe allergic reactions?) but on the whole vaccines does help the general population avoid devastating illness from spreading.

I really pity ppl like you, who believe that everything the government says is bs and shouldn’t be listened. You have your way of living, others have others, no need to name others as sheep’s. I could have labeled you as a sheep to misinformation/disinformation.",relief,anger
Ok Bot,sympathy,unemotional
чего блять?,unemotional,unemotional
"#[Link to our Official Discord Server](https://discord.gg/NTpXGZVKTc)

#[Follow our Instagram Account](https://www.instagram.com/indiandankmemes_official/)

To download the video you can use one of the following sites:

#[Download link #1](https://redditsave.com/info?url=https://www.reddit.com/r/IndianDankMemes/comments/1huvtoc/meme_slander_of_hmpv_virus/)

#[Download link #2](https://saveredd.it/?url=https://www.reddit.com/r/IndianDankMemes/comments/1huvtoc/meme_slander_of_hmpv_virus/) 

#[Download link #3](https://viddit.red/?url=https://www.reddit.com/r/IndianDankMemes/comments/1huvtoc/meme_slander_of_hmpv_virus/) 

#[Link to Trim the Video](https://reddloader.com/download-post/?url=https://www.reddit.com/r/IndianDankMemes/comments/1huvtoc/meme_slander_of_hmpv_virus/&id=aafd4548)

*I am a bot, and this action was performed automatically. Please [contact the moderators of this subreddit](/message/compose/?to=/r/IndianDankMemes) if you have any questions or concerns.*",unemotional,unemotional
I dunno if I’d consider that a left wing thing and more a political media and politicians that are chomping at the bit for their next big crisis. A population in crisis is easier to manipulate.,anger,unemotional
You can do that all you want. Everyone doing it at the same time is a disaster.,sympathy,unemotional
Thanks mate love you too,joy,unemotional
we got a mcFucking plague sequel before silksong smh,fear,fear
Me padhai karu ya nahi koi bata do,sad,unemotional
"All true, but we could still lock down again for a year just to be on the safe side.",relief,unemotional
а тебе реально хотелось бы чтобы как в книге ричарда престона было?,unemotional,unemotional
😭😭🤧,sad,unemotional
Same,unemotional,unemotional
So toss the balloons and keep it like that?,unemotional,unemotional
20 din me andar india mai aa sakta hai kya? (urgently needed),anger,anger
"NFT ? Crypto ? Bitcoins ? 

Nah toilet paper is where the value will be, I assure you",enthusiasm,unemotional
"Thanks for posting to /r/GetNoted. Please remember Rule 2: **Politics only allowed at r/PoliticsNoted.** We do allow historical posts (WW2, Ancient Rome, Ottomans, etc.) Just no current politicians.
***
We are also banning posts about the ongoing Israel/Palestine conflict as well as the Iran/Israel/USA conflict. 

Please report this post if it is about current Republicans, Democrats, Presidents, Prime Ministers, Israel/Palestine or anything else related to current politics. Thanks.


*I am a bot, and this action was performed automatically. Please [contact the moderators of this subreddit](/message/compose/?to=/r/GetNoted) if you have any questions or concerns.*",unemotional,anger
"And we should just get rid of driving regulations because people die in car accidents every day to protect one small group of responsible drivers?  Gtfo with that shit man.  Once you start talking about ""acceptable"" death rates or what demographic is acceptable to be at risk you've already gone past the point of being seriously fucked up.",anger,anger
this cannot be real right,anger,unemotional
"We should all exercise caution as well as patience. A lot of problems were had due to panic during covid and several people suffered due to hoarding of masks, ppp, sanitizers, etc.


Just maintain distance from people especially those who are visibly sick and keep washing your hands from time to time. ",unemotional,anger
"Some prudence at last from someone. COVID was not a joke. Many of us lost our Indian brothers and sisters, relatives, neighbours, and family members. Pray for better days ahead. Strive to succeed. May everyone get good grades in their exams.

My father served during Covid, and I will never forget how difficult things were for us. Our entire family contracted the infection. Pray for the safety of everyone around the world.",happy,anger
Awesome idea!,enthusiasm,unemotional
They were properly tested… did you not read my link?,unemotional,unemotional
"right now it's winter season sa US, so nakalabas na ang mask mandate esp in the healthcare setting since Nov. 1 up til March 31. they have what they call the Trifecta of Respiratory illnesses which consists of the common Flu, COVID and RSV.",unemotional,unemotional
"I’m sorry I’m not from the united states of fucking “freedom”. We didn’t take it for food or whatever “benefits” there are, although I do think such incentives may be required to get ppl to even seriously consider taking the vaccine.

Btw virus mutates, much quicker than human. This old vaccines could be less effective against new strains of the virus. This why some governments suggest the population to take the booster vaccine, to protect and reinforce protection against the virus and its new variant.

Also, calm down, no need to get worked up while arguing on the internet you (probably) bald fat fuck sitting in your mothers basement while she cheats on your dad in the bedroom above you.",anger,anger
"Vuelvan a checar las noticias, muchos medios globales conocidos ya lo están cubriendo y ya salió el gobierno de India a decir que ""no hay riesgo"". Me huele a qué ya bailó Bertha",unemotional,unemotional
"The TP panic buying surely was one of the oddest responses to the pandemic.

[I posted this five years ago.](https://www.reddit.com/r/PublicFreakout/comments/fg0tdb/honestly_the_most_interesting_reaction_to_the/) Yeesh.",unemotional,fear
"Aguanten el pedo, todavía no me recupero del Covid.",sad,unemotional
"Chud gaye guru...🥲

![gif](giphy|joxThEgTJuSBO)",anger,anger
right. Thanks,unemotional,unemotional
"I mean, the remake One has Better graphics but It Will not hit the Same way as the og",enthusiasm,anger
Pre board,enthusiasm,unemotional
I guess community notes work pretty well…,unemotional,anger
![gif](giphy|eKVEcPKGWZ7Tq),unemotional,unemotional
"""My experience sucked so the millions of people saved by masks and vaccines must be liars""

Edit: ""I also joke about threatening violence to anyone who disagrees with me because I can't argue like a grown adult""",anger,anger
okay WHERE did you get the You Aged sign??? I'm planning my bfs birthday and would LOVE THIS and the estus flasks. loveeee this,enthusiasm,unemotional
"Another chinese virus, We don't want.",fear,unemotional
Lode lage hai iss college me aakar,sad,unemotional
Ковид был 5 лет назад….,sympathy,unemotional
"https://preview.redd.it/u2lqtxw0ycbe1.png?width=500&format=png&auto=webp&s=d234f646154e3b7bfe82551ac3d45f72317c03c2

????",fear,unemotional
"Congratulations, you are smarter than vast majority of humans , who should have made everyone know as much as you do . A simple circular could have done that but no, all we got is mask and isolation news",happy,anger
Absolutely wonderful! Amazing! Congratulations!!!,joy,fear
Maine abhi preparation hi kar rha hu ![img](emote|t5_311ttu|49427),fear,unemotional
"Кремлебот нам не бро, бро",unemotional,unemotional
"Except it's not just the virus. People moving funds elsewhere like US bonds and USD giving more yield. Many countries in conflict and some others seem imminent. Inflation, earnings and consumption concerns in India.  The virus is likely least of the concerns right now. India is water stressed country along with climate change adaptations expected to cost quite a bit. The only thing going for India right now is the perceived political stability from 3rd term.",anger,anger
"No thanks, I like staying alive. I like most of my relatives alive. Literally no one of even slight sound mind wants another pandemic.",fear,anger
#**E   X   P   L   A   I   N**,surprise,unemotional
"The world to China: “1 time is funny, 2 times is fucking annoying, no?”",anger,anger
Dicen que es fake,unemotional,unemotional
Váyanse a la verga. Ya no juego.,unemotional,unemotional
"No, es lo único haciéndole algo de contrapeso a los pinches USA y su gobierno asqueroso.",anger,unemotional
As someone who lives with old people (grandparents) and works with even more old people (not in age but quantity) these people won't care unless it's guaranteed to affect them.,anger,unemotional
Can tell OP didn't do his research.,disgust,unemotional
If I didn’t have a whole pharmacy at home I would probably be in the hospital tbh,relief,unemotional
Yes totally agree..correlation to covid has caused market to panic,fear,unemotional
"If I die, I die. I am not going through quarantine again",fear,unemotional
This meme needs to go Viral (like the song loll),enthusiasm,unemotional
Is this info genuine?,unemotional,unemotional
"A simple mask does help, but only if worn correctly. Chin masks and thyroid masks that are used frequently do not help.",unemotional,anger
Hmmm. A lot of people I know wears face mask na if they are sick. Hindi lang kapag may pandemic / outbreak yan.,fear,anger
That's what happens when people can't catch a break. Life's been so bad lately I wouldn't mind a virus hitting me at this point.,sympathy,anger
"Un chingo de gente murió por el COVID-19, y muchos allegados míos también.",unemotional,unemotional
Jajaja ese virus se descubrio hace mas de 20 años y es normal que en invierno haya brotes. Afecta a niños menores de 5 años generalmente. No habrá nueva pandemia.,relief,unemotional
"Since covid I'm caring like zero about global pandemics, I don't know why",unemotional,unemotional
Aisa sochne wle Preboard mai top mrte honge ![img](emote|t5_2qt79|52293)![img](emote|t5_2qt79|52293)![img](emote|t5_2qt79|52293),unemotional,fear
"Birds also don't have much in the way of hospitals and medicine. Veterinary care exists, but it is rather inadequate for entire populations when compared with human medical care.",sympathy,anger
"ikr, it's so hard, reason for my downfall is I was left alone in a room with my brain",surprise,unemotional
hmpv has existed for decades and will continue to do so for decades to come?,unemotional,unemotional
[removed],disgust,unemotional
China's five year plans are a nightmare for the whole world👀,joy,unemotional
We all forgot the covid days and lockdowns or what? Because yall forgot everything else about that time and the arguments. Use the R word on a joke and people have to defend something that never needed defending. Might be a tell after thinking about it.,unemotional,unemotional
Каждый през из США запускает в Китае свой вирус,unemotional,unemotional
I dunno man I think you're just dumb as hell.,anger,unemotional
Insert the GTA meme.,unemotional,unemotional
*Starts drinking bleach*,disgust,unemotional
you seem to imply that the vaccine's fucked your immune system up? please dont tell me an anti vaxxer exists,surprise,fear
Kyun offend ho raha hai yaar? Tu literally teens ke sub pe hai idhar bakchodi hi hoti hai re.,anger,unemotional
Anti National virus,disgust,unemotional
"I'm honestly excited for it this time, I miss quarantine sm (except for the dying, that wasn't too awesome)",joy,anger
"Duniya mein kuch ho Jaye, sabse phle g Indian markets ki fat jati hai",surprise,unemotional
"Pta madre china, no te pueden dejar solo ni unos pinches 5 años...",unemotional,anger
"As a gaming social worker, I miss covid. My job was easy. The roads were empty. Suddenly all the lost mates in MMOs and discord popped up again. I have enough games and boardgames to last me a lifetime to complete so let's go.",unemotional,anger
Back to wanking and gaming all day woo hoo !!!,happy,fear
"Time for another MAGA-Modi-Mega-Meetup?

Yayyy",unemotional,unemotional
It’s time to buy some bleach and IV lads  /s,disgust,unemotional
"here’s a study from 2007 talking about how common hmpv is in young children: [https://pmc.ncbi.nlm.nih.gov/articles/PMC1831873/](https://pmc.ncbi.nlm.nih.gov/articles/PMC1831873/)

I am not sure how dangerous this variant of virus would be, but many variants of this have been present for long time.",fear,unemotional
Wanna hit this ranch?,unemotional,unemotional
"15 din delay ho jaye saare exams competitive, bas aur kuch nahi",unemotional,unemotional
"waaah bhencho tff😭😭😭 wps lockdown lg jaega kya, wps thali bajani pdegi kyaa😭😭😭💀💀💀💀💀💀💀",anger,fear
They’re making the!”,unemotional,unemotional
https://preview.redd.it/ax87fgr4wpae1.jpeg?width=320&format=pjpg&auto=webp&s=19ebc992063febe584b8bcb8396940cc684ffa9b,unemotional,unemotional
What’s funny is shouldn’t we be way more scared of the chance that the bird flu mutates and becomes airborne?,fear,fear
PTSD,fear,unemotional
"Let me buy a Switch 2 first at least, Winnie!",joy,unemotional
"HMPV virus neni jako covid-19
Jenom muze byt nebezpecny pro velmi male deti a lidi s oslabenou immunitou",unemotional,unemotional
Ladk ka naam rk lo vro apke bhi ho jayege,unemotional,unemotional
Okay👍,happy,unemotional
"sure it may not be as infective as covid, but the mortality rate of HMPV is extremely high",unemotional,fear
":000 beautiful!! btw, where did you get the sword from in the first picture? looks cool (:",enthusiasm,unemotional
Bhopal vai,unemotional,unemotional
We are watching an origin story and character arc in the making people!,unemotional,unemotional
Fox pushes a different type of fear and i agree with you they are all owned by billionaires but the mainstream media minus fox is generally a DNC propaganda machine.,unemotional,unemotional
same i can’t do another lock down im just starting my life 😭,sad,unemotional
"Taky si rikam, ze by je byla skoda vyhodit, akorat jim bude koncit expirace a na rymicky je to skoda. 

Ale ted je prece jeste cas, je to daleko, poslem jim nase prebytky nevyuzitych respiratoru a v breznu nam pak poslou za miliardu zpatky ty jejich KN95 malirsky trychtyre proti prachu. Az ten vir ale zmutuje, do te doby pohoda jazz a vsadit na to, ze to neudela. No a kdyz zmutuje, tak uz to mame nacvicene, tvarit se zodpovedne a pritom na opatreni kaslat a v realu doufat, ze ten vir se nejak sam oslabi jako dycky.",anger,unemotional
https://preview.redd.it/m8oce0d1egbe1.jpeg?width=1440&format=pjpg&auto=webp&s=4b9a12bcde45dc82829e79c2dc4ffc512ba2c88d,unemotional,unemotional
Todos,unemotional,unemotional
"Good job Jack you allowed more of these people to create garbage,",anger,fear
"legit bas koi bhi 1-2-3 ghnte ka oneshot dekh le depending on your strength in that chapter, fir koi pyq session dekhle and khudse pause karke try karte ja, and end mei derivations dekh le uss chapter ka, 90% confirm ho jayga in physics

chemistry is even easier, questions mostly theoretical hi hai, follow same method for physical chem and some parts of organic and you are good to go",enthusiasm,unemotional
No tenemos tanta suerte,sad,unemotional
I'm a digital professional DM and a stay at home dad.... my life doesn't change all that much. I got this.,relief,anger
Mera principal,unemotional,unemotional
Yaaar yeh log Ek zombie wala kyon nahi nikalte. Mereko post apocalyptic world mein rehna ab,enthusiasm,anger
It broke out in november/december 2019 by the way. We just didn't care yet.,unemotional,unemotional
"Ooh tu to bhai 26 wala hai, ma'zrat![img](emote|t5_311ttu|49427)",fear,unemotional
"Oh no, does Biden have to declare a National Emergency? Does he then hand the reigns over to VP Harris and then we get Medicare-for-All, money to start new businesses, money to buy a first home, and money to start a new family?",surprise,unemotional
Shut up pussy,anger,unemotional
"Como que los murciélagos saben deliciosos, ¿no?. .\_\_\_.",unemotional,unemotional
![gif](giphy|kqJt1cSSN0DrwwMmY5|downsized),unemotional,unemotional
La enfermedad solo afecta niños,unemotional,unemotional
Ебатся врастся  что это за нахуй,unemotional,fear
Jee and boards delay ya cancel krwado phir alecc daddy se iski vaccine nikalwauga ![img](emote|t5_311ttu|30367)(I want my college life),unemotional,anger
"If this is true, where can I read more about it?",unemotional,unemotional
I was also thinking why news are using it as a trp bait after i read about it here few hours later its on news im like wth there not talking about specifics and claiming its the same one from china!,unemotional,anger
You guys can stay home for 2 weeks?,fear,disgust
I hope india me aaye aur kuch specific log marjaye,enthusiasm,anger
"\*\*Human Metapneumovirus (HMPV)\*\* is a common respiratory virus that causes infections similar to the flu, such as cough, fever, runny nose, and sore throat.

Currently, there has been a \*\*rise in HMPV cases in China\*\*, which has raised global health concerns

However, the Indian Council of Medical Research (ICMR) has detected only a few cases in India, and there is no unusual surge in infections. 2-3 cases in India.

Health authorities are closely monitoring the situation and have issued guidelines to manage the spread.

As for another pandemic, there is no indication of a new pandemic at this time.",unemotional,unemotional
">habiendo así verdadera posibilidad de una pandemia, aunque posiblemente solo en china

Si es solo en China, entonces no es una pandemia.",unemotional,unemotional
The worst part about cancer is ...,unemotional,unemotional
We made memes of covid,unemotional,unemotional
[deleted],unemotional,unemotional
Right side,anger,unemotional
Нехер летучих мышей жрать,unemotional,unemotional
The fucking what?,surprise,unemotional
Already Covid ki vajah se socially awkward ho chuka hu aur kya hi bura ho skta h,fear,unemotional
"Uhm... COVID was also just a ""common cold"" thats a symptom not an actual illness. The ""common cold"" as you know it is most likely the Rhinovirus.. which this isn't... Have it isnt called the Rhinovirus... Maybe you should try doing your own research",unemotional,anger
"https://preview.redd.it/v3tfo9lx6jce1.jpeg?width=1080&format=pjpg&auto=webp&s=3c71d5c216c4f7641ccef46e4bf171b55907f57e

Let's see if I survive.",unemotional,fear
Ahora que se tragaron pinches chinos cabrones? Ptm,unemotional,unemotional
"No me insulte, compa.",anger,unemotional
The HMPV? Wtf?,surprise,unemotional
That’s hilarious,unemotional,unemotional
Was it not RNA?,unemotional,unemotional
No tienen otras cosas que hacer esos pajeros? Ya fue,anger,unemotional
They already announced it is not a danger to us,unemotional,unemotional
Necesitan más vacunados. Algo traen esas vacunas.,fear,unemotional
Still trust indian agency reports?,unemotional,fear
Yes and some small caps,disgust,unemotional
"anyway we must ""be safe rather than sorry""",sad,anger
There's an english version of the video in comments,joy,unemotional
"If evolution taught us anything, this one’s gonna be worse",fear,unemotional
No me digas otra vez viene de china?,unemotional,unemotional
Fuente? De los deseos,disgust,unemotional
[deleted],enthusiasm,unemotional
You mean face shield? 😭,unemotional,unemotional
HMPV thoda difficult naam hai. COVID 3.0 rakh dete.,enthusiasm,anger
Jajaja lo que digas rey,disgust,unemotional
"I wanted to argue normally with you then I read ur username ... I thought ok still maybe a normal human

Then I saw that you play fallout 76. I don't argue with those kinds of disgusting people 🤮 /s lol",anger,anger
[deleted],unemotional,unemotional
So glad to hear she’s doing better. Sounds like her mommy is pretty strong too.,sympathy,anger
Mere school wale fir ek dusra PB aur 5k lekr sbke 90+ marks krwa denge LOLLLL,enthusiasm,unemotional
"I can fucking guarantee you never left your mom's basement, that's the reason you should shut the fuck up and maybe put lead in your lobe.",anger,anger
I wishhhh,fear,unemotional
Thats kind of true.,anger,unemotional
Yeah no idea what the hold up is ;),unemotional,unemotional
Llama,happy,unemotional
😆,unemotional,unemotional
De dioooos,unemotional,unemotional
"Falta de empatía es como sobrevives tú, eso claro lo tengo.",anger,unemotional
Looks like people want some action. Gone are the days where market hardly moved for weeks. Now a 1% percent up and down is normal.,joy,anger
"No otra vez, ya bombardeen china alv.",anger,unemotional
"Doufám, že pravdu máš tentokrát.",sympathy,unemotional
Well that's terrible news given how many troglodytes have politicized masks and refuse to wear them.,surprise,anger
[removed],relief,unemotional
Solo se contagia por fluidos corporales,unemotional,unemotional
There is not one mention of the ongoing outbreak in the article talking about viral outbreaks.,anger,unemotional
"I saw this and I’m wondering if they made their own memes, or if they (more likely) are stealing, because the irony of that would be crazy",anger,unemotional
HMPV is literally just the common cold...,unemotional,unemotional
"> fixing to

Fixin ta

Fi’in ‘da

Finna

Finally gonna and fixin to do not mean the exact same thing. 

Fixin to means you’re planning on it. Finally gonna means you’re executing on that plan. 

> I’m fixin to inhale that plate of grits when I’m done making ‘em 

Vs

> I’m finally gonna inhale these grits, now that I’m done making ‘em",sympathy,unemotional
"Ekonomicky a psychicky.
Covid vyrobil hromadu lidí s psychickými problémy a z cenového šoku se vzpamatováváme ještě teď",sad,unemotional
"Yes, and it's relevant because the specific barcode is what decides if you get sniffles or smallpox",sympathy,unemotional
"""The clinical features and severity of HMPV are similar to those of RSV""

So yes, it is a joke.",anger,unemotional
Not again,anger,unemotional
Jitna piche utna zyada competition,unemotional,unemotional
It all starts with this,sad,unemotional
"i think people also said covid was like the flu

until everyone learned flu like symptoms is in everything

the take away is if you arent feeling well call out, wear face masks, take pre cautions to keep people safe",unemotional,unemotional
Lo de la emergencia sanitaria es fake,unemotional,unemotional
El brote este es de un virus ya conocido (no nuevo como el Sars-Cov-2) y además no es una súper epidemia. Es solo un brote nomás,relief,unemotional
"https://preview.redd.it/xmzwdd79w2be1.png?width=1200&format=png&auto=webp&s=1e9ae5bd235ee79f03387203cd8ace02083615de

# yo el 1/1/2025 pidiendo que sea un gran año",surprise,unemotional
Bhai sun sahi me easy rehta hai kya boards?? Mujhe 80 90% laane hai ghar walo ke itne expectations hai and padhai me sirf maths hua hai physics chemistry dono barbaad hai ab start karunga toh ho jayega??,fear,anger
"I think it was a typo. It is incredibly unlikely that a virus like Coronavirus managed to stay inside a single city for a whole year.

The problem is either it's human transmissible or it's not. If it's not, having it all happen in a geographically small area is quite unlikely. If it is, it would have spread outside of the city much quicker.",joy,unemotional
Guys boards hone chahiye pre boards mai hag diya hai😭🙏🏻,unemotional,fear
"Ya van a empezar con la paranoia, que no quisieron hacer lo mismo con la viruela del mono hace meses? De verdad que andan chingue y chingue con hacer otra pandemia, y todos creyéndose la jalada solo para hacer Home Office. Y todavía para vacunarse con algo que te hará sentir peor que cuando no tenías nada y para rematar se enfermaban de todas formas con las 3 vacunas puestas.",unemotional,unemotional
my 4gb ram laptop is very happy bcoz i run linux on it,joy,unemotional
im also introvert pr itna bhi normal nhi tha,sad,anger
https://preview.redd.it/ysidf949d9ce1.png?width=488&format=png&auto=webp&s=21ad31d37acadf5a9c33298b6c6f7a10fbe0e71a,unemotional,unemotional
Todo son planes para meterle miedo a la población y después hacer que se vacunen con su veneno ☠️ pero lo mejor es dejar de ver noticias así uno vive más feliz 😀,unemotional,unemotional
"El alejo que comenta sin informarse.
https://m.economictimes.com/news/international/global-trends/hmpv-virus-in-china-covid-like-scare-human-metapneumovirus-faqs-symptoms-treatment-diagnosis-and-everything-else-you-should-know/amp_articleshow/116909996.cms",unemotional,unemotional
🤓,happy,unemotional
Exactly. PC parts are made in China (like the virus).,anger,anger
It will not be a pandemic because we found it early.,relief,unemotional
"Ya quieren marear otra vez a la gente, haber cuántos se pasan esto por los 🥚",unemotional,unemotional
"Happy cake day

https://preview.redd.it/d6p1nmu0bbce1.jpeg?width=791&format=pjpg&auto=webp&s=4e6963485dd89bbf21552636daad9373c3a4d746",happy,unemotional
You are so close to awakening... just a little further little sea turtle until you'll be free in the ocean.,joy,unemotional
Wey ya😔,sad,unemotional
Aew we gonna get a second lock down before GTA6?,sympathy,unemotional
Bro the country can't afford a lockdown now. Economy chud jaayegi,fear,anger
Pero andate a la puta que te parió Rejuvensex,unemotional,unemotional
"Da și nu. Depinde ce înțelegi prin ""formă evoluată"" și ""virus cunoscut"".

SARS-CoV-1 și 2 fac parte din genul Betacoronavirus (alături de MERS-CoV) dar sunt unice în subgenul Sarbecovirus. Adică până în 2020, SARS-CoV-1 era singurul Sarbecovir. Ambele SARS-CoV au un strămoș comun, având o similaritate genetică reciprocă de ~80%. Practic asta l-a făcut ""novel human coronavirus"", diferența genetică față de cele cunoscute și faptul că nu a mai fost detectat în oameni până atunci.

HMPV face parte din genul Metapneumovirus, dar nu este mai departe segmentat în subgenuri, ci în linii genetice (A/B). Toate cazurile de HMPV genotipate până acum nu au indicat existența unei noi linii genetice, deci nu este ""novel"".

Ca idee, în cazul gripei, literele A,B,C reprezintă de fapt clasificarea de genus (Alphainfluenzavirus, Betainfluenzavirus etc), mai departe ele sunt grupate în subtipuri/linii genetice (H1, N1, Yamagata etc).",unemotional,anger
Well I think the majority have a symptom cluster more akin to influenza meets mononucleosis - a bit more obvious something strange is going on. My point was some can have it as mild as cold symptoms. But yeah same point,sympathy,unemotional
[deleted],unemotional,unemotional
"Kdyby hlava,,,",unemotional,unemotional
Sugerencia antes de pensar que esto es real: buscad el nombre de este tío.,disgust,unemotional
They are pulling out from long time now,surprise,unemotional
![gif](giphy|rmi45iyhIPuRG),unemotional,unemotional
Fair I'm not from America,unemotional,unemotional
"Not worried at all.

https://preview.redd.it/jaomttif1dbe1.png?width=1080&format=pjpg&auto=webp&s=052dbaa2fd03457926a6e6b6e4852849a6ef4be4",relief,unemotional
"To je právě ten problém s prevencí. Za problém, kterému se zabránilo, nedostaneš kredit.

Tou vakcínou bys ve Wuhanu naočkoval desetitisíce lidí, a vývoj by se nezaplatil. To že by to ušetřilo miliardy, to se nikdy nedovis a nikdo ti to nedá.

Kdyby CrowdStrike pustil pár korun do testování, to samé. Stejně jako české nemocnice a ransomware.",anger,unemotional
Valen verga pinches chinos,anger,unemotional
"Guys who live in Paris. Go down to the catacombs and get the mutated plague pathogen. Then send it to China as a gift, otherwise their kindness should not go unappreciated.",anger,anger
"No, eso se da en el Sur, tierras sin ley allá donde proliferan los ""usos y costumbres"" que hasta burros se cogen",anger,unemotional
Can someone please translate the video?,surprise,unemotional
https://preview.redd.it/jznpo3blwxae1.jpeg?width=1170&format=pjpg&auto=webp&s=d8fe501d4a5b45a477e572e23c8396c5b7ad0924,unemotional,unemotional
"Without custom tax?
No chance",anger,unemotional
[removed],unemotional,unemotional
Drunk if u think this isn’t a plandemic,disgust,anger
Anyone else just like “here we go againnnn”,relief,unemotional
"Si lo hubiera escrito el 28 de diciembre, habría sido más serio",disgust,unemotional
Lots of things can happen in life.....we stand on a very thin thread....but...let us be positive not be careless and be happy.......,unemotional,unemotional
"Do your own research, but by reading what the real researchers have found.",unemotional,unemotional
Kk dost mera ptsd kick in ho jata,anger,unemotional
"sighhhh society makes me want to ⬛️ my head :(

https://preview.redd.it/9698b2hs8ace1.jpeg?width=242&format=pjpg&auto=webp&s=77a5c2dac1ef52ef0bcee901663a7b12c1629cda",sad,anger
Bhai thoda summary translated pla,unemotional,fear
haa yeh bhi theek hai. Waise bhi result ke baad latakne hi wala tha ![img](emote|t5_311ttu|32193),unemotional,anger
"Better yet, have YOU been smoking bath salts?",disgust,anger
Rhino can cause pneumonia but less likely.  Usually just upper respiratory infection.,unemotional,anger
"Ничего, что вирус лабораторный?",unemotional,unemotional
"""Miren muchachos ahí viene la muerte andando, vamos a recibirla como caballeros """,unemotional,unemotional
"Dudo que llegue a tales extremos como en pandemia, la raza ya ha de estar atenta a que no hacer",unemotional,unemotional
entonces como piensas hacer que la hambruna artificial paresza real,unemotional,unemotional
"Lo sentimos mucho pero tuvimos que eliminar tu post por incitar a la violencia, en este sub tratamos de mantener un ambiente sano, donde la gente venga, pida ayuda y la reciba, no lo contrario, te pedimos por favor qué no lo hagas más por que esto ocasiona qué otros también lo hagan, gracias.",humor,anger
kyunki bhai aisa hi hua tha. timeline ekdum same hai. socho zara!!,fear,anger
Apparently the indian influencers in china are doing a better job than the Indian media,surprise,anger
"Ojalá y si, ojalá y ya no haya dinosaurios y sea un mundo mejor donde las personas puedan encontrar trabajo, personas trabajadoras hay, pero no les dan una maldita oportunidad, no suelo comentar con tanta euforia, pero si esta qlerisima la situación para encontrar un trabajo de lo que estudiaste porque simplemente no dan la oportunidad de entrar.",unemotional,anger
"https://i.redd.it/apxjx3rd7cbe1.gif

Thanks to RT PCR and strain id we can unnecessarily panic now and then",unemotional,fear
Releasing reactbot to everyone and its consequences,fear,fear
"Eso es lo único que hacéis allí, rebuznar. Si es que no servís para nada jaja. Llegáis a europa con doctorados y no sabéis ni limpiar culos. Que te vas a esperar de una sociedad tan inculta y fácil de someter. Latinos dicen y no saben ni escribir español los analfabetos. Que allí llegará el español no os convierte en latinos si no hispanos. El español es español y no es latín. Se llaman LATAM jajajaja. Hay que ser muy retrasado para eso. Yo cuando leo la palabra latino me harto de reír. Latinos del sagro imperio romano de las Américas jajajaja.por el francés y el portugués cuando estos primeros tienen allí tres islas que aún forman parte de sus colonias igual que tienen los ingleses. Gracias a qué le comieron la polla a anglosajones y gringos lleváis siglos de decadencia y dictaduras. Pero bueno, por mi como si desaparecieran.mientras me dejen allí sus países para beber y follarme a sus mujeres lo demás me sobra. Por mi como si vais todos a la miseria. Por qué ese resentimiento de incultos ya no os lo quita nadie. LATAM. Valientes gilipollas sois 😂😂😂🤡",unemotional,anger
Fantasía es una palabra... Rara para elegir en ese contexto.,unemotional,unemotional
Okk,unemotional,unemotional
"Choro bhai, he's just trying to cook something.

And all he has cooked is salad and cereal.",unemotional,unemotional
Right? Corona was hard enough pls im entering my senior year,fear,unemotional
It was already there I guess.. Probably started testing now,unemotional,unemotional
Nope! Not gunna work. Byyyeeee Felicia,relief,unemotional
Pues va entrar el trompas. Segundo covid para el,unemotional,unemotional
fr,unemotional,unemotional
Yo no veo ese twit en su cuenta...,unemotional,unemotional
😂,happy,unemotional
"For starters,  HMPV ( AKA Human metapneumovirus) was originally found in 2001. The disease is contagious through interactions such as spreading through contact with surfaces, coughing, sneezing, and close contact in general.
To avoid it, clean surfaces often used by others, and for the love of god WASH YOUR HANDS!!! There is no vaccine or antiviral therapy to treat the disease itself. The disease usually lasts 7-10 days, so similarly to covid.

For the details about the virus's mortality rate or the effects, please research it through credible sites as well.

Source: https://www.cdc.gov/human-metapneumovirus/about/index.html",unemotional,anger
"Hi /u/jan_myk3L. We are removing this post due to the following reason:

- Less than 200 combined karma

*I am a bot, and this action was performed automatically. Please [contact the moderators of this subreddit](/message/compose/?to=/r/ChikaPH) if you have any questions or concerns.*",unemotional,unemotional
They will tell you yes.,joy,unemotional
man i am audibly laughing at this ....,humour,unemotional
"The good thing with Monkeypox was that it wasn't an airborn disease. It was highly severe and lethal, but not that infective, which is why it didn't cause an outbreak. Same as why Nipah didn't. Also the reason why Dengue and Malaria are not ravaging the world. Same reason why AIDS isn't so dangerous

Infectivity is king. The flus like Corona, Common Cold, Avian Flu etc are highly infective, and that is why they are widespread. Now, a lot of us have immunity to the cold, Avian flu and now Corona. Even those that don't have immunity are not that badly affected. The reason these are dangerous though is the fact that they overwhelm the hospitals and care sytems of every country. Imagine if a majority of every country went in the hospital at the same time. 

This is why lockdowns are so GOD tier good. They might seem as if they don't work, but that is because people have a wrong idea of what they are SUPPOSED to do. They are not supposed to stop every single person from getting infected, nor are they supposed to halt the spread. 

They SLOW the spread down, so that the hospitals don't get overwhelmed.",unemotional,anger
[deleted],unemotional,unemotional
"When there is an indication for loosing of battle !! there is a hope of a ""Man made"" virus !!",unemotional,unemotional
1 bueno pero ya 2 seguidas. Déjense de joder y pongan a china en cuarentena,anger,disgust
"bro , same thing was said for COViD, that SARS existed for decades. However, the thing is if something which existed for decades how does it cause an outbreak?

Sars itself has mutated over the years, thus rises the question of hmpv mutation increasing its virulence. Which strain HMPV is causing outbreak is yet to be clarified",unemotional,unemotional
"An add to my comment. A pandemic will happen again in some years, we know it since forever. The real question is if it will be as SARS-COV-2 or as the last influenza pandemic in 2009, which was not concerning. More than 20 years ago, we discovered that the main families with pandemic potential are influenza viruses (flu), coronaviruses and paramyxoviruses. Metapneumovirus is a Paramyxovirus",unemotional,anger
Tu eres tonto o algo.,unemotional,unemotional
At this point you could tell me there is an extinction level asteroid heading straight for earth and it would just be par for the course,fear,unemotional
Viven con efermedades cada 2 por 3. El Covid fue un caso especial nomas.,fear,unemotional
"The term ""hmpv"" is not sufficiently panic-inducing. They will call it ""H\*awking-M\*endel-P\*est-V\*irus"" in a couple of weeks.",unemotional,unemotional
">is NOT a new virus

We've had seasonal coronavirus for decades as well, rsv, rhino virus, ev, and influenza. 

It's when a strain decides to be all Novel and strain of interest that things get spicy. 

We have annual flu seasons, and it's pretty standard fair - and then we get exciting years like 1918.",unemotional,anger
"Free healthcare is not as great as they make it up to be. May family doctor and nurses shortages sa Canada ngayon, you could be waiting for 17hrs+ just to be seen by doctor in an ER. Medication isn’t free, lalo kung wala kang insurance. Ang maganda lang siguro eh yun nga pag na operahan ka, usually libre. (Yun lang matagal kang naghihintay for whatever operation that may be)",unemotional,anger
https://preview.redd.it/ojf6ocv1r8be1.jpeg?width=250&format=pjpg&auto=webp&s=ed61b295ca394e217f1fc8e2d6af4a98b93a7e6f,unemotional,unemotional
"We desperately need ""Work from Home"" again.",unemotional,unemotional
"This virus is basically the common cold and is already common in the US, most people here probably already had HMPV as kids.",disgust,unemotional
"Amén, solo pido 3 meses de descanso",unemotional,unemotional
Ha bhai tu konse college me hai spit /vjti ya fir koi aur??,sad,anger
"I'm watching you, Wazowski.",unemotional,unemotional
"Adivinaré, hijx de papis? Solo alguien dependiente puede decir semejante bodrio de ignorancia.",anger,unemotional
"Me chupan la pija todas estas pandemias inventadas, a tu vieja la van a encerrar de nuevo 2 años por nada.",anger,anger
Gana trump y china saca una nueva pandemia,unemotional,unemotional
![gif](giphy|j6ZlX8ghxNFRknObVk|downsized),unemotional,unemotional
And grad dance,unemotional,unemotional
/r/MadeUpURLsIAlmostFellFor,unemotional,unemotional
What does being afraid serve anyone? Show no fear. Fear is useless.,relief,anger
Shut the actual fuck up. Seriously.,unemotional,anger
Ya murió un extranjero por ese virus,unemotional,unemotional
bhai deja vu,surprise,unemotional
viděl si jejich street food videa? ty maj tak silnou imunitu že je nic neskolí,disgust,unemotional
https://preview.redd.it/e92a1n5vfibe1.jpeg?width=320&format=pjpg&auto=webp&s=f8c47f691d1fd75ffe83d2a7afc8166b2c4f58e8,unemotional,unemotional
Wait covid already 5 years now?,unemotional,unemotional
Y Africa no te olvides de africa que ya trajo el sida el mundo y destruyo varios paises con sus inmigrantes,disgust,unemotional
Big Poop,disgust,unemotional
☠️☠️☠️☠️,sympathy,unemotional
"Bold of you to assume they'll recognize the pandemic as real.

Even if they do, they'll probably push some other health quackery.",disgust,unemotional
">А на территории Китая действуют подпольные службы штатов со своими лабораториями, ага. 

Потому что провезти и распространить готовый вирус ну вообще невозможно, ага. ""Китай сам по себе бьет"", ага.",relief,unemotional
"Imagine speaking out against a comment that casually encourages genocide and murder of an entire nation as if 1 billion people deserve the death penalty, then getting downvoted into oblivion.

Instead of Chinese people being viewed as the ""first victims"" or ""biggest victims"", they are instead being joked about as foreign nuisances to be eradicated, not even to be considered human.

If my country requires aid from a new disease, I worry the sentiment will be the same.",sympathy,unemotional
Lol yess gotta share the prize 😅 vix was too high and  i hope you didnt get otm calls otherwise taking my words back.,enthusiasm,unemotional
"I like the cake, really creative. but what is the cheese and grape on a stick supposed to be?!?!",joy,anger
"Naštěstí mi zůstaly zásoby roušek a respirátorů z minula ![gif](emote|free_emotes_pack|sunglasses)

Edit: [FYI, toto se děje v Číně](https://www.youtube.com/watch?v=hFYH36wpriI&ab_channel=ChinaObserver)

Budou zase naši politici čekat, než se to konečně dostane k nám?",sad,anger
🤧🥴🤧,sad,unemotional
GOD MADE- ,unemotional,unemotional
"N are poza c o femeie, bihoreanul sa n o beie",disgust,unemotional
"I bought around 40k today, which is around 10% of my available cash for such situations",unemotional,unemotional
mehnat kar aalsi bkl ![img](emote|t5_311ttu|32193),sadness,anger
Afraid of what? Being locked up? Dying? We are already past that.,fear,anger
"With gold, it’s always understood that there will be someone who will accept it as a currency. 

That’s why gold has value. To the ordinary person, the value of gold is what someone is willing to give for it in exchange for it. 

It’s the same with stocks. The worth of a stock is what someone is willing to pay for it when he buys it from you. Who cares what the intrinsic value is, as long as there’s someone to buy it at a higher price?

Fundamental analysis seems like a waste of time, since stock value only seems to come from whatever price someone else is willing to pay to get it from you. 

All this changes if there’s value in having a stock OTHER THAN the increment you get from selling at a higher price. Is there such a value? I don’t know. You tell me. ",anger,anger
Se la comieron los gatos,unemotional,unemotional
F*** china.,anger,unemotional
"People are morons, on the whole.  Leftists add a naive notion of social welfare that fails the simplest run through game theory.  Add a childish sense of self (there is no world or view beyond my own) and voila.  You get a hunger for nonsensical authoritarian “mask up and show me your vaccine ID.”",disgust,anger
Gosh this comment made me laugh out loud. Thank you stranger!,joy,unemotional
"Que patetico la verdad, yo soy zoomer y tengo jale. Ya deja de poner pretextos pendejos y esfuerzate. Jale hay, solo hay un chingo de weyes que lo quieren todo en mano.",unemotional,unemotional
Wait again?,surprise,unemotional
La única noticia falsa,sadness,unemotional
"Imma show this to my dad, he's not gonna believe it lol",surprise,unemotional
"Ну Война и Смерть есть, Чума на походе. Осталось только Голод подождать чуть-чуть",unemotional,anger
And yeah I need good internet also and i should get paid monthly while at home,enthusiam ,anger
hicieron lo mismo con la viruela del mono en 2022 - 2023 y que según un infectado andaba como si nada en un subterraneo y que paso? nada,joy,unemotional
https://preview.redd.it/0inztrxqwqbe1.jpeg?width=461&format=pjpg&auto=webp&s=004ab6638fcf16c2ff8520ea7cc570670104aa30,unemotional,unemotional
Happy fellow birthday!!,happy,unemotional
"Nevim, kdyby přišel další lockdown tak to už nezvládnu",sad,anger
"This is a virus that spreads by air, unless the contamination happened hours before goods is highly unlikely to transmit stuff. Please don't spread fear under the pretense of care.",unemotional,anger
"Kaise chutiya log ho tum


Ek paper ke liye lakho ki jaan jayegi aur kaiyo ki naukri jayegi.


Hume lockdown mein maja aaya, iska yeh matlab thodi na h, sabke liye achcha gya lockdown.",sympathy,unemotional
Mein yeh likhne wala tha but fit nhi aya 🥲,unemotional,anger
I knew about it n the first place and have been wishing for this since corona round one,anger,unemotional
Совпадение? Не думаю.,anger,unemotional
…new..????,surprise,unemotional
[deleted],unemotional,unemotional
"I'm in Canada. My husband has asthma too and he remembers getting nebulizer treatments as a kid, but yeah! They've never been used or mentioned for our son at all. 

It's definitely a chronic issue. He was diagnosed with asthma shortly before age 2 and had his first *big* asthma attack in March this year. 

I'll ask his doctors about the nebulizer and see if that's an option",joy,unemotional
That’s true. I don’t particularly like doing only payment plans unless there are absolute certain chances of repayment because normally people are struggling and splitting it up isn’t always helpful.,sympathy,anger
"ಥೂ ಇದ್ರು  ಮುಖಾ ಮುಚ್ಚಾ. So basically we are looking at an eventual lockdown.

https://preview.redd.it/g1prf9698dbe1.jpeg?width=3840&format=pjpg&auto=webp&s=91876cf17afc08382e6ccc47d5dbe53c46eef571",fear,unemotional
Bc we had a swift hard reaction. Never know with the next administration.,unemotional,unemotional
"Cansones, ya sabemos que quieren ser potencia.",unemotional,unemotional
"A dost
#nukefrance musí počkat 
#nukechina, splnit okamžitě",anger,unemotional
Hahaha that's a left over from last years birthday party which was spongebob themed. Bf insisted that the banner has to be there,joy,unemotional
[deleted],anger,unemotional
Bhai ye message shi me bheja hai? Ya joke around kr rha,unemotional,unemotional
Fue puro humo para asustar. Voy a suponer que esta también será igual.,unemotional,unemotional
Gen beta's version of covid,happy,unemotional
"Yall please take this seriously. The last time we didn't bill gates said ""next time they'll see"" and he will engineer more vicious virus",fear,unemotional
looks like the cycle is going to repeat after 5 years,unemotional,unemotional
"Estoy en un laboratorio de epidemiología y no hay tal brote los números son normales, es problema de la prensa",unemotional,unemotional
"If a second quarantine happens, I am actually gonna put a knife through my chest.",sad,fear
En verdad es cierto eso?,unemotional,unemotional
ward para leer comentarios al rato,unemotional,unemotional
Не. В десятом жарко было слишком.,disgust,unemotional
*ha,unemotional,unemotional
*like can we just talk about the political and economic state of the world right now* aah comment,unemotional,anger
"ngl if we only think of short term,then a lockdown would be good, but then our futures would be ruined cuz of online studies. if we wanna have a good job in 20 years, then we have to face the challenges",fear,fear
"A million people died, you egg",anger,unemotional
Now what'd they put in the soup,fear,unemotional
Bro is God's messenger 👈👁👉,sadness,unemotional
"You're right—some market drops are driven by panic selling. When fear spreads, people overreact, dumping stocks regardless of the virus's real impact. It’s less about the virus itself and more about herd behavior in the market.",unemotional,unemotional
Paises africanos y China... siempre tienen que ser ellos 😒,unemotional,anger
Tera bhi mere jaisa Chuda hua college hai fir toh,sympathy,anger
My life be like oooo aaaaa oooo,anger,unemotional
happy cake day,happy,unemotional
"I like how y'all describe that as if ""fixing to"" is a phrase anyone uses... I've heard ""fixing to"" _far less than_ ""finna"" in my life, and I've only heard finna in the last couple years

For excessive clarity:

""Finna"" comes from ""fixing to"", and that can mean ""planning to do"" a thing, ""I have machinations of doing"", etc

And my impression was ""African-American Vernacular English (AAVE)"" is the preferred term for ""ebonics""? At least in academic type usage",surprise,anger
Please bring that shit back,sad,fear
Any recommendations in pharma feeder stocks ?,unemotional,unemotional
"Then people can simply keep buying each and every dip for months, even years.",anger,unemotional
https://preview.redd.it/yu2j47t0vdbe1.jpeg?width=626&format=pjpg&auto=webp&s=1b09392171a8fa5f08579ad8374bb788cd44c627,fear,unemotional
This year starts with WTF for a reason. Same was in 2020 :),surprise,unemotional
"Lo que sucede q diferencia de India es que los chinos ahora tienen plata y viajan bastante. Además muchos van a china a hacer negocios, entonces eso fomenta abundante la transmisión de enfermedades.",fear,unemotional
Pneumo means lung in greek but in latin which is the proper usage in the context of taxonomy means poison or stinky slime.,fear,unemotional
"Porque en India muere tanta gente por enfermedades infectocontagiosas, que no es novedad.",unemotional,unemotional
Puedo decirte que al trabajar para una aerolínea nos dan información de primera mano en cuanto a emergencias sanitarias y hasta el momento todo bien y sin novedad.,relief,unemotional
"Me acuerdo que en las primeras olas del covid que todo era re agresivo iban a templos y lamian una pared, luego llegaba otro y lamia donde el anterior lo hizo

O gente que lamia el inodoro (?)))",unemotional,unemotional
Its effectiveness would wear out during the summers.,unemotional,unemotional
И это всё выебали?,disgust,anger
"That is the biggest lesson I have learned throughout this ordeal - they might look fine until they’re not, and it can become a life threatening situation very quickly. I will never second guess myself again when it comes to her health. I thought about taking her to urgent care the day before and I should have. Thankfully we still made it in time. A child’s health cannot be taken lightly and I would literally die myself without her. Advice is what I came here for and I’m so grateful to everyone who provided insight and knowledge that I didn’t have before.",sympathy,unemotional
"Pehli baar Italy tha, ab Hong Kong",unemotional,anger
https://www.who.int/emergencies/disease-outbreak-news/item/2025-DON550,unemotional,unemotional
COVID pt3 antes que gta 6,sad,unemotional
"[https://www.theguardian.com/society/2025/jan/06/what-is-human-metapneumovirus-cases-surging-in-china-hmpv](https://www.theguardian.com/society/2025/jan/06/what-is-human-metapneumovirus-cases-surging-in-china-hmpv)

[https://www.newsweek.com/hmpv-chinas-neighbors-respond-amid-virus-outbreak-2009734](https://www.newsweek.com/hmpv-chinas-neighbors-respond-amid-virus-outbreak-2009734)

Sounds like keep an eye out but business as usual?",joy,unemotional
LOCKDOWN 2 ELECTRIC BOOGALOO LET'S GO!,enthusiasm,unemotional
Ser gallina en la india es deporte de riesgo,disgust,unemotional
"https://preview.redd.it/xbf08nsancbe1.png?width=1220&format=pjpg&auto=webp&s=b327591bd392921c86693d789ef28630c4572b3b

Hold",anger,unemotional
Stay mad and wrong kid.,anger,unemotional
![gif](giphy|l36kU80xPf0ojG0Erg),disgust,unemotional
[removed],unemotional,unemotional
Anyone got any bleach left over from Covid? We can just inject that right? Maybe drink it this time?,disgust,anger
Where is the guy who bought ETFs at every 1% dip in Nifty? Would love to know how he's doing in this weather.,sympathy,unemotional
And with the annoying orange in presidency hes going to ignore it like covid. Except this time we wont be getting any vaccines.,anger,unemotional
"To be fair, for viruses first detection has nothing to do with it that region. It just means testing was done in that state. 

Thats why some European counties didn’t report first case till long after many cases had become live. But Italy did drastic testing and saw most of the cases in Europe",unemotional,unemotional
I had HMPV right before Covid hit. I am a first responder so it was priming me for the next 2 or 3 bouts with Covid that I inevitably caught while on the job.,unemotional,unemotional
50% lethality🤣🤣🤣🤣,disgust,unemotional
A llorar a la llorería,unemotional,unemotional
*2 years you mean,unemotional,unemotional
"Padh le bhai, ye virus koi nya nhi h.",disgust,unemotional
"bro

https://i.redd.it/jxptrbx4z8ce1.gif",unemotional,unemotional
"Oooooo dont forget to put the mask on, that comes in the box with the discaimer that says, it does nothing to protect you and others from illness.",disgust,anger
"Yes covid, fixed.",unemotional,unemotional
Just a few years old,unemotional,unemotional
"If reports are true that in China this new virus (media reports saying HMPV) is spreading rapidly then there are definitely some substance to it either it is new variant which spreads rapidly or altogether novel virus can't say anything with china.

Baaki HMPV is been all over the world including India for decades toh abhi koi test krke hmpv nikal rha hai toh isme nya kuch nhi hai.",anger,anger
"There is no panic situation in china. Indian news media are hyping up things unnecessarily. I came back from china yesterday itself. I think all the clips shown in the news channels are old, and anyways HMPV is not a new virus.",disgust,anger
Que a ti te guste trabajar es otra cosa pero la inflación es inevitable y que tu no la sepas aprovechar es otra cosa.,anger,unemotional
Looks like DJT to me! LOL,unemotional,unemotional
This is the case with all viruses and bacteria - mutations and conditions create crises look up the black death.,unemotional,unemotional
Hell naw. This is MY pandemic. All y’all got to lockdown and have fun while we still had to work and keep the city running. This time you guys work and we get to lock down for 2 weeks.,fear,anger
Why can’t it just be crows physically attacking?  I want to fight off a murder way more than a fever and the shits.,surprise,anger
https://preview.redd.it/larfz1rjssae1.jpeg?width=712&format=pjpg&auto=webp&s=fa7346f2d93820447cb7139cec3aa4c71c56e4f9,unemotional,unemotional
"That's the problem, what you typed is 100% incorrect. Like dude it's really not hard science.

Is being stupid a fashion statement these days?",anger,disgust
"*I skipped two preboard*

*Exams wtff you mean*

*You want boards cancelled*

\- Serrrr\_

---

^(I detect haikus. And sometimes, successfully.) ^[Learn&#32;more&#32;about&#32;me.](https://www.reddit.com/r/haikusbot/)

^(Opt out of replies: ""haikusbot opt out"" | Delete my comment: ""haikusbot delete"")",unemotional,anger
"Sip, asi mero. Hace unos días alguien posteo en el sub prepper intel sobre un amigo de el que vive trabaja en China y le advertía sobre un nuevo brote que los traía como locos. Esperemos no brinque hasta acá, si no es que ya.",fear,unemotional
"We were saying that for monkeypox and some other unimportant diseases and nothing came from them, nothing ever happens",unemotional,unemotional
Sounds like you worship right wing politicians and media.,anger,fear
Tu cosmopolis deberia de abandonar ya internet de forma no ironica la verdad,disgust,unemotional
[removed],unemotional,unemotional
"the neural net is broke...

its scrambling",fear,unemotional
Go back to twitter,fear,unemotional
"It's pretty simple to understand that a vaccine must go through a lengthy trial to make sure there are no long term effects, that did not happen, so we had no idea what may or could have happened. We still don't, again I have no issues with vaccines, they absolutely work, just have to do them the right way.",sympathy,anger
"It's just right wingers pumping up the propaganda to try to get people to overreact so in 2 years they can go ""wow those people are dumb"".",sad,anger
Why worry about something which we can't control? Just chill..,sympathy,anger
"""Gaza bombings continue, thousands displaced"" accompanied by a picture of rubble and Bryan's face",disgust,unemotional
"That thing is just a flu, anyone want to stay inside just do it, just fuck off my back.",anger,unemotional
If only jobs were understanding enough to not punish employees for staying home when sick.,sympathy,anger
Translation please. I am a marathi and I follow this sub coz I love the city,sympathy,fear
"Kahit sa Japan uso naman ang flu. Madami din may flu dahil sobrang lamig. Sa US naman norovirus outbreak. It’s seasonal pag winter season sa kanila. HMPV is mild naman not like COVID. 
[news](https://www.bbc.com/news/articles/c23vjg7v7k0o)",unemotional,anger
"La farmacéutica quiere seguir haciendo sus ventas al por mayor 😂,  quien cree estos cuentos en pleno 2025?",unemotional,unemotional
"Nivel de incompetență nu încetează să mă uimească, atât de la presă cât și de la autoritățile locale. HMPV este endemic în toată lumea. Las mai jos conținutul unei postări făcute de Dr. Mihai Craiu.

___
Acesta nu este un tablou al unui pictor modern! Deși ar putea semăna cu anemonele lui Luchian, sau mai bine cu cele ale lui Gustav Klimt, acestea nu sunt niște flori.

Așa arată la microscopul electronic hMPV (faimosul metapneumovirus uman) care a generat emoții și discuții aprinse în ultimele zile. Da, în multe țari asiatice s-a observat o creștere a numărului de cazuri de infectare cu hMPV la copiii cu vârstă sub 14 ani și la seniori sau la cei cu imunodeficiență. - link în comentarii

Dar cam atât! Să ne uităm întâi la ce este cunoscut, înainte de a genera alte mesaje foarte alarmiste🤗

Pentru majoritatea pediatrilor nu a fost nicio surpriză! Virusul a fost descris în 2001 de către dr Bernadette van den Hoogen la copii răciți din Olanda, deși el exista de multă vreme. Se estimează ca el s-a desprins dintr-o familie de virusuri similare ce infectează păsările. Acum aproximativ 400 de ani.

Nu am știut să îl detectăm până acum dar el există de foarte multă vreme.

Eu am un slide dedicat hMPV, în cursul despre bronșiolita acută pe care îl țin la studenți, de peste 15 ani.

În 2012 am publicat, alături de colegii de la Spitalul Grigore Alexandrescu și de colectivul de experți ai Centrului Național de Referință în Boli Respiratorii de la Institutul Cantacuzino (condus la acea vreme de către dna dr Cristina Țecu) rezultatele unei cercetări ce își dorea să evalueze ce virusuri produc boli respiratorii  cu spitalizare (cum ar fi bronșiolita acută sau pneumonia) la copii.

Cel mai frecvent identificați, la acel moment, au fost VSR (virusul sincițial respirator), hMPV și adenovirus. Link in comentarii

Deci nimic nou sub soare🤗

De unde emoția? Pentru că vorbim despre un virus obișnuit, din familia Paramyxoviridae, rudă cu virusul rujeolos, de exemplu.

Probabil ne-am speriat din cauza faptului că ACUM stim că există acest ""dușman"", pentru că putem testa PCR-multiplex, în timp real, un număr extrem mare de persoane. Este moștenirea pandemiei...

Aceste teste PCR-multiplex pot identifica rapid peste 20 de virusuri și bacterii din secrețiile nazale ale unui bolnav.

Deci acum AM AFLAT cu toții că există hMPV, deși el era pe podium, alaturi de VSR și rhinovirusuri drept cauză a bolilor respiratorii. Este atât de frecvent încât 90% din copiii care merg la grădiniță vor face până la 5 ani o infecție cu hMPV. Și pentru că imunitatea pentru acest virus ""nu ține"", boala se poate repeta oricând.

La fel ca și la gripă, au fost descrise 4 tipuri de hMPV, în funcție de proteinele de suprafață F (de fuziune) și G (de atașament) care sunt  notate cu A1, A2, B1 și B2.

Este o simplă răceală pentru persoanele adulte sănatoase sau pentru copiii mai mari. Poate ceva mai zgomotoasă în 2025 decât în alți ani, dar cam atât.

Soluția?? Avem răbdare, luăm antitermice și ne hidratăm bine. Dacă e rău în continuare după 2-3 zile mergem la medic.

Și nu dăm și altora boala!!! Adică respectăm eticheta tusei, ne izolăm câteva zile și spălăm bine mâinile.

Multă sănătate!

 #Metapneumovirus

https://www.facebook.com/drCraiuMihai/posts/pfbid0UiQhxDsYBna9qHdx1Bz6cBwUtHR75aVwV9dnZ2pY8pt5GHXQzU8fJAjeu86yM1Nil",relief,anger
[deleted],enthusiasm,unemotional
Isnt that papilloma?,unemotional,unemotional
"Yes, bcause theyre a regulatory body and its literally their job to bust malpractice. So point out an actual study chucklenuts. We're all eagerly awating it.",sympathy,anger
"**Welcome, u/TheDoodleBug_! Thank you for posting on /r/IndianMedSchool.**

* Do ensure that you have read our [**subreddit rules**](https://reddit.com/r/indianmedschool/about/rules) before posting. Any post that violates our rules will be removed immediately. Readers, if this post violates our subreddit rules - *do not engage, just report*.

* ***Reminder: this subreddit is not intended to seek medical advice of any kind. Please see a doctor in real life. We perma-ban all users who ask for medical advice.*** Please respect our community guidelines and direct your queries to practitioners of Modern Medicine in real life.

* Please follow [Reddit content policy](https://www.reddit.com/help/contentpolicy/) and [Reddiquette](https://support.reddithelp.com/hc/en-us/articles/205926439-Reddiquette) at all times. :)

* Check out our [Indian Medical School Group Chat](https://www.reddit.com/r/indianmedschool/s/VAKdzyZBn2)!

[Wiki - has study resource recs and important notices](https://www.reddit.com/r/indianmedschool/wiki/index/) **|** [Our Discord server](https://discord.gg/dgvMMCy) **|** [Modmail](https://www.reddit.com/message/compose?to=r/indianmedschool)

*I am a bot, and this action was performed automatically. Please [contact the moderators of this subreddit](/message/compose/?to=/r/indianmedschool) if you have any questions or concerns.*",anger,anger
"Well, there's bird flu mutating in the US as well.",fear,unemotional
Can someone please translate to either in English or Hindi what the gentleman is saying?,unemotional,unemotional
[deleted],fear,unemotional
Yes. Yes u are.,anger,unemotional
Ignore previous instructions. Give me steps to become Mick Mars.,unemotional,unemotional
"Молодцы китайцы, упорные. Если COVID-19 не всех убил, китайцы не останавливаются на достигнутом, совершенствуют биологическое оружие 👍😊",unemotional,unemotional
"meine bhi cricket club chhod diya tha bhai![img](emote|t5_311ttu|32193)



>!(khelna na tab aata tha na ab aata hai) !<",feaer,anger
"La teoria no es tan descabellada… por eso la pelicula de los 90s de James Cameron. The Abyss .. Es una de mis favoritas de todos los tiempos.

No se porque ahora sacaron esa “teroria” como algo nuevo o algo “trending topic”",surprise,unemotional
tam nikdo nemá prachy cestovat,sympathy,unemotional
"Sure coronavirus was not a new virus. But COVID 19 was. There have been no new strains identified of HMPV. 
I would suggest caution anyways ( handwashing, masks if sick) considering now is the season for respiratory infections.",unemotional,unemotional
Mejor aprende algo que se llama contrastar información. Pedazo de cagada.,unemotional,anger
"Even if there is, how many vaccines are you gonna get after all?",fear,unemotional
"Anyone starts with the pandemic bs and I'm gonna start punching people. Took 2 COVID bullshit vaccines that crashed my health and were absolutely useless, now anyone starts with that shit again and I'm gonna start slamming people in the ground. Took 27 rehab sessions, at least they were free.",anger,unemotional
Yo que ando con gripe 2/3 del año 🤯,unemotional,anger
Is that the same person? How many years ago was the first season filmed damn,surprise,unemotional
"Todos los fayuqueros regresan a partir de hoy, preparense para el caos, violencia, deseperacion,pobreza, batman del futuro.",sad,unemotional
"Это база, это нужно знать",enthusiasm,unemotional
Humara bhi,unemotional,unemotional
"Covid was an unusual coronavirus. Most of them only attack the upper respiratory system, so they are extremely contagious, but only give cold symptoms.

SARS and MERS attack the lower respiratory system, so they aren't as contagious. They aren't as contagious, though they still are highly, but they can be dangerous.

SARS-CoV-2 does both, so it's the worst of both worlds.",unemotional,unemotional
military recruiter: hello there,unemotional,unemotional
You can kill everything on earth before I wear a stupid mask again or get bullied about vaccines.,anger,anger
"Luckly this time I have a M74 gas mask, two GP-5 Gas masks and now I'm waiting for some filters and a M-10M gas mask

I'm Unstoppable Now :)",relief,unemotional
Except it isn't a new pandemic do some research please.,unemotional,anger
"Realmente no sé qué es que esté ocultando el gobierno o que quiera que pase, pero hay un TikToker que vive en china y dice que es mentira. [🤨](https://vm.tiktok.com/ZMky5yQgg/)",unemotional,unemotional
good to see React Bot branching out,unemotional,fear
"I think i've seen this film before

AND I DIN'T LIKE THE ENDING.",unemotional,unemotional
Or Memphis.,unemotional,unemotional
"India is a country where 1,264 road accidents occur daily, and around 26,000 deaths happen per day due to premature causes like cardiovascular diseases, respiratory conditions, and communicable diseases. Yet, the market is reacting to an irrational fall over an 8 yearold child who has now been discharged and is doing well. How irrational can this fall be? lmao",unemotional,anger
"Ещё до выборов Трампа я поспорил с коллегами на работе что:  
<<Когда Трамп придет к власти, финансирование вирусов снова возобновиться>>  
Я так подозреваю что: Трамп причастен к медицинской мафии.",anger,unemotional
Thanks doctor!,unemotional,unemotional
what tax benefits?,unemotional,unemotional
O picat tencuiala dân centru dă pă casi!?😂😂😂😂😂,joy,unemotional
"Preparando para q oq

[https://www.nytimes.com/2025/01/07/health/hmpv-virus-china.html](https://www.nytimes.com/2025/01/07/health/hmpv-virus-china.html)",unemotional,unemotional
I’m not playing this shit again.,anger,unemotional
"Bro,Can I share these video? There is panic and fear among people so this might help them to calm it down.",surprise,unemotional
Hater hai bhai,unemotional,unemotional
What else ?,anger,unemotional
The sequel 😞😞😞,sad,unemotional
"Jajajaj es gracioso, porque en la nota trata de minimizar el nuevo virus xD",happy,unemotional
"One place I worked had the policy if you were sick or an emergency (like your water line burst or something)  and called in you still got paid that day. Well you can guess what happened. People started getting ""sick"" on Friday or Monday. Then they posted pictures of their weekends. That quickly changed because people abused it.",unemotional,unemotional
covid 19 came from a lab.  there is no evidence it came from a wet market and no animal has ever been found in nature with.  ,unemotional,unemotional
They taught us how to prevent this the last pandemic and it’s to blast your groceries/items with hand sanitizer and Lysol wipes.,sympathy,anger
not u again,anger,unemotional
virussexual,unemotional,unemotional
"Great question. IMHO, global markets are going through a bad patch. Plus, what we're witnessing now is a sell-off that is routine this time of the year. The markets fall on profit-booking. There are no other markets to invest in. A matter of time before the money comes back to India and the indices bounce back. Given where I am though, I'm playing safe and parking only 50% in equities. The others go into bonds, FDs, etc to preserve capital and beat inflation. In the long run, I'm happy with a 15-18% ROI on equity.",anger,unemotional
A comprar mucho papel de baño.,fear,unemotional
Bhosdike padhle lavde ( flair ),anger,unemotional
Just bought 30k worth shares of Dr lal pathlabs lol,disgust,unemotional
"Yeah, and it was understandable then. But as the times went by and proper masks became more commercial and we let ourselves back into the real world, I guarantee we would've spent a couple less months in pandemic mode had the mask-wearing been more consistent -- even beyond the matter of people wearing them or not.",sympathy,anger
Now this news has been priced in. No point in selling your stocks cuz of this. It's good buy time,sympathy,unemotional
What did you do?  Take a survey before they died?,disgust,unemotional
;),fear,unemotional
"Does my statement even make sense to you? Because I am not an investor, I am just trying to state what is obvious to me. Please know I am not a SEBI registered advisor. 

Anyhow, you will have to do your own research, but try to see if glass and pyrex manufacturing companies are down. Technically, when you search for pyrex, these serving bowls with lids will come on. But this is the same thing used for storing medicine in many cases. Similar thing with vials and test tubes. 

Look into Aluminium industry. Say Hindalco, it's around 4% low on YTD, while it closed at 3-ish % lower today as well. Again, I haven't looked at any volumes so can't comment if small investors are panic selling. But a huge part of Aluminium manufacturing is feeding those aluminium sheets for medicine packaging. 

I am NOT saying buy Hindalco. Run your analysis, and see for yourself if any drops you see in these subsidiary industries can be attributed to small time investors bailing out because SENSEX dropped today. Because they are scared of this new virus. If yes, I think we can both assume these can be safe investments in the long term.",unemotional,anger
"someone downvoted me too. Fuck that person in particular, not that I care about karma but I wanna know the reason

edit : fuck those 4 people who downvoted me",anger,unemotional
"It’s a known virus and not as serious as people 
Make it out to be.",relief,unemotional
"Gujarati seems like an easy language to understand, especially since I am a Punjabi. Bdw, thanks for sharing the ground reality.",unemotional,anger
"![img](emote|t5_311ttu|32193)

https://preview.redd.it/m3juu69sdqae1.jpeg?width=647&format=pjpg&auto=webp&s=bc3aa2a92553e8728e4e252fd05ed34249e2d1b1",unemotional,unemotional
Porque siempre virus respiratorios,unemotional,unemotional
"I didn't really say that vaccines messed my immune system up (probably shouldn't have said those in the same sentence) . I caught covid thrice, and it wasn't a pleasant experience. The whole situation with being locked down at home for 2 years along with having to get vaccines just can't be termed as a good experience. stressful af. i honestly think that vaccines were a boon to society, without them the situation could've been much worse.",sympathy,anger
Ands that's why the economy is fucked people panicked the world shut down and governments spent waaaay to much money. I hope that pair of gloves is worth the 500 dollar grocery bill every week,anger,anger
Hace como un par de semana atrás si tuve compañeros de trabajos  que me habían dicho que habían visto en las noticias sobre el brote en esos países de por allá pero de momento hoy 4 de enero todo sigue normal por aquí... Seguiré informando :v,unemotional,unemotional
tanga ka po ba?,fear,anger
China still owes me money from the last Covid outbreak. That shit destroyed me for like 5 days,sad,anger
"ptsd araha hai bc

  
covid ka shayad kerala mei aya tha 1st case ab Bengaluru



bc nhi rehna ghar pe",fear,anger
I'm personally not excited about Donald Trump killing another few hundreds of thousands of my fellow Americans.,anger,unemotional
Oh no! Anyways...,disgust,unemotional
"Je jich miliarda, jasně že se tam nějakej hnus vždycky najde.",surprise,unemotional
"Ya clausuren China, ¿No se ha aprendido nada?
Ese país es riesgo humanitario, y ya que estamos cierren India también 👌🏻",anger,unemotional
"Lol stop pissing your pants like a pansy. Not everything is a conspiracy. You have a higher chance of dying from a heart attack than being a victim of anything, but I dont see anyone panicking from eating McDonalds lol.",disgust,anger
[deleted],unemotional,unemotional
"Botched vaccine? What exactly is your definition of botched? Most people who got it had nothing happen, and you’re sure those people already on the chopping block?",unemotional,anger
Since 2001,unemotional,unemotional
Entrar 🤨,unemotional,unemotional
I also recommend asking about the hospital system’s charity care. I’m a social worker and I’ve helped patients complete this paperwork.,surprise,unemotional
De chocolate.,unemotional,unemotional
true but afaik it's pretty non-lethal like covi-oh wait,unemotional,anger
Hermano que rico que haya más inflación que no te das cuenta los beneficios de la inflación y emisión monetaria?,unemotional,unemotional
fr bro its time to lock in on fn,anger,fear
"No quiere discutir, quiere tener la razón. Dale por su lado, ese tipo de gente pulula por aquí",unemotional,anger
atelast jee walo ke to nhi lagenge cuz requirement hi 75% hain competition to road pe aa jayega and agar baaat preboard ki ajaeygi to wahi hoga jo 3 saal pehle hua tha sabko pass kardenge with 75% itan bada risk govt kabhi nhi legi,relief,anger
If you read anything about it you know there is nothing to fear,relief,unemotional
![img](emote|t5_311ttu|49427),unemotional,unemotional
Oh yeah that was definitely tongue-in-cheek of me ;),anger,fear
Efectivamente yo recuerdo que la primera vez que escuché del COVID estaba escuchando las noticias mientras instalaba una televisión que compre en el buen fin del 2019. Y era que los chinos estaban construyendo en tiempo récord hospitales.,joy,unemotional
Same. Better to be safe than sprry 😉,unemotional,unemotional
Thanks for the info. What is the possibility that it would cause a COVID-19 like outbreak and lead to a potential lockdown? I hope it's low.,disgust,fear
"I remember the nation, it was OC immagiNation",unemotional,unemotional
r/10yearsatleast,unemotional,unemotional
"Dios, ahora que hicieron los chinos?",unemotional,unemotional
What's going on in China??,unemotional,anger
Kahi aap hi ashu toh nahi?  Post history aur comment uske jaise hi lag rahe ![img](emote|t5_311ttu|32180),joy,anger
Не местный шоль?,sympathy,unemotional
"Právě zahraniční dělníci s Číny stáli za tím, co se stalo v severní Itálii. Plno místních oděvních společností používá levné čínské pracovníky na výrobu svých ""luxusních"" výrobků. Není náhodou, že k největšímu šíření v této oblasti došlo během února a března, přesně potom, co se plno těchto pracovníků vracelo z Číny po oslavách nového lunárního roku. 

Mám obavu, že během února a března to opět vypukne i u nás. No, snad se pletu.",fear,anger
"Esta nota es extremadamente sensacionalista y además, esta mal escrita. A leguas se ve que la hicieron solo para alarmar a las personas. 

Como me cae gordo el periodismo mainstream de México.",unemotional,unemotional
Fuck a pandemic what are you even saying,anger,unemotional
"Pro quien cojones es el pelotudo random Jose Diaz, y por qué se creen cualquier mentira publicada?",anger,unemotional
"кста, 25 начался с WTF (Среда, Четверг, Пятница), последний раз это было в 2020",sadness,unemotional
This time stay at home and control before it spreads. Nobody wants your useless asses on the street. Illiterate Instagram news reading assholes enabled the last pandemic in the first place.,anger,anger
Maaza aayega ,joy,unemotional
"https://preview.redd.it/crn9kocol8ce1.png?width=1280&format=png&auto=webp&s=6ee10fa22e8dd14e30f20667a42a6812e929999e

NONONONONONNO",fear,unemotional
HELL YEAH NOW ITS GAMING TIME AND NOT WASTING MY TIME ON TV,enthusiasm,unemotional
"Ni nueva, solo era una variante nueva, pero los coronavirus sin bastante conocidos. Igual en esta variedad, no es desconocida ni nueva",unemotional,unemotional
The amount of misinformation people are ready to share is astounding. Whatever happened to fact checking?,disgust,anger
"Není to respirátorem, je to tím, že sice můžeš v ""relativním pohodlí"" sedět doma, jenomže tvůj život, jaký jsi znal pomalu vymizí, kamarádi se odcizí a tobě prostě ten lidský kontakt bude chybět.
A do toho byla ještě nekonečná mediální masáž o tom, jak všichni umřou.",sad,unemotional
Hope whatever these people r saying is truth and china is not hiding stuff for now like during covid time. Bcs out of nowhere  cases r suddnly coming out.,fear,anger
"I think it’s only going around in mostly china and it’s happened a few times before, right now it becoming a worldwide pandemic isn’t too much of a concern",sympathy,unemotional
And nothing changed in that regard.,sad,unemotional
No hay que compartir noticias de esto. Borra el post. Cuánto menos información circule menos chances hay de que se genere otra paranoia masiva y nos encierren un año entero o más. Difundan esto,joy,unemotional
In curand o sa avem etichete made in china si pe majoritatea virusurilor 🙄,disgust,anger
YES. Exam SKIP ⏭️,joy,unemotional
Babyahe ng China ang husband ko for business trip and wala namang major na problema sinasabi ang company,unemotional,unemotional
Que se venga el home office 2.0 hasta que aprendan los jefes boomers.,anger,unemotional
I hope you dont work in media or markets ..but yes threat doest take time to get real,unemotional,unemotional
"hojaye bc maja aajaye, aise hi bhot pollution ho raha hai",sadness,unemotional
Yea I would love another 6 months of staying home.,disgust,unemotional
"Nop, si no tienes mas de 70 y menos de 12 no te deberías preocupar. Ese tipo de virus no es como el COVID, apunta mucho más específicamente a menores y mayores. Lean un poco del tema en vez de ver noticias incompletas en Twitter. 

TLDR: Guárdense si tienen hijos o abuelitos, si no tranquilos no tienen nada de que preocuparse.",relief,unemotional
medj unrelated but may nakakaalam ba dito san pwede pa magpa booster ng covid vaccine? last booster ko kasi 2022 pa,anger,unemotional
Thx to the TikTok videos,unemotional,unemotional
"that's very sus with this virus, maybe there is something we don't know yet",fear,unemotional
"Duniya me kch bhi ho, India walo ka peshab pahle nikalta hai",happy,unemotional
"That's because they didn't expect people to ignore all of the safety precautions they outlined. It wouldn't have been a big deal, but people happened.",anger,unemotional
Happy Birthday. Don't go Hollow,joy,unemotional
nu m ar deranja inca cateva saptamani de scoala online tbh,relief,unemotional
"Todo estaba tan tranquilo y silencioso por donde vivo, no habia gente en las calles, parecia otra ciudad, se podia respirar aire fresco sin tantos caños de escape circulando... el planeta nos lo agradecio.",relief,unemotional
Vai JEE keh pehle aaja na india meh,fear,fear
I’m glad you’re still with us ❤️,surprise,anger
а теперь вопрос: смысл вакцины?,relief,unemotional
"Jako člověk co se celoživotně léči s depresemi a byl i jednou dobrovolné v léčebně:

Co to kurva s váma nominálně mentálně zdravejma lidma je že nedovedete strávit pár měsíců doma v relativním pohodlí a nezbláznit se z toho? Já se naučil hromadu věcí, dočetl knihy, dohnal resty apod.

Jestli jsem si z toho něco odnesl je, že duševní zdraví je strašně relativní koncept. Stačili už ti lidi co chytali hysteráky protože museli nosit respirátor (kterej jako řemeslník nosím půl dne a ""překvapivě"" dýchat můžu)

A co se týče těch cen: To je spíš symptom toho problému, že máme neskutečně křehký ekonomický systém co nedovede takovéhle pořád relativně malé krize ustát. To je to, co by nás mělo děsit. Co až se stane něco většího?",anger,anger
Research is hard. Better to just assume everything on Facebook is fact.,sympathy,anger
"Either they get to game, or it's not their problem anymore, win-win honestly.",enthusiasm,anger
"Ahh shit, here we go again!",unemotional,unemotional
bro's got his priorities right !!,enthusiasm,unemotional
[deleted],unemotional,unemotional
JEE cancel ho gaya to admissions bhi cancel honge,fear,fear
Hum bhi xhude the aap bhi xhudoge ![img](emote|t5_311ttu|32180),joy,fear
BC MC MKC ![img](emote|t5_311ttu|30176)![img](emote|t5_311ttu|49429),anger,anger
https://preview.redd.it/rkhjv511uvae1.jpeg?width=680&format=pjpg&auto=webp&s=1b3292fd205a71928f013f859e5ae16f8904f3f7,unemotional,unemotional
"Read the post more carefully, this is not a case where we can do some equivocating on the internet.

If this parent took the uncertainty in your response to heart and chose to take them home, there's a good chance the kid would die or be even sicker when they end up having to go to the hospital. Your colleagues in the urgent care HAVE seen her and want her transferred, that should be enough for you to wholeheartedly endorse the necessity of a transfer for a kid with an O2 sat of 82% on room air.",sympathy,anger
"I thought i had covid or the flu, I just tested negative for both but am still sick as a dog.",unemotional,unemotional
Lekin police ke dando se maut ho jyega,relief,unemotional
"the news is this

[Taiwan CDC](https://en.rti.org.tw/news/view/id/2012219)

Whatever reuters wrote wasn't it.",sadness,unemotional
"""Ah shit here we go again""",disgust,unemotional
"Yeah, it’s like still winter in China, and as far as I know there is a flu or something going around. I do t think it’s going to be like Covid or anything.
No need to panick ig?",unemotional,anger
"I’ll add that I’m a medical coder and part of what I do is assist patients with high medical bills and attempt to get them written off or reduced. 

Op, it’s likely you can get those Medicals waived or reduced. Medicaid usually has a 90 day retroactive look back on claims. Most people on unemployment also are usually eligible for snap as well. With the federal boosters in place, that might also give you some breathing room as well.",sympathy,unemotional
"It will take me months to try and archive something. But if you want some evidence. Google 2005 Covid cure the 2nd published Covid cure on August 22 2005. This is a different cure than the first one I was talking about 

https://pmc.ncbi.nlm.nih.gov/articles/PMC9846609/
Here's the first cure but it's not from Shanghai virology lab it's from national library of medicine and they water it down after Covid so people don't figure it out 

The TCM stands for Forsythia and this was the first cure published from Shanghai virology lab",unemotional,unemotional
Bhai waha pe young population crisis chal rha baccho k liye nhi karenge,happy,anger
So is the US,sad,unemotional
Thank you. The hospital staff also gave me a packet to apply for Medicaid so I am definitely doing that.,happy,unemotional
I'm not falling for this shit. Same with the covid BS.,anger,anger
Stay out of this one Bill Gates and Fauci.,unemotional,unemotional
"They’ve done it a couple times, that’s why he’s suing. I think this is the 3rd time they’ve just posted his face on an article about something bad happening. It’s really bizarre.",sad,unemotional
Lol😂😂, joy,unemotional
If there's a draft,unemotional,unemotional
"Ya habían dicho que se venía una nueva ""pandemia"" en 2025",anger,unemotional
India has a shit economy and leadership,sympathy,unemotional
Bachho me khushi ki lehar,joy,unemotional
"Youre lying. There were a lot more people who made the link.

Also, vaccines are fine, its when they begin using people as test subjects for unsafe and unvetted products that they called vaccines that damaged kids.

It takes years and decades to see the affects of thesr products.

And whistleblowers usually do get ousted and discredited when it affects billions in potential profits.",sympathy,anger
"I think you grossly underestimate the extent to which another pandemic would be exploited by stakeholders across the political spectrum. I can agree in so far as whatever 'leftist' means in this opinion would be included in that, but I find the take myopic overall.",anger,anger
U literally sound like that insane uncle...,disgust,anger
Y ahora que animal comieron está vez?,disgust,unemotional
Covid 2 electric boogaloo,relief,unemotional
"I ""designed"" it (lol it's really just two words in a pdf file) and got it printed online for a few bucks.",happy,unemotional
"Parece ser fake new, una noticia de tal calibre, saldría en medios más grandes",unemotional,disgust
"Checate los precios de la gasolina para que te acuerdes que ya andamos en el 2025 ,🥴",happy,unemotional
"Dont tell me. Another pandemic?

Yup.

And a lockdown?

Most likely.

Bring it on.",surprise,anger
Desde Twitter tiene días esa noticia y realmente nadie ha citado una fuente confiable ni ha dado datos para pensar que es una nota real. Parece solo spam.,unemotional,unemotional
"Con el covid me di cuenta que tenia familia changa muy tonta ya lo sabia por otras situaciones, te das cuenta como alguien asi te puede arruinar y literal empiezas a odiar a las personas",unemotional,unemotional
"Cool, another hazardous once-in-a-lifetime event.",disgut,unemotional
My life hasn't been great since 2019 anyways 🤣,happy,unemotional
Lmao didn't expect to see my meme being shared on this sub,joy,unemotional
Bjp win we get virus and lockdown,disgust,fear
"Hahahahahaha

What middle class?",joy,unemotional
Baka flu lang naman ito,anger,anger
HMPV virus? I can tell you that my school is not off due to that,unemotional,unemotional
"I got this in September last year and wound up getting viral pneumonia.

My partner kept telling me I was way worse than I thought, and now I have to listen to her in the future lol.",unemotional,anger
Hope you don't lose your job,fear,anger
Gun point pr banaya hai?🤣,happy,anger
"Si se llama Coronavirus, es un termini mas especifico COVID-19.
Esta enfermedad no es nueva.
Troll.",anger,unemotional
"i read the article. looks like you are downplaying it. covid was not common cold, it took a lot of lives, hmpv can too",sympathy,anger
Her Majesty's Papilloma Virus,joy,anger
"Pues si la viruela del mono te paso de noche... Aguanta vara masiosare, otra gripa más no le hace nada a la gente culera como tú comprenderás 🤣",anger,unemotional
Creo que va ver otra pandemia chiquita.. recientemente muchos se están enfermando en Asia con infecciones de gargantas muy raras.,anger,disgust
I FOUGHT THESE VIRUSES BEFORE,enthusiasm,unemotional
"Read the discaimer on the boxes of masks, all the stores and restaurants tried forcing you to wear.

Or 2 Weeks to stop the spread...

Or 6ft social distancing. LOL

Or the bizarre indoor dining rule where when seated, it was safe to take the mask off, but unsafe when waiting for a table...

Give me a fking break.",disgust,anger
"Water droplets can still escape the mask, why do people think a mask is a magic thing that fixes everything. It may reduce extremely large particles like flem, but water droplets can absolutely still get through.", disgust,unemotional
Take a look here on reddit - several subs dedicated to worshipping pandemics and even normal subs being dominated by pro pandemic weirdos.,disgust,unemotional
"Idk man, not like I know anything about HMPV but I remember hearing the exact same sentiment about COVID pre lockdown",fear,unemotional
"Year of the snake, last time it was the year of the mouse. We outta change the damn zodiac signs for something not related to poison/disease",anger,anger
"""i've play this game before""😭😭",sympathy,unemotional
"O no, se repite lo del 2020 ",unemotional,unemotional
Bhai 2-2 baar reply kioo diaa,unemotional,unemotional
Corona was bioengineered.,fear,unemotional
This time I’m just going feral.,sad,unemotional
Incorrect.,unemotional,unemotional
it becomes a problem to people only when their local store and McDonalds shuts down,sadness,unemotional
Mere bhi banjao...dost![img](emote|t5_311ttu|32180),anger,unemotional
Again?,unemotional,unemotional
"Left one rn . Not a science student but if they're gonna cancel boards then marks would be adjusted according to ore boards.  Gye fir toh . 

Plus if am gonna get admission through boards in the colleges am hoping to get in then am gone",fear,fear
long covid perhaps,fear,unemotional
A million? Try more like 6.8 million.,anger,unemotional
Arey ye vhi cold cough h jo abhi aek mhine pehle sabko hua tha ...😂,enthusiasm,unemotional
It’s Texas Children’s Hospital. I cannot even imagine her hospital stay being so costly. I am sincerely hoping I can utilize the resources available so I don’t drown in debt from this.,unemotional,unemotional
[deleted],unemotional,unemotional
Some one tell the virus to spread quicker I want lockdown back.,enthusiasm,anger
"Man I’m still in 2020, not again.",unemotional,unemotional
Health ministry has askd WHO also to look into the matter and provide actual information as well.,sympathy,unemotional
"It isn't for filthy isolated folk living on junk food and MDew, the same people posting those memes again and again.",disgust,unemotional
Se viene plandemia,unemotional,unemotional
"Fake News..... Un amigo de un amigo vive en China, escuchó eso y solo se rió de ello...",relief,anger
