text,actual,predicted
"Bird flus right at 50%, i am terrified of when that makes its first human to human transmission, since it's contagious as hell.",-1.0,-1.0
Links or the OP is slander.,-1.0,-1.0
Bhikari wale joke ko sarcasm nhi bolte,-1.0,0.0
Does mask help as well?,0.0,0.0
"Сам и вали, воен",0.0,0.0
Russia you are allowed to take down civilian airliners if you stop with the war,-1.0,1.0
Bro your sense of humour is just too good😭💀🤣,1.0,1.0
It's a joke probably to get Jack's attention,-1.0,0.0
La mayoría de los casos son leves,0.0,0.0
Fuck nazi twitter,-1.0,0.0
Bhai me to pb me fail tha,-1.0,0.0
y eso?,0.0,0.0
Ramdev running made me laugh.,1.0,0.0
FFS Greenland ruining again another Plaque INC run,0.0,0.0
"Pues en internet la noticia es nueva pero parece real...

[Fuente de información ](https://www.nmas.com.mx/salud/que-es-virus-hmpv-china-sintomas-enfermedad-respiratoria-ataca-ninos-menores-5-anos/)",0.0,0.0
"Bhai Hmpv maa chod dega agar lockdown lag gya sbke mental health already fuki hui hai, ghar mei bethna parega beyond repair damage hogi. Financially to pucho mat, indian economy ke lawde lag jayenge. Agar lockdown sachme serious raha to. Sala ye virus lora lassan ka dukh khatam kyu nahi hota 😭",-1.0,-1.0
[deleted],0.0,0.0
So we're going back to WFH ?,-1.0,-1.0
What the F is going on with China and viruses.  The place is a cesspool.,0.0,-1.0
"https://preview.redd.it/4kapz7lnkbbe1.jpeg?width=720&format=pjpg&auto=webp&s=b40650da4866a4104a226174b7646e098bfbb0b5

Probably because china is facing excessive cases",-1.0,-1.0
Ya saquen a China del server nmms,-1.0,-1.0
Thanks for sharing,1.0,1.0
abee bhaaii![img](emote|t5_311ttu|49427)srry  dost hai be wooh,-1.0,0.0
How much tickets to Greenland or Madagascar?,0.0,0.0
Uh huh. I think we found one who is just itching for a return to mask and vax mandates.,-1.0,0.0
Which state bro?,0.0,0.0
Kuch sahi nahi h bhai humare bhi lawde hi lage huye h,-1.0,-1.0
Obvio,0.0,0.0
"Pvtos Chinos, vuelen ese país laptm.",-1.0,-1.0
Hope it reach to india soon!,1.0,1.0
"Why should we be afraid? It's a common cold and even experts say not to bother worrying about it. Its effects are known to mostly be mild.

Covid was borderline worth the lockdowns it caused; it really was quite lethal in people of poor health and the elderly, and also seemed to randomly be more deadly in healthy people. With that said, I think many people agree now that we may have gone abit far after not reacting quickly enough to quell it before it really got going.

The media is just causing panic, again, for clicks. It's highly unethical and should be against journalistic integrity. But, I guess that integrity went out the window when 24/7 media became a thing.",0.0,0.0
here we go again,1.0,-1.0
![gif](giphy|uCR9NUDcI5SRCP9k4i|downsized),0.0,0.0
Debating vaccines and a climate skeptics subreddit? You really are the human equivalent of a participation trophy,-1.0,0.0
Cake,0.0,1.0
This happen with the last pandemic too,0.0,0.0
stop eating authentic shit!,-1.0,-1.0
"Not OP, but can I ask a related question? My son is 3.5yo and has asthma. He usually sits about 98% when healthy and not having an asthma flare. When he's sick, without an active asthma attack he generally ranges 94% but has dropped as low as 87%. We've been told to take him to the emergency room when he drops to 89% or lower... but is it safe for him to be 90-93% staying home in bed whenever he's sick? Because as of right now, that's currently what's happening.",1.0,0.0
"jbse lockdown hata hai (2022 march) , har 6th mahine naye lockdown ki khabar aati hai, kbhi koi naya strain,kbhi koi naya virus,kbhi monkeypox

aadat hogyi h ab, dw guys ye bhi fake hogi",-1.0,-1.0
"Cool bonus: unlike COVID which flummoxed us by its transmission methods, we know that flu is transmitted by spittle droplets.  Basic masks work for flu.",1.0,-1.0
Bombardeen Perú,0.0,1.0
"I'm well aware of what a vaccine is and does and I agree if the vaccine is properly tested it does wonders for the population. I have a problem with an experimental vaccine never tested being forced into the population with threats of losing your job. I have known many people who got vaccinated and had serious adverse effects and they regretted getting it. Label me if you want. If they would have followed the traditional route of testing the vaccine much like the flu or polio, I would agree, but they didn't.",-1.0,-1.0
"

>While the virus affects all ages it’s more serious in ages under 5 and over 65, or those with a weak immune system.

Soo, nearly every serious virus/sickness ever...",-1.0,-1.0
To whom you are giving thing message? To each Indian or to only Gujarati people ? At least use Hindi or English so that people can get you message. Local language is only for your surroundings. Hope you get it. Thank You.,0.0,0.0
Have you considered putting an end to your worthless life? Because you really should.,1.0,0.0
Bhai 2-2 baar reply kioo diaa,-1.0,0.0
Mera geo se pichle din band hua tha Saturday tha 6th ka,1.0,0.0
The bird flu going around while conservative influencers are pushing raw milk however…,-1.0,0.0
8 month old? huh,1.0,0.0
He will douse the box in vodka,-1.0,0.0
"Wait,is that Matt Gaetz?",0.0,0.0
"The virus that has been around since the early 2000's: *exists and increases during cold and flu season as it always does*
Media: ""NEW HORRIBLE VIRUS ON THE RISE""",1.0,-1.0
"Уже похуй максимально. Сдохну, так сдохну. А если нет, то и беспокоиться не о чем.",1.0,0.0
https://preview.redd.it/er1g9mk4l8ce1.png?width=1280&format=png&auto=webp&s=543c391930efb231153d16baed154e1cb9786052,0.0,0.0
Translation daalo bhau 😂,0.0,0.0
"Bro what.... this virus has been identified in 2001. Its not a new virus at all. Perhaps there was the first significant number of infections more recently, but we're all pretending this is something new that doctors have never seen before like covid",0.0,0.0
Pump season begins,-1.0,0.0
"Those who are praying ki virus ajaye they literally are kids 
They don't know how fatal it can be.. 
How your family gets broken!! 
The feeling of helplessnesss... 
The feeling of corruption!!!! 
The constant worrying ki inhe bhi na khodu kahi... 
Fuk offffffffff, I'm telling you kids... 
You don't know how bad it can hurt you... 
I'm still recovering my family too the scar and void is too big... 

Lastly dukh unhe nahi hota jo chale jaate hain dukh unhe hota hain jo reh jaate hain",0.0,0.0
"^[Sokka-Haiku](https://www.reddit.com/r/SokkaHaikuBot/comments/15kyv9r/what_is_a_sokka_haiku/) ^by ^Agngp:

*Current market is*

*News driven rather than stock's*

*Fundamental driven*

---
^Remember ^that ^one ^time ^Sokka ^accidentally ^used ^an ^extra ^syllable ^in ^that ^Haiku ^Battle ^in ^Ba ^Sing ^Se? ^That ^was ^a ^Sokka ^Haiku ^and ^you ^just ^made ^one.",0.0,0.0
Me when I see a beaver,0.0,0.0
"Conveniently as Trumps about to take over. 2 terms, 2 global pandemics? Been seeing a lot of ""Trump stimulus"" ads pop up. We will see...",-1.0,-1.0
"Nobody ever said it was 100% but again you just proved that they work by not allowing the particles to freely go into the air.

And of course the font cover their mouth with their hands, the mask protects most of the particles and they need their hands sanitary. I don't know what your problem with masks is, it's literally not a hard concept. Since when did being dumb as fuck become essentially a fashion statement on America?",0.0,-1.0
"Our media is no better, but my comment wasn’t about them 😅",0.0,-1.0
"Tal cual, hasta me atrevo a decir que están probando armas biológicas y como no se puede meter nadie a China a investigar eso son libres de hacer lo que quieran los come perros.",0.0,0.0
I have stayed home before,0.0,0.0
"Panica e cea similara Covid, unde oamenii puteau fi asimptomatici, dar s-a inchis toata societatea. Si mai apoi a disparut brusc si au reaparut racelile comune. 

Deci nu vorbim de riscul obiectiv ci de cel proiectat de catre mass-media.",-1.0,0.0
"Again, this isn’t a novel virus.",0.0,0.0
Someone playing Plague.Inc irl,0.0,0.0
I Just did.,-1.0,0.0
"[https://www.moneycontrol.com/news/business/markets/diis-net-buy-shares-worth-rs-5-750-crore-fiis-net-sell-rs-2-575-crore-shares-12904465.html](https://www.moneycontrol.com/news/business/markets/diis-net-buy-shares-worth-rs-5-750-crore-fiis-net-sell-rs-2-575-crore-shares-12904465.html) 

lo bhai data is here looks like retail investors sold the fuck out of market today.",-1.0,-1.0
"Please, it's bird flu we have to worry about now, not HMPV.",1.0,0.0
Me parece muy bien que se lleva a todos los putos del gobiern0 y los putos lacras. Ya Era hora,0.0,0.0
"Are you saying you trust the crazies *more* than the “medical consensus” derived from several professionals with more education, experience, and knowledge than the crazies and most of the …(idk “sanes”?) out there?",-1.0,-1.0
"Bc mera abhi jee ke baad college start hona hai mujhe koi bakchodi nahi chahiye, bc fresher year ruin karenge😭",-1.0,-1.0
"Next lockdown in 2030 starts: Being lockdown with GTA 6, Damn.",-1.0,1.0
"Keep dreaming, they will drag our corpse to the office if it means that they get to keep the tax benefits.",-1.0,0.0
What good is being afraid going to do? Might as well make a meme.,1.0,-1.0
They hate big pharma and yet they love those drugs.,-1.0,1.0
Hai cu lockdownu.,-1.0,0.0
[removed],0.0,0.0
1st any day. Especially joh corona ne fuck up ki thi mere school life ko. Not going thru that again. College nahi barbaad karni,0.0,-1.0
I sold all,-1.0,0.0
"Tbh I think I got this and had a hell a weekend with that shortness of breath , cough lungs out and fever for 3days like never happened to me till date I am 23 years old and this much bad flue Never happened but this time it was different like a serious problem and ran test for viral and came +ve also normal medicine didn't work for me even doc was shocked but some came through hell .
Btw I am indian and I have seen similar cases here like me so yeah 😉 new year was fun in bed with medicines.",0.0,-1.0
Two weeks? We were literally suffering for 2 years,-1.0,0.0
lund,0.0,0.0
"El sars era conocido, coronavirus hubieron toda la vida. Metaneumovirus hay ahora mismo en uruguay tmb. Lo que cambia son las sepas.",-1.0,0.0
![gif](giphy|6ILjOfJ1oL7NAc9SQ7),0.0,0.0
"Y como van los créditos sociales amigo? Nuestro lord todo poderoso ya te dio tu paga? (Es broma, por si acaso, siento que sueño grosero)",0.0,0.0
"Yes please no pandemic, I need to socialize and meet a girl. We cant do this again. We can’t do 2020 round 2.",1.0,-1.0
https://preview.redd.it/3s7b62yinqae1.jpeg?width=1080&format=pjpg&auto=webp&s=6e94ee0d893b28144535f1ab545e1885852b43d6,0.0,0.0
Legends waiting for ww3,0.0,0.0
"https://www.who.int/emergencies/disease-outbreak-news/item/2025-DON550

WHO is also Godi media?",0.0,0.0
![gif](giphy|40dEau6bZRO3S),0.0,0.0
"I'm waiting for epic protest against HMPV by Ramdas Athavale ""HMPV GO, GO HMPV....""",0.0,0.0
"Надеюсь, в этом раз мы добрались до чего-нибудь поинтереснее, по типу некроа (зомби) или сумеречной чумы (вампиры). ☝️",0.0,0.0
SSRO ko bol kar research karwau kya ![img](emote|t5_311ttu|32180),-1.0,-1.0
Why be afraid when you can embrace the sweet release of death?,-1.0,1.0
"que sobreviva quien tenga que sobrevivir.

![gif](giphy|zfRG5WaSnBPd6|downsized)",-1.0,-1.0
Season 2?,1.0,-1.0
Upvote this. Downvote the post. Misinformation or at least dramatizing unnecessarily needs to stop.,0.0,0.0
Depraved nonsense ^ 🤣,-1.0,0.0
"Just in time for FelonPOTUS to create a new pandemic.

What's old is new again.",0.0,0.0
Can we get zombies this time 🥹,1.0,0.0
Pendejadas.,-1.0,0.0
Koi china jaake yaha leke aao is virus ko jldi![img](emote|t5_311ttu|49427),-1.0,-1.0
Wait what the fuck is the HMPV VIRUS,1.0,-1.0
Let me guess...this virus came from a dragon that bit/had sex with a monkey. Why do these things happen every four years....I wonder.,-1.0,0.0
We have to start calling it Rare-sense now instead of Common 😭,-1.0,0.0
"Yep, cold is a symptom, not the disease itself.",0.0,0.0
"Thank you for your efforts in posting, no need to read any further!",0.0,1.0
"Prople here saying chill. Plz dont. Wear masks and take care of your parents 

Its an emergency state in china and malaysia. Its no joke. Even if its existed for decades, its causing an outbreak today. 

WHO has been asked to monitor china. Even they are taking this seriously. We should too.",-1.0,-1.0
"reporteros desindormadores rezando todos los días para que llegue una pandemia que nos mate a todos y nos haga sufrir un infierno

![gif](giphy|26uf9MHun4UNCYvle)",-1.0,0.0
PB mtlb?,0.0,0.0
Hope we get WFH again 😁,0.0,1.0
saale Agle saal 15 din mei 99%ile wali post kab aa rahi hai teri ![img](emote|t5_311ttu|30168),0.0,0.0
Lenovo LOQ is a good choice if you're budget minded. I have it no regrets. Better than the Acer Nitro I used to have.,1.0,-1.0
Jokes on you. I hope HMPV mujhe ho jaye aur me tapak jau.,-1.0,-1.0
"I mean yeah, it's the internet of course we'll make memes.

And NGL even if the virus spread around it ain't reaching covid levels, people and companies and governments are significantly more used to dealing with lockdowns.",0.0,-1.0
GOD MADE,1.0,0.0
There's a comment where I have linked a video that I posted on twitter which is same thing in english.,1.0,0.0
"Los chinos ya la cagaron 3 veces en menos de 5 años (covid 19, la represa que desaceleró la rotación de la tierra y el aerogenerador mas grande del mundo que modificó las corrientes de aire) y ahora salen con esto?? 

Creo que ya estaríamos de cagadas chinas por este siglo",1.0,0.0
Crazy another pandemic already,-1.0,-1.0
"Easy now, killer.  Don’t tell me to not to get worked up, because I’m not, and then turn around and drop some high school level insults.  They don’t work on adults.",-1.0,-1.0
"""They're eating the frogs""",0.0,0.0
"is this real ?

![gif](giphy|eFxpuiAuG4nrPNCPEM)",1.0,0.0
[deleted],0.0,0.0
"What’s funny is it’s reported 3 cases in India now but they say no need to worry. While the virus affects all ages it’s more serious in ages under 5 and over 65, or those with a weak immune system. Gee, where have I heard that before?",-1.0,-1.0
VIRUSES FROM CHINA ALSO HAVE A HALVING CYCLE OF 4 YEAR LIKE BITCOIN,-1.0,-1.0
https://preview.redd.it/wuz8cfqcf9ce1.jpeg?width=1170&format=pjpg&auto=webp&s=40f2c870f40119118e97735e366b8ad55d6af7a5,0.0,0.0
"And i will add, the “antivax, covid was a hoax” idiots are just as dangerous as the “every sniffle is the next covid” idiots.",-1.0,0.0
"Ayee khuda please, ek aisa plague de do, jisse koi na mareh, koi harm na ho, par exams pospone ho jaye.... 3-4 months k liye",0.0,1.0
Otro aislamiento wujuui 🥳🥳🥳,1.0,0.0
WTF from 2020 is back in 2025 yuhuuuu,-1.0,1.0
Pues ahorita no hay ningún medio confiable que haya dado la noticia,0.0,-1.0
Ab hoga Academic comeback in this new Lockdown season,1.0,-1.0
Imss del bienestar...... esos que recetan detentes y ponen vacunas falsas,-1.0,0.0
Politicians love a crisis. The left and the right. Communists and fascists. Wood pushers and fruit booters. They all love a good crisis.,-1.0,1.0
"90% gonna be harder, but with great revision and prep you can get it.

80% is much easier though.

Boards ask Basic questions from ncert. With enough Basic concept practice in physics you could do most of the questions (somehow people were saying last year that physics was tough, even though it was still pretty easy)

I did aakash tho and practiced their modules, so maybe I'm a bit biased towards board being easy, idk.",1.0,1.0
FB told me so LOL,0.0,-1.0
??,0.0,0.0
"Dip dip dippity dip, I said a dip dip dippity dip!",-1.0,0.0
Fuck man,-1.0,-1.0
So you’re telling me I ingested someone else’s mouth spittle without realising it? Just coming round from flu after having it since the week before Christmas. I had it last year too except it was flu b not flu a. I got all my vaccinations and it still knocked me down. I’d hate to see what it would be like without taking a vaccine.,-1.0,0.0
Mi compa el menos conspiranoico.,0.0,0.0
"Hi /u/Substantial-Coat-529. We are removing this post due to the following reason:

- Less than 200 combined karma

*I am a bot, and this action was performed automatically. Please [contact the moderators of this subreddit](/message/compose/?to=/r/ChikaPH) if you have any questions or concerns.*",1.0,1.0
"I've been to Monroe. It's sole claim to fame is you're slightly less likely to get stabbed in Monroe, than you are in Shreveport.",-1.0,0.0
100%,0.0,0.0
Что это блять,-1.0,-1.0
every virus comes and goes untill it doesnt and becomes next covid,0.0,-1.0
"We raise our wind in the open, none of those enclosed factory things.",0.0,0.0
"Hey, my symptoms are similar to you.. do you also have chest/back ache at times? I have been facing since last 2 days",-1.0,0.0
"I wish the media people had some brains and did their research before printing those headlines.


HMPV is NOT a new virus. There are HMPV patients in India every year. There is a new strain in China apparently which is causing Havoc. But china being china, is not giving more information on this. So let's wait for the virus to reach some other country where the genome sequence can be identified.


Please leave those kids alone. Don't quarantine/isolate them for god's sake.",-1.0,-1.0
"It's common slang for ""fixing to""",1.0,0.0
I gotta respect this,1.0,1.0
"Eso es muy cierto, pasa hasta acá en reddit",0.0,0.0
Un resfriado colombiano y mata todo bicho existente,-1.0,0.0
"A tenhle virus taky není nějaká novinka. Ale zase na druhou stranu covid vytvořil (a vytváří) velkou populaci s oslabenou imunitou, takže i věci, co by před covidem byly lokální nezajímavá záležitost teď mají potenciál udělat pěknou paseku.",-1.0,-1.0
"Que mal, bueno a descubrir si también soy asintomático a esto, ya me la pelo el COVID y sus variaciones, la influenza, y otras virales",0.0,0.0
[removed],1.0,0.0
And that’s how journalism died,0.0,-1.0
Vai bc har agle do mahine me news aati thi fir chali jati thi ain't gonna believe shit until real lockdown hits in the whole country,-1.0,0.0
Why panic bocz government not care of general life every country government know if so many cases then health care sector will collapse if that then general public will panic and whole economy will go down .,0.0,0.0
"So.....same day, same places?


After CNY? :)",0.0,0.0
Xq experimentam con enfermedades,0.0,0.0
Jo log padhai krte hi online h unhe kya problem lol,1.0,-1.0
No...se van a meter lonque el gobierno les  diga... primero los asustan y despues se inyectan. 🐑,-1.0,0.0
"I remember reading articles about Swine Flu, Ebola, and Zika

And then nothing happened",0.0,0.0
[deleted],0.0,0.0
virus is a propoganda just to make quick bucks. just a stunt by pharma companies to increase revenue.,1.0,0.0
They are trying to potrait it like covid 2.0 they want that sweet sweet trp,0.0,-1.0
But this time it’s with the side of WW3 in eastern Europe/middle east,0.0,0.0
haan and hell naw i dont want that i got only 300 rn,-1.0,-1.0
"https://preview.redd.it/m6ff2n8kxbbe1.jpeg?width=640&format=pjpg&auto=webp&s=72ef601e785bf50593aa8e63ae8ec68626bb2f34

saar wants you to WFH for 140 hours 😁",-1.0,-1.0
">dw guys ye bhi fake hogi

Saare major newspapers ne report ki hai.",-1.0,0.0
Somehow the crypto market doesn't give a fuck about the virus.,-1.0,0.0
mere wale se itna zor awaaz aata tha ki online class me bachche complain krte the ki iske mic se awaaz aa rhi hai ![img](emote|t5_311ttu|49466). aur wo laptop 90 degree se zyada khol do to screen glitch ho jata tha,1.0,0.0
"https://preview.redd.it/dq4dd680azae1.png?width=640&format=png&auto=webp&s=8e0c97a3cace0b7359407febab83fbe69f193115

 hey can this be brought to india within 20 days? asking for a friend",0.0,0.0
Agreed. 100% accurate. If a child is desating off of supplemental O2 or in resp distress before discharge then you'd be correct. But either I didn't read and reread the OPs information wrong or others didn't pay attention to what I wrote or possibly got triggered because anything against AMA certainly carries an emotional charge for us as physicians.,0.0,0.0
"I bought calls today, I'm sure what's gonna happen next.",1.0,0.0
"es falso, y duden de los medios mierdas que utilizan esto como información para atraer a gente sin criterio , es un virus viejo",0.0,0.0
![gif](giphy|VLN3op6YBcFVD0fQWD|downsized),0.0,0.0
"just bought tata power shares, ofcourse long term💀",1.0,0.0
![img](emote|t5_311ttu|32193)accha jaa rha,-1.0,0.0
VIT se hoon bhai sheru wale 🥲,-1.0,0.0
"Sálganse todos del planeta, quiero estar solo",0.0,0.0
[deleted],0.0,0.0
"Abeey yaaar, abhi toh recover ho raha tha. 

Phir GIRR GAYA😭",0.0,0.0
"Pos nada, otro evento histórico a la lista, ¡a darleeeeeeee!",0.0,0.0
Haha that one really got around. That poor guy.,-1.0,0.0
not confirmed by any credible news outlet so don’t panic over this,0.0,-1.0
Putos chinos se sacan enfermedades nuevas del culo los cabrones,-1.0,-1.0
"Looks like a repost. I've seen this image 1 time.

First Seen [Here](https://redd.it/1hv04ta) on 2025-01-06 96.88% match.

[View Search On repostsleuth.com](https://www.repostsleuth.com/search?postId=1hv4ymc&sameSub=false&filterOnlyOlder=true&memeFilter=false&filterDeadMatches=false&targetImageMatch=92&targetImageMemeMatch=97)

---

**Scope:** Reddit | **Target Percent:** 92% | **Max Age:** None | **Searched Images:** 711,404,489 | **Search Time:** 0.09191s",0.0,0.0
Please not another pandemic 🥲,-1.0,0.0
Oh fuck is this a joke?!?!,0.0,-1.0
Nothing factual from those circles. Just some anecdotal stories.,1.0,0.0
This virus comes from people with doo doo breath,-1.0,0.0
"tru the fire. Malamig ang klima sa China ngayon, kaya natural talagang aaykat ang common viruses. Ang HMPV ay hindi na bagong virus, kung ikukumpara natin sa COVID-19 na ang dating pangalan nito ay ""NOVEL Corona Virus -19"". 

Kahit naman ngayon dito sa Pilipinas ay malamig ang panahon at marami ang tinatrangkaso. Let us all stay vigilant and be prepared. : D",-1.0,0.0
"You don't really have a point tbf

The vaccine works. Just because a tiny percentage of people had a negative reaction to it does not dismiss this. Every vaccine can cause negative reactions, no matter how properly trialed it was",1.0,0.0
Just nod your head and walk away,-1.0,-1.0
"Date un tiro o algo, nos sale mas barato",-1.0,0.0
Ay no otra vez ya no. Mejor ya llévanos Dios,-1.0,0.0
"As long as the people knows na they have to wear facemask kapag may ubo sila, I think mga gantong sakit ay magiging controlled. Ang problema sa atin pag may ubo yung iba, proud sa ubo kung maka ubo as in kita ngala ngala 😅",-1.0,0.0
" -  The last pandemic was over a hundred years before COVID. 


This isn't true we have had quite a few in-between that, like the 09 swine flu and a few other flu pandemics. 


 - Yet every sniffle anywhere in the world results in calls for the next pandemic, masking and lockdowns. Monkey pox, norovirus, RSV, HMPV, bird flu - every one is an existential crisis according to the media fear machine.

Yes, this is nothing new and was how these things were reported before 2020. And it is possible for these to mutate to become severe pandemics. Which is why it's important to keep our eye on them.",-1.0,0.0
Que el alien te pague la casa o cobrarle renta,0.0,0.0
Tan pendejos,-1.0,0.0
Insert *we don't do that here* meme,1.0,0.0
Best of luck,0.0,0.0
arre bhai sorry bhaii maafiii![img](emote|t5_311ttu|32193),-1.0,0.0
diagnostics yes...just had a 9/11 though that piling up diagnostic and hospitals at this stage would be morally incorrect ?,0.0,0.0
Absolutamente !! 👏👏🙂‍↕️,0.0,0.0
"As long as you aren't obese and can pass a piss test. 

That's it.  That's the litmus test. 

(Yes, there's a handful of medical DQs as well)",-1.0,0.0
Pandemic my dick,-1.0,-1.0
"rock glorious hat society narrow straight wild zephyr shrill dazzling

 *This post was mass deleted and anonymized with [Redact](https://redact.dev/home)*",0.0,0.0
"okay but i had that last year, had never heard of it before (and tbf, that’s probably the reason it was so so horrible on me, no immunity memory) and it took me 43 days before i began to feel ANY kind of improvement. it ‘bout took me out, had to go get breathing treatments at the ER a few times. was fucking terrible!",-1.0,-1.0
"Oh shit, here we go again",0.0,0.0
"🤣🤣🤣

Where are the interviewers who asked ""where do you see yourself in 5 years"".",0.0,0.0
Bhai mai abhi train Mai betha hu Bengaluru ke liye aur ye sab suun raha hu![img](emote|t5_3mnyi|27432)![img](emote|t5_3mnyi|27423),0.0,-1.0
I was 10 bruh,0.0,-1.0
"Osea, dices que ahora SI a la gente le va valer v*rga las normas y por ende va haber muertes y multas y caos por todos lados... Estoy de acuerdo 😬",0.0,-1.0
"If it does happen tho, I'm gonna invest in hilaoing gaand on Instagram and see 5000x returns",0.0,0.0
"Also, most places will let you set up a payment plan. I had a friend who paid $10 month for 2 years until the bill was settled. It's horrible that finances dictate the amount of health care a person can access.  Please take the ambulance!",0.0,0.0
"Yeah, not happening",-1.0,-1.0
Covid 19 had very high mortality rate especially during the begining. This one doesnt as far as i have read in news. If something is happening behind the scenes in china then thats a different set of facts i am not aware of.,1.0,-1.0
Getting flashbacks,-1.0,-1.0
I’m from the uk and my friend who I am with all day every day has it I think I do as well if this is similar to Covid I would say buckle up as it has hit the uk like a recking ball idk if I should go to school or not as i have not got the symptoms,0.0,-1.0
"Ah, ok. I hardly ever know the members of a band",1.0,0.0
![gif](giphy|kd9BlRovbPOykLBMqX),0.0,0.0
NO MAMES NOOOOO!!,0.0,0.0
"In India, we don't do tests to confirm viruses. So even if it is spreading , we wouldn't know. Even if we know we wouldn't  declare it publicly. 
My dad was diagnosed with dengue and admitted in ICU but in the discharge summary they mentioned normal fever. 
 At least China is declaring.",-1.0,1.0
[removed],0.0,0.0
This time Vampires instead of bats,0.0,0.0
*Sad gastro people noises*,-1.0,0.0
Lalago na naman ang face shield industry neto,0.0,-1.0
Bruhh we’re cooked like a jack rabbit on a skillet in the middle of July!,-1.0,0.0
"Menos si se anda gestando en China, el H1N1 nos lo quisieron atribuir y el Covid a medio mundo menos ellos.",-1.0,-1.0
Por lo que leí este virus afecta a los niños y pre adolescentes,-1.0,-1.0
dude my social skills went down the drain during covid. this cant happen again,-1.0,0.0
"Go ahead ignore the fact the whole b.s. show started with people collapsing in the streets in china. not flu like symptoms at all.

Also i'm not denying people died. I am questioning the cause.

If you want to continue to trust authorities that lied to you every step of the way, you go right ahead.",-1.0,-1.0
This is just a common respiratory virus with the same severity as RSV.,0.0,0.0
"Didn’t go to well from what I recall. However there’s some real sad injustice going on with the millions of people every year before Covid happened that died from getting a cold/flu that progressed to be worse.. and they never got their death counter on the news. Same numbers, just not news worthy i guess 🤷‍♂️",-1.0,-1.0
oho economical crashes,0.0,0.0
"Wait, people are actually selling because of hmpv?",-1.0,0.0
"Why yes, diseases spreading is very racist, haven’t you heard?",0.0,0.0
Where are the dolphins? Can they confirm?,0.0,0.0
Этого нам бля не хватало...,0.0,-1.0
In sbki maa ke bhosde me aag lag jaye 🐅![img](emote|t5_311ttu|49199),-1.0,0.0
"Don't worry. This virus has been in the US and Europe for years. It's basically just any other respiratory virus. If you're not old, young, or immunocompromised, you'll be fine, which is the same with common flus and colds.

Chances are the western world has had a bunch of cases this winter and no one has tested because cases just look like regular flus or colds. This isn't that big a deal.",1.0,-1.0
That's going to lead you to some dangerous places can I just say,-1.0,-1.0
![img](emote|t5_311ttu|32180),1.0,0.0
"Bullshit that you may have to inconvenience yourself? maybe. It hasn't hit that point so no reason to get worked up. 

Or bullshit that you don't realize/believe 1.2 million people died from Covid? That would be fucking stupid.",-1.0,-1.0
">Last time football choota tha isbar bohut kuch chootega.

Fr bhai lockdown ke baad ek bhi tour nhi khela ( basketball khelta tha)

Pura hi choot gya",0.0,0.0
todavía no hay de que preocuparse hasta que medios más serios den información,0.0,0.0
Lol,0.0,1.0
[deleted],0.0,0.0
WE KNOW HIS NAME!,0.0,0.0
"HMPV isn't new, and the infection rates are increasing alongside other respiratory viruses, as you would expect to see during winter, everything is normal.",0.0,0.0
https://preview.redd.it/i9grpbkvbqae1.jpeg?width=493&format=pjpg&auto=webp&s=16106cd9f680004aeadea1db73fe6e7fa2ee50dd,0.0,0.0
"Thanks for abusing the report for Reddit resources, enjoy your ban 😑",-1.0,1.0
"Yes, common cold, you are a joke",-1.0,-1.0
China is in the middle of a cold and harsh winter so there’s obviously plenty of people getting sick at the same time and this ain’t a new virus either so don’t freak out just yet.,1.0,0.0
"Bhai zyada umeed mai mat rehna, NTA waale sabke gaand maarne ka plan kar raha hai iss saal....",-1.0,-1.0
"No, I dont want any pandemic anymore please 😭😭😭
I've had enough now",1.0,-1.0
"So, history repeats itself.",0.0,-1.0
I would rather give boards man my future would be fucked if they end up considering my prelim marks,-1.0,-1.0
"""COVID is God’s gift to the left."" - Jane Fonda, leftist.",-1.0,0.0
Oh no they understand. They're doing it on purpose,1.0,0.0
"Es clickbait.

Tranquilos. Si hubiera problema ya estarían otros procesos en marcha. No hay nada activado. Trabajo en un área relacionada a la salud y las cosas con el COVID fueron muy diferentes, casi de inmediato y hubo disrupciones notorias. Aunque no parezca los gobiernos y los organismos internacionales pueden reconocer el peligro de una pandemia de manera muy temprana. Este fenómeno en China no es una de de esas cosas.",0.0,0.0
"In 2019-20 I had my middle school final exams and due to covid they were much easier. Now I'm in my last year of highschool so I'll have the finals once again, it would be such a meme if this happened again and my exams would be easy",1.0,0.0
[deleted],0.0,0.0
"Ah, ok, eventual sa fi fost si prin IT, cand veneau ofertele pe banda rulanta. Bani multi, Glovo si dat la muie plebeilor care-si pierdeau bunastarea economica.",-1.0,0.0
"aw fuck, is this what i've been sick with for the past few days?

feels pretty gross to get a cold that's from the other side of the globe",1.0,-1.0
Friend on Xbox said it gives you testicular cancer in a party yesterday,0.0,0.0
"I'm hoping for another pandemic, i don't wanna get out, i wanna stay on my bed all day...",1.0,1.0
January na hi cancel hoga na hi mere se kuch hoga. Hope April cancel na ho.,0.0,-1.0
S-a dus naibii orașul de când a plecat Bolojan.,-1.0,0.0
Te estás tardando…,0.0,0.0
",",0.0,0.0
"It’s basically like the Flu, found a good article for reference 

https://www.bbc.com/news/articles/c23vjg7v7k0o",0.0,0.0
"""H1N5 has entered the chat""",0.0,1.0
covid leke hmpv de gaye hhmmmmm,-1.0,0.0
"It looks like you shared an AMP link. These should load faster, but AMP is controversial because of [concerns over privacy and the Open Web](https://www.reddit.com/r/AmputatorBot/comments/ehrq3z/why_did_i_build_amputatorbot).

Maybe check out **the canonical page** instead: **[https://m.economictimes.com/news/international/global-trends/hmpv-virus-in-china-covid-like-scare-human-metapneumovirus-faqs-symptoms-treatment-diagnosis-and-everything-else-you-should-know/articleshow/116909996.cms](https://m.economictimes.com/news/international/global-trends/hmpv-virus-in-china-covid-like-scare-human-metapneumovirus-faqs-symptoms-treatment-diagnosis-and-everything-else-you-should-know/articleshow/116909996.cms)**

*****

 ^(I'm a bot | )[^(Why & About)](https://www.reddit.com/r/AmputatorBot/comments/ehrq3z/why_did_i_build_amputatorbot)^( | )[^(Summon: u/AmputatorBot)](https://www.reddit.com/r/AmputatorBot/comments/cchly3/you_can_now_summon_amputatorbot/)",0.0,0.0
Puro verso,1.0,0.0
"Opravdová důchodová reforma přichází. Kdo zůstane doma, škodí si na stáří.  
Ok, tenhle jde i na děti :/ damn",-1.0,-1.0
big sharks were calm today in fact DII bought tons of stock...its the retailers who got panicked. Numbers are out for today.,0.0,0.0
"OMG
FORNITE SEASON 2",0.0,0.0
"It really makes me sad when cost is a financial barrier to healthcare – I’m sorry to hear your daughter is sick and that the costs are already adding up

An oxygen saturation of 82% is very low, normally we want it in a young healthy child to be at least 97%, ideally higher. Hypoxemia can cause considerable damage to many parts of the body. If she needs to be on an oxygen mask (beyond even nasal prongs) to keep her oxygen levels at normal range, that’s quite serious (even if you feel your daughter currently doesn’t physically appear to look that sick). This is not something that should be managed at an urgent care centre",1.0,0.0
Fake News bro,-1.0,-1.0
How? Show your work.,1.0,0.0
Iiiiiit's haaaappening 🤭,0.0,0.0
"Hey. Last week, I had a delightful squirrel testicle tartare topped with creamy bat caviar, and I barely got any tumors.",0.0,0.0
"Sabia cosas

https://preview.redd.it/pyn152zgwdbe1.jpeg?width=220&format=pjpg&auto=webp&s=55419991a9b61d55ad40e6790683570b5769dfcb",0.0,0.0
"Well, I guess it’s either we cry or laugh about it. And many people are just choosing to laugh about it for now. I suppose deep down a lot of folks are also worried about a possible new pandemic and a sense of humor is a way to cope. Let’s just do our best to stay safe and hope for the best that it won’t spread worldwide again.",1.0,-1.0
"brb sharted my pants (cancelling my flight to bangalore, peace)",1.0,0.0
[deleted],0.0,0.0
A mí también.,1.0,0.0
Can I enter your world?,0.0,0.0
[deleted],-1.0,0.0
"> Care e panica ca nu inteleg?

Stire preluata de la bihoreanul care zice ca

> În județul Bihor a fost confirmat, miercuri, **primul caz de îmbolnăvire cu noul virus** care se răspândește masiv în China, metapneumovirusul uman HMPV, extrem de contagios, care poate determina complicații severe în special la copii, vârstnici și persoane cu sistem imunitar slăbit.

urmat apoi de

> **Virusul nu este unul nou**, dar numărul crescut de cazuri raportate în ultimele două săptămâni, mai ales la minori, provoacă îngrijorare.

Se contrazice articolul singur. GG. Jurnalism de calitate. :D",-1.0,0.0
Humans getting closer to Zombieverse,-1.0,0.0
I played these games before,0.0,0.0
es una estratejia de maketi,0.0,0.0
Arey inki aisi taisi bhaii kyuuuuu,-1.0,0.0
This is wechat,0.0,0.0
Smart people are advocating for this.  The smartest people.  Ask anyone.,1.0,0.0
I mean we did that the first time too,0.0,0.0
Huh? What virus now?,0.0,0.0
jimon,0.0,0.0
https://preview.redd.it/qznqtnckl9ce1.jpeg?width=1170&format=pjpg&auto=webp&s=dc918cdb6177d246b56fb42fb7849b1986fba454,0.0,0.0
https://preview.redd.it/9vd3w4sigdbe1.png?width=1080&format=pjpg&auto=webp&s=51beeb3bdb6e144569f106f996df8318218e5004,-1.0,0.0
"A ver si se dejan de joder, y algun heroe global detona una nuclear en China. O cierren las fronteras, o matenlos a todos. No hacen otra cosa que desarrollar y propagar enfermedades.",0.0,0.0
"Pandemics and world wars, Reddit loves to panic about them",1.0,1.0
Subtitles bro!💀,0.0,0.0
Because the first case was very old and the spread is not much as per the time that has passed since then.,0.0,0.0
Kaun ajay,-1.0,-1.0
"They didn't send money over there, they send ammo and weapons from US Army stockpiles that otherwise would just have collected dust anyway. These have a pricetag on them of 60 Billion but this money is basically from the defense budgets of the past 10 years when the stuff was bought.

And since the US Army is going to continue to buy from the Military Industrial Complex regardless whether they need it or not they are probably glad that they could make some room for newly bought weapons and ammo.",0.0,0.0
Why?,1.0,0.0
Season 2 might be about avian flu mutating to spread among humans.,-1.0,1.0
Es falso.,-1.0,0.0
"In case yall thought we were fine because HMPV is new, prepare for the avian flu! H5N1 is the real deal babyyyy!",1.0,0.0
Coronaviruses go back to the 1960s.,0.0,1.0
"I also asked a few people I know who are in Beijing. Here's one of the conversation:

https://preview.redd.it/18fgvuz9sibe1.png?width=1080&format=pjpg&auto=webp&s=ad150208ba18fa8d7721e242a38f9108fd360370",0.0,0.0
1 año y 25 dias y aun te duele la cola? JAJAJAJA,-1.0,0.0
Los indios se hacen los boludos pero el hongo más chiquito ahí te simula el universo de The Last Of Us.,-1.0,0.0
Sus webos se lo dijeron supongo,0.0,0.0
"Came into prominence in the early 1980’s.

40 years is long enough to call an expression dated.",0.0,0.0
"> ITS NOT GOING TO

It ain’t gonna*",0.0,1.0
Padhai toh college ke last year me bhi ho jayegi par bakchodi nhi rukni chahiye ![img](emote|t5_311ttu|30180),0.0,0.0
"Державы всегда конкурируют, это непрерывный процесс. И он идет в обе стороны, а не ""одна вероломно нападает, а другая героически защищается"". 

А на территории Китая действуют подпольные службы штатов со своими лабораториями, ага. 

Чел, ты долбоеб и конспиролух, но мне даже интересно, какими аргументы у тебя еще припрятаны)",-1.0,0.0
"Ah no me preocuparía mucho todavía, yo me acuerdo cuando dijeron que había otro tipo de COVID que venía de las ratas y nada termino pasando con eso, yo esperaría hasta que termine viendo más casos en más lugares",0.0,0.0
Putos chinos !!! Siempre con sus mamadas,-1.0,0.0
Our lord Corona has Heard us and he is coming to save us from boards 🫴,-1.0,0.0
Otra vez...,0.0,-1.0
ciuma bubonica a fost asa de raspandita pentru ca nu existau antibiotice,0.0,-1.0
[removed],0.0,0.0
Abe yaar 10th ka exam hai.. bohot acha prepare kia hai sab kharab ho jayega bc,-1.0,-1.0
HK government is not at all the same as mainland CCP government…,0.0,0.0
I did not 💀,0.0,0.0
"**Welcome, u/Curious_Fun3519! Thank you for posting on /r/IndianMedSchool.**

* Do ensure that you have read our [**subreddit rules**](https://reddit.com/r/indianmedschool/about/rules) before posting. Any post that violates our rules will be removed immediately. Readers, if this post violates our subreddit rules - *do not engage, just report*.

* ***Reminder: this subreddit is not intended to seek medical advice of any kind. Please see a doctor in real life. We perma-ban all users who ask for medical advice.*** Please respect our community guidelines and direct your queries to practitioners of Modern Medicine in real life.

* Please follow [Reddit content policy](https://www.reddit.com/help/contentpolicy/) and [Reddiquette](https://support.reddithelp.com/hc/en-us/articles/205926439-Reddiquette) at all times. :)

* Check out our [Indian Medical School Group Chat](https://www.reddit.com/r/indianmedschool/s/VAKdzyZBn2)!

[Wiki - has study resource recs and important notices](https://www.reddit.com/r/indianmedschool/wiki/index/) **|** [Our Discord server](https://discord.gg/dgvMMCy) **|** [Modmail](https://www.reddit.com/message/compose?to=r/indianmedschool)

*I am a bot, and this action was performed automatically. Please [contact the moderators of this subreddit](/message/compose/?to=/r/indianmedschool) if you have any questions or concerns.*",0.0,0.0
![img](emote|t5_311ttu|49427)ok,-1.0,0.0
Delhi seh nikal Lena chahiye shayad...( Sikkim shift ho jate hai ),0.0,0.0
"No me caería mal un año de vacaciones otra vez, total, me gusta estar en casa",1.0,0.0
Mai to apne gav chala jaunga 👍,1.0,0.0
“They’re making the damn frogs!”,0.0,-1.0
"I know it's quite tempting to blame something for things that you can't control. But still it's important to realise that things just happen. Life is never a safe space for anyone. Also, the cases found in India do not have a Chinese origin. The strain in India is probably completely different from that in China. There is a lesser chance of this virus converting into a full blown pandemic...unless there aren't any severe mutations.",-1.0,-1.0
Yeaaaaahhhhhh!!!!!,1.0,0.0
"abey harr baar kyu cool banna hai, he meant to say ""who knows""",1.0,1.0
"To leave and go home would definitely be against medical advice, and signing out a child in acute hypoxic respiratory failure would immediately provoke a report to child protective services.",1.0,0.0
Why Railway? If another pandemic hits the railway profits will die,-1.0,-1.0
We don't know what is going on at the higher level but we feel that its nothing fear about as of now.,-1.0,0.0
"Our leaders were too stupid to do anything last time, other than fuck up small businesses and print money for the wealthy.

Why should we stop life again?",-1.0,-1.0
Not bad. Not my best either,-1.0,0.0
Cant wait for season 2 to release soon,1.0,0.0
"Enjoy the rest of the decade, big brains",-1.0,-1.0
I mean its technically allowed.,0.0,0.0
"Upvote por la referencia. No de nuevo, decía.",0.0,0.0
yea pretty sure I have this. family came back from Thailand and everyone sick since. Covid like symptoms but more severe. Been 2 weeks of suffering now with fever dreams and debilitating fatigue,-1.0,1.0
Sale una noticia asi cada 3 meses,0.0,0.0
The only top comment you'll find on Reddit is some 13-year old trying to be smart and saying something absolutely irrelevant for the sake of it.,0.0,-1.0
Опять дедушка Нургл веселится,-1.0,-1.0
"Ojalá haya otra pandemia, ahora tengo que jugar",-1.0,-1.0
I am ready to nominate myself as NON essential. I had to schlep into work every day during covid while everyone else sat home and collected 3x unemployment. Not this time Satan!,-1.0,1.0
[deleted],0.0,0.0
Frog,0.0,-1.0
"Claro. Podrías estar tranquilamente intubado y conectado a una máquina sin la cual no respirarías, disfrutando de la vida.",0.0,0.0
"La gente exagera, solo se deben quedar en casa los grupos vulnerables como los viejitos, los inmunosuprimidos y los marranos de cagada.",-1.0,0.0
Noticia falsa. Infórmense,0.0,0.0
"Otra vez tenían que ser chinos, vale reata. A encerrarse de nuevo.",-1.0,0.0
Common sense is an uncommon commodity.,-1.0,0.0
"Вирус убивает не какое-то число людей, а процент от популяции, то есть среди китайцев и индусов как раз и будет в точных числах больше жертв.

Я бы скорее подумал о том, что кто-то так решает проблему старения населения и переизбытка пенсионеров. Теория заговора та ещё, но пусть будет.",0.0,0.0
https://preview.redd.it/0dai7rdkfrae1.png?width=549&format=png&auto=webp&s=05e2b360bde7075ed70db59fdb9191f34148344b,0.0,0.0
Covid 1st wave was nothing compared to the second wave that came.,0.0,0.0
"Siento que, depende mucho de la carrera",0.0,0.0
so was covid,0.0,0.0
The only thing I'm sad about is gyms band hojaenge,0.0,0.0
![gif](giphy|JsGyRpqwVkBRPFEOil|downsized),0.0,0.0
Boy who cried wolf. Response to Covid was so overblown people are either not going to take the next one seriously or are still double-masking daily.,-1.0,0.0
Kung Flu part 2,-1.0,0.0
yeh kaisa govt hai virus failne ke baad measure leti hai ![img](emote|t5_311ttu|32193)exams ke samay hi lockdown laga doh na ![img](emote|t5_311ttu|52289),1.0,1.0
Taking one rn,0.0,0.0
That same info can be found in the articles I've read about the virus.  This shouldn't be difficult but the news got clicks and social media bullshit will do the rest.,-1.0,-1.0
"Esta noticia es más Fake que un ""basado en hechos reales"" al final de una película de terror",1.0,0.0
https://unitel.bo/noticias/salud/china-declaro-emergencia-por-una-nueva-enfermedad-respiratoria-esto-es-lo-que-se-sabe-MF14550396,0.0,0.0
Operators leave no room for not manipulating. Even an icky reason is enough.,0.0,0.0
FII sold more than double on 3rd jan than what they did today. FII are not responsible for todays slide.,1.0,0.0
Finally someone speaking about this Stupid joke,1.0,-1.0
Aane de aane de![img](emote|t5_311ttu|30367)![img](emote|t5_311ttu|49455),1.0,0.0
[deleted],0.0,0.0
"Jasně že to není optimální ale taky to není konec světa.

S kamarády můžeš pořád udržovat kontakt, my jsme začali hrát DnD online společně např. vlastně nás to sblížilo. Život si tomu prostě musíš přizpůsobit, což taky není lehký ale jde to.

A mediální ""masáž"" o tom jak všichni umřou jsem fakt nezaznamenal. Prostě jsme měli velkej problém a bylo třeba ho zvládnout. To je život. Celej život je o přízpůsobování se a zvládání problémů. Pokud se někdo posere z toho, že musel pár měsíců být doma, tak nevím jak chce zvládat real problémy.",1.0,-1.0
"I think they're describing some sort of AI design/editing, using real images. So, AI gets given a headline, and trawls the Internet for real, freely available photos to stitch together as a thumbnail, instead of having an AI generate the whole thing from scratch.",1.0,0.0
I would sure hope not.,-1.0,1.0
amazing! i didn't even think about that- i've started cricut crafting already for a party in june and im determined to make this man cry when he walks through the doors,1.0,0.0
called it the minute I saw it on the news lots of people were against me but I knew it was BS!,0.0,0.0
5 saal se ch*d hi raha hu bhai,0.0,1.0
"where poison swamp, Michael Zaki is disappointed",0.0,0.0
Are mujhe toh 1 hafte se saans lene me dikkat ho rhi....fatt rhi kahi HMPV na hojaye !!! 😐💀,-1.0,0.0
Да будто кому-то не похуй на карму,-1.0,-1.0
"Yeah, science has been concerned about a variety of bird and swine influenzas for at least the past 20 years, and none had near the impact that Covid did.",0.0,0.0
"Ngl, since 2020, I feel like these things go viral more often. Like news companies know ""disease from china"" will get clicks.",-1.0,0.0
https://preview.redd.it/vyw4miu2oice1.jpeg?width=640&format=pjpg&auto=webp&s=266f97f547f266eabb198e91b7f998a540b7eb53,0.0,0.0
"*procede a comprar un camión de roscas del costco*
*pide otro camión de papel pal fun.....*",0.0,0.0
Tech work fresher will finally get a job again,1.0,1.0
I thought it was just a common mispelling based on the keyboard layout that eventually people did on purpose,0.0,0.0
We don't really want to go through another period of quarantine. 🥲,-1.0,-1.0
"I prepared well, still on 2nd side",0.0,0.0
Both are no concern.,1.0,0.0
Itna chud gaye hai ki ab teri chudi Hui baat bhi achi lag rhi hai ![img](emote|t5_311ttu|32193),-1.0,-1.0
So is this real or another rumour??? Lockdown sachme lagne wala hai kya????![img](emote|t5_311ttu|30176)![img](emote|t5_311ttu|52289),1.0,-1.0
"Lmao bb save yourself and stop talking science when you don’t understand it at all. 

We are all born with certain abilities. And this is not one of yours.",-1.0,0.0
And singing cringey songs!,-1.0,0.0
+1000 social credit XD,0.0,0.0
"""The first known case was identified in Wuhan, China, in December 2019."" (Wall Street Journal) While yes, similar strains of the virus existed, the specific SARS-CoV-2 strain was only found in humans starting 2019. This virus has been known and well documented since 2001.",0.0,-1.0
"Sure that's one of the strategy, although you might just run out of cash if you keep buying ""each and every dip"". Others might look at macro economic trend, growth, earning, investor sentiments and decide if they want to invest or wait it out. 

Usually the plain old blind SIP is safer for most that don't want to deal with all this and are content with lower returns for less risk.",-1.0,0.0
I'm waiting for sequel of go corona go,1.0,0.0
I didn't prepare well and on the first side. Damn,1.0,-1.0
Otra vez y nuevamente con la 4Transa en el poder. Prepárense para ver morir otros 800k mexicanos.,0.0,0.0
This virus is mainly affecting only children… somewhere I feel China is coming up with interesting ways to curb their population.. funny..,-1.0,-1.0
"The issue with successful prevention is that people tend to think that it wasn't that big of a deal in the first place. 

But it wasn't as big of a deal as it could have been, because it was successfully prevented!",-1.0,0.0
Era suficient daca citeam doar titlul care a fost oricum jumate din stire.,-1.0,0.0
Let's be real. It's just an excuse for people to buy more toiletpaper.,0.0,0.0
Kon hai joh Plague Inc.khel raha hai duniya ke saath,0.0,0.0
Happy cake day sir,1.0,1.0
"Moje ideální pandemie je taková, proti které by existovalo očkování, ale bez něj by byla smrtnost aspoň 90 %.

  
Mimo jiné by pravděpodobně vymřeli plochozemci.",-1.0,-1.0
"\>Like China isn't one of if not the most racist country on earth.

Racist and fucking proud. This is not Europe mate, Chinese people aren't like the white who are getting cucked by the migrants, raping the native white people, and native white people can't do shit about it, because you know... ""YOU ARE FAR RIGHT, YOU ARE A FACISTTTTT CUH"". Lmao, it is always funny asf to me how white people aren't talking about this hard enough, when their native race is decreasing and decreasing, your countries are getting invaded by 3rd worlders without using guns and knives.

EDIT: Appears to me that I have hit some nerves. Maybe it is the white cucks or the migrants, lmao.",0.0,0.0
yes yes yes yes yes... No fucking boards,1.0,-1.0
"Yeah uske ander symptoms dikhe honge , adults m maybe time le. And ye toh reported hai agge kya pta kya ho",1.0,0.0
what the hell when did this happen,-1.0,0.0
High effort meme ![img](emote|t5_3mnyi|9611),1.0,0.0
"I've literally heard ""fixing to"" once in my life and it was in that incredibly cringe mirror speech by Paul Rudd in Wanderlust.",-1.0,0.0
"Yes, the virus under discussion is among those that people associate with the common cold but, hey, since when did people start believing the WHO and Newsweek (where the story appeared)?",-1.0,0.0
"dog flu, there you go. that'll be $59000 please.",1.0,0.0
lmao 😭🤧😭,-1.0,1.0
China and the pandemic are more consistent with sequels than Valve and Gabe,0.0,-1.0
"ahh the nostalgia!  
we used to mute online classes and play among us and code all day!",1.0,1.0
"Yes, Billiam.",0.0,-1.0
This is pretty cool!,1.0,1.0
https://www.who.int/emergencies/disease-outbreak-news/item/2025-DON550,0.0,0.0
"la primera vez fue aceptable, ya otra vez es porque es intencional",0.0,0.0
![gif](giphy|6ILjOfJ1oL7NAc9SQ7),0.0,0.0
Chalo guyz 2029 milte hai 🫡,-1.0,0.0
not a new virus,0.0,0.0
You guys are getting time off?,0.0,0.0
"And look who was the easiest to manipulate:

https://www.allsides.com/blog/partisan-divide-among-republicans-democrats-about-covid-risks",-1.0,0.0
"The vaccine is to help train your immune system against the virus, so that your immune system will be able to act appropriately and help reduce symptoms. It also happens to help save lives against more dangerous virus like the polio. Perhaps certain people does have adverse reactions to certain vaccines (maybe allergic reactions?) but on the whole vaccines does help the general population avoid devastating illness from spreading.

I really pity ppl like you, who believe that everything the government says is bs and shouldn’t be listened. You have your way of living, others have others, no need to name others as sheep’s. I could have labeled you as a sheep to misinformation/disinformation.",1.0,0.0
Ok Bot,1.0,0.0
чего блять?,0.0,-1.0
"#[Link to our Official Discord Server](https://discord.gg/NTpXGZVKTc)

#[Follow our Instagram Account](https://www.instagram.com/indiandankmemes_official/)

To download the video you can use one of the following sites:

#[Download link #1](https://redditsave.com/info?url=https://www.reddit.com/r/IndianDankMemes/comments/1huvtoc/meme_slander_of_hmpv_virus/)

#[Download link #2](https://saveredd.it/?url=https://www.reddit.com/r/IndianDankMemes/comments/1huvtoc/meme_slander_of_hmpv_virus/) 

#[Download link #3](https://viddit.red/?url=https://www.reddit.com/r/IndianDankMemes/comments/1huvtoc/meme_slander_of_hmpv_virus/) 

#[Link to Trim the Video](https://reddloader.com/download-post/?url=https://www.reddit.com/r/IndianDankMemes/comments/1huvtoc/meme_slander_of_hmpv_virus/&id=aafd4548)

*I am a bot, and this action was performed automatically. Please [contact the moderators of this subreddit](/message/compose/?to=/r/IndianDankMemes) if you have any questions or concerns.*",0.0,1.0
I dunno if I’d consider that a left wing thing and more a political media and politicians that are chomping at the bit for their next big crisis. A population in crisis is easier to manipulate.,-1.0,1.0
You can do that all you want. Everyone doing it at the same time is a disaster.,-1.0,-1.0
Thanks mate love you too,1.0,1.0
we got a mcFucking plague sequel before silksong smh,-1.0,0.0
Me padhai karu ya nahi koi bata do,-1.0,0.0
"All true, but we could still lock down again for a year just to be on the safe side.",1.0,0.0
а тебе реально хотелось бы чтобы как в книге ричарда престона было?,0.0,-1.0
😭😭🤧,-1.0,0.0
Same,0.0,0.0
So toss the balloons and keep it like that?,0.0,0.0
20 din me andar india mai aa sakta hai kya? (urgently needed),0.0,0.0
"NFT ? Crypto ? Bitcoins ? 

Nah toilet paper is where the value will be, I assure you",1.0,0.0
"Thanks for posting to /r/GetNoted. Please remember Rule 2: **Politics only allowed at r/PoliticsNoted.** We do allow historical posts (WW2, Ancient Rome, Ottomans, etc.) Just no current politicians.
***
We are also banning posts about the ongoing Israel/Palestine conflict as well as the Iran/Israel/USA conflict. 

Please report this post if it is about current Republicans, Democrats, Presidents, Prime Ministers, Israel/Palestine or anything else related to current politics. Thanks.


*I am a bot, and this action was performed automatically. Please [contact the moderators of this subreddit](/message/compose/?to=/r/GetNoted) if you have any questions or concerns.*",0.0,0.0
"And we should just get rid of driving regulations because people die in car accidents every day to protect one small group of responsible drivers?  Gtfo with that shit man.  Once you start talking about ""acceptable"" death rates or what demographic is acceptable to be at risk you've already gone past the point of being seriously fucked up.",-1.0,-1.0
this cannot be real right,-1.0,0.0
"We should all exercise caution as well as patience. A lot of problems were had due to panic during covid and several people suffered due to hoarding of masks, ppp, sanitizers, etc.


Just maintain distance from people especially those who are visibly sick and keep washing your hands from time to time. ",0.0,-1.0
"Some prudence at last from someone. COVID was not a joke. Many of us lost our Indian brothers and sisters, relatives, neighbours, and family members. Pray for better days ahead. Strive to succeed. May everyone get good grades in their exams.

My father served during Covid, and I will never forget how difficult things were for us. Our entire family contracted the infection. Pray for the safety of everyone around the world.",1.0,-1.0
Awesome idea!,1.0,1.0
They were properly tested… did you not read my link?,0.0,-1.0
"right now it's winter season sa US, so nakalabas na ang mask mandate esp in the healthcare setting since Nov. 1 up til March 31. they have what they call the Trifecta of Respiratory illnesses which consists of the common Flu, COVID and RSV.",0.0,0.0
"I’m sorry I’m not from the united states of fucking “freedom”. We didn’t take it for food or whatever “benefits” there are, although I do think such incentives may be required to get ppl to even seriously consider taking the vaccine.

Btw virus mutates, much quicker than human. This old vaccines could be less effective against new strains of the virus. This why some governments suggest the population to take the booster vaccine, to protect and reinforce protection against the virus and its new variant.

Also, calm down, no need to get worked up while arguing on the internet you (probably) bald fat fuck sitting in your mothers basement while she cheats on your dad in the bedroom above you.",-1.0,-1.0
"Vuelvan a checar las noticias, muchos medios globales conocidos ya lo están cubriendo y ya salió el gobierno de India a decir que ""no hay riesgo"". Me huele a qué ya bailó Bertha",0.0,0.0
"The TP panic buying surely was one of the oddest responses to the pandemic.

[I posted this five years ago.](https://www.reddit.com/r/PublicFreakout/comments/fg0tdb/honestly_the_most_interesting_reaction_to_the/) Yeesh.",0.0,0.0
"Aguanten el pedo, todavía no me recupero del Covid.",-1.0,0.0
"Chud gaye guru...🥲

![gif](giphy|joxThEgTJuSBO)",-1.0,1.0
right. Thanks,0.0,1.0
"I mean, the remake One has Better graphics but It Will not hit the Same way as the og",1.0,-1.0
Pre board,1.0,1.0
I guess community notes work pretty well…,0.0,-1.0
![gif](giphy|eKVEcPKGWZ7Tq),0.0,0.0
"""My experience sucked so the millions of people saved by masks and vaccines must be liars""

Edit: ""I also joke about threatening violence to anyone who disagrees with me because I can't argue like a grown adult""",-1.0,-1.0
okay WHERE did you get the You Aged sign??? I'm planning my bfs birthday and would LOVE THIS and the estus flasks. loveeee this,1.0,1.0
"Another chinese virus, We don't want.",-1.0,-1.0
Lode lage hai iss college me aakar,-1.0,0.0
Ковид был 5 лет назад….,0.0,0.0
"https://preview.redd.it/u2lqtxw0ycbe1.png?width=500&format=png&auto=webp&s=d234f646154e3b7bfe82551ac3d45f72317c03c2

????",-1.0,0.0
"Congratulations, you are smarter than vast majority of humans , who should have made everyone know as much as you do . A simple circular could have done that but no, all we got is mask and isolation news",1.0,-1.0
Absolutely wonderful! Amazing! Congratulations!!!,1.0,-1.0
Maine abhi preparation hi kar rha hu ![img](emote|t5_311ttu|49427),-1.0,-1.0
"Кремлебот нам не бро, бро",0.0,0.0
"Except it's not just the virus. People moving funds elsewhere like US bonds and USD giving more yield. Many countries in conflict and some others seem imminent. Inflation, earnings and consumption concerns in India.  The virus is likely least of the concerns right now. India is water stressed country along with climate change adaptations expected to cost quite a bit. The only thing going for India right now is the perceived political stability from 3rd term.",-1.0,-1.0
"No thanks, I like staying alive. I like most of my relatives alive. Literally no one of even slight sound mind wants another pandemic.",1.0,1.0
#**E   X   P   L   A   I   N**,0.0,0.0
"The world to China: “1 time is funny, 2 times is fucking annoying, no?”",-1.0,-1.0
Dicen que es fake,0.0,0.0
Váyanse a la verga. Ya no juego.,0.0,0.0
"No, es lo único haciéndole algo de contrapeso a los pinches USA y su gobierno asqueroso.",-1.0,0.0
As someone who lives with old people (grandparents) and works with even more old people (not in age but quantity) these people won't care unless it's guaranteed to affect them.,-1.0,0.0
Can tell OP didn't do his research.,-1.0,0.0
If I didn’t have a whole pharmacy at home I would probably be in the hospital tbh,1.0,0.0
Yes totally agree..correlation to covid has caused market to panic,-1.0,0.0
"If I die, I die. I am not going through quarantine again",-1.0,-1.0
This meme needs to go Viral (like the song loll),1.0,0.0
Is this info genuine?,0.0,0.0
"A simple mask does help, but only if worn correctly. Chin masks and thyroid masks that are used frequently do not help.",0.0,-1.0
Hmmm. A lot of people I know wears face mask na if they are sick. Hindi lang kapag may pandemic / outbreak yan.,-1.0,-1.0
That's what happens when people can't catch a break. Life's been so bad lately I wouldn't mind a virus hitting me at this point.,-1.0,-1.0
"Un chingo de gente murió por el COVID-19, y muchos allegados míos también.",0.0,-1.0
Jajaja ese virus se descubrio hace mas de 20 años y es normal que en invierno haya brotes. Afecta a niños menores de 5 años generalmente. No habrá nueva pandemia.,1.0,0.0
"Since covid I'm caring like zero about global pandemics, I don't know why",0.0,0.0
Aisa sochne wle Preboard mai top mrte honge ![img](emote|t5_2qt79|52293)![img](emote|t5_2qt79|52293)![img](emote|t5_2qt79|52293),0.0,-1.0
"Birds also don't have much in the way of hospitals and medicine. Veterinary care exists, but it is rather inadequate for entire populations when compared with human medical care.",1.0,-1.0
"ikr, it's so hard, reason for my downfall is I was left alone in a room with my brain",-1.0,0.0
hmpv has existed for decades and will continue to do so for decades to come?,0.0,0.0
[removed],-1.0,0.0
China's five year plans are a nightmare for the whole world👀,-1.0,-1.0
We all forgot the covid days and lockdowns or what? Because yall forgot everything else about that time and the arguments. Use the R word on a joke and people have to defend something that never needed defending. Might be a tell after thinking about it.,0.0,1.0
Каждый през из США запускает в Китае свой вирус,0.0,0.0
I dunno man I think you're just dumb as hell.,-1.0,-1.0
Insert the GTA meme.,0.0,0.0
*Starts drinking bleach*,-1.0,0.0
you seem to imply that the vaccine's fucked your immune system up? please dont tell me an anti vaxxer exists,-1.0,0.0
Kyun offend ho raha hai yaar? Tu literally teens ke sub pe hai idhar bakchodi hi hoti hai re.,-1.0,-1.0
Anti National virus,-1.0,0.0
"I'm honestly excited for it this time, I miss quarantine sm (except for the dying, that wasn't too awesome)",1.0,1.0
"Duniya mein kuch ho Jaye, sabse phle g Indian markets ki fat jati hai",1.0,0.0
"Pta madre china, no te pueden dejar solo ni unos pinches 5 años...",0.0,0.0
"As a gaming social worker, I miss covid. My job was easy. The roads were empty. Suddenly all the lost mates in MMOs and discord popped up again. I have enough games and boardgames to last me a lifetime to complete so let's go.",1.0,1.0
Back to wanking and gaming all day woo hoo !!!,1.0,1.0
"Time for another MAGA-Modi-Mega-Meetup?

Yayyy",0.0,1.0
It’s time to buy some bleach and IV lads  /s,-1.0,0.0
"here’s a study from 2007 talking about how common hmpv is in young children: [https://pmc.ncbi.nlm.nih.gov/articles/PMC1831873/](https://pmc.ncbi.nlm.nih.gov/articles/PMC1831873/)

I am not sure how dangerous this variant of virus would be, but many variants of this have been present for long time.",0.0,0.0
Wanna hit this ranch?,1.0,0.0
"15 din delay ho jaye saare exams competitive, bas aur kuch nahi",0.0,-1.0
"waaah bhencho tff😭😭😭 wps lockdown lg jaega kya, wps thali bajani pdegi kyaa😭😭😭💀💀💀💀💀💀💀",-1.0,0.0
They’re making the!”,0.0,0.0
https://preview.redd.it/ax87fgr4wpae1.jpeg?width=320&format=pjpg&auto=webp&s=19ebc992063febe584b8bcb8396940cc684ffa9b,0.0,0.0
What’s funny is shouldn’t we be way more scared of the chance that the bird flu mutates and becomes airborne?,-1.0,0.0
PTSD,-1.0,0.0
"Let me buy a Switch 2 first at least, Winnie!",1.0,0.0
"HMPV virus neni jako covid-19
Jenom muze byt nebezpecny pro velmi male deti a lidi s oslabenou immunitou",0.0,0.0
Ladk ka naam rk lo vro apke bhi ho jayege,0.0,0.0
Okay👍,1.0,0.0
"sure it may not be as infective as covid, but the mortality rate of HMPV is extremely high",0.0,-1.0
":000 beautiful!! btw, where did you get the sword from in the first picture? looks cool (:",1.0,1.0
Bhopal vai,0.0,0.0
We are watching an origin story and character arc in the making people!,0.0,0.0
Fox pushes a different type of fear and i agree with you they are all owned by billionaires but the mainstream media minus fox is generally a DNC propaganda machine.,0.0,-1.0
same i can’t do another lock down im just starting my life 😭,1.0,0.0
"Taky si rikam, ze by je byla skoda vyhodit, akorat jim bude koncit expirace a na rymicky je to skoda. 

Ale ted je prece jeste cas, je to daleko, poslem jim nase prebytky nevyuzitych respiratoru a v breznu nam pak poslou za miliardu zpatky ty jejich KN95 malirsky trychtyre proti prachu. Az ten vir ale zmutuje, do te doby pohoda jazz a vsadit na to, ze to neudela. No a kdyz zmutuje, tak uz to mame nacvicene, tvarit se zodpovedne a pritom na opatreni kaslat a v realu doufat, ze ten vir se nejak sam oslabi jako dycky.",-1.0,-1.0
https://preview.redd.it/m8oce0d1egbe1.jpeg?width=1440&format=pjpg&auto=webp&s=4b9a12bcde45dc82829e79c2dc4ffc512ba2c88d,0.0,0.0
Todos,0.0,0.0
"Good job Jack you allowed more of these people to create garbage,",-1.0,0.0
"legit bas koi bhi 1-2-3 ghnte ka oneshot dekh le depending on your strength in that chapter, fir koi pyq session dekhle and khudse pause karke try karte ja, and end mei derivations dekh le uss chapter ka, 90% confirm ho jayga in physics

chemistry is even easier, questions mostly theoretical hi hai, follow same method for physical chem and some parts of organic and you are good to go",1.0,0.0
No tenemos tanta suerte,-1.0,0.0
I'm a digital professional DM and a stay at home dad.... my life doesn't change all that much. I got this.,1.0,-1.0
Mera principal,0.0,0.0
Yaaar yeh log Ek zombie wala kyon nahi nikalte. Mereko post apocalyptic world mein rehna ab,0.0,-1.0
It broke out in november/december 2019 by the way. We just didn't care yet.,0.0,-1.0
"Ooh tu to bhai 26 wala hai, ma'zrat![img](emote|t5_311ttu|49427)",-1.0,-1.0
"Oh no, does Biden have to declare a National Emergency? Does he then hand the reigns over to VP Harris and then we get Medicare-for-All, money to start new businesses, money to buy a first home, and money to start a new family?",0.0,1.0
Shut up pussy,-1.0,1.0
"Como que los murciélagos saben deliciosos, ¿no?. .\_\_\_.",0.0,0.0
![gif](giphy|kqJt1cSSN0DrwwMmY5|downsized),0.0,0.0
La enfermedad solo afecta niños,0.0,0.0
Ебатся врастся  что это за нахуй,0.0,-1.0
Jee and boards delay ya cancel krwado phir alecc daddy se iski vaccine nikalwauga ![img](emote|t5_311ttu|30367)(I want my college life),0.0,0.0
"If this is true, where can I read more about it?",0.0,0.0
I was also thinking why news are using it as a trp bait after i read about it here few hours later its on news im like wth there not talking about specifics and claiming its the same one from china!,0.0,0.0
You guys can stay home for 2 weeks?,0.0,-1.0
I hope india me aaye aur kuch specific log marjaye,1.0,-1.0
"\*\*Human Metapneumovirus (HMPV)\*\* is a common respiratory virus that causes infections similar to the flu, such as cough, fever, runny nose, and sore throat.

Currently, there has been a \*\*rise in HMPV cases in China\*\*, which has raised global health concerns

However, the Indian Council of Medical Research (ICMR) has detected only a few cases in India, and there is no unusual surge in infections. 2-3 cases in India.

Health authorities are closely monitoring the situation and have issued guidelines to manage the spread.

As for another pandemic, there is no indication of a new pandemic at this time.",0.0,0.0
">habiendo así verdadera posibilidad de una pandemia, aunque posiblemente solo en china

Si es solo en China, entonces no es una pandemia.",0.0,0.0
The worst part about cancer is ...,0.0,0.0
We made memes of covid,0.0,0.0
[deleted],0.0,0.0
Right side,-1.0,0.0
Нехер летучих мышей жрать,0.0,0.0
The fucking what?,-1.0,-1.0
Already Covid ki vajah se socially awkward ho chuka hu aur kya hi bura ho skta h,-1.0,-1.0
"Uhm... COVID was also just a ""common cold"" thats a symptom not an actual illness. The ""common cold"" as you know it is most likely the Rhinovirus.. which this isn't... Have it isnt called the Rhinovirus... Maybe you should try doing your own research",0.0,-1.0
"https://preview.redd.it/v3tfo9lx6jce1.jpeg?width=1080&format=pjpg&auto=webp&s=3c71d5c216c4f7641ccef46e4bf171b55907f57e

Let's see if I survive.",0.0,0.0
Ahora que se tragaron pinches chinos cabrones? Ptm,0.0,-1.0
"No me insulte, compa.",-1.0,0.0
The HMPV? Wtf?,0.0,-1.0
That’s hilarious,0.0,1.0
Was it not RNA?,0.0,0.0
No tienen otras cosas que hacer esos pajeros? Ya fue,-1.0,0.0
They already announced it is not a danger to us,0.0,0.0
Necesitan más vacunados. Algo traen esas vacunas.,-1.0,0.0
Still trust indian agency reports?,0.0,-1.0
Yes and some small caps,-1.0,-1.0
"anyway we must ""be safe rather than sorry""",-1.0,0.0
There's an english version of the video in comments,1.0,0.0
"If evolution taught us anything, this one’s gonna be worse",-1.0,0.0
No me digas otra vez viene de china?,0.0,-1.0
Fuente? De los deseos,-1.0,0.0
[deleted],1.0,0.0
You mean face shield? 😭,0.0,1.0
HMPV thoda difficult naam hai. COVID 3.0 rakh dete.,1.0,0.0
Jajaja lo que digas rey,-1.0,0.0
"I wanted to argue normally with you then I read ur username ... I thought ok still maybe a normal human

Then I saw that you play fallout 76. I don't argue with those kinds of disgusting people 🤮 /s lol",-1.0,-1.0
[deleted],0.0,0.0
So glad to hear she’s doing better. Sounds like her mommy is pretty strong too.,1.0,-1.0
Mere school wale fir ek dusra PB aur 5k lekr sbke 90+ marks krwa denge LOLLLL,1.0,-1.0
"I can fucking guarantee you never left your mom's basement, that's the reason you should shut the fuck up and maybe put lead in your lobe.",-1.0,-1.0
I wishhhh,-1.0,0.0
Thats kind of true.,-1.0,0.0
Yeah no idea what the hold up is ;),0.0,0.0
Llama,1.0,0.0
😆,0.0,0.0
De dioooos,0.0,0.0
"Falta de empatía es como sobrevives tú, eso claro lo tengo.",-1.0,0.0
Looks like people want some action. Gone are the days where market hardly moved for weeks. Now a 1% percent up and down is normal.,1.0,0.0
"No otra vez, ya bombardeen china alv.",-1.0,0.0
"Doufám, že pravdu máš tentokrát.",0.0,0.0
Well that's terrible news given how many troglodytes have politicized masks and refuse to wear them.,1.0,-1.0
[removed],1.0,0.0
Solo se contagia por fluidos corporales,0.0,-1.0
There is not one mention of the ongoing outbreak in the article talking about viral outbreaks.,-1.0,0.0
"I saw this and I’m wondering if they made their own memes, or if they (more likely) are stealing, because the irony of that would be crazy",-1.0,-1.0
HMPV is literally just the common cold...,0.0,0.0
"> fixing to

Fixin ta

Fi’in ‘da

Finna

Finally gonna and fixin to do not mean the exact same thing. 

Fixin to means you’re planning on it. Finally gonna means you’re executing on that plan. 

> I’m fixin to inhale that plate of grits when I’m done making ‘em 

Vs

> I’m finally gonna inhale these grits, now that I’m done making ‘em",0.0,0.0
"Ekonomicky a psychicky.
Covid vyrobil hromadu lidí s psychickými problémy a z cenového šoku se vzpamatováváme ještě teď",-1.0,0.0
"Yes, and it's relevant because the specific barcode is what decides if you get sniffles or smallpox",-1.0,0.0
"""The clinical features and severity of HMPV are similar to those of RSV""

So yes, it is a joke.",-1.0,0.0
Not again,-1.0,0.0
Jitna piche utna zyada competition,0.0,0.0
It all starts with this,-1.0,0.0
"i think people also said covid was like the flu

until everyone learned flu like symptoms is in everything

the take away is if you arent feeling well call out, wear face masks, take pre cautions to keep people safe",0.0,-1.0
Lo de la emergencia sanitaria es fake,0.0,0.0
El brote este es de un virus ya conocido (no nuevo como el Sars-Cov-2) y además no es una súper epidemia. Es solo un brote nomás,1.0,0.0
"https://preview.redd.it/xmzwdd79w2be1.png?width=1200&format=png&auto=webp&s=1e9ae5bd235ee79f03387203cd8ace02083615de

# yo el 1/1/2025 pidiendo que sea un gran año",0.0,0.0
Bhai sun sahi me easy rehta hai kya boards?? Mujhe 80 90% laane hai ghar walo ke itne expectations hai and padhai me sirf maths hua hai physics chemistry dono barbaad hai ab start karunga toh ho jayega??,-1.0,0.0
"I think it was a typo. It is incredibly unlikely that a virus like Coronavirus managed to stay inside a single city for a whole year.

The problem is either it's human transmissible or it's not. If it's not, having it all happen in a geographically small area is quite unlikely. If it is, it would have spread outside of the city much quicker.",1.0,0.0
Guys boards hone chahiye pre boards mai hag diya hai😭🙏🏻,0.0,1.0
"Ya van a empezar con la paranoia, que no quisieron hacer lo mismo con la viruela del mono hace meses? De verdad que andan chingue y chingue con hacer otra pandemia, y todos creyéndose la jalada solo para hacer Home Office. Y todavía para vacunarse con algo que te hará sentir peor que cuando no tenías nada y para rematar se enfermaban de todas formas con las 3 vacunas puestas.",0.0,0.0
my 4gb ram laptop is very happy bcoz i run linux on it,1.0,0.0
im also introvert pr itna bhi normal nhi tha,-1.0,-1.0
https://preview.redd.it/ysidf949d9ce1.png?width=488&format=png&auto=webp&s=21ad31d37acadf5a9c33298b6c6f7a10fbe0e71a,0.0,0.0
Todo son planes para meterle miedo a la población y después hacer que se vacunen con su veneno ☠️ pero lo mejor es dejar de ver noticias así uno vive más feliz 😀,0.0,0.0
"El alejo que comenta sin informarse.
https://m.economictimes.com/news/international/global-trends/hmpv-virus-in-china-covid-like-scare-human-metapneumovirus-faqs-symptoms-treatment-diagnosis-and-everything-else-you-should-know/amp_articleshow/116909996.cms",0.0,0.0
🤓,1.0,0.0
Exactly. PC parts are made in China (like the virus).,-1.0,-1.0
It will not be a pandemic because we found it early.,1.0,-1.0
"Ya quieren marear otra vez a la gente, haber cuántos se pasan esto por los 🥚",0.0,0.0
"Happy cake day

https://preview.redd.it/d6p1nmu0bbce1.jpeg?width=791&format=pjpg&auto=webp&s=4e6963485dd89bbf21552636daad9373c3a4d746",1.0,1.0
You are so close to awakening... just a little further little sea turtle until you'll be free in the ocean.,1.0,0.0
Wey ya😔,-1.0,0.0
Aew we gonna get a second lock down before GTA6?,1.0,0.0
Bro the country can't afford a lockdown now. Economy chud jaayegi,0.0,-1.0
Pero andate a la puta que te parió Rejuvensex,0.0,0.0
"Da și nu. Depinde ce înțelegi prin ""formă evoluată"" și ""virus cunoscut"".

SARS-CoV-1 și 2 fac parte din genul Betacoronavirus (alături de MERS-CoV) dar sunt unice în subgenul Sarbecovirus. Adică până în 2020, SARS-CoV-1 era singurul Sarbecovir. Ambele SARS-CoV au un strămoș comun, având o similaritate genetică reciprocă de ~80%. Practic asta l-a făcut ""novel human coronavirus"", diferența genetică față de cele cunoscute și faptul că nu a mai fost detectat în oameni până atunci.

HMPV face parte din genul Metapneumovirus, dar nu este mai departe segmentat în subgenuri, ci în linii genetice (A/B). Toate cazurile de HMPV genotipate până acum nu au indicat existența unei noi linii genetice, deci nu este ""novel"".

Ca idee, în cazul gripei, literele A,B,C reprezintă de fapt clasificarea de genus (Alphainfluenzavirus, Betainfluenzavirus etc), mai departe ele sunt grupate în subtipuri/linii genetice (H1, N1, Yamagata etc).",0.0,0.0
Well I think the majority have a symptom cluster more akin to influenza meets mononucleosis - a bit more obvious something strange is going on. My point was some can have it as mild as cold symptoms. But yeah same point,0.0,-1.0
[deleted],0.0,0.0
"Kdyby hlava,,,",0.0,0.0
Sugerencia antes de pensar que esto es real: buscad el nombre de este tío.,-1.0,0.0
They are pulling out from long time now,0.0,0.0
![gif](giphy|rmi45iyhIPuRG),0.0,0.0
Fair I'm not from America,0.0,-1.0
"Not worried at all.

https://preview.redd.it/jaomttif1dbe1.png?width=1080&format=pjpg&auto=webp&s=052dbaa2fd03457926a6e6b6e4852849a6ef4be4",1.0,1.0
"To je právě ten problém s prevencí. Za problém, kterému se zabránilo, nedostaneš kredit.

Tou vakcínou bys ve Wuhanu naočkoval desetitisíce lidí, a vývoj by se nezaplatil. To že by to ušetřilo miliardy, to se nikdy nedovis a nikdo ti to nedá.

Kdyby CrowdStrike pustil pár korun do testování, to samé. Stejně jako české nemocnice a ransomware.",-1.0,0.0
Valen verga pinches chinos,-1.0,0.0
"Guys who live in Paris. Go down to the catacombs and get the mutated plague pathogen. Then send it to China as a gift, otherwise their kindness should not go unappreciated.",-1.0,0.0
"No, eso se da en el Sur, tierras sin ley allá donde proliferan los ""usos y costumbres"" que hasta burros se cogen",-1.0,0.0
Can someone please translate the video?,1.0,0.0
https://preview.redd.it/jznpo3blwxae1.jpeg?width=1170&format=pjpg&auto=webp&s=d8fe501d4a5b45a477e572e23c8396c5b7ad0924,0.0,0.0
"Without custom tax?
No chance",-1.0,-1.0
[removed],0.0,0.0
Drunk if u think this isn’t a plandemic,-1.0,0.0
Anyone else just like “here we go againnnn”,1.0,0.0
"Si lo hubiera escrito el 28 de diciembre, habría sido más serio",-1.0,0.0
Lots of things can happen in life.....we stand on a very thin thread....but...let us be positive not be careless and be happy.......,0.0,0.0
"Do your own research, but by reading what the real researchers have found.",0.0,0.0
Kk dost mera ptsd kick in ho jata,-1.0,0.0
"sighhhh society makes me want to ⬛️ my head :(

https://preview.redd.it/9698b2hs8ace1.jpeg?width=242&format=pjpg&auto=webp&s=77a5c2dac1ef52ef0bcee901663a7b12c1629cda",-1.0,-1.0
Bhai thoda summary translated pla,0.0,0.0
haa yeh bhi theek hai. Waise bhi result ke baad latakne hi wala tha ![img](emote|t5_311ttu|32193),0.0,0.0
"Better yet, have YOU been smoking bath salts?",-1.0,-1.0
Rhino can cause pneumonia but less likely.  Usually just upper respiratory infection.,0.0,0.0
"Ничего, что вирус лабораторный?",0.0,-1.0
"""Miren muchachos ahí viene la muerte andando, vamos a recibirla como caballeros """,0.0,0.0
"Dudo que llegue a tales extremos como en pandemia, la raza ya ha de estar atenta a que no hacer",0.0,0.0
entonces como piensas hacer que la hambruna artificial paresza real,0.0,0.0
"Lo sentimos mucho pero tuvimos que eliminar tu post por incitar a la violencia, en este sub tratamos de mantener un ambiente sano, donde la gente venga, pida ayuda y la reciba, no lo contrario, te pedimos por favor qué no lo hagas más por que esto ocasiona qué otros también lo hagan, gracias.",0.0,-1.0
kyunki bhai aisa hi hua tha. timeline ekdum same hai. socho zara!!,-1.0,-1.0
Apparently the indian influencers in china are doing a better job than the Indian media,1.0,-1.0
"Ojalá y si, ojalá y ya no haya dinosaurios y sea un mundo mejor donde las personas puedan encontrar trabajo, personas trabajadoras hay, pero no les dan una maldita oportunidad, no suelo comentar con tanta euforia, pero si esta qlerisima la situación para encontrar un trabajo de lo que estudiaste porque simplemente no dan la oportunidad de entrar.",0.0,0.0
"https://i.redd.it/apxjx3rd7cbe1.gif

Thanks to RT PCR and strain id we can unnecessarily panic now and then",0.0,1.0
Releasing reactbot to everyone and its consequences,-1.0,-1.0
"Eso es lo único que hacéis allí, rebuznar. Si es que no servís para nada jaja. Llegáis a europa con doctorados y no sabéis ni limpiar culos. Que te vas a esperar de una sociedad tan inculta y fácil de someter. Latinos dicen y no saben ni escribir español los analfabetos. Que allí llegará el español no os convierte en latinos si no hispanos. El español es español y no es latín. Se llaman LATAM jajajaja. Hay que ser muy retrasado para eso. Yo cuando leo la palabra latino me harto de reír. Latinos del sagro imperio romano de las Américas jajajaja.por el francés y el portugués cuando estos primeros tienen allí tres islas que aún forman parte de sus colonias igual que tienen los ingleses. Gracias a qué le comieron la polla a anglosajones y gringos lleváis siglos de decadencia y dictaduras. Pero bueno, por mi como si desaparecieran.mientras me dejen allí sus países para beber y follarme a sus mujeres lo demás me sobra. Por mi como si vais todos a la miseria. Por qué ese resentimiento de incultos ya no os lo quita nadie. LATAM. Valientes gilipollas sois 😂😂😂🤡",0.0,0.0
Fantasía es una palabra... Rara para elegir en ese contexto.,0.0,0.0
Okk,0.0,0.0
"Choro bhai, he's just trying to cook something.

And all he has cooked is salad and cereal.",0.0,1.0
Right? Corona was hard enough pls im entering my senior year,-1.0,0.0
It was already there I guess.. Probably started testing now,0.0,0.0
Nope! Not gunna work. Byyyeeee Felicia,0.0,-1.0
Pues va entrar el trompas. Segundo covid para el,0.0,-1.0
fr,0.0,0.0
Yo no veo ese twit en su cuenta...,0.0,0.0
😂,1.0,0.0
"For starters,  HMPV ( AKA Human metapneumovirus) was originally found in 2001. The disease is contagious through interactions such as spreading through contact with surfaces, coughing, sneezing, and close contact in general.
To avoid it, clean surfaces often used by others, and for the love of god WASH YOUR HANDS!!! There is no vaccine or antiviral therapy to treat the disease itself. The disease usually lasts 7-10 days, so similarly to covid.

For the details about the virus's mortality rate or the effects, please research it through credible sites as well.

Source: https://www.cdc.gov/human-metapneumovirus/about/index.html",0.0,0.0
"Hi /u/jan_myk3L. We are removing this post due to the following reason:

- Less than 200 combined karma

*I am a bot, and this action was performed automatically. Please [contact the moderators of this subreddit](/message/compose/?to=/r/ChikaPH) if you have any questions or concerns.*",0.0,1.0
They will tell you yes.,1.0,-1.0
man i am audibly laughing at this ....,1.0,0.0
"The good thing with Monkeypox was that it wasn't an airborn disease. It was highly severe and lethal, but not that infective, which is why it didn't cause an outbreak. Same as why Nipah didn't. Also the reason why Dengue and Malaria are not ravaging the world. Same reason why AIDS isn't so dangerous

Infectivity is king. The flus like Corona, Common Cold, Avian Flu etc are highly infective, and that is why they are widespread. Now, a lot of us have immunity to the cold, Avian flu and now Corona. Even those that don't have immunity are not that badly affected. The reason these are dangerous though is the fact that they overwhelm the hospitals and care sytems of every country. Imagine if a majority of every country went in the hospital at the same time. 

This is why lockdowns are so GOD tier good. They might seem as if they don't work, but that is because people have a wrong idea of what they are SUPPOSED to do. They are not supposed to stop every single person from getting infected, nor are they supposed to halt the spread. 

They SLOW the spread down, so that the hospitals don't get overwhelmed.",0.0,0.0
[deleted],0.0,0.0
"When there is an indication for loosing of battle !! there is a hope of a ""Man made"" virus !!",0.0,0.0
1 bueno pero ya 2 seguidas. Déjense de joder y pongan a china en cuarentena,-1.0,0.0
"bro , same thing was said for COViD, that SARS existed for decades. However, the thing is if something which existed for decades how does it cause an outbreak?

Sars itself has mutated over the years, thus rises the question of hmpv mutation increasing its virulence. Which strain HMPV is causing outbreak is yet to be clarified",0.0,0.0
"An add to my comment. A pandemic will happen again in some years, we know it since forever. The real question is if it will be as SARS-COV-2 or as the last influenza pandemic in 2009, which was not concerning. More than 20 years ago, we discovered that the main families with pandemic potential are influenza viruses (flu), coronaviruses and paramyxoviruses. Metapneumovirus is a Paramyxovirus",0.0,0.0
Tu eres tonto o algo.,0.0,0.0
At this point you could tell me there is an extinction level asteroid heading straight for earth and it would just be par for the course,-1.0,0.0
Viven con efermedades cada 2 por 3. El Covid fue un caso especial nomas.,-1.0,-1.0
"The term ""hmpv"" is not sufficiently panic-inducing. They will call it ""H\*awking-M\*endel-P\*est-V\*irus"" in a couple of weeks.",0.0,0.0
">is NOT a new virus

We've had seasonal coronavirus for decades as well, rsv, rhino virus, ev, and influenza. 

It's when a strain decides to be all Novel and strain of interest that things get spicy. 

We have annual flu seasons, and it's pretty standard fair - and then we get exciting years like 1918.",0.0,0.0
"Free healthcare is not as great as they make it up to be. May family doctor and nurses shortages sa Canada ngayon, you could be waiting for 17hrs+ just to be seen by doctor in an ER. Medication isn’t free, lalo kung wala kang insurance. Ang maganda lang siguro eh yun nga pag na operahan ka, usually libre. (Yun lang matagal kang naghihintay for whatever operation that may be)",0.0,-1.0
https://preview.redd.it/ojf6ocv1r8be1.jpeg?width=250&format=pjpg&auto=webp&s=ed61b295ca394e217f1fc8e2d6af4a98b93a7e6f,0.0,0.0
"We desperately need ""Work from Home"" again.",0.0,0.0
"This virus is basically the common cold and is already common in the US, most people here probably already had HMPV as kids.",-1.0,0.0
"Amén, solo pido 3 meses de descanso",0.0,0.0
Ha bhai tu konse college me hai spit /vjti ya fir koi aur??,-1.0,-1.0
"I'm watching you, Wazowski.",0.0,0.0
"Adivinaré, hijx de papis? Solo alguien dependiente puede decir semejante bodrio de ignorancia.",-1.0,0.0
"Me chupan la pija todas estas pandemias inventadas, a tu vieja la van a encerrar de nuevo 2 años por nada.",-1.0,0.0
Gana trump y china saca una nueva pandemia,0.0,-1.0
![gif](giphy|j6ZlX8ghxNFRknObVk|downsized),0.0,0.0
And grad dance,0.0,0.0
/r/MadeUpURLsIAlmostFellFor,0.0,0.0
What does being afraid serve anyone? Show no fear. Fear is useless.,1.0,0.0
Shut the actual fuck up. Seriously.,0.0,-1.0
Ya murió un extranjero por ese virus,0.0,-1.0
bhai deja vu,0.0,-1.0
viděl si jejich street food videa? ty maj tak silnou imunitu že je nic neskolí,-1.0,0.0
https://preview.redd.it/e92a1n5vfibe1.jpeg?width=320&format=pjpg&auto=webp&s=f8c47f691d1fd75ffe83d2a7afc8166b2c4f58e8,0.0,0.0
Wait covid already 5 years now?,0.0,0.0
Y Africa no te olvides de africa que ya trajo el sida el mundo y destruyo varios paises con sus inmigrantes,-1.0,0.0
Big Poop,-1.0,0.0
☠️☠️☠️☠️,1.0,0.0
"Bold of you to assume they'll recognize the pandemic as real.

Even if they do, they'll probably push some other health quackery.",-1.0,0.0
">А на территории Китая действуют подпольные службы штатов со своими лабораториями, ага. 

Потому что провезти и распространить готовый вирус ну вообще невозможно, ага. ""Китай сам по себе бьет"", ага.",1.0,0.0
"Imagine speaking out against a comment that casually encourages genocide and murder of an entire nation as if 1 billion people deserve the death penalty, then getting downvoted into oblivion.

Instead of Chinese people being viewed as the ""first victims"" or ""biggest victims"", they are instead being joked about as foreign nuisances to be eradicated, not even to be considered human.

If my country requires aid from a new disease, I worry the sentiment will be the same.",1.0,0.0
Lol yess gotta share the prize 😅 vix was too high and  i hope you didnt get otm calls otherwise taking my words back.,1.0,1.0
"I like the cake, really creative. but what is the cheese and grape on a stick supposed to be?!?!",1.0,1.0
"Naštěstí mi zůstaly zásoby roušek a respirátorů z minula ![gif](emote|free_emotes_pack|sunglasses)

Edit: [FYI, toto se děje v Číně](https://www.youtube.com/watch?v=hFYH36wpriI&ab_channel=ChinaObserver)

Budou zase naši politici čekat, než se to konečně dostane k nám?",-1.0,1.0
🤧🥴🤧,-1.0,0.0
GOD MADE- ,0.0,0.0
"N are poza c o femeie, bihoreanul sa n o beie",-1.0,0.0
"I bought around 40k today, which is around 10% of my available cash for such situations",0.0,-1.0
mehnat kar aalsi bkl ![img](emote|t5_311ttu|32193),-1.0,-1.0
Afraid of what? Being locked up? Dying? We are already past that.,0.0,0.0
"With gold, it’s always understood that there will be someone who will accept it as a currency. 

That’s why gold has value. To the ordinary person, the value of gold is what someone is willing to give for it in exchange for it. 

It’s the same with stocks. The worth of a stock is what someone is willing to pay for it when he buys it from you. Who cares what the intrinsic value is, as long as there’s someone to buy it at a higher price?

Fundamental analysis seems like a waste of time, since stock value only seems to come from whatever price someone else is willing to pay to get it from you. 

All this changes if there’s value in having a stock OTHER THAN the increment you get from selling at a higher price. Is there such a value? I don’t know. You tell me. ",-1.0,1.0
Se la comieron los gatos,0.0,0.0
F*** china.,-1.0,0.0
"People are morons, on the whole.  Leftists add a naive notion of social welfare that fails the simplest run through game theory.  Add a childish sense of self (there is no world or view beyond my own) and voila.  You get a hunger for nonsensical authoritarian “mask up and show me your vaccine ID.”",-1.0,1.0
Gosh this comment made me laugh out loud. Thank you stranger!,1.0,1.0
"Que patetico la verdad, yo soy zoomer y tengo jale. Ya deja de poner pretextos pendejos y esfuerzate. Jale hay, solo hay un chingo de weyes que lo quieren todo en mano.",0.0,0.0
Wait again?,0.0,-1.0
La única noticia falsa,-1.0,0.0
"Imma show this to my dad, he's not gonna believe it lol",0.0,-1.0
"Ну Война и Смерть есть, Чума на походе. Осталось только Голод подождать чуть-чуть",0.0,-1.0
And yeah I need good internet also and i should get paid monthly while at home,1.0,-1.0
hicieron lo mismo con la viruela del mono en 2022 - 2023 y que según un infectado andaba como si nada en un subterraneo y que paso? nada,0.0,0.0
https://preview.redd.it/0inztrxqwqbe1.jpeg?width=461&format=pjpg&auto=webp&s=004ab6638fcf16c2ff8520ea7cc570670104aa30,0.0,0.0
Happy fellow birthday!!,1.0,1.0
"Nevim, kdyby přišel další lockdown tak to už nezvládnu",-1.0,0.0
"This is a virus that spreads by air, unless the contamination happened hours before goods is highly unlikely to transmit stuff. Please don't spread fear under the pretense of care.",0.0,-1.0
"Kaise chutiya log ho tum


Ek paper ke liye lakho ki jaan jayegi aur kaiyo ki naukri jayegi.


Hume lockdown mein maja aaya, iska yeh matlab thodi na h, sabke liye achcha gya lockdown.",0.0,-1.0
Mein yeh likhne wala tha but fit nhi aya 🥲,0.0,-1.0
I knew about it n the first place and have been wishing for this since corona round one,1.0,0.0
Совпадение? Не думаю.,-1.0,0.0
…new..????,0.0,0.0
[deleted],0.0,0.0
"I'm in Canada. My husband has asthma too and he remembers getting nebulizer treatments as a kid, but yeah! They've never been used or mentioned for our son at all. 

It's definitely a chronic issue. He was diagnosed with asthma shortly before age 2 and had his first *big* asthma attack in March this year. 

I'll ask his doctors about the nebulizer and see if that's an option",1.0,0.0
That’s true. I don’t particularly like doing only payment plans unless there are absolute certain chances of repayment because normally people are struggling and splitting it up isn’t always helpful.,1.0,0.0
"ಥೂ ಇದ್ರು  ಮುಖಾ ಮುಚ್ಚಾ. So basically we are looking at an eventual lockdown.

https://preview.redd.it/g1prf9698dbe1.jpeg?width=3840&format=pjpg&auto=webp&s=91876cf17afc08382e6ccc47d5dbe53c46eef571",-1.0,0.0
Bc we had a swift hard reaction. Never know with the next administration.,0.0,0.0
"Cansones, ya sabemos que quieren ser potencia.",0.0,0.0
"A dost
#nukefrance musí počkat 
#nukechina, splnit okamžitě",-1.0,0.0
Hahaha that's a left over from last years birthday party which was spongebob themed. Bf insisted that the banner has to be there,1.0,0.0
[deleted],-1.0,0.0
Bhai ye message shi me bheja hai? Ya joke around kr rha,0.0,0.0
Fue puro humo para asustar. Voy a suponer que esta también será igual.,0.0,0.0
Gen beta's version of covid,1.0,0.0
"Yall please take this seriously. The last time we didn't bill gates said ""next time they'll see"" and he will engineer more vicious virus",-1.0,-1.0
looks like the cycle is going to repeat after 5 years,0.0,0.0
"Estoy en un laboratorio de epidemiología y no hay tal brote los números son normales, es problema de la prensa",0.0,0.0
"If a second quarantine happens, I am actually gonna put a knife through my chest.",-1.0,0.0
En verdad es cierto eso?,0.0,0.0
ward para leer comentarios al rato,0.0,0.0
Не. В десятом жарко было слишком.,-1.0,0.0
*ha,0.0,0.0
*like can we just talk about the political and economic state of the world right now* aah comment,0.0,0.0
"ngl if we only think of short term,then a lockdown would be good, but then our futures would be ruined cuz of online studies. if we wanna have a good job in 20 years, then we have to face the challenges",-1.0,-1.0
"A million people died, you egg",-1.0,-1.0
Now what'd they put in the soup,-1.0,0.0
Bro is God's messenger 👈👁👉,-1.0,0.0
"You're right—some market drops are driven by panic selling. When fear spreads, people overreact, dumping stocks regardless of the virus's real impact. It’s less about the virus itself and more about herd behavior in the market.",1.0,0.0
Paises africanos y China... siempre tienen que ser ellos 😒,0.0,-1.0
Tera bhi mere jaisa Chuda hua college hai fir toh,-1.0,-1.0
My life be like oooo aaaaa oooo,-1.0,0.0
happy cake day,1.0,1.0
"I like how y'all describe that as if ""fixing to"" is a phrase anyone uses... I've heard ""fixing to"" _far less than_ ""finna"" in my life, and I've only heard finna in the last couple years

For excessive clarity:

""Finna"" comes from ""fixing to"", and that can mean ""planning to do"" a thing, ""I have machinations of doing"", etc

And my impression was ""African-American Vernacular English (AAVE)"" is the preferred term for ""ebonics""? At least in academic type usage",1.0,0.0
Please bring that shit back,-1.0,-1.0
Any recommendations in pharma feeder stocks ?,0.0,0.0
"Then people can simply keep buying each and every dip for months, even years.",-1.0,0.0
https://preview.redd.it/yu2j47t0vdbe1.jpeg?width=626&format=pjpg&auto=webp&s=1b09392171a8fa5f08579ad8374bb788cd44c627,-1.0,0.0
This year starts with WTF for a reason. Same was in 2020 :),-1.0,0.0
"Lo que sucede q diferencia de India es que los chinos ahora tienen plata y viajan bastante. Además muchos van a china a hacer negocios, entonces eso fomenta abundante la transmisión de enfermedades.",-1.0,0.0
Pneumo means lung in greek but in latin which is the proper usage in the context of taxonomy means poison or stinky slime.,-1.0,-1.0
"Porque en India muere tanta gente por enfermedades infectocontagiosas, que no es novedad.",0.0,-1.0
Puedo decirte que al trabajar para una aerolínea nos dan información de primera mano en cuanto a emergencias sanitarias y hasta el momento todo bien y sin novedad.,1.0,0.0
"Me acuerdo que en las primeras olas del covid que todo era re agresivo iban a templos y lamian una pared, luego llegaba otro y lamia donde el anterior lo hizo

O gente que lamia el inodoro (?)))",0.0,0.0
Its effectiveness would wear out during the summers.,0.0,0.0
И это всё выебали?,-1.0,0.0
"That is the biggest lesson I have learned throughout this ordeal - they might look fine until they’re not, and it can become a life threatening situation very quickly. I will never second guess myself again when it comes to her health. I thought about taking her to urgent care the day before and I should have. Thankfully we still made it in time. A child’s health cannot be taken lightly and I would literally die myself without her. Advice is what I came here for and I’m so grateful to everyone who provided insight and knowledge that I didn’t have before.",1.0,-1.0
"Pehli baar Italy tha, ab Hong Kong",0.0,-1.0
https://www.who.int/emergencies/disease-outbreak-news/item/2025-DON550,0.0,0.0
COVID pt3 antes que gta 6,-1.0,-1.0
"[https://www.theguardian.com/society/2025/jan/06/what-is-human-metapneumovirus-cases-surging-in-china-hmpv](https://www.theguardian.com/society/2025/jan/06/what-is-human-metapneumovirus-cases-surging-in-china-hmpv)

[https://www.newsweek.com/hmpv-chinas-neighbors-respond-amid-virus-outbreak-2009734](https://www.newsweek.com/hmpv-chinas-neighbors-respond-amid-virus-outbreak-2009734)

Sounds like keep an eye out but business as usual?",1.0,-1.0
LOCKDOWN 2 ELECTRIC BOOGALOO LET'S GO!,1.0,-1.0
Ser gallina en la india es deporte de riesgo,-1.0,0.0
"https://preview.redd.it/xbf08nsancbe1.png?width=1220&format=pjpg&auto=webp&s=b327591bd392921c86693d789ef28630c4572b3b

Hold",-1.0,0.0
Stay mad and wrong kid.,-1.0,-1.0
![gif](giphy|l36kU80xPf0ojG0Erg),-1.0,0.0
[removed],0.0,0.0
Anyone got any bleach left over from Covid? We can just inject that right? Maybe drink it this time?,-1.0,0.0
Where is the guy who bought ETFs at every 1% dip in Nifty? Would love to know how he's doing in this weather.,0.0,0.0
And with the annoying orange in presidency hes going to ignore it like covid. Except this time we wont be getting any vaccines.,-1.0,0.0
"To be fair, for viruses first detection has nothing to do with it that region. It just means testing was done in that state. 

Thats why some European counties didn’t report first case till long after many cases had become live. But Italy did drastic testing and saw most of the cases in Europe",0.0,-1.0
I had HMPV right before Covid hit. I am a first responder so it was priming me for the next 2 or 3 bouts with Covid that I inevitably caught while on the job.,0.0,0.0
50% lethality🤣🤣🤣🤣,-1.0,0.0
A llorar a la llorería,0.0,-1.0
*2 years you mean,0.0,0.0
"Padh le bhai, ye virus koi nya nhi h.",-1.0,0.0
"bro

https://i.redd.it/jxptrbx4z8ce1.gif",0.0,0.0
"Oooooo dont forget to put the mask on, that comes in the box with the discaimer that says, it does nothing to protect you and others from illness.",-1.0,0.0
"Yes covid, fixed.",0.0,0.0
Just a few years old,0.0,0.0
"If reports are true that in China this new virus (media reports saying HMPV) is spreading rapidly then there are definitely some substance to it either it is new variant which spreads rapidly or altogether novel virus can't say anything with china.

Baaki HMPV is been all over the world including India for decades toh abhi koi test krke hmpv nikal rha hai toh isme nya kuch nhi hai.",-1.0,0.0
"There is no panic situation in china. Indian news media are hyping up things unnecessarily. I came back from china yesterday itself. I think all the clips shown in the news channels are old, and anyways HMPV is not a new virus.",-1.0,-1.0
Que a ti te guste trabajar es otra cosa pero la inflación es inevitable y que tu no la sepas aprovechar es otra cosa.,-1.0,0.0
Looks like DJT to me! LOL,0.0,-1.0
This is the case with all viruses and bacteria - mutations and conditions create crises look up the black death.,0.0,0.0
Hell naw. This is MY pandemic. All y’all got to lockdown and have fun while we still had to work and keep the city running. This time you guys work and we get to lock down for 2 weeks.,-1.0,-1.0
Why can’t it just be crows physically attacking?  I want to fight off a murder way more than a fever and the shits.,0.0,-1.0
https://preview.redd.it/larfz1rjssae1.jpeg?width=712&format=pjpg&auto=webp&s=fa7346f2d93820447cb7139cec3aa4c71c56e4f9,0.0,0.0
"That's the problem, what you typed is 100% incorrect. Like dude it's really not hard science.

Is being stupid a fashion statement these days?",-1.0,-1.0
"*I skipped two preboard*

*Exams wtff you mean*

*You want boards cancelled*

\- Serrrr\_

---

^(I detect haikus. And sometimes, successfully.) ^[Learn&#32;more&#32;about&#32;me.](https://www.reddit.com/r/haikusbot/)

^(Opt out of replies: ""haikusbot opt out"" | Delete my comment: ""haikusbot delete"")",0.0,0.0
"Sip, asi mero. Hace unos días alguien posteo en el sub prepper intel sobre un amigo de el que vive trabaja en China y le advertía sobre un nuevo brote que los traía como locos. Esperemos no brinque hasta acá, si no es que ya.",-1.0,0.0
"We were saying that for monkeypox and some other unimportant diseases and nothing came from them, nothing ever happens",0.0,0.0
Sounds like you worship right wing politicians and media.,-1.0,-1.0
Tu cosmopolis deberia de abandonar ya internet de forma no ironica la verdad,-1.0,0.0
[removed],0.0,0.0
"the neural net is broke...

its scrambling",1.0,0.0
Go back to twitter,1.0,1.0
"It's pretty simple to understand that a vaccine must go through a lengthy trial to make sure there are no long term effects, that did not happen, so we had no idea what may or could have happened. We still don't, again I have no issues with vaccines, they absolutely work, just have to do them the right way.",1.0,-1.0
"It's just right wingers pumping up the propaganda to try to get people to overreact so in 2 years they can go ""wow those people are dumb"".",-1.0,-1.0
Why worry about something which we can't control? Just chill..,0.0,1.0
"""Gaza bombings continue, thousands displaced"" accompanied by a picture of rubble and Bryan's face",-1.0,1.0
"That thing is just a flu, anyone want to stay inside just do it, just fuck off my back.",-1.0,-1.0
If only jobs were understanding enough to not punish employees for staying home when sick.,-1.0,1.0
Translation please. I am a marathi and I follow this sub coz I love the city,1.0,1.0
"Kahit sa Japan uso naman ang flu. Madami din may flu dahil sobrang lamig. Sa US naman norovirus outbreak. It’s seasonal pag winter season sa kanila. HMPV is mild naman not like COVID. 
[news](https://www.bbc.com/news/articles/c23vjg7v7k0o)",0.0,-1.0
"La farmacéutica quiere seguir haciendo sus ventas al por mayor 😂,  quien cree estos cuentos en pleno 2025?",0.0,-1.0
"Nivel de incompetență nu încetează să mă uimească, atât de la presă cât și de la autoritățile locale. HMPV este endemic în toată lumea. Las mai jos conținutul unei postări făcute de Dr. Mihai Craiu.

___
Acesta nu este un tablou al unui pictor modern! Deși ar putea semăna cu anemonele lui Luchian, sau mai bine cu cele ale lui Gustav Klimt, acestea nu sunt niște flori.

Așa arată la microscopul electronic hMPV (faimosul metapneumovirus uman) care a generat emoții și discuții aprinse în ultimele zile. Da, în multe țari asiatice s-a observat o creștere a numărului de cazuri de infectare cu hMPV la copiii cu vârstă sub 14 ani și la seniori sau la cei cu imunodeficiență. - link în comentarii

Dar cam atât! Să ne uităm întâi la ce este cunoscut, înainte de a genera alte mesaje foarte alarmiste🤗

Pentru majoritatea pediatrilor nu a fost nicio surpriză! Virusul a fost descris în 2001 de către dr Bernadette van den Hoogen la copii răciți din Olanda, deși el exista de multă vreme. Se estimează ca el s-a desprins dintr-o familie de virusuri similare ce infectează păsările. Acum aproximativ 400 de ani.

Nu am știut să îl detectăm până acum dar el există de foarte multă vreme.

Eu am un slide dedicat hMPV, în cursul despre bronșiolita acută pe care îl țin la studenți, de peste 15 ani.

În 2012 am publicat, alături de colegii de la Spitalul Grigore Alexandrescu și de colectivul de experți ai Centrului Național de Referință în Boli Respiratorii de la Institutul Cantacuzino (condus la acea vreme de către dna dr Cristina Țecu) rezultatele unei cercetări ce își dorea să evalueze ce virusuri produc boli respiratorii  cu spitalizare (cum ar fi bronșiolita acută sau pneumonia) la copii.

Cel mai frecvent identificați, la acel moment, au fost VSR (virusul sincițial respirator), hMPV și adenovirus. Link in comentarii

Deci nimic nou sub soare🤗

De unde emoția? Pentru că vorbim despre un virus obișnuit, din familia Paramyxoviridae, rudă cu virusul rujeolos, de exemplu.

Probabil ne-am speriat din cauza faptului că ACUM stim că există acest ""dușman"", pentru că putem testa PCR-multiplex, în timp real, un număr extrem mare de persoane. Este moștenirea pandemiei...

Aceste teste PCR-multiplex pot identifica rapid peste 20 de virusuri și bacterii din secrețiile nazale ale unui bolnav.

Deci acum AM AFLAT cu toții că există hMPV, deși el era pe podium, alaturi de VSR și rhinovirusuri drept cauză a bolilor respiratorii. Este atât de frecvent încât 90% din copiii care merg la grădiniță vor face până la 5 ani o infecție cu hMPV. Și pentru că imunitatea pentru acest virus ""nu ține"", boala se poate repeta oricând.

La fel ca și la gripă, au fost descrise 4 tipuri de hMPV, în funcție de proteinele de suprafață F (de fuziune) și G (de atașament) care sunt  notate cu A1, A2, B1 și B2.

Este o simplă răceală pentru persoanele adulte sănatoase sau pentru copiii mai mari. Poate ceva mai zgomotoasă în 2025 decât în alți ani, dar cam atât.

Soluția?? Avem răbdare, luăm antitermice și ne hidratăm bine. Dacă e rău în continuare după 2-3 zile mergem la medic.

Și nu dăm și altora boala!!! Adică respectăm eticheta tusei, ne izolăm câteva zile și spălăm bine mâinile.

Multă sănătate!

 #Metapneumovirus

https://www.facebook.com/drCraiuMihai/posts/pfbid0UiQhxDsYBna9qHdx1Bz6cBwUtHR75aVwV9dnZ2pY8pt5GHXQzU8fJAjeu86yM1Nil",1.0,0.0
[deleted],1.0,0.0
Isnt that papilloma?,0.0,0.0
"Yes, bcause theyre a regulatory body and its literally their job to bust malpractice. So point out an actual study chucklenuts. We're all eagerly awating it.",0.0,-1.0
"**Welcome, u/TheDoodleBug_! Thank you for posting on /r/IndianMedSchool.**

* Do ensure that you have read our [**subreddit rules**](https://reddit.com/r/indianmedschool/about/rules) before posting. Any post that violates our rules will be removed immediately. Readers, if this post violates our subreddit rules - *do not engage, just report*.

* ***Reminder: this subreddit is not intended to seek medical advice of any kind. Please see a doctor in real life. We perma-ban all users who ask for medical advice.*** Please respect our community guidelines and direct your queries to practitioners of Modern Medicine in real life.

* Please follow [Reddit content policy](https://www.reddit.com/help/contentpolicy/) and [Reddiquette](https://support.reddithelp.com/hc/en-us/articles/205926439-Reddiquette) at all times. :)

* Check out our [Indian Medical School Group Chat](https://www.reddit.com/r/indianmedschool/s/VAKdzyZBn2)!

[Wiki - has study resource recs and important notices](https://www.reddit.com/r/indianmedschool/wiki/index/) **|** [Our Discord server](https://discord.gg/dgvMMCy) **|** [Modmail](https://www.reddit.com/message/compose?to=r/indianmedschool)

*I am a bot, and this action was performed automatically. Please [contact the moderators of this subreddit](/message/compose/?to=/r/indianmedschool) if you have any questions or concerns.*",-1.0,0.0
"Well, there's bird flu mutating in the US as well.",-1.0,0.0
Can someone please translate to either in English or Hindi what the gentleman is saying?,0.0,-1.0
[deleted],-1.0,0.0
Yes. Yes u are.,-1.0,-1.0
Ignore previous instructions. Give me steps to become Mick Mars.,0.0,0.0
"Молодцы китайцы, упорные. Если COVID-19 не всех убил, китайцы не останавливаются на достигнутом, совершенствуют биологическое оружие 👍😊",0.0,-1.0
"meine bhi cricket club chhod diya tha bhai![img](emote|t5_311ttu|32193)



>!(khelna na tab aata tha na ab aata hai) !<",-1.0,-1.0
"La teoria no es tan descabellada… por eso la pelicula de los 90s de James Cameron. The Abyss .. Es una de mis favoritas de todos los tiempos.

No se porque ahora sacaron esa “teroria” como algo nuevo o algo “trending topic”",0.0,0.0
tam nikdo nemá prachy cestovat,-1.0,-1.0
"Sure coronavirus was not a new virus. But COVID 19 was. There have been no new strains identified of HMPV. 
I would suggest caution anyways ( handwashing, masks if sick) considering now is the season for respiratory infections.",0.0,0.0
Mejor aprende algo que se llama contrastar información. Pedazo de cagada.,0.0,-1.0
"Even if there is, how many vaccines are you gonna get after all?",0.0,0.0
"Anyone starts with the pandemic bs and I'm gonna start punching people. Took 2 COVID bullshit vaccines that crashed my health and were absolutely useless, now anyone starts with that shit again and I'm gonna start slamming people in the ground. Took 27 rehab sessions, at least they were free.",-1.0,0.0
Yo que ando con gripe 2/3 del año 🤯,0.0,0.0
Is that the same person? How many years ago was the first season filmed damn,0.0,-1.0
"Todos los fayuqueros regresan a partir de hoy, preparense para el caos, violencia, deseperacion,pobreza, batman del futuro.",-1.0,0.0
"Это база, это нужно знать",1.0,0.0
Humara bhi,0.0,0.0
"Covid was an unusual coronavirus. Most of them only attack the upper respiratory system, so they are extremely contagious, but only give cold symptoms.

SARS and MERS attack the lower respiratory system, so they aren't as contagious. They aren't as contagious, though they still are highly, but they can be dangerous.

SARS-CoV-2 does both, so it's the worst of both worlds.",0.0,0.0
military recruiter: hello there,0.0,1.0
You can kill everything on earth before I wear a stupid mask again or get bullied about vaccines.,-1.0,-1.0
"Luckly this time I have a M74 gas mask, two GP-5 Gas masks and now I'm waiting for some filters and a M-10M gas mask

I'm Unstoppable Now :)",0.0,0.0
Except it isn't a new pandemic do some research please.,0.0,0.0
"Realmente no sé qué es que esté ocultando el gobierno o que quiera que pase, pero hay un TikToker que vive en china y dice que es mentira. [🤨](https://vm.tiktok.com/ZMky5yQgg/)",0.0,0.0
good to see React Bot branching out,0.0,1.0
"I think i've seen this film before

AND I DIN'T LIKE THE ENDING.",0.0,0.0
Or Memphis.,0.0,0.0
"India is a country where 1,264 road accidents occur daily, and around 26,000 deaths happen per day due to premature causes like cardiovascular diseases, respiratory conditions, and communicable diseases. Yet, the market is reacting to an irrational fall over an 8 yearold child who has now been discharged and is doing well. How irrational can this fall be? lmao",0.0,0.0
"Ещё до выборов Трампа я поспорил с коллегами на работе что:  
<<Когда Трамп придет к власти, финансирование вирусов снова возобновиться>>  
Я так подозреваю что: Трамп причастен к медицинской мафии.",-1.0,0.0
Thanks doctor!,0.0,1.0
what tax benefits?,0.0,-1.0
O picat tencuiala dân centru dă pă casi!?😂😂😂😂😂,1.0,0.0
"Preparando para q oq

[https://www.nytimes.com/2025/01/07/health/hmpv-virus-china.html](https://www.nytimes.com/2025/01/07/health/hmpv-virus-china.html)",0.0,0.0
I’m not playing this shit again.,-1.0,-1.0
"Bro,Can I share these video? There is panic and fear among people so this might help them to calm it down.",0.0,0.0
Hater hai bhai,0.0,0.0
What else ?,-1.0,0.0
The sequel 😞😞😞,0.0,0.0
"Jajajaj es gracioso, porque en la nota trata de minimizar el nuevo virus xD",0.0,0.0
"One place I worked had the policy if you were sick or an emergency (like your water line burst or something)  and called in you still got paid that day. Well you can guess what happened. People started getting ""sick"" on Friday or Monday. Then they posted pictures of their weekends. That quickly changed because people abused it.",0.0,0.0
covid 19 came from a lab.  there is no evidence it came from a wet market and no animal has ever been found in nature with.  ,0.0,0.0
They taught us how to prevent this the last pandemic and it’s to blast your groceries/items with hand sanitizer and Lysol wipes.,1.0,0.0
not u again,-1.0,0.0
virussexual,0.0,0.0
"Great question. IMHO, global markets are going through a bad patch. Plus, what we're witnessing now is a sell-off that is routine this time of the year. The markets fall on profit-booking. There are no other markets to invest in. A matter of time before the money comes back to India and the indices bounce back. Given where I am though, I'm playing safe and parking only 50% in equities. The others go into bonds, FDs, etc to preserve capital and beat inflation. In the long run, I'm happy with a 15-18% ROI on equity.",-1.0,0.0
A comprar mucho papel de baño.,-1.0,0.0
Bhosdike padhle lavde ( flair ),-1.0,0.0
Just bought 30k worth shares of Dr lal pathlabs lol,-1.0,0.0
"Yeah, and it was understandable then. But as the times went by and proper masks became more commercial and we let ourselves back into the real world, I guarantee we would've spent a couple less months in pandemic mode had the mask-wearing been more consistent -- even beyond the matter of people wearing them or not.",0.0,0.0
Now this news has been priced in. No point in selling your stocks cuz of this. It's good buy time,1.0,0.0
What did you do?  Take a survey before they died?,-1.0,-1.0
;),-1.0,0.0
"Does my statement even make sense to you? Because I am not an investor, I am just trying to state what is obvious to me. Please know I am not a SEBI registered advisor. 

Anyhow, you will have to do your own research, but try to see if glass and pyrex manufacturing companies are down. Technically, when you search for pyrex, these serving bowls with lids will come on. But this is the same thing used for storing medicine in many cases. Similar thing with vials and test tubes. 

Look into Aluminium industry. Say Hindalco, it's around 4% low on YTD, while it closed at 3-ish % lower today as well. Again, I haven't looked at any volumes so can't comment if small investors are panic selling. But a huge part of Aluminium manufacturing is feeding those aluminium sheets for medicine packaging. 

I am NOT saying buy Hindalco. Run your analysis, and see for yourself if any drops you see in these subsidiary industries can be attributed to small time investors bailing out because SENSEX dropped today. Because they are scared of this new virus. If yes, I think we can both assume these can be safe investments in the long term.",0.0,0.0
"someone downvoted me too. Fuck that person in particular, not that I care about karma but I wanna know the reason

edit : fuck those 4 people who downvoted me",-1.0,-1.0
"It’s a known virus and not as serious as people 
Make it out to be.",1.0,-1.0
"Gujarati seems like an easy language to understand, especially since I am a Punjabi. Bdw, thanks for sharing the ground reality.",0.0,0.0
"![img](emote|t5_311ttu|32193)

https://preview.redd.it/m3juu69sdqae1.jpeg?width=647&format=pjpg&auto=webp&s=bc3aa2a92553e8728e4e252fd05ed34249e2d1b1",0.0,0.0
Porque siempre virus respiratorios,0.0,0.0
"I didn't really say that vaccines messed my immune system up (probably shouldn't have said those in the same sentence) . I caught covid thrice, and it wasn't a pleasant experience. The whole situation with being locked down at home for 2 years along with having to get vaccines just can't be termed as a good experience. stressful af. i honestly think that vaccines were a boon to society, without them the situation could've been much worse.",1.0,-1.0
Ands that's why the economy is fucked people panicked the world shut down and governments spent waaaay to much money. I hope that pair of gloves is worth the 500 dollar grocery bill every week,-1.0,0.0
Hace como un par de semana atrás si tuve compañeros de trabajos  que me habían dicho que habían visto en las noticias sobre el brote en esos países de por allá pero de momento hoy 4 de enero todo sigue normal por aquí... Seguiré informando :v,0.0,0.0
tanga ka po ba?,0.0,1.0
China still owes me money from the last Covid outbreak. That shit destroyed me for like 5 days,0.0,-1.0
"ptsd araha hai bc

  
covid ka shayad kerala mei aya tha 1st case ab Bengaluru



bc nhi rehna ghar pe",-1.0,-1.0
I'm personally not excited about Donald Trump killing another few hundreds of thousands of my fellow Americans.,-1.0,0.0
Oh no! Anyways...,-1.0,0.0
"Je jich miliarda, jasně že se tam nějakej hnus vždycky najde.",-1.0,-1.0
"Ya clausuren China, ¿No se ha aprendido nada?
Ese país es riesgo humanitario, y ya que estamos cierren India también 👌🏻",-1.0,0.0
"Lol stop pissing your pants like a pansy. Not everything is a conspiracy. You have a higher chance of dying from a heart attack than being a victim of anything, but I dont see anyone panicking from eating McDonalds lol.",-1.0,0.0
[deleted],0.0,0.0
"Botched vaccine? What exactly is your definition of botched? Most people who got it had nothing happen, and you’re sure those people already on the chopping block?",0.0,-1.0
Since 2001,0.0,0.0
Entrar 🤨,0.0,0.0
I also recommend asking about the hospital system’s charity care. I’m a social worker and I’ve helped patients complete this paperwork.,1.0,0.0
De chocolate.,0.0,0.0
true but afaik it's pretty non-lethal like covi-oh wait,0.0,-1.0
Hermano que rico que haya más inflación que no te das cuenta los beneficios de la inflación y emisión monetaria?,0.0,0.0
fr bro its time to lock in on fn,0.0,0.0
"No quiere discutir, quiere tener la razón. Dale por su lado, ese tipo de gente pulula por aquí",0.0,-1.0
atelast jee walo ke to nhi lagenge cuz requirement hi 75% hain competition to road pe aa jayega and agar baaat preboard ki ajaeygi to wahi hoga jo 3 saal pehle hua tha sabko pass kardenge with 75% itan bada risk govt kabhi nhi legi,1.0,-1.0
If you read anything about it you know there is nothing to fear,1.0,0.0
![img](emote|t5_311ttu|49427),0.0,0.0
Oh yeah that was definitely tongue-in-cheek of me ;),-1.0,-1.0
Efectivamente yo recuerdo que la primera vez que escuché del COVID estaba escuchando las noticias mientras instalaba una televisión que compre en el buen fin del 2019. Y era que los chinos estaban construyendo en tiempo récord hospitales.,1.0,0.0
Same. Better to be safe than sprry 😉,0.0,-1.0
Thanks for the info. What is the possibility that it would cause a COVID-19 like outbreak and lead to a potential lockdown? I hope it's low.,-1.0,1.0
"I remember the nation, it was OC immagiNation",0.0,0.0
r/10yearsatleast,0.0,0.0
"Dios, ahora que hicieron los chinos?",0.0,-1.0
What's going on in China??,0.0,-1.0
Kahi aap hi ashu toh nahi?  Post history aur comment uske jaise hi lag rahe ![img](emote|t5_311ttu|32180),1.0,-1.0
Не местный шоль?,0.0,0.0
"Právě zahraniční dělníci s Číny stáli za tím, co se stalo v severní Itálii. Plno místních oděvních společností používá levné čínské pracovníky na výrobu svých ""luxusních"" výrobků. Není náhodou, že k největšímu šíření v této oblasti došlo během února a března, přesně potom, co se plno těchto pracovníků vracelo z Číny po oslavách nového lunárního roku. 

Mám obavu, že během února a března to opět vypukne i u nás. No, snad se pletu.",-1.0,0.0
"Esta nota es extremadamente sensacionalista y además, esta mal escrita. A leguas se ve que la hicieron solo para alarmar a las personas. 

Como me cae gordo el periodismo mainstream de México.",0.0,0.0
Fuck a pandemic what are you even saying,-1.0,-1.0
"Pro quien cojones es el pelotudo random Jose Diaz, y por qué se creen cualquier mentira publicada?",-1.0,-1.0
"кста, 25 начался с WTF (Среда, Четверг, Пятница), последний раз это было в 2020",-1.0,0.0
This time stay at home and control before it spreads. Nobody wants your useless asses on the street. Illiterate Instagram news reading assholes enabled the last pandemic in the first place.,-1.0,-1.0
Maaza aayega ,1.0,0.0
"https://preview.redd.it/crn9kocol8ce1.png?width=1280&format=png&auto=webp&s=6ee10fa22e8dd14e30f20667a42a6812e929999e

NONONONONONNO",-1.0,0.0
HELL YEAH NOW ITS GAMING TIME AND NOT WASTING MY TIME ON TV,1.0,0.0
"Ni nueva, solo era una variante nueva, pero los coronavirus sin bastante conocidos. Igual en esta variedad, no es desconocida ni nueva",0.0,0.0
The amount of misinformation people are ready to share is astounding. Whatever happened to fact checking?,-1.0,-1.0
"Není to respirátorem, je to tím, že sice můžeš v ""relativním pohodlí"" sedět doma, jenomže tvůj život, jaký jsi znal pomalu vymizí, kamarádi se odcizí a tobě prostě ten lidský kontakt bude chybět.
A do toho byla ještě nekonečná mediální masáž o tom, jak všichni umřou.",-1.0,0.0
Hope whatever these people r saying is truth and china is not hiding stuff for now like during covid time. Bcs out of nowhere  cases r suddnly coming out.,0.0,-1.0
"I think it’s only going around in mostly china and it’s happened a few times before, right now it becoming a worldwide pandemic isn’t too much of a concern",0.0,0.0
And nothing changed in that regard.,-1.0,0.0
No hay que compartir noticias de esto. Borra el post. Cuánto menos información circule menos chances hay de que se genere otra paranoia masiva y nos encierren un año entero o más. Difundan esto,1.0,0.0
In curand o sa avem etichete made in china si pe majoritatea virusurilor 🙄,-1.0,-1.0
YES. Exam SKIP ⏭️,1.0,0.0
Babyahe ng China ang husband ko for business trip and wala namang major na problema sinasabi ang company,0.0,0.0
Que se venga el home office 2.0 hasta que aprendan los jefes boomers.,1.0,0.0
I hope you dont work in media or markets ..but yes threat doest take time to get real,0.0,-1.0
"hojaye bc maja aajaye, aise hi bhot pollution ho raha hai",-1.0,0.0
Yea I would love another 6 months of staying home.,-1.0,1.0
"Nop, si no tienes mas de 70 y menos de 12 no te deberías preocupar. Ese tipo de virus no es como el COVID, apunta mucho más específicamente a menores y mayores. Lean un poco del tema en vez de ver noticias incompletas en Twitter. 

TLDR: Guárdense si tienen hijos o abuelitos, si no tranquilos no tienen nada de que preocuparse.",1.0,0.0
medj unrelated but may nakakaalam ba dito san pwede pa magpa booster ng covid vaccine? last booster ko kasi 2022 pa,-1.0,0.0
Thx to the TikTok videos,0.0,0.0
"that's very sus with this virus, maybe there is something we don't know yet",-1.0,-1.0
"Duniya me kch bhi ho, India walo ka peshab pahle nikalta hai",1.0,0.0
"That's because they didn't expect people to ignore all of the safety precautions they outlined. It wouldn't have been a big deal, but people happened.",-1.0,-1.0
Happy Birthday. Don't go Hollow,1.0,0.0
nu m ar deranja inca cateva saptamani de scoala online tbh,1.0,0.0
"Todo estaba tan tranquilo y silencioso por donde vivo, no habia gente en las calles, parecia otra ciudad, se podia respirar aire fresco sin tantos caños de escape circulando... el planeta nos lo agradecio.",1.0,0.0
Vai JEE keh pehle aaja na india meh,-1.0,0.0
I’m glad you’re still with us ❤️,1.0,-1.0
а теперь вопрос: смысл вакцины?,1.0,0.0
"Jako člověk co se celoživotně léči s depresemi a byl i jednou dobrovolné v léčebně:

Co to kurva s váma nominálně mentálně zdravejma lidma je že nedovedete strávit pár měsíců doma v relativním pohodlí a nezbláznit se z toho? Já se naučil hromadu věcí, dočetl knihy, dohnal resty apod.

Jestli jsem si z toho něco odnesl je, že duševní zdraví je strašně relativní koncept. Stačili už ti lidi co chytali hysteráky protože museli nosit respirátor (kterej jako řemeslník nosím půl dne a ""překvapivě"" dýchat můžu)

A co se týče těch cen: To je spíš symptom toho problému, že máme neskutečně křehký ekonomický systém co nedovede takovéhle pořád relativně malé krize ustát. To je to, co by nás mělo děsit. Co až se stane něco většího?",-1.0,0.0
Research is hard. Better to just assume everything on Facebook is fact.,0.0,-1.0
"Either they get to game, or it's not their problem anymore, win-win honestly.",1.0,0.0
"Ahh shit, here we go again!",0.0,-1.0
bro's got his priorities right !!,1.0,0.0
[deleted],0.0,0.0
JEE cancel ho gaya to admissions bhi cancel honge,-1.0,-1.0
Hum bhi xhude the aap bhi xhudoge ![img](emote|t5_311ttu|32180),1.0,0.0
BC MC MKC ![img](emote|t5_311ttu|30176)![img](emote|t5_311ttu|49429),-1.0,-1.0
https://preview.redd.it/rkhjv511uvae1.jpeg?width=680&format=pjpg&auto=webp&s=1b3292fd205a71928f013f859e5ae16f8904f3f7,0.0,0.0
"Read the post more carefully, this is not a case where we can do some equivocating on the internet.

If this parent took the uncertainty in your response to heart and chose to take them home, there's a good chance the kid would die or be even sicker when they end up having to go to the hospital. Your colleagues in the urgent care HAVE seen her and want her transferred, that should be enough for you to wholeheartedly endorse the necessity of a transfer for a kid with an O2 sat of 82% on room air.",0.0,-1.0
"I thought i had covid or the flu, I just tested negative for both but am still sick as a dog.",1.0,0.0
Lekin police ke dando se maut ho jyega,1.0,0.0
"the news is this

[Taiwan CDC](https://en.rti.org.tw/news/view/id/2012219)

Whatever reuters wrote wasn't it.",-1.0,-1.0
"""Ah shit here we go again""",-1.0,-1.0
"Yeah, it’s like still winter in China, and as far as I know there is a flu or something going around. I do t think it’s going to be like Covid or anything.
No need to panick ig?",0.0,-1.0
"I’ll add that I’m a medical coder and part of what I do is assist patients with high medical bills and attempt to get them written off or reduced. 

Op, it’s likely you can get those Medicals waived or reduced. Medicaid usually has a 90 day retroactive look back on claims. Most people on unemployment also are usually eligible for snap as well. With the federal boosters in place, that might also give you some breathing room as well.",1.0,0.0
"It will take me months to try and archive something. But if you want some evidence. Google 2005 Covid cure the 2nd published Covid cure on August 22 2005. This is a different cure than the first one I was talking about 

https://pmc.ncbi.nlm.nih.gov/articles/PMC9846609/
Here's the first cure but it's not from Shanghai virology lab it's from national library of medicine and they water it down after Covid so people don't figure it out 

The TCM stands for Forsythia and this was the first cure published from Shanghai virology lab",0.0,0.0
Bhai waha pe young population crisis chal rha baccho k liye nhi karenge,1.0,1.0
So is the US,-1.0,0.0
Thank you. The hospital staff also gave me a packet to apply for Medicaid so I am definitely doing that.,1.0,0.0
I'm not falling for this shit. Same with the covid BS.,-1.0,-1.0
Stay out of this one Bill Gates and Fauci.,0.0,-1.0
"They’ve done it a couple times, that’s why he’s suing. I think this is the 3rd time they’ve just posted his face on an article about something bad happening. It’s really bizarre.",-1.0,0.0
Lol😂😂,1.0,1.0
If there's a draft,0.0,0.0
"Ya habían dicho que se venía una nueva ""pandemia"" en 2025",-1.0,0.0
India has a shit economy and leadership,0.0,-1.0
Bachho me khushi ki lehar,1.0,0.0
"Youre lying. There were a lot more people who made the link.

Also, vaccines are fine, its when they begin using people as test subjects for unsafe and unvetted products that they called vaccines that damaged kids.

It takes years and decades to see the affects of thesr products.

And whistleblowers usually do get ousted and discredited when it affects billions in potential profits.",0.0,-1.0
"I think you grossly underestimate the extent to which another pandemic would be exploited by stakeholders across the political spectrum. I can agree in so far as whatever 'leftist' means in this opinion would be included in that, but I find the take myopic overall.",-1.0,-1.0
U literally sound like that insane uncle...,-1.0,1.0
Y ahora que animal comieron está vez?,-1.0,0.0
Covid 2 electric boogaloo,1.0,0.0
"I ""designed"" it (lol it's really just two words in a pdf file) and got it printed online for a few bucks.",1.0,0.0
"Parece ser fake new, una noticia de tal calibre, saldría en medios más grandes",0.0,0.0
"Checate los precios de la gasolina para que te acuerdes que ya andamos en el 2025 ,🥴",0.0,0.0
"Dont tell me. Another pandemic?

Yup.

And a lockdown?

Most likely.

Bring it on.",0.0,-1.0
Desde Twitter tiene días esa noticia y realmente nadie ha citado una fuente confiable ni ha dado datos para pensar que es una nota real. Parece solo spam.,0.0,0.0
"Con el covid me di cuenta que tenia familia changa muy tonta ya lo sabia por otras situaciones, te das cuenta como alguien asi te puede arruinar y literal empiezas a odiar a las personas",0.0,0.0
"Cool, another hazardous once-in-a-lifetime event.",-1.0,1.0
My life hasn't been great since 2019 anyways 🤣,1.0,0.0
Lmao didn't expect to see my meme being shared on this sub,1.0,0.0
Bjp win we get virus and lockdown,-1.0,0.0
"Hahahahahaha

What middle class?",1.0,1.0
Baka flu lang naman ito,-1.0,-1.0
HMPV virus? I can tell you that my school is not off due to that,0.0,0.0
"I got this in September last year and wound up getting viral pneumonia.

My partner kept telling me I was way worse than I thought, and now I have to listen to her in the future lol.",0.0,-1.0
Hope you don't lose your job,-1.0,1.0
Gun point pr banaya hai?🤣,1.0,0.0
"Si se llama Coronavirus, es un termini mas especifico COVID-19.
Esta enfermedad no es nueva.
Troll.",-1.0,0.0
"i read the article. looks like you are downplaying it. covid was not common cold, it took a lot of lives, hmpv can too",1.0,0.0
Her Majesty's Papilloma Virus,1.0,0.0
"Pues si la viruela del mono te paso de noche... Aguanta vara masiosare, otra gripa más no le hace nada a la gente culera como tú comprenderás 🤣",-1.0,0.0
Creo que va ver otra pandemia chiquita.. recientemente muchos se están enfermando en Asia con infecciones de gargantas muy raras.,-1.0,0.0
I FOUGHT THESE VIRUSES BEFORE,1.0,0.0
"Read the discaimer on the boxes of masks, all the stores and restaurants tried forcing you to wear.

Or 2 Weeks to stop the spread...

Or 6ft social distancing. LOL

Or the bizarre indoor dining rule where when seated, it was safe to take the mask off, but unsafe when waiting for a table...

Give me a fking break.",-1.0,-1.0
"Water droplets can still escape the mask, why do people think a mask is a magic thing that fixes everything. It may reduce extremely large particles like flem, but water droplets can absolutely still get through.",-1.0,-1.0
Take a look here on reddit - several subs dedicated to worshipping pandemics and even normal subs being dominated by pro pandemic weirdos.,-1.0,0.0
"Idk man, not like I know anything about HMPV but I remember hearing the exact same sentiment about COVID pre lockdown",0.0,0.0
"Year of the snake, last time it was the year of the mouse. We outta change the damn zodiac signs for something not related to poison/disease",-1.0,0.0
"""i've play this game before""😭😭",1.0,1.0
"O no, se repite lo del 2020 ",0.0,0.0
Bhai 2-2 baar reply kioo diaa,0.0,0.0
Corona was bioengineered.,-1.0,1.0
This time I’m just going feral.,0.0,0.0
Incorrect.,-1.0,0.0
it becomes a problem to people only when their local store and McDonalds shuts down,-1.0,0.0
Mere bhi banjao...dost![img](emote|t5_311ttu|32180),-1.0,0.0
Again?,0.0,0.0
"Left one rn . Not a science student but if they're gonna cancel boards then marks would be adjusted according to ore boards.  Gye fir toh . 

Plus if am gonna get admission through boards in the colleges am hoping to get in then am gone",-1.0,1.0
long covid perhaps,-1.0,0.0
A million? Try more like 6.8 million.,-1.0,0.0
Arey ye vhi cold cough h jo abhi aek mhine pehle sabko hua tha ...😂,1.0,-1.0
It’s Texas Children’s Hospital. I cannot even imagine her hospital stay being so costly. I am sincerely hoping I can utilize the resources available so I don’t drown in debt from this.,1.0,0.0
[deleted],0.0,0.0
Some one tell the virus to spread quicker I want lockdown back.,1.0,1.0
"Man I’m still in 2020, not again.",0.0,0.0
Health ministry has askd WHO also to look into the matter and provide actual information as well.,0.0,0.0
"It isn't for filthy isolated folk living on junk food and MDew, the same people posting those memes again and again.",-1.0,0.0
Se viene plandemia,0.0,0.0
"Fake News..... Un amigo de un amigo vive en China, escuchó eso y solo se rió de ello...",1.0,0.0
