index,comment,sentiment,emotion,sentiment_encoded,emotion_encoded,vader_sentiment,textblob_sentiment
0,wait first let buy gaming laptop spend time lockdown well,1.0,enthusiasm,1,12,1,1
1,dont even care anymore rate kill,-1.0,sad,-1,22,-1,0
2,im pediatric pulmonary rn new virus already well established us wikipedia second common cause respiratory syncytial virus rsv acute respiratory tract illness otherwisehealthy children age large us outpatient clinic weve already reached sort equilibrium virus population china local epidemic different pandemic know everyones still bit traumatized covid equivalent please stop spreading unfounded fear,0.0,relief,0,21,-1,1
3,gifgiphy|bdygoryglkfbhq got something else minds,0.0,unemotional,0,27,0,0
4,new,0.0,unemotional,0,27,0,1
5,lockdown gta damn,1.0,joy,1,19,-1,0
6,gifgiphy|peszguilihxjte|downsized,0.0,unemotional,0,27,0,0
7,fucking new,-1.0,anger,-1,4,0,1
8,bro virus identified new virus perhaps first significant number infections recently pretending something new doctors never seen like covid,0.0,unemotional,0,27,1,1
9,oh want take another multimonth staycation play videogames hours day say aint,-1.0,disgust,-1,7,1,0
11,bro pandemic took years,-1.0,sad,-1,22,0,0
12,tbh kinda enjoyed covid years,1.0,relief,1,21,1,1
13,clinical features severity hmpv similar rsv yes joke,-1.0,anger,-1,4,1,0
14,coffin dance coming back though,0.0,surprise,0,25,0,0
15,isnt new virus jesus fucking christ social media really sucks nowadays,-1.0,anger,-1,4,-1,-1
16,afraid embrace sweet release death,-1.0,sad,-1,22,1,-1
17,way got pandemic gta,-1.0,suprise,-1,24,0,0
18,thats happens people cant catch break lifes bad lately wouldnt mind virus hitting point,-1.0,sympathy,-1,26,-1,-1
19,god bro gave go play rebel inc instead suck ass plague inc,-1.0,anger,-1,4,-1,0
20,hmpv nothing like cold lasts days goes away something concerned,1.0,relief,1,21,-1,-1
21,sad stuff internet people actually miss pandemic lockdown would happy happens,-1.0,sad,-1,22,0,1
22,virus new first identified netherlands,1.0,relief,1,21,0,1
23,every years new virus supposedly cause pandemic one far,-1.0,disgust,-1,7,0,1
24,mean yeah internet course well make memes ngl even virus spread around aint reaching covid levels people companies governments significantly used dealing lockdowns,0.0,unemotional,0,27,1,0
25,aww shit go,-1.0,disgust,-1,7,-1,0
26,hmpv isnt new,0.0,unemotional,0,27,0,1
27,gifgiphy|jzlxghxnfrknobvk|downsized,0.0,unemotional,0,27,0,0
28,didnt learn anything covid,-1.0,anger,-1,4,0,0
29,yes bloody joke,-1.0,disgust,-1,7,1,-1
30,virus comes people doo doo breath,-1.0,disgust,-1,7,0,0
31,new virus thats name hmpv bc new,-1.0,disgust,-1,7,0,1
32,fuck want,-1.0,anger,-1,4,-1,-1
33,yes yes joke mere common little pshetic virus laughing,1.0,joy,1,19,1,-1
34,afraid common cold even experts say bother worrying effects known mostly mild covid borderline worth lockdowns caused really quite lethal people poor health elderly also seemed randomly deadly healthy people said think many people agree may gone abit far reacting quickly enough quell really got going media causing panic clicks highly unethical journalistic integrity guess integrity went window media became thing,0.0,unemotional,0,27,-1,0
35,chill far away know big plague outbreaks happen every years plague cholera bird flu covid,1.0,joy,1,19,-1,0
36,fool shame fool twice shame meme fool thrice uhhh crap gna need meme ideas,1.0,joy,1,19,-1,-1
37,second time,-1.0,fear,-1,14,0,0
38,going administration coming doesnt believe inoculating health threats president espoused drinking bleach trying illuminate interiors kill coronavirus tool hes going take us world health organization cut us rest world thats fascists million voters didnt come support democratic candidate support clown show,-1.0,anger,-1,4,-1,0
39,need meme every virus going forward less want week years long lock may die thats risk im willing take,0.0,unemotional,0,27,-1,0
40,arent risks pandemic cases hn hmpv low hn needs mutation humanhuman transmission countries already stockpiling vaccines case hmpv isnt nearly lethal covid usually mild healthy adults doesnt mean threat compared many regular adults knocked due covid good sign,0.0,unemotional,0,27,1,1
41,gotta admit covid lockdown one favourite times xd,1.0,joy,1,19,1,0
42,blame president office lockdown,-1.0,anger,-1,4,-1,0
43,meme big energy screwed,0.0,joy,0,19,-1,0
44,anyone got bleach left covid inject right maybe drink time,-1.0,disgust,-1,7,0,1
45,atleast time people might listen die,0.0,unemotional,0,27,-1,0
46,lol chuckled,1.0,fear,1,14,1,1
47,thought one viruses already go around time year flu common cold arent common sicknesses maybe im thinking something else didnt think new virus,1.0,sympathy,1,26,-1,-1
48,hell naw pandemic yall got lockdown fun still work keep city running time guys work get lock weeks,-1.0,fear,-1,14,-1,1
49,😂😂😂,1.0,sympathy,1,26,0,0
50,already one called covid,0.0,unemotional,0,27,0,0
51,dude hmpv weak virus causes coldlike symptoms stop fear mongering,-1.0,sad,-1,22,-1,-1
52,,0.0,unemotional,0,27,0,0
53,didnt know making pandemic season whats time release though,1.0,sympathy,1,26,0,0
54,new pandemic ass remember monkeypox everyone talking august september period everyone forgot,-1.0,fear,-1,14,-1,1
55,removed,0.0,unemotional,0,27,0,0
56,world rn guess history isnt happening hard enough learn,1.0,happy,1,16,1,-1
57,essential worker pay stimmy checks lez goooo,1.0,sympathy,1,26,-1,0
58,sometimes miss early things seemed like wouldnt get everything slowed boys always online great time gamers,1.0,sad,1,22,1,1
59,many times teach lesson old man,0.0,enthusiasm,0,12,0,1
60,gallows humor,1.0,anger,1,4,1,0
61,hn spread usa month ago avian flu others,1.0,sympathy,1,26,-1,0
62,neural net broke scrambling,1.0,fear,1,14,-1,0
63,gifgiphy|bgztbnplzmz|downsized im,1.0,sympathy,1,26,0,0
64,aew gonna get second lock gta,1.0,sympathy,1,26,0,0
65,theres zero percent chance people complying nd round lockdowns 😂,0.0,unemotional,0,27,1,-1
66,china middle cold harsh winter theres obviously plenty people getting sick time aint new virus either dont freak yet,1.0,anger,1,4,-1,-1
67,getting afraid weakens immune system,1.0,sympathy,1,26,0,-1
68,well ive already two close brushes death recently nah id win,0.0,unemotional,0,27,1,1
69,time get sweet pandemic paycheck,0.0,unemotional,0,27,1,1
70,afraid locked dying already past,0.0,fear,0,14,0,-1
71,whats going china,0.0,unemotional,0,27,0,0
72,remember people saying covid like flu spoiler wasnt like except actually like bad flu,1.0,sympathy,1,26,-1,-1
73,wfh brotha bump internet usage gonna boon tech jobs well,0.0,unemotional,0,27,1,0
74,thus balance restored,0.0,unemotional,0,27,1,0
75,china thought india next,0.0,unemotional,0,27,0,0
76,got september last year wound getting viral pneumonia partner kept telling way worse thought listen future lol,0.0,unemotional,0,27,-1,1
77,liverpool favorites winning league makes sense,0.0,unemotional,0,27,1,1
78,even new virus,1.0,sympathy,1,26,0,1
79,let go sacrifice virus almost died covid might try well maybe corpo rich bastards also perish,0.0,unemotional,0,27,-1,1
80,season,1.0,sympathy,1,26,0,0
81,removed,1.0,joy,1,19,0,0
82,oh goody wondering bioterror manufacturers big hit,1.0,sympathy,1,26,0,0
83,world unserious deadly asteroid heading towards earth wed make memes well,1.0,joy,1,19,1,-1
84,basically flu,0.0,fear,0,14,-1,0
85,please bird flu worry hmpv,1.0,fear,1,14,-1,0
86,yes virus yes joke,-1.0,surprise,-1,25,1,0
87,hey wait saw years ago everyone shrugged said wasnt chinas fault,1.0,fear,1,14,1,0
88,might get downvoted smth people always say india unhygienic covid hmpv sars etc viruses originated china nobody says anything nothing china doesnt make much sense,1.0,sympathy,1,26,0,1
89,back wanking gaming day woo hoo,1.0,happy,1,16,1,0
90,lock world sink global economic system whats basically cold good luck getting public trust classic boy cried wolf,1.0,sympathy,1,26,1,1
91,im watching wazowski,0.0,unemotional,0,27,0,0
92,>virus joke kill,1.0,joy,1,19,-1,0
93,covid overblown scam would fall shit twice unvaxxed unfazed baby,0.0,unemotional,0,27,-1,-1
94,,-1.0,anger,-1,4,0,0
95,mike washouskey,1.0,sympathy,1,26,0,0
96,right wingers pumping propaganda try get people overreact years go wow people dumb,-1.0,sad,-1,22,-1,0
97,ive play game before😭😭,1.0,sympathy,1,26,1,-1
98,realize almost recent viral threats way experimented gain function lab setting infecting outside lab intentional,1.0,sympathy,1,26,1,0
99,need worry guys first discovered new virus came existence one thing vaccine hmpv 💀,0.0,unemotional,0,27,-1,1
100,less one month away trip japan dont screw gifgiphy|yfosftvtmyinaj,0.0,unemotional,0,27,1,-1
101,gifgiphy|kqjtcssndrwwmmy|downsized,0.0,unemotional,0,27,0,0
102,wouldnt mind another pandemic lockdown big chilling,1.0,enthusiasm,1,12,0,-1
103,read anything know nothing fear,1.0,relief,1,21,1,0
104,bring back coffin dance cat vibing turkish drum man among us fall guys squid games already back 💀,1.0,joy,1,19,0,0
105,new virus around years,0.0,unemotional,0,27,0,1
106,well worry everyone elected president takes pandemics seriously professionally chill unrelated note anybody know good therapist,0.0,unemotional,0,27,1,1
107,leaders stupid anything last time fuck small businesses print money wealthy stop life,-1.0,anger,-1,4,-1,-1
108,bruhh cooked like jack rabbit skillet middle july,-1.0,fear,-1,14,1,0
109,hold let upgrade pc cant stay inside potato,1.0,enthusiasm,1,12,0,0
110,made memes covid,0.0,unemotional,0,27,0,0
111,cringe funny,-1.0,disgust,-1,7,1,1
112,changed everything know,1.0,relief,1,21,0,0
113,memes coping mechanism forces beyond control,0.0,unemotional,0,27,0,0
114,well looks like round two,-1.0,fear,-1,14,1,-1
115,never forgive japanese,-1.0,anger,-1,4,-1,0
116,anger,0.0,fear,0,14,-1,-1
117,right kinda sucked painful cough days,0.0,relief,0,21,-1,-1
118,want panic theres toilet roll shortage,-1.0,anger,-1,4,-1,0
119,thia virus old virus risk became epidemic,0.0,unemotional,0,27,-1,1
120,looks like virus going late winter arc boys,0.0,unemotional,0,27,1,-1
121,big joke last one yeah,-1.0,disgust,-1,7,1,0
122,thing flu anyone want stay inside fuck back,-1.0,anger,-1,4,-1,-1
123,keep tweaking mutating new viruses kills enough people keep population control mainly kill immune suppressed elderly costing governments afford,-1.0,fear,-1,14,-1,1
124,definitely calling one china virus,-1.0,anger,-1,4,1,0
125,waiting march,0.0,unemotional,0,27,0,0
126,meme abt meme,0.0,unemotional,0,27,0,0
127,covid,0.0,unemotional,0,27,0,0
128,please kill everyone deserve die anyway,-1.0,sad,-1,22,-1,0
129,grey hairs years old,0.0,unemotional,0,27,1,0
130,cooked like bacon 😭😂,-1.0,sad,-1,22,1,0
131,thats part psyop americans showed world demographics target want virus spread quickly try target events people dont take seriously,-1.0,anger,-1,4,1,0
132,hope get another one got ripped last one still go work,-1.0,anger,-1,4,1,0
133,common respiratory virus severity rsv,0.0,unemotional,0,27,0,-1
134,fool survived covid,0.0,unemotional,0,27,1,0
135,new,0.0,unemotional,0,27,0,1
136,looks like djt lol,0.0,unemotional,0,27,1,1
137,virus make housing cheaper groceries big deal,-1.0,disgust,-1,7,0,0
138,always china also well aint great,-1.0,anger,-1,4,-1,1
139,deja vu,0.0,unemotional,0,27,0,0
140,call immunity,0.0,unemotional,0,27,0,0
141,well yea god damn joke im wondering come new viruses come china,-1.0,disgust,-1,7,1,1
142,pandemic round lets gooo time lets hope gets geezers im congress holding us back,-1.0,anger,-1,4,1,-1
143,get apartment ps mostly done college next pandemic plz,0.0,unemotional,0,27,1,1
144,literally people im aware talking meme subs news people arent talking havent seen scientists talking tf talking insert someone sending random link tweet,0.0,unemotional,0,27,0,-1
145,whats funny shouldnt way scared chance bird flu mutates becomes airborne,-1.0,fear,-1,14,1,1
146,test failed ok lets,0.0,unemotional,0,27,-1,0
148,somehow instagram keep recommending china reels normal 😑,-1.0,disgust,-1,7,0,1
149,number times ive read new virus china headline since covid insanely high number times actually proved anything zero,0.0,unemotional,0,27,1,1
150,still remember lockdown days bohot ke liye phase great na exams na school many horrible phase many lost close ones one classmate lost father parents covid positive still get scared thinking abt days abhi bohot log kahenge ki wapas se lockdown lg jaye exam cancel hojaye dont know much people suffer,-1.0,fear,-1,14,-1,1
151,hmpv literally common cold,0.0,unemotional,0,27,0,-1
152,yr old virus peaked previous years simlar rsv panic new virus,0.0,unemotional,0,27,-1,0
153,hn entered chat,0.0,unemotional,0,27,0,0
154,see people already jerking next fear porn session,-1.0,disgust,-1,7,-1,0
155,time stock toilet paper,0.0,unemotional,0,27,0,0
156,thought couldnt say viruss came china,-1.0,disgust,-1,7,0,0
157,happend,0.0,unemotional,0,27,0,0
158,mm new totally fabricated excuse keeping population occupied justified right oppress people,-1.0,anger,-1,4,1,1
159,yes common cold joke,-1.0,disgust,-1,7,1,-1
160,maybe covid big joke,-1.0,disgust,-1,7,1,0
161,new virus fact already know would indicate exactly new,0.0,unemotional,0,27,0,1
162,fool shame fool twice,-1.0,anger,-1,4,-1,0
163,mean afraid nothing atleast making memes makes us laugh 🤷🏽‍♂️,0.0,unemotional,0,27,1,-1
164,definitely fear campaign going make people extremely nervous virus reason people need pay attention new virus,0.0,unemotional,0,27,-1,0
165,yeah nobody gunna fall everyone remembers governments tried spin total dictatorship lot people going die questioning legitimacy diseases generations damage done,-1.0,feaer,-1,13,-1,0
166,life live virus 🤔,0.0,surprise,0,25,0,1
167,remember media starts fearmongering trivial reality media starts saying definitely isnt big deal thats start worrying,1.0,relief,1,21,1,0
168,every winter,0.0,unemotional,0,27,0,0
169,stop eating authentic shit,-1.0,disgust,-1,7,-1,1
170,get zombies time 🥹,1.0,enthusiasm,1,12,0,0
171,viruses shit suck people need chill eat properlychicken noodles soup plenty liquids get rest etc unless youre unhealthy people survive shit thats outright aids,0.0,sympathy,0,26,-1,-1
172,afraid wont help anything wait see gallows humor natural response feeling powerless coping difficult situations,1.0,relief,1,21,-1,-1
173,yeah joke point havent nuked china viral attack perpetrated rest world another pandemic upon us started oh china hey china put cute little vial obviously never know theres point trying anymore go back making cheap junk thrown garbage heap week better,-1.0,anger,-1,4,1,1
174,definitely making sure get premium toilet paper currency trade,1.0,enthusiasm,1,12,1,1
175,😂,1.0,joy,1,19,0,0
176,isnt hmpv common cold,0.0,unemotional,0,27,0,-1
177,played games,0.0,unemotional,0,27,1,0
178,new virus,0.0,unemotional,0,27,0,1
179,yall please take seriously last time didnt bill gates said next time theyll see engineer vicious virus,-1.0,fear,-1,14,-1,-1
180,ah shit go,-1.0,disgust,-1,7,-1,-1
181,boy cried wolf response covid overblown people either going take next one seriously still doublemasking daily,-1.0,anger,-1,4,-1,-1
182,possible pandemic second common cause respiratory syncytial virus rsv acute respiratory tract illness otherwisehealthy children age large us outpatient clinic gifgiphy|brojmkelece,0.0,unemotional,0,27,-1,1
183,afraid serve anyone show fear fear useless,1.0,relief,1,21,-1,-1
184,hahahha eightpancakes would block cause youre complete fucking idiot heres reply since blocked dont think life though thats sit keyboard talking shit reddit judging comments thats troll make feel better sad sad existence bet cant even afford house let alone car uk probably still live mum flat youre still jerking fucking pics queen bet idea vaccines work dipshit tv told,-1.0,anger,-1,4,-1,-1
185,throw china away yet,-1.0,anger,-1,4,0,0
186,except isnt new pandemic research please,0.0,unemotional,0,27,1,1
187,instead afraid like scared going solve anything,1.0,relief,1,21,1,-1
188,bruh im training first responder rn need,0.0,unemotional,0,27,0,1
189,oh trust plenty afraid,-1.0,fear,-1,14,1,-1
190,another vaccine wont hurt already bugged point,1.0,enthusiasm,1,12,1,0
191,deleted,0.0,unemotional,0,27,0,0
192,ya guys ready round two god probably,0.0,surprise,0,25,1,0
193,im dead kinda,-1.0,fear,-1,14,-1,-1
194,gifgiphy|deumphp,0.0,unemotional,0,27,0,0
195,ffs new common virus,-1.0,anger,-1,4,-1,-1
196,pufferfish comin us,-1.0,fear,-1,14,0,0
197,one tell virus spread quicker want lockdown back,1.0,enthusiasm,1,12,1,0
198,another day another virus thats around longer us media loves good panic lets remember one another respiratory virus making rounds weve dealt worse keep living,0.0,unemotional,0,27,1,1
199,well like th one china pumped like last years weed afraid didnt happen every fucking month,-1.0,anger,-1,4,1,-1
200,another lock im going buy bidet circumvent tp hoarders,0.0,unemotional,0,27,0,0
201,nft crypto bitcoins nah toilet paper value assure,1.0,enthusiasm,1,12,1,0
202,🤣🤣🤣🤣🤣,1.0,joy,1,19,0,0
203,wanna scientists already x charts virus isnt harmful less dangerous covid whatever,-1.0,disgust,-1,7,1,-1
204,wait wait wanna get new pc please dont fuck prices,-1.0,fear,-1,14,1,-1
205,wait,0.0,surprise,0,25,0,0
206,every year wish lockdown even memes say otherwise,0.0,unemotional,0,27,1,0
207,worst possible people charge handle,-1.0,anger,-1,4,-1,-1
208,mean around years,0.0,unemotional,0,27,0,-1
209,scapegoat actual terrifying potential imminent bird flu mutations,-1.0,fear,-1,14,-1,-1
210,cant anything virus china even become pandemic afraid change anything best cope make memes,1.0,relief,1,21,1,1
211,tedros go bark go bite good boy sit,-1.0,disgust,-1,7,1,1
212,annoying orange presidency hes going ignore like covid except time wont getting vaccines,-1.0,anger,-1,4,-1,-1
213,crap dont fall fault,-1.0,disgust,-1,7,-1,-1
214,debatable virus alive really dont think would care make fun,0.0,unemotional,0,27,1,1
215,afraid majestys piss virus,-1.0,anger,-1,4,-1,-1
216,say cold im taking chances especially type mutates lot people tried downplay covid first dropped,-1.0,fear,-1,14,1,-1
217,anything good even come china,-1.0,disgust,-1,7,1,1
218,abb addat hoga hai har sal sunne ka,-1.0,sad,-1,22,0,0
219,gifgiphy|iljofjolnacsq aw shit go,-1.0,disgust,-1,7,-1,-1
220,removed,0.0,unemotional,0,27,0,0
221,lockdown electric boogaloo lets go,1.0,enthusiasm,1,12,0,0
222,isnt new virus particularly bad outbreak virus known decades,0.0,unemotional,0,27,-1,-1
223,new,0.0,surprise,0,25,0,1
224,bring everyone wants hide hide homes ill killing like last time,1.0,enthusiasm,1,12,-1,-1
225,american feel bad healthcare workers going need treat racist assholes screaming personal freedoms kick bucket,-1.0,sympathy,-1,26,-1,-1
226,,0.0,surprise,0,25,0,0
227,guys actual research hmpv big deal wash hands,0.0,unemotional,0,27,0,0
228,round,0.0,surprise,0,25,0,-1
229,mean first time,0.0,unemotional,0,27,0,0
230,world china time funny times fucking annoying,-1.0,anger,-1,4,0,-1
231,already got worst flu life year made covid look like mild coughing fit bring,1.0,enthusiasm,1,12,-1,-1
232,good afraid going might well make meme,1.0,relief,1,21,1,0
233,know deaths lock life dope,1.0,joy,1,19,0,0
234,thats anyone fucking anything anymore,-1.0,disgust,-1,7,0,-1
235,ah shit go,-1.0,disgust,-1,7,-1,-1
236,hmpv strain common cold,0.0,unemotional,0,27,-1,-1
237,like return,0.0,unemotional,0,27,1,0
238,didnt give shit wont give shit,-1.0,disgust,-1,7,1,-1
239,ive defeated viruses drinking entire strains table < stopfearmongering,1.0,joy,1,19,-1,0
240,amount misinformation people ready share astounding whatever happened fact checking,-1.0,disgust,-1,7,1,1
241,pandemic dick,-1.0,anger,-1,4,-1,0
242,waitis matt gaetz,0.0,surprise,0,25,0,0
243,science known one years new sensationalism concerned bird flu strain,0.0,unemotional,0,27,-1,1
244,cant beat meme,1.0,enthusiasm,1,12,0,0
245,know year already worse shouldnt worldwide pandemic even,-1.0,sad,-1,22,-1,-1
246,lol,1.0,joy,1,19,1,1
247,awesome idea,1.0,enthusiasm,1,12,1,1
248,removed,0.0,unemotional,0,27,0,0
249,meme feels like propaganda cat bag already,-1.0,disgust,-1,7,1,-1
250,since covid im caring like zero global pandemics dont know,0.0,unemotional,0,27,1,0
251,honest remember thing going precovid,0.0,unemotional,0,27,1,1
252,time buy toilet paper,0.0,unemotional,0,27,0,0
253,played games,0.0,unemotional,0,27,1,0
254,point could tell extinction level asteroid heading straight earth would par course,-1.0,fear,-1,14,1,1
255,china comes another bs virus vote nuke tha goooks fuck already got everything x price another pandemic,-1.0,anger,-1,4,-1,-1
256,new virus,0.0,unemotional,0,27,0,1
257,oh fuck sideways weeks without school,-1.0,disgust,-1,7,-1,-1
258,queue beagle slayer,0.0,unemotional,0,27,0,0
259,novel unlike covid,0.0,unemotional,0,27,1,0
260,weve one global pandemic yes second pandemic,0.0,surprise,0,25,1,0
261,young people immunocompromised happily take years paid annual leave make memes likely designated essential worker work cart immunotherapy field im actually useful colleague close getting fired might get furloughed instead ironically,1.0,enthusiasm,1,12,1,1
262,love gearing two pandemics simultaneously,1.0,joy,1,19,1,1
263,cant hmpv youve finished bird flu,0.0,unemotional,0,27,-1,0
264,cant wait pt,1.0,enthusiasm,1,12,0,0
265,sick time grind satisfactory,1.0,joy,1,19,-1,-1
266,new virus new circulating much,0.0,unemotional,0,27,0,1
267,lmao,1.0,joy,1,19,1,1
268,hmpv common af team,0.0,unemotional,0,27,0,-1
269,never,-1.0,fear,-1,14,0,0
270,least make memes december people would slip covid outbreaks like mundane report people like would check numbers everyday know epidemics remember reached k k k individual cases almost day day forgot year approximately million already died everyone started take seriously february shit spreads worldwide,0.0,unemotional,0,27,-1,-1
271,yes,0.0,unemotional,0,27,1,0
272,super cereal,1.0,joy,1,19,1,1
273,theres new plague,0.0,surprise,0,25,0,1
274,virus mainly affecting children somewhere feel china coming interesting ways curb population funny,-1.0,anger,-1,4,1,1
275,,-1.0,sad,-1,22,0,0
276,sometime make meme laugh prevention better cure,1.0,relief,1,21,1,1
277,get new one fuckers start every year covid exception rule least hope,-1.0,disgust,-1,7,-1,-1
278,covid everyone like keklmao,1.0,joy,1,19,1,0
279,laboratories shanghai made birdflu infect mammals people world years later suprised pikachu face,0.0,surprise,0,25,0,0
280,new dangerous common cold stop fear mongering,-1.0,disgust,-1,7,-1,-1
281,happen last pandemic,0.0,unemotional,0,27,0,0
282,well,0.0,unemotional,0,27,1,0
283,gifgiphy|lpuxyliemefxdopw,0.0,unemotional,0,27,0,0
284,soap sales 📈📈📈📈,0.0,unemotional,0,27,0,0
285,faster la spread want wfh,1.0,enthusiasm,1,12,1,0
286,doubt actual pandemic happens tend happen every years another one next generation going hear end lived fucking pandemics dont wanna hear go wash dishs,-1.0,aanger,-1,3,-1,-1
287,people overplaying new thing already herd immunity happened china particularly harsher year hygeneic okay,1.0,relief,1,21,-1,1
288,theres antivaxxer charge vaccines else,-1.0,fear,-1,14,0,0
289,guys live paris go catacombs get mutated plague pathogen send china gift otherwise kindness go unappreciated,-1.0,anger,-1,4,1,1
290,said ill say start naming things appropriately want people afraid scared random perspective normal person letters number say new virus called scarlet throat shredder appears bet ass people pay attention,0.0,fear,0,14,-1,-1
291,china always china,-1.0,anger,-1,4,0,0
292,please another pandemic 🥲,-1.0,sad,-1,22,1,0
293,kill everything earth wear stupid mask get bullied vaccines,-1.0,anger,-1,4,-1,-1
294,case yall thought fine hmpv new prepare avian flu hn real deal babyyyy,1.0,enthusiasm,1,12,-1,1
295,wait let survive university exams first 🥲🥲,0.0,fear,0,14,0,1
296,freedom important lockdown goto hell,-1.0,anger,-1,4,1,1
297,depends virus starting lab time,0.0,unemotional,0,27,0,0
298,gifgiphy|iljofjolnacsq,0.0,unemotional,0,27,0,0
299,well guess either cry laugh many people choosing laugh suppose deep lot folks also worried possible new pandemic sense humor way cope lets best stay safe hope best wont spread worldwide,1.0,relief,1,21,1,1
300,people scared anything days,-1.0,disgust,-1,7,-1,0
301,bro would love new lock,1.0,joy,1,19,1,1
302,fuck keep making new viruses new rule anyone goes way create new viruses alter existing ones dangerous get watch sun rise city pm,-1.0,anger,-1,4,-1,-1
303,china well oh come 😭 barely recovered covid bruh,-1.0,sadness,-1,23,1,0
304,didnt fall going fall,0.0,unemotional,0,27,0,0
305,relax hmpv new lifethreatening treated correctly second common cause respiratory problems years,1.0,relief,1,21,1,-1
306,china virus gonna good first china virus,0.0,surprise,0,25,1,1
307,get new virus cant get new jobs yeah see people dont take seriously,-1.0,anger,-1,4,1,0
308,,-1.0,surprise,-1,25,0,0
309,covid,0.0,unemotional,0,27,0,0
310,evolution taught us anything ones gonna worse,-1.0,fear,-1,14,-1,-1
311,mean could possibly get worse,-1.0,fear,-1,14,-1,-1
312,gifgiphy|peszguilihxjte|downsized cant,-1.0,fear,-1,14,0,0
313,shit,-1.0,disgust,-1,7,-1,-1
314,flu get flu meds ya quick scran pint water followed nap n youll reet,0.0,unemotional,0,27,-1,1
315,aint started china bro already existed since exploded china recently doesnt mean china started china,0.0,unemotional,0,27,0,-1
316,learn meme post reddit,0.0,surprise,0,25,0,0
317,hmpv isnt new infection rates increasing alongside respiratory viruses would expect see winter everything normal,0.0,unemotional,0,27,0,1
318,yes anything news says afraid joke,-1.0,disgust,-1,7,1,-1
319,isnt happened c iirc mocking locmdowns,0.0,unemotional,0,27,1,0
320,hopefully lockdown happen,1.0,enthusiasm,1,12,1,0
321,thing last time,0.0,unemotional,0,27,0,0
322,iin biden america arent afraid,1.0,relief,1,21,0,-1
323,played games,0.0,unemotional,0,27,1,0
324,yes yes u,-1.0,anger,-1,4,1,0
325,guys ordered something recently china dont scare like,-1.0,fear,-1,14,1,0
326,played theese games 🗣️🗣️🗣️,0.0,unemotional,0,27,1,0
327,oh shit go ahh moment,-1.0,disgust,-1,7,-1,-1
328,lmao,1.0,joy,1,19,1,1
329,sure gonna survive,0.0,surprise,0,25,1,1
330,get pc laptops go far,0.0,unemotional,0,27,0,1
331,dont worry new virus,1.0,relief,1,21,1,1
332,omg,0.0,unemotional,0,27,0,0
333,dont buy laptop 🙏,0.0,unemotional,0,27,0,0
334,laptop dont need portability build tower,0.0,unemotional,0,27,0,0
335,lenovo loq good choice youre budget minded regrets better acer nitro used,1.0,enthusiasm,1,12,1,1
336,military recruiter hello,0.0,unemotional,0,27,0,-1
337,worries one mostly kills kids five,0.0,fear,0,14,-1,1
338,ily bro ok care care,1.0,sympathy,1,26,1,1
339,seriously point either ww virus days kinda think species need one maybe wake moving forward species,-1.0,fear,-1,14,-1,-1
340,agreed dont feel like future,-1.0,sad,-1,22,0,0
341,imma show dad hes gonna believe lol,0.0,surprise,0,25,1,1
342,really top comment people trying sneak idea new virus memes comment states thanks good work,1.0,relief,1,21,1,1
343,dammit,-1.0,anger,-1,4,0,0
344,thank finally reasonable explanation,1.0,relief,1,21,1,1
345,facts make hard hate chinese people fake internet points though,1.0,relief,1,21,-1,-1
346,tbf coronavirus wasnt new either actually none viruses around longer matters mutations,0.0,unemotional,0,27,0,1
347,hn news one,0.0,unemotional,0,27,0,0
348,deleted,0.0,unemotional,0,27,0,0
349,thanks came say,1.0,joy,1,19,1,1
350,say lol hmpv aint new,0.0,unemotional,0,27,1,1
351,came rerererepost fact glad see someone beat facebook see much toilet paper need hoard due coming plague manufactured china sorosbacked illegal immigrants god im tired timeline,-1.0,anger,-1,4,-1,-1
352,>is new virus weve seasonal coronavirus decades well rsv rhino virus ev influenza strain decides novel strain interest things get spicy annual flu seasons pretty standard fair get exciting years like,0.0,unemotional,0,27,1,1
353,upvote downvote post misinformation least dramatizing unnecessarily needs stop,0.0,enthusiasm,0,12,-1,-1
354,read slightly chinese case automatic testing comes flu know viruses infect people people unsurprisingly find virus infecting others yes happens every country winter shocker comes testing dont tests flu western countries also less cases last year big nothing burger,1.0,relief,1,21,-1,0
355,came say,1.0,joy,1,19,0,0
356,hmpv right covid hit first responder priming next bouts covid inevitably caught job,0.0,unemotional,0,27,0,1
357,alternates every years piv enterovirus showing often others alongside flu rsv theyre mostly nothing write home causing mostly cold tho still remember year wave enterovirus start early saw uptick linked gbs think people discovered fact respiratory viruses flu common cold look often told friends stop asking x respiratory virus news weeks gonna next covid im still sure people even realise coronaviruses arent new discussion want last coronavirus pandemic pre cov lil years ago class sars mers cov annoyed start gave covid whole ass new name beta coronavirus last coronavirus cause pandemic fact still circulation today showed every year winter months alongside three seasonal coronaviruses tens super common seasonal respiratory viruses idky even engaged post 😂,1.0,joy,1,19,-1,0
358,signal boost please feel lot people need hear,1.0,enthusiasm,1,12,1,0
359,ayo mods pin post right,1.0,enthusiasm,1,12,0,1
360,thank rational voice two half year old son caught hmpv six months old scary awful parent er doctor fairly unconcerned surprised find daycare kid contracted hmpv,1.0,sympathy,1,26,-1,-1
361,feels like every year spike fear new disease even way covid zika ebola etc rarely turns anything serious even ignored covid really started spike late february march wish theyd stop sensationalizing new diseases real threats stand,-1.0,anger,-1,4,-1,0
362,people spreading unfounded fear purposeful care true disinformation king covid least america chunk population rejecting reality science along,-1.0,disgust,-1,7,-1,0
363,thank came say thing since patient day hospital similar cold told patient elderly didnt seem negatively affect much wasnt good shape begin pandemic talk started happening,1.0,relief,1,21,0,0
364,said increase infections along several respiratory viruses theyd expect see winter,0.0,unemotional,0,27,1,0
365,three days late think important mention purely antichinese sentimentsinophobia reason hearing china effective disease surveillance system america reason people wont shut sides america benefit spreading antichinese sentiment,-1.0,anger,-1,4,1,1
366,could mutation global pandemics usually local first,0.0,unemotional,0,27,0,1
367,corona virus common cause common cold rhinovirus viruses mutations made hard control thing could going one,0.0,unemotional,0,27,-1,-1
368,gifgiphy|dwxosrqhocem,0.0,unemotional,0,27,0,0
369,years old,0.0,unemotional,0,27,0,1
370,lockdown ends gamers damn lockdown ended yet gta vi,1.0,enthusiasm,1,12,-1,0
371,covids precursors indentified sars epidemic wouldnt scared regardless,1.0,relief,1,21,1,0
372,real daughter human metapneumovirus couple years ago live us similar rsv severe cold,0.0,sympathy,0,26,-1,-1
373,dont worry virus us europe years basically respiratory virus youre old young immunocompromised youll fine common flus colds chances western world bunch cases winter one tested cases look like regular flus colds isnt big deal,1.0,relief,1,21,1,0
374,really wish get another pandemic hate socializing people,1.0,enthusiasm,1,12,-1,-1
375,removed,0.0,unemotional,0,27,0,0
376,theyre losers like societally acceptable behave pathetic ways,-1.0,disgust,-1,7,-1,-1
377,iphones affordability good enough,1.0,joy,1,19,1,1
378,well case theyre contributing new virus op everyone believing idiots virus identified well years,-1.0,anger,-1,4,1,-1
379,virus first identified netherlands european virus,0.0,unemotional,0,27,0,1
380,wouldnt surprise people already buying rolls plenty handwash,0.0,unemotional,0,27,-1,0
381,well spend time home gaming day getting sure ill safe,1.0,relief,1,21,1,1
382,yeah covid wasnt bad could like mortality rate something hits mortality rate wont nice isolation like covid itll like movie contagion,-1.0,fear,-1,14,-1,0
383,either get game problem anymore winwin honestly,1.0,enthusiasm,1,12,1,1
384,nobody lives forever death hand close timesi pray get used idea never wake stay think positivealwaysthats trick 👍,1.0,relief,1,21,1,0
385,either get slink gaming room months die free virus ridden hellscape probably get worse capitalists last time crank prices frankly either option works,1.0,enthusiasm,1,12,-1,0
386,thats right go anywhere even comfort bedroom,0.0,unemotional,0,27,1,1
387,right tool job hardcore gamer wants full experience great cost effectiveness tower pc casual gamer wants comfort carrying thing anywhere sofa home friends place doesnt mind concessions come laptops fine im former category absolutely see merits latter,0.0,unemotional,0,27,1,1
388,pretty weak old virus mild coldlike symptoms internet silly place sometimes,1.0,relief,1,21,1,0
389,yeah need good internet also get paid monthly home,1.0,enthusiam ,1,11,1,1
390,theyd accept lazy ass like,0.0,unemotional,0,27,-1,-1
391,said kill work bone anothers interests kill,-1.0,anger,-1,4,-1,0
392,yeah would require become physically fit get basically tortured basic training im good,-1.0,disgust,-1,7,1,1
393,redbull yt video team hello,1.0,joy,1,19,0,0
394,hello mr recruiter happens im lazy almost anything want lay around mean dont want run shit like think ways kill people maybe mechanic things host pay,0.0,unemotional,0,27,-1,-1
395,thanks mate love,1.0,joy,1,19,1,1
396,wouldnt believe either reddit comment show proof anything,-1.0,anger,-1,4,0,0
397,well guess smart chess set bought back lockdown chessboom continue gathering dust,0.0,unemotional,0,27,1,1
398,coronaviruses existed covid exist hence name coronaviruses exist either didnt affect humans werent transmissible,0.0,unemotional,0,27,0,0
399,originally called novel coronavirus talking mean overall group coronaviruses arent new class virus started wuhan new,0.0,unemotional,0,27,1,1
400,thats logic toyota camry isnt new cars around hundred years,0.0,surprise,0,25,0,1
401,minutes midnight still fine besides weve already vaccines developed one,1.0,enthusiasm,1,12,1,1
402,discovered traces back years ago,0.0,unemotional,0,27,0,0
403,next lockdown starts lockdown gta damn,-1.0,fear,-1,14,-1,0
404,precursors yes one hasnt really changed much ofcourse get pretty sick believe particularly bad one young kids theres established treatments still work work well theyve always done treatment ever guarantee ofcourse,1.0,sympathy,1,26,1,-1
405,dont hate socializing people pandemic times good,0.0,unemotional,0,27,1,-1
406,thought every time get stuck traffic,0.0,unemotional,0,27,-1,0
407,times girlfriends actually pandemic,1.0,surprise,1,25,0,0
408,dont dont need pandemic force stay home socialize work go home people probably wont like much dont want socialize anyways fine,-1.0,anger,-1,4,-1,1
409,several wildlife species population boom covid something wasnt killing many,-1.0,surprise,-1,25,1,1
410,pathogen box gaming notebook pathogen gets,-1.0,fear,-1,14,0,0
411,woods fo internet lets go,0.0,unemotional,0,27,0,0
412,bird flus right terrified makes first human human transmission since contagious hell,-1.0,fear,-1,14,-1,1
413,think skipped meds bro,-1.0,sympathy,-1,26,0,0
414,high end pc + cheap laptop tablet = playing gaming pc anywhere home,1.0,joy,1,19,1,1
415,talking lockdown pandemic tower pc way,-1.0,anger,-1,4,0,0
416,tell yes,1.0,joy,1,19,1,0
417,theres draft,0.0,unemotional,0,27,0,0
418,long arent obese pass piss test thats thats litmus test yes theres handful medical dqs well,-1.0,surprise,-1,25,1,0
419,see like way youre surrounded likeminded people,1.0,joy,1,19,1,0
420,info found articles ive read virus shouldnt difficult news got clicks social media bullshit rest,-1.0,disgust,-1,7,-1,-1
421,sars pandemic also caused coronavirus thus covid designated sarscov,0.0,unemotional,0,27,0,0
422,couple coronavirus cold viruses least one caused similar pandemic past new covid likely end,1.0,sympathy,1,26,0,-1
423,thats like saying barcodes around since specific barcode number ~~created~~ discovered named didnt exist sequence,0.0,unemotional,0,27,1,0
424,cool bonus unlike covid flummoxed us transmission methods know flu transmitted spittle droplets basic masks work flu,1.0,joy,1,19,1,1
425,traces back years ago wow knew discovered even worse funnier,-1.0,sad,-1,22,1,-1
426,top vaccine works mrna covid,1.0,relief,1,21,1,1
427,thats hes gotta quick yet widespread,-1.0,fear,-1,14,0,1
428,douse box vodka,-1.0,disgust,-1,7,0,0
429,gifgiphy|xtlmpnnodjwbo|downsized,0.0,unemotional,0,27,0,0
430,taught us prevent last pandemic blast groceriesitems hand sanitizer lysol wipes,1.0,sympathy,1,26,1,0
431,exactly pc parts made china like virus,-1.0,anger,-1,4,1,1
432,mortality rate among birds doesnt mean itll humans depends mutates ifwhen jumps humans shall see least good nkn mask still protect pretty well still stock covid,1.0,sympathy,1,26,1,1
433,hasnt already hit like people alabama,1.0,surprise,1,25,-1,0
434,media control emotions bud zoom bit learn things rather giving anxiety oversensationalized headlines,1.0,sympathy,1,26,1,0
435,see point couch lockdown ends eventually,0.0,unemotional,0,27,0,0
436,luckily ive got broken teeth wont accept,-1.0,fear,-1,14,-1,0
437,close window,0.0,unemotional,0,27,0,0
438,thats im saying want convince someone theyre reading social media isnt true send verifiable sources stating rather sending reddit comment,-1.0,anger,-1,4,0,1
439,yes relevant specific barcode decides get sniffles smallpox,-1.0,sympathy,-1,26,1,1
440,well thats terrible news given many troglodytes politicized masks refuse wear,1.0,surprise,1,25,-1,-1
441,youre telling ingested someone elses mouth spittle without realising coming round flu since week christmas last year except flu b flu got vaccinations still knocked id hate see would like without taking vaccine,-1.0,anger,-1,4,-1,-1
442,yeah annoying decease really threat par covid like outlets like pretend,0.0,unemotional,0,27,-1,-1
443,wait theres seriously another virus thats spreading china,-1.0,surprise,-1,25,-1,-1
444,little mailman sure,0.0,unemotional,0,27,1,1
445,birds also dont much way hospitals medicine veterinary care exists rather inadequate entire populations compared human medical care,1.0,sympathy,1,26,1,0
446,hook tv get new pc lockdown ends itll time new one,1.0,joy,1,19,0,1
447,well mild inconveniences kill americans plagues know,-1.0,fear,-1,14,-1,1
448,ever smell fart ive got bad news,-1.0,disgust,-1,7,-1,-1
449,hmpv around forever outbreaks us long time new virus making news china cant seem unfuck,-1.0,anger,-1,4,0,0
450,didnt succeed bringing west last time keep trying,-1.0,fear,-1,14,-1,0
451,removed,0.0,unemotional,0,27,0,0
452,hmpv already discovered causes usually mildcold,-1.0,surprise,-1,25,0,-1
453,dozens spreading around usa given time usually dont cause significant enough change symptommortality distinguished common coldinfluenza lately theyve getting little exotic asian countries probably due deregulation foodindustry cleanliness standards way know sure theres really reason believe happening china unless buy lab leak conspiracy stuff isnt credible enough take seriously vaccines didnt eradicate covid still still mutating within population much slower longer evolutionary intervals cant spread frequently mutate,-1.0,anger,-1,4,-1,0
454,dont forget vodka mailman check,1.0,joy,1,19,1,0
455,option existing convenience hook pc tv move back office every time wanna sit somewhere else also last lockdown ended year lived buy new pc every year assure people dont,-1.0,anger,-1,4,1,0
456,coronavirus around new aggressive strain got problems,-1.0,fear,-1,14,-1,1
457,conspiracy believers make great entertainment realize theyre serious,-1.0,fear,-1,14,1,1
458,know sayif first dont succeed try,0.0,unemotional,0,27,-1,1
459,virus basically common cold already common us people probably already hmpv kids,-1.0,disgust,-1,7,0,-1
460,removed,0.0,unemotional,0,27,0,0
461,wouldnt mind moving tower problem pc gaming couch mouse youre playing games dont really require mouse dont really need gaming rig yea mandatory lockdowns werent long considerate quarantining lasted years upgrade every years,1.0,joy,1,19,-1,1
462,anything aggressive previously australia came said thing seen years australia closer relationship traveltourism trade china see problems us,-1.0,anger,-1,4,-1,-1
463,remember work first heard covid someone using lysol said heythis shit already says coronavirus old concerned lmao,1.0,joy,1,19,1,1
464,sarscov around first identified evidence existence saying coronavirus around like discovering completely new man bear pig saying meh vertebrates around definitely see new misinformation though,-1.0,anger,-1,4,1,1
465,doesnt work third times charm,-1.0,fear,-1,14,1,0
466,good know thanks information,1.0,relief,1,21,1,1
467,whats funny reported cases india say need worry virus affects ages serious ages weak immune system gee heard,-1.0,fear,-1,14,-1,-1
468,> youre playing games dont really require mouse dont really need gaming rig absolute braindead take demanding games play right controller playable meanwhile titles think kbm esports titles run potatoes,0.0,unemotional,0,27,1,1
469,honestly great hear australia genuinely comforting news front guess people making mountains molehills,1.0,relief,1,21,1,1
470,bird flu going around conservative influencers pushing raw milk however,-1.0,anger,-1,4,-1,-1
471,meh manbearpig around since,0.0,unemotional,0,27,-1,0
472,tbh isnt serious ages weak immune system feel like given lol,-1.0,surprise,-1,25,1,0
473,>while virus affects ages serious ages weak immune system soo nearly every serious virussickness ever,-1.0,fear,-1,14,-1,-1
474,thanks posting rgetnoted please remember rule politics allowed rpoliticsnoted allow historical posts ww ancient rome ottomans etc current politicians also banning posts ongoing israelpalestine conflict well iranisraelusa conflict please report post current republicans democrats presidents prime ministers israelpalestine anything else related current politics thanks bot action performed automatically please contact moderators subredditmessagecomposeto=rgetnoted questions concerns,0.0,unemotional,0,27,1,1
475,dude gets around,0.0,unemotional,0,27,0,0
476,seems bryan isnt actual person behind picture,1.0,joy,1,19,0,-1
477,confused randomly placed pic article,-1.0,surprise,-1,25,-1,-1
478,mean bryan something jobless,1.0,joy,1,19,0,-1
479,ai hard,0.0,unemotional,0,27,-1,-1
480,gaza bombings continue thousands displaced accompanied picture rubble bryans face,-1.0,disgust,-1,7,0,0
481,people seem believe owns accounts get views clue true personally,-1.0,sympathy,-1,26,1,1
482,hope picture used bunch different articles different countries fuck future historians like bryan one,-1.0,anger,-1,4,1,-1
483,rfuckyouinparticular,-1.0,anger,-1,4,0,0
484,im old finna typo,-1.0,sad,-1,22,0,1
485,maybe bad news bryan,-1.0,sad,-1,22,-1,-1
486,guys still promoting xitter,1.0,surprise,1,25,1,0
487,watching origin story character arc making people,0.0,unemotional,0,27,0,0
488,fuck nazi twitter,-1.0,anger,-1,4,-1,-1
489,maybe theyll care kids start dying stuff oh since leader old shit,-1.0,anger,-1,4,-1,0
490,ive seen guys face lot lately tf,-1.0,surprise,-1,25,0,-1
491,nahh done got bryan,0.0,unemotional,0,27,0,0
492,someone explain please,1.0,surprise,1,25,1,0
493,aw fuck ive sick past days feels pretty gross get cold thats side globe,1.0,surprise,1,25,-1,-1
494,also fake news spreading,-1.0,disgust,-1,7,-1,-1
495,stop trying make finna happen going happen,-1.0,anger,-1,4,-1,0
496,people use finna unironically low intelligence cannot change mind,-1.0,joy,-1,19,1,0
497,face unemployment hes got lots time hands,1.0,enthusiasm,1,12,-1,0
498,soon said finna knew bryan wasnt bryan,1.0,joy,1,19,0,0
499,guess community notes work pretty well,0.0,unemotional,0,27,1,1
500,theyve done couple times thats hes suing think rd time theyve posted face article something bad happening really bizarre,-1.0,sad,-1,22,-1,-1
501,bunch years ago randomly received check lawyer group whole class action suit facebook apparently whole anything want photos post doesnt include using likeness aka face since lawyer group sent check im assuming point facebookmeta created ad used one photos included face,-1.0,surprise,-1,25,1,0
502,likely putting together images ai keeps pulling picture high amounts engagement image negative articles regardless context,0.0,unemotional,0,27,-1,0
503,haha one really got around poor guy,-1.0,joy,-1,19,-1,0
504,finna = fixing,0.0,unemotional,0,27,0,0
505,dont know youll feel better worse finna pretty dated slang point,1.0,sympathy,1,26,1,1
506,deleted,0.0,unemotional,0,27,0,0
507,common slang fixing,1.0,surprise,1,25,0,-1
508,finna ebonics means fixing apparently much common southeastern us,1.0,joy,1,19,0,-1
509,deleted,0.0,unemotional,0,27,0,0
510,age thing finna around since least trashy southern slang unless youre working minimum wage southern state youre going hear word common vernacular,1.0,surprise,1,25,0,-1
511,someone never atlanta,0.0,unemotional,0,27,0,0
512,> stop trying stop tryna,0.0,unemotional,0,27,-1,0
513,trying finna thing decades,0.0,unemotional,0,27,0,0
514,finna thing longer youve existed planet,0.0,unemotional,0,27,0,0
515,bro history comments meme hentai subreddits lets calm bit,-1.0,anger,-1,4,1,1
516,black white people south well race south mostly uses finna unironically doesnt mean theyre stupid southerns talk like sometimes pronounce words instead example saying thats right youll sometimes aint right often speak less formal head south less cities rural areas skip pass formal language often get point saying faster youll still hear cities southern slag aint isnt finna fixing gonnaabout going really southern thing guarantee stay south considerable amount time begin speak like despite whether sound like northerner anything else wont notice using finna get called catch saying live sc hear multiple times per day every day everyday everyone says says southern slang white people black people latino hispanic people even asian american people pick talk speak like everyone talks like literally everyone someone says dont talk like say live distinct area sc flat lying,-1.0,anger,-1,4,1,0
517,reminds gem,0.0,unemotional,0,27,0,0
518,thx context maybe someone personal agenda guy,-1.0,sympathy,-1,26,1,0
519,feel bad dude thats absolutely hilarious multiple different gave randomly decided fuck dude hes face every bad thing going,-1.0,sympathy,-1,26,-1,-1
520,thats really weird one like guy thats consistent random,-1.0,sympathy,-1,26,1,-1
521,algorithm funky thing gives similar stuff mostly algorithm pen death sentence accident,-1.0,surprise,-1,25,-1,1
522,thats ai image generation works,-1.0,anger,-1,4,0,0
523,fixing = intending,0.0,unemotional,0,27,0,0
524,wait till hears rolling windows car,0.0,unemotional,0,27,0,0
525,removed,0.0,unemotional,0,27,0,0
526,>i dont know youll feel better worse good news worse,-1.0,sad,-1,22,-1,1
527,fun fact many words black people incorrectly used considered aave fancy way trying validate slang,-1.0,surprise,-1,25,1,1
528,ebonics southern thought southern thing,0.0,surprise,0,25,0,0
529,like yall describe fixing phrase anyone uses ive heard fixing far less finna life ive heard finna last couple years excessive clarity finna comes fixing mean planning thing machinations etc impression africanamerican vernacular english aave preferred term ebonics least academic type usage,1.0,surprise,1,25,1,-1
530,fixing,0.0,unemotional,0,27,0,0
531,incorrect,0.0,unemotional,0,27,0,0
532,thought common mispelling based keyboard layout eventually people purpose,0.0,surprise,0,25,0,-1
533,culture linguistics colonial overseer masters good anything keeping line superiority said culture bad imagine working white people terrible spelling grammar poc outwrite language wouldnt job long would resent,0.0,surprise,0,25,-1,-1
534,theyre finna gonna snap ever go,0.0,joy,0,19,0,0
535,memphis,0.0,unemotional,0,27,0,0
536,> going aint gonna,0.0,unemotional,0,27,0,0
537,actually mentioned unemployment article,0.0,unemotional,0,27,-1,0
538,least one cropped version article image articles using bryan cropped versions profile picture,-1.0,disgust,-1,7,0,-1
539,like youtubers reuse thumbnail face,1.0,joy,1,19,1,0
540,think theyre describing sort ai designediting using real images ai gets given headline trawls internet real freely available photos stitch together thumbnail instead ai generate whole thing scratch,1.0,surprise,1,25,1,1
541,intending = desiring act upon thusly,0.0,unemotional,0,27,0,0
542,feel like well also keep saying hit gas cars become electric,-1.0,sad,-1,22,1,0
543,south kinda dated,0.0,unemotional,0,27,0,0
544,south still kicking screaming drug th century,-1.0,sad,-1,22,-1,0
545,dated doesnt mean longer use means around cool dated slang people say time,0.0,unemotional,0,27,1,0
546,came prominence early years long enough call expression dated,0.0,unemotional,0,27,0,0
547,still lets maybe use guideline contemporary anything,1.0,sympathy,1,26,0,1
548,saying english words mispronounced commonly large scale became dialect,1.0,surprise,1,25,0,1
549,bruh like every english word bastardization earlier english word bastardization word another language english grammar done shit,-1.0,disgust,-1,7,-1,0
550,ew linguistic prescriptivism,-1.0,disgust,-1,7,0,1
551,rmadeupurlsialmostfellfor,0.0,unemotional,0,27,0,0
552,ive rarely heard anyone isnt black say midwest didnt know considered southern thing saw thread day,-1.0,surprise,-1,25,0,0
553,africanamerican vernacular english aave seems like trying generic term youre looking,-1.0,surprise,-1,25,1,0
554,phrase likely would heard great deal younger older ive heard fixing times finna although days see finna written quite often,0.0,surprise,0,25,1,1
555,ive literally heard fixing life incredibly cringe mirror speech paul rudd wanderlust,-1.0,surprise,-1,25,0,1
556,another term thing dont think considered politically correct think older term ive heard black people around chicago say finna sometimes saw map day mapping usage finna highest concentration far south think first time heard term like years ago,0.0,surprise,0,25,1,1
557,deleted,0.0,unemotional,0,27,0,0
558,hate guy sentence say finna snap ever go,0.0,unemotional,0,27,-1,-1
560,thats fair statement,1.0,enthusiasm,1,12,1,1
561,southerner agree,0.0,unemotional,0,27,1,0
562,said exact opposite correct dated means oldfashioned longer popular use cool dated term,-1.0,anger,-1,4,1,1
563,removed,0.0,unemotional,0,27,0,0
564,removed,0.0,unemotional,0,27,0,0
565,wasnt aware time stopped century ago interesting,0.0,surprise,0,25,1,1
566,southern culture black culture pretty tightly entwined grew south common goes ways ig,1.0,relief,1,21,1,-1
567,region old midwest living texas last decade+ formative years spent friends nyc area fixing dinner fixing car literally usage recall hearing fixing ~ denying experience course deny claim common nationally anyone claiming,0.0,anger,0,4,-1,-1
568,dont really understand youre saying finna contraction fixing means going finally fit edit think guy blocked entire comments disappeared end doesnt even say deleted anything,0.0,anger,0,4,-1,1
569,incorrect,-1.0,unemotional,-1,27,0,0
570,gonna = finna,0.0,unemotional,0,27,0,0
571,term use stupid fucking piece shit hackberry shit fucker cock bastard tree bit dated,-1.0,anger,-1,4,-1,-1
572,date tree,0.0,unemotional,0,27,0,0
573,deleted,0.0,unemotional,0,27,0,0
574,>i wasnt aware time stopped century ago interesting thats havent spent time south salem witch trials next great thing coming,-1.0,surprise,-1,25,1,1
575,went monroe la still playing kevin gates eating chick sticks maybe dont feel like,0.0,surprise,0,25,-1,0
576,deleted,0.0,unemotional,0,27,0,0
577,finna =,0.0,unemotional,0,27,0,0
578,removed,0.0,unemotional,0,27,0,0
579,>thats havent spent time south fucking live hello,-1.0,anger,-1,4,0,0
580,ive monroe sole claim fame youre slightly less likely get stabbed monroe shreveport,-1.0,fear,-1,14,1,-1
581,youre wrong finna phonetic spelling sound people make say fixing southern black accent like iono dont know sum instead something south common pronounce consonants word even among black southerners obvious thing ever people actually,0.0,surprise,0,25,-1,-1
582,incorrect,0.0,unemotional,0,27,0,0
583,straight wrong,-1.0,anger,-1,4,-1,-1
584,= boutta,0.0,unemotional,0,27,0,0
585,stay mad wrong kid,-1.0,anger,-1,4,-1,-1
586,grew parish theres also mall segregated schools,1.0,joy,1,19,0,0
587,deleted,0.0,unemotional,0,27,0,0
588,replied wrong alt,0.0,anger,0,4,-1,-1
589,> fixing fixin ta fiin da finna finally gonna fixin mean exact thing fixin means youre planning finally gonna means youre executing plan > im fixin inhale plate grits im done making em vs > im finally gonna inhale grits im done making em,0.0,sympathy,0,26,0,0
590,deleted,0.0,unemotional,0,27,0,0
591,removed,0.0,unemotional,0,27,0,0
592,cant wait season release soon,1.0,enthusiasm,1,12,0,0
593,ffs another time found job rough times looked forward finally get forward life,1.0,joy,1,19,-1,0
594,swear every months hear new virus super scary everyone acts like end world forgets,0.0,sympathy,0,26,1,0
595,cant wait among us,1.0,enthusiasm,1,12,0,0
596,thats walling china,-1.0,anger,-1,4,0,0
597,please mercy mercy,-1.0,sad,-1,22,1,0
598,coming dude ate shit shouldnt ill burst laughter,1.0,happy,1,16,-1,-1
599,dont tell another pandemic yup lockdown likely bring,0.0,surprise,0,25,0,0
600,even fucking timing,0.0,surprise,0,25,0,-1
601,oh fuck joke,0.0,surprise,0,25,-1,-1
602,deleted,0.0,unemotional,0,27,0,0
603,virus already known science nothing get panicked,1.0,sympathy,1,26,1,0
604,among us coffin meme vaccine shenanigans face masks,1.0,enthusiasm,1,12,0,0
605,around since early ppl trying stir fear clicks,1.0,fear,1,14,-1,1
606,god damn china,-1.0,surprise,-1,25,-1,0
607,known hmpv since seasonal disease real need worry,1.0,sympathy,1,26,-1,1
608,whatd put soup,-1.0,fear,-1,14,0,0
609,stage seems like annoying flubut could drastically change soooooo hopefully dont covid electric boogaloo,0.0,fear,0,14,1,-1
610,stop teasing us epidemic happening none going round lets fucking go,1.0,enthusiasm,1,12,-1,-1
611,da fuck,-1.0,surprise,-1,25,-1,-1
612,source,0.0,unemotional,0,27,0,0
613,guess time invest toilet paper stocks,1.0,joy,1,19,0,0
614,haint happened times since roners,0.0,unemotional,0,27,0,0
615,covid first round prepare second,0.0,fear,0,14,0,0
616,honestly could go two weeks essential job couple years employer would pay stay home,1.0,relief,1,21,1,1
617,fuck im school hard enough moment damn deadlines cant home ill literally go insane,-1.0,anger,-1,4,-1,-1
618,like olympics,0.0,unemotional,0,27,1,0
619,still got mindset last time people start dropping like flys around fear mongering,-1.0,disgust,-1,7,-1,0
620,like news like past years far media trying seek sensation,-1.0,anger,-1,4,1,-1
621,sooo ready another lockdown please please god,1.0,enthusiasm,1,12,1,1
622,watch toilet apocalypse comes,1.0,joy,1,19,0,0
623,know metaphysical authors scraping bottom barrel,-1.0,disgust,-1,7,0,0
624,time im going feral,0.0,sad,0,22,0,0
625,round six covid round lets fcking,1.0,enthusiasm,1,12,0,-1
626,gifgiphy|otpohhszvruqxzbo|downsized,0.0,unemotional,0,27,0,0
627,time buy bleach iv lads,-1.0,disgust,-1,7,0,0
628,tech work fresher finally get job,1.0,relief,1,21,0,0
629,broke novemberdecember way didnt care yet,0.0,unemotional,0,27,-1,0
630,isnt like hoax,-1.0,surprise,-1,25,-1,0
631,first like people high risk disease high risk disease yeah shit shirlock,-1.0,anger,-1,4,-1,1
632,panic mode v,-1.0,fear,-1,14,-1,0
633,cant calm fuck,-1.0,anger,-1,4,1,0
634,pandemic rfk charge kill many people also actual fuck happening china,-1.0,fear,-1,14,-1,0
635,dont care lets shut global economy time bullshit takes like population take ding move,-1.0,disgust,-1,7,-1,0
636,im falling shit covid bs,-1.0,anger,-1,4,-1,-1
637,yall know rmemes right,0.0,unemotional,0,27,0,1
638,sequall,0.0,surprise,0,25,0,0
639,wow convenient,-1.0,disgust,-1,7,1,1
640,meta much wow,1.0,joy,1,19,1,1
641,usa survive nd virus,-1.0,fear,-1,14,0,0
642,ngl keeps happening would help line business work xr lol,1.0,enthusiasm,1,12,1,1
643,serious bro im waiting get employed dont want virus excuse,-1.0,sad,-1,22,-1,-1
644,havent seen government action chinese resident yet remindme days,0.0,unemotional,0,27,0,0
645,russia allowed take civilian airliners stop war,-1.0,anger,-1,4,-1,0
646,maybe could miss whole year school like last time knows,1.0,enthusiasm,1,12,1,1
647,gifgiphy|mzmzocvzqlthccxcr,0.0,unemotional,0,27,0,0
648,wasnt already debunked something im mistaken normal virus worse flu treatable virus already known maybe bad winter flu something im wrong im curious someone enlighten truth would really love know,0.0,surprise,0,25,-1,-1
649,true absolutely reason live,-1.0,sad,-1,22,1,1
651,many people anyway,-1.0,disgust,-1,7,0,1
652,shit happens every week china,-1.0,anger,-1,4,-1,-1
653,lets buy toilet paper anyone else j,0.0,joy,0,19,0,0
655,point rerolled china diffrent country couldve french fuck french,-1.0,disgut,-1,9,-1,-1
656,caught covid late pandemic declared caught hmpv late covid left symptoms good months hmpv significantly worse far immediate symptoms go took weeks work doctors visits different prescriptions first days medications hallucinations lack sleep turns miracle drug tylenol straight acetaminophen turned something felt might kill unpleasant cold unavoidable wife would catch different doctors prescriptions tried tylenol well worked well crazy,-1.0,relief,-1,21,-1,-1
657,cool another hazardous onceinalifetime event,-1.0,disgut,-1,9,1,1
658,yeah happening,-1.0,anger,-1,4,1,0
659,term hmpv sufficiently panicinducing call hawkingmendelpestvirus couple weeks,0.0,unemotional,0,27,0,0
660,im digital professional dm stay home dad life doesnt change much got,1.0,relief,1,21,0,1
661,heres feel prevalent information wikipedia hmpv isolated first time netherlands using rappcr rna arbitrarily primed pcr technique identification unknown viruses growing cultured cells second common cause respiratory syncytial virus rsv acute respiratory tract illness otherwisehealthy children age large us outpatient clinic something weve already dealt multiple times genuinely bad yes dangerous dangerous may make sound make sure shower regularly wash hands eating touching face extra clean youre gonna around infants old people,0.0,unemotional,0,27,-1,0
662,im playing shit,-1.0,anger,-1,4,-1,-1
663,wouldnt worry,1.0,relief,1,21,1,0
665,could ban flights china actually health standards,-1.0,anger,-1,4,-1,0
666,hell name remind kf borderlands tvhm 😭 gonna fine year,1.0,joy,1,19,-1,1
667,go,-1.0,fear,-1,14,0,0
668,fucking kill time cant take another pandemic politicized side burying head sand calling side cucks practicing basic hygiene global pandemic,-1.0,sad,-1,22,-1,-1
669,go,-1.0,fear,-1,14,0,0
670,tell us much money want stop bs,-1.0,anger,-1,4,-1,1
671,world goes another lockdown chinese cant sanitary gladly join entire world raze beijing let drums boom bugles ring brothers world join crush vane han yet let feel wrath yet may bald eagle bill dog gallic rooster tear throat perfidious dragon slay,-1.0,anger,-1,4,-1,1
672,another lockdown home office spend h day transit hardest part new pandemic pretend im liking,1.0,relief,1,21,1,1
673,fucks sake stop fear mongering ive seen many meme posts stupid virus winter china theres gonna illness sun rises east sets west,-1.0,anger,-1,4,-1,-1
674,wouldnt mad another lockdown loved peace quiet,1.0,relief,1,21,1,0
675,oh boy sure hope americans prepared huh guys toast,-1.0,disgust,-1,7,1,1
676,saying monkeypox unimportant diseases nothing came nothing ever happens,0.0,unemotional,0,27,-1,-1
677,got year wrong news circulating year arrived,0.0,unemotional,0,27,-1,-1
678,anyone connected dots guys presidencies coming plague maybe us,-1.0,surprise,-1,25,0,0
679,americans falling hysteria bait,-1.0,disgust,-1,7,-1,0
680,pandemics business yall got weird reddit covid vaccine absolutely nothing help situation wonder yall wake fuck next time happens,-1.0,disgust,-1,7,-1,-1
681,yes thing bird flu threat americans right administration hell bent depleting health safety standards crackpot sitting every chair raw milk trend booming due empowering fear science,-1.0,fear,-1,14,-1,0
682,f china,-1.0,anger,-1,4,0,0
683,deleted,0.0,unemotional,0,27,0,0
684,guys new viruses every single year called flu stop acting like new thing since,0.0,unemotional,0,27,-1,1
685,fake news,-1.0,anger,-1,4,-1,-1
686,tbf hmpv known seasonal virus mostly linked common cold outbreaks happened including one march last year think mostly fearmongering,0.0,unemotional,0,27,0,0
687,year starts wtf reason,-1.0,surprise,-1,25,-1,-1
688,started another game plague inc know mechanics better,0.0,enthusiasm,0,12,1,0
689,season might avian flu mutating spread among humans,-1.0,fear,-1,14,-1,0
690,playing season,0.0,unemotional,0,27,1,0
691,got unfortunate news ya,-1.0,sad,-1,22,-1,-1
692,feet time whatever buffoonery need follow time,-1.0,disgust,-1,7,0,0
693,blatant control dont let fuck around enough enough,-1.0,anger,-1,4,1,-1
694,think shut us must smoking bath salts isnt china fucking weld people inside homes dont pussy,-1.0,anger,-1,4,0,-1
695,thats cause scp deus ex machina erases memory rebuild world,0.0,surprise,0,25,0,0
696,yeah everytime new pandemic hyper agressive new mystery virus turns either local outbreak poor neighborhood could prevented wealthy people would care well known virus comes goes since forever headlines wouldnt catch need spice bit leads people caring anymore actual new pandemic comes around one carw late,-1.0,disgust,-1,7,1,0
697,ahh nostalgia used mute online classes play among us code day,1.0,joy,1,19,1,0
699,repairing extending great wall china keep,-1.0,anger,-1,4,1,1
700,well theres bird flu mutating us well,-1.0,fear,-1,14,1,0
701,,0.0,unemotional,0,27,0,0
702,idk origin little research around long ass time discovered years ago reason china outbrwak winter basically common cold bit different probably wont cause problems,0.0,unemotional,0,27,-1,-1
703,hey last week delightful squirrel testicle tartare topped creamy bat caviar barely got tumors,0.0,surprise,0,25,1,1
704,hmpv known since least covid new knew little pandemic cannot discounted could see playing like hn covid,0.0,unemotional,0,27,1,-1
705,naw lock gonna raw dog one false promise short term profits rfk mic drop,-1.0,disgst,-1,6,1,-1
706,gifgiphy|keyepingcmxlhetdqz,0.0,unemotional,0,27,0,0
707,hi worked clinical virology almost two years hmpv virus causes common cold hmpv testing included normal respiratory panel fairly common dont issues comes testing sarscov unless chinese outbreak involves shit ton mutation highly doubt itll affect us,0.0,unemotional,0,27,-1,-1
708,well actually first covid case december hence name virus,0.0,unemotional,0,27,1,1
709,>or even logical realize common minor cold media willing stress people cause panic clicks wait youre telling monkey pox everybody losing minds amounted nothing pffft next youll tell bird flu isnt bad media making either,-1.0,disgust,-1,7,-1,-1
710,fair covid coronaviruses arent new thing sarscov new strain,0.0,unemotional,0,27,1,1
711,known science maybe treatable less longterm effects good lord didnt learn lesson ive seen experts back early saying jt matter time got hit,-1.0,fear,-1,14,1,1
712,time vampires instead bats,0.0,surprise,0,25,0,0
713,almost died 😢 👍,-1.0,sad,-1,22,-1,0
714,lol people going hoard tylenol post goes viral,0.0,unemotional,0,27,1,1
715,ya wasnt obvious enough first time least time arent starting clips people collapsing streets,-1.0,disgust,-1,7,-1,0
716,mean bs like going suck balls agree mean bs real wth man,-1.0,anger,-1,4,-1,-1
717,thats ok buddy dont need say everything comes mind like didnt need beg girls dm comment sections porn subreddits boo,-1.0,disgust,-1,7,1,1
718,bullshit may inconvenience maybe hasnt hit point reason get worked bullshit dont realizebelieve million people died covid would fucking stupid,-1.0,anger,-1,4,-1,-1
719,yeah like still winter china far know flu something going around think going like covid anything need panick ig,0.0,unemotional,0,27,1,1
720,completely fear mongering,-1.0,anger,-1,4,-1,1
721,coronaviruses seasonal mostly linked common colds e hku produced outbreaks sars mers im saying going happen problem rna viruses previous history cant taken way predict going happen mutate fast,0.0,unemotional,0,27,-1,1
722,thing happened year covid people melting black plague diagnosed china theres actually cases black plague every year easily treated doesnt spread basic hygiene,0.0,unemotional,0,27,1,0
723,need keep closer eye madagascar china,0.0,unemotional,0,27,0,0
724,one mutation away pandemic,-1.0,fear,-1,14,0,0
725,cant crows physically attacking want fight murder way fever shits,0.0,surprise,0,25,-1,0
726,dont worry heard fear mongering,-1.0,anger,-1,4,1,0
727,blatant blatantly convinced group dumb selfish morons small group billionaires best interest heart,-1.0,anger,-1,4,1,-1
728,better yet smoking bath salts,-1.0,disgust,-1,7,1,1
729,plot twist millennium,0.0,surprise,0,25,0,0
730,ehh well close flights ships american continents,0.0,unemotional,0,27,1,0
731,ngl since feel like things go viral often like news companies know disease china get clicks,-1.0,anger,-1,4,1,0
732,remindme weeks,0.0,unemotional,0,27,0,0
733,exactly news article read said normal flu season probably nothing worry,0.0,unemotional,0,27,-1,1
734,youre going canceled months,-1.0,fear,-1,14,0,0
735,considered money people know made treating like virus,-1.0,anger,-1,4,1,0
736,,0.0,unemotional,0,27,0,0
737,aware aware first cases new virus also end last year,0.0,unemotional,0,27,0,1
738,covid unusual coronavirus attack upper respiratory system extremely contagious give cold symptoms sars mers attack lower respiratory system arent contagious arent contagious though still highly dangerous sarscov worst worlds,0.0,unemotional,0,27,-1,-1
739,prefer serana,0.0,unemotional,0,27,0,0
740,million people died egg,-1.0,anger,-1,4,-1,0
741,add comment pandemic happen years know since forever real question sarscov last influenza pandemic concerning years ago discovered main families pandemic potential influenza viruses flu coronaviruses paramyxoviruses metapneumovirus paramyxovirus,0.0,unemotional,0,27,-1,1
742,china gonna drag rest us cant contained,-1.0,fear,-1,14,-1,-1
743,nah always start greenland mf get later,0.0,unemotional,0,27,-1,0
744,nah greenland gonna hold,0.0,unemotional,0,27,-1,0
745,kind birdemic,0.0,surprise,0,25,1,1
746,lets hope,0.0,unemotional,0,27,1,0
747,wait couple days got overseas package coming,0.0,unemotional,0,27,0,0
748,well yeah get panic click links get views get profits,-1.0, anger,-1,0,1,0
749,,0.0,unemotional,0,27,0,0
750,nvm good,0.0,unemotional,0,27,1,1
751,news fear mongering real scared aggressive stances things availible lmao,-1.0,anger,-1,4,-1,1
752,million try like million,-1.0,anger,-1,4,1,0
753,go ahead ignore fact whole bs show started people collapsing streets china flu like symptoms also im denying people died questioning cause want continue trust authorities lied every step way go right ahead,-1.0,anger,-1,4,-1,1
754,thats journalism died,0.0,unemotional,0,27,-1,0
755,debating vaccines climate skeptics subreddit really human equivalent participation trophy,-1.0,disgust,-1,7,-1,0
756,sweet ad hominem enjoy koolaid,-1.0,anger,-1,4,1,1
757,removed,0.0,unemotional,0,27,0,0
758,research reading real researchers found,0.0,unemotional,0,27,0,1
759,removed,0.0,unemotional,0,27,0,0
760,know research means reading post saw facebook,-1.0,anger,-1,4,0,0
761,well research wrong common cold isnt caused single virus instead set common symptoms caused large variety different viruses like rhinoviruses adenoviruses coronaviruses definition covid also common cold look turned,-1.0,negative,-1,20,1,-1
762,never believe anything reddit philosophers say,-1.0,anger,-1,4,0,0
763,ragebait,-1.0,anger,-1,4,0,0
764,u literally sound like insane uncle,-1.0,disgust,-1,7,-1,-1
765,mean people research covid look turned,-1.0,anger,-1,4,0,-1
766,didnt someone say covid cold,-1.0,anger,-1,4,0,-1
767,since research mean scrolling facebook memes toilet rather using greatest database information human history meticulous practiced manner,-1.0,anger,-1,4,1,1
768,hey ive heard one,0.0,unemotional,0,27,0,0
769,vaccinations way lightspeed,0.0,unemotional,0,27,0,0
770,think people also said covid like flu everyone learned flu like symptoms everything take away arent feeling well call wear face masks take pre cautions keep people safe,0.0,unemotional,0,27,1,1
771,since,0.0,unemotional,0,27,0,0
772,history repeats,0.0,unemotional,0,27,0,0
773,pretty damn sure common cold rhinovirus,0.0,unemotional,0,27,1,0
774,thats shecovid said,0.0,unemotional,0,27,0,0
775,im saying know anything new virus im saying saw exact meme covid pandemic saying,0.0,unemotional,0,27,0,1
776,g ukrainian pigeons fault,0.0,unemotional,0,27,-1,0
777,supposing hit body tremendous whether ultraviolet powerful light think said hasnt checked youre going test said supposing brought light inside body either skin way think said youre going test sounds interesting see disinfectant knocks minute one minute way something like injection inside almost cleaning,-1.0, anger,-1,0,1,1
778,meme template used improperly supposed batman correcting robin instead giving equally wrong information hmpv new virus doesnt spread rapidly like covid milder symptoms lower mortality rate primarily causing deaths vulnerable groups declared pandemic experts say unlikely become one rather spread china fits seasonal patterns people infected hmpv early life reinfections possible severity usually reduced partial immunity acquired past exposures hmpv causes flulike symptoms cause severe lung infections much unlike common cold,-1.0,anger,-1,4,-1,-1
779,technically common cold coronavirus,-1.0,sympathy,-1,26,0,-1
780,also put dihydrogen monoxide everything food every kind drink even air breathe,0.0,joy,0,19,1,1
781,far understood little complicated common cold already known strain influenza virus rather common lot western countries reason problem uncommon strain china makes problem makes local epidemic right next coronavirus since already current rather old coronavirus new pandemic covid strain,0.0,sympathy,0,26,-1,0
782,thats literally regards saying covid downplaying never learn humans,-1.0,anger,-1,4,0,0
783,tell op didnt research,-1.0,disgust,-1,7,0,0
784,didnt say covid wasnt threat first,-1.0,fear,-1,14,1,1
785,people said covid cold million people died saying,0.0,joy,0,19,-1,-1
786,bro restarted plague inc game renamed covid hmpv,0.0,joy,0,19,0,-1
787,fuck research going start making stuff,-1.0,disgust,-1,7,-1,-1
788,cannot trust anybody days anyway,-1.0,sad,-1,22,-1,0
789,go hubris,-1.0,anger,-1,4,0,0
790,gifgiphy|xtremkdzpvihzf,0.0,unemotional,0,27,0,0
791,describe control group research,0.0,unemotional,0,27,0,0
792,corona virus cold well lmao arent looking individual level look societal level,0.0,joy,0,19,1,0
793,ya mean like covid flu,-1.0,anger,-1,4,0,-1
794,nod head walk away,-1.0,sympathy,-1,26,0,0
795,irony meme wrong,-1.0,disgust,-1,7,-1,-1
796,remindme year,0.0,unemotional,0,27,0,0
797,robin slaps back know,0.0,joy,0,19,0,0
798,covid,0.0,unemotional,0,27,0,0
799,gifgiphy|mcgbkrgibgjxu,0.0,unemotional,0,27,0,0
800,youre saying incurable,-1.0,fear,-1,14,0,-1
801,starts drinking bleach,-1.0,disgust,-1,7,0,0
802,hey lets every year,0.0,joy,0,19,0,0
803,im never going back lockdowns could actually serious id rather die shit,-1.0,anger,-1,4,-1,-1
804,stay home possible whenever get sick,1.0,relief,1,21,-1,-1
805,friend xbox said gives testicular cancer party yesterday,0.0,surprise,0,25,1,0
806,shit great,-1.0,anger,-1,4,1,1
807,fb told lol,0.0,joy,0,19,1,1
808,thing lul,0.0,unemotional,0,27,0,0
809,isnt filthy isolated folk living junk food mdew people posting memes,-1.0,disgust,-1,7,1,-1
810,effectiveness would wear summers,0.0,unemotional,0,27,0,0
811,na guy severe rsv molecular detection lot less due current availability work mid size hospital major cancer center lab test rsv flu covid mins run tests timespots shared strep testing takes mins test next day main lab wich runs biofire rp panel cheap tho idk bill kit box,0.0,unemotional,0,27,-1,0
812,covid,0.0,unemotional,0,27,0,0
813,question form covid youre covid denier move along one form wanted kill day another form gave cough month nothing legit question common cold testing live covid like feel people getting cold testing positive covid nowhere near like previous strain covid,0.0,relief,0,21,1,-1
814,uhm covid also common cold thats symptom actual illness common cold know likely rhinovirus isnt isnt called rhinovirus maybe try research,0.0,unemotional,0,27,-1,-1
815,people rejected message hated usecretspectre told truth,-1.0,anger,-1,4,-1,-1
816,wait till hear hn,0.0,fear,0,14,0,0
817,yes virus discussion among people associate common cold hey since people start believing newsweek story appeared,-1.0,disgust,-1,7,1,-1
818,thats going lead dangerous places say,-1.0,fear,-1,14,-1,-1
819,frog,0.0,unemotional,0,27,0,0
820,isnt said last time also researched lol,0.0,joy,0,19,1,1
821,fuck couples years assume worst prepared assuming common cold turned way worse seems bad assuming new lethal virus cautious preparing turned normal everyday virus sounds better also doesnt virus always evolve,0.0,fear,0,14,-1,-1
822,relax dangerous billy gates says one cash,-1.0,negative,-1,20,-1,-1
823,could worse covid people wont go along shit,-1.0,fear,-1,14,0,-1
824,like turtles,0.0,joy,0,19,1,0
825,better chug bleach,-1.0,disgust,-1,7,1,1
826,hmpv gonna delay gta fr,0.0,surprise,0,25,-1,0
827,sounds good,0.0,joy,0,19,1,1
828,havent done research yet really bad covid know deal properly right least hope,1.0,relief,1,21,-1,-1
829,bbut new covid,0.0,fear,0,14,0,1
830,always believe worst case scenarios,-1.0,fear,-1,14,-1,-1
831,people said thing covid rising calling common cold selling somewhat short far closer influenza however virus already know novel virus,0.0,unemotional,0,27,1,-1
832,tinfoilhat denialist memes kept away,-1.0,disgust,-1,7,0,0
833,almost like every years theres newsworthy virus bird flu ebola covid,0.0,unemotional,0,27,-1,0
834,like covid flu mass grave type,-1.0,anger,-1,4,-1,0
835,idk man like know anything hmpv remember hearing exact sentiment covid pre lockdown,0.0,fear,0,14,1,1
836,oooooo dont forget put mask comes box discaimer says nothing protect others illness,-1.0,disgust,-1,7,1,0
837,hmm seems like angered people,0.0,surprise,0,25,-1,-1
838,time stay home control spreads nobody wants useless asses street illiterate instagram news reading assholes enabled last pandemic first place,-1.0,anger,-1,4,-1,0
839,thank,1.0,joy,1,19,1,0
840,anyone starts pandemic bs im gonna start punching people took covid bullshit vaccines crashed health absolutely useless anyone starts shit im gonna start slamming people ground took rehab sessions least free,-1.0,anger,-1,4,-1,-1
841,wait people find first covid cure published shanghai virology lab number expert covid,-1.0,disgust,-1,7,1,1
842,trust science,-1.0,disgust,-1,7,1,0
843,spread g towers wind farms,-1.0,disgust,-1,7,0,0
844,anyone researcher follow proper scientific method,0.0,unemotional,0,27,0,0
845,start calling raresense instead common 😭,-1.0,sad,-1,22,0,-1
846,trouble covid really laid bare little jobs allow people take sick time,0.0,sympathy,0,26,-1,-1
847,brief time employers actually believed needed sick time encouraged us use yeah lot dumb people dumb shit also formal protocol follow,0.0,sympathy,0,26,-1,-1
848,tell people workplace first days paid top cant arsed cover face sneeze cough arms hands,-1.0,anger,-1,4,1,1
849,jobs understanding enough punish employees staying home sick,-1.0,sympathy,-1,26,-1,-1
850,bare minimum gifgiphy|wpcixdymuzg,-1.0,disgust,-1,7,0,0
851,stay home sick like ultimate advice tv glossed instead sold useless face masks experimental products instead,-1.0,disgust,-1,7,-1,-1
852,us many work service industry jobs everyone expendable find another desperate person fill job get sick get fired,-1.0,sympathy,-1,26,-1,-1
853,recently got sick manager kept coming work sick like get christmas period flat getting someone replace lot trouble ffs youre really unwell please stay home sickness sucked started one worst sore throats ive ever got headaches intense became migraines one morning hours clutching bucket periodically vomitting able call dad came gave strong painkillers knock past week ive lingering cough looks like going stick around wasnt covid tested twice two different days soon sore throat became issue stayed home work didnt go back certain wasnt contagious anymore feel awful someone catches sickness,-1.0,sympathy,-1,26,-1,-1
854,man wish people stayed home sick work retail toy store nothing essential makes sick people need go despite sick dont want know much people cough sneeze open mouth right face get people atsma stuff like guarantee im even asking wear mask least elbow away,-1.0,anger,-1,4,-1,-1
855,yep cold symptom disease,0.0,unemotional,0,27,1,-1
856,>the common cold isnt caused single virus instead set common symptoms caused large variety different viruses like rhinoviruses yes one virus variant set viruses causing common cold like symptoms progresses causes severe symptoms would classified seperate infection given seperate name definition probably covid type common cold virus cause severe symptoms high rate infection would literally classified common cold heck ultimate fate covid estimated consensus become part common cold much said infected covid recently major symptoms light stuffy nose body pain wife literally symptoms way hmpv causing severe symptoms high rate infection default part common cold,0.0,unemotional,0,27,-1,-1
857,lots people said fluand refrigerated truck morgues outside hospitals,-1.0,anger,-1,4,0,0
858,>corona also common cold covid right sars type corona virus causes covid disease also names incomplete,0.0,unemotional,0,27,0,-1
859,mean covid common cold lol,-1.0,disgust,-1,7,1,-1
860,common cold symptom caused large group viruses one virus causes common cold would incorrect call common cold virus,0.0,unemotional,0,27,0,-1
861,tons people saying covid like common cold,-1.0,disgust,-1,7,1,-1
862,yes common cold perhaps bit worse reaction exaggerated plus think herd immunity better untested mrna vaccines,-1.0,anger,-1,4,1,-1
863,didnt go well recall however theres real sad injustice going millions people every year covid happened died getting coldflu progressed worse never got death counter news numbers news worthy guess 🤷‍♂️,-1.0,sympathy,-1,26,-1,-1
864,thank god someone said,1.0,relief,1,21,1,0
865,yep something front page reddit theres good chance theres something incorrect,-1.0,disgust,-1,7,1,1
866,never believe anything internet philosophers say ftfy,-1.0,anger,-1,4,0,0
867,nah good crazy people keeps trust government medical concesus narrative check soon nobody questions governments big health organizations say whatever want people follow would foolish think wouldnt try make profit point expense people,-1.0,anger,-1,4,1,0
868,yeah lot right,-1.0,disgust,-1,7,1,1
869,yeah found dna vaxx,-1.0,fear,-1,14,1,0
870,lot people,0.0,unemotional,0,27,0,0
871,manage light,0.0,unemotional,0,27,0,1
872,true could still lock year safe side,1.0,relief,1,21,1,1
873,idiots yes,-1.0,disgust,-1,7,1,-1
874,said flu actually killed almost million original wave covid nothing comparison,-1.0,disgust,-1,7,-1,1
875,cold stop pussy,-1.0,anger,-1,4,-1,-1
876,huge difference,0.0,unemotional,0,27,1,1
877,joining remind year,0.0,unemotional,0,27,0,0
878,experts trying push bird flu something panic years never extremely minor thing,0.0,unemotional,0,27,-1,0
879,pulls views thats media,-1.0,disgust,-1,7,0,0
880,kind wrong yes fairly common people partly immune still wide outbreak thats spreading quickly area covid,0.0,unemotional,0,27,1,0
881,one seem anger issue seem name ppl sheeps,0.0,unemotional,0,27,-1,-1
882,welcome reddit,0.0,unemotional,0,27,1,1
883,nah idiots argue reflections gave space spew,-1.0,anger,-1,4,-1,-1
884,experience sucked millions people saved masks vaccines must liars edit also joke threatening violence anyone disagrees cant argue like grown adult,-1.0,anger,-1,4,-1,1
885,hey pal blow stupid town,-1.0,anger,-1,4,-1,-1
886,dunno man think youre dumb hell,-1.0,anger,-1,4,-1,-1
887,percent agree everyone thought covid new thing new strain like flu dozens strains ok immune systems still see masks people want know wore nothing answer people need stop sheep realize built fight viruses bacteria ok,0.0,unemotional,0,27,1,1
888,true read,0.0,unemotional,0,27,1,1
889,yeah trust scientist learn science oh youre lazy stupid learn anything science shut cakehole professionals recommend,-1.0,anger,-1,4,1,-1
890,trust science typically mocked clowns trust science understand science works grew brain rotted online perpetual morons 😭,-1.0,disgust,-1,7,1,-1
891,theyre making damn frogs gay,-1.0,disgust,-1,7,-1,1
892,whales fitting,0.0,unemotional,0,27,0,1
893,fucking fools got horse paste im invincible,-1.0,anger,-1,4,-1,-1
894,knew,0.0,unemotional,0,27,0,0
895,damn kid phones👴🏻,-1.0,anger,-1,4,-1,0
896,raise wind open none enclosed factory things,0.0,unemotional,0,27,0,0
897,protected drink raw milk,0.0,unemotional,0,27,1,-1
898,listening healthcare professionals become political topic want keep us alive,1.0,joy,1,19,1,0
899,rolls well tongue well,-1.0,disgust,-1,7,1,0
900,common sense uncommon commodity,-1.0,joy,-1,19,0,1
901,rolls well tongue well,1.0,joy,1,19,1,0
902,ya thats situation workers rights instead demanding rights people distracted mask arguments making things political always boils common people disposable especially letting stay home hurt profits,-1.0,anger,-1,4,-1,-1
903,nothing changed regard,-1.0,sad,-1,22,0,0
904,oh sure good faith companies cared workforce didnt happen work one labeled essential whole job pick rental trucks take shop next city,-1.0,sympathy,-1,26,1,1
905,one place worked policy sick emergency like water line burst something called still got paid day well guess happened people started getting sick friday monday posted pictures weekends quickly changed people abused,0.0,unemotional,0,27,-1,-1
906,bear waking haha,1.0,joy,1,19,1,1
907,also temperature expression three meanings,0.0,unemotional,0,27,0,0
908,people cold symptoms servoconvert hiv infection cold symptoms dont mean much,0.0,unemotional,0,27,0,-1
909,point trying make downplay consequences potentially dangerous pathogen calling common cold youve learned nothing covid also common cold,-1.0,disgust,-1,7,-1,-1
910,except fact viruses human history ever isolated purified verified cant spread viruses results bacteria excreting body go detox kind like runny nose headache bodyaches spitting junk thats ill illness thats body cleaning lied rockefeller rothschilds form medicine believe viruses make sick,-1.0,disgust,-1,7,-1,-1
911,yeah people seem learned nothing,-1.0,disgust,-1,7,1,0
912,believe lmao,-1.0,disgust,-1,7,1,1
913,also known america great,-1.0,disgust,-1,7,1,1
914,yes covid fixed,0.0,unemotional,0,27,1,1
915,hmmm lets wait see virus long run vs lets set vaccine uses welltested decadesold technology designed harmless long run well didnt even wait long learn first one already sucks heart lung brain damage long covid common cold ass im gonna go vaccine also contributes possibility herd immunity course didnt get enough herd vaccinated time virus outevolved possibility herd immunity people get actual disease multiple times immunity damned fortunately vaccinated better outcomes fewer us need deal long term effects,1.0,relief,1,21,-1,0
916,lot people die yearly large variety pathogens yes indeed newsworthy corona different one single pathogen killed millions globally short time period pandemic pandemics newsworthy affect everyone earth read local outbreaks local news want,0.0,unemotional,0,27,-1,0
917,fix shit cause generalize something better,-1.0,anger,-1,4,-1,1
918,saying trust crazies medical consensus derived several professionals education experience knowledge crazies idk sanes,-1.0,disgust,-1,7,1,0
919,oh already,0.0,unemotional,0,27,0,0
920,article linked load report citing wont blaming got shitternet moment letting know see comment respond appropriately ive reviewed article citing,0.0,sympathy,0,26,1,1
921,based fact consider washington stand reputable trustworthy news source nothing say likely change mind worldviews fundamentally different productive conversation possible,-1.0,disgust,-1,7,1,1
922,rna,0.0,unemotional,0,27,0,0
923,well yeah obviously,0.0,unemotional,0,27,1,0
924,,0.0,unemotional,0,27,0,0
925,mean like didnt lot experts say wouldnt become big deal became big deal,-1.0,disgust,-1,7,1,-1
926,covid objectively nonissue humanity youre idiot lol,-1.0,anger,-1,4,-1,0
927,im assuming youre referring spanish flu epidemic remember time vaccines indoor plumbing considered luxury,0.0,unemotional,0,27,-1,0
928,definitely worse cold,-1.0,sympathy,-1,26,-1,-1
929,ok still died cold likely wouldnt,-1.0,sad,-1,22,-1,0
930,sound real confident wait milk unpasteurized rfk taken away vaccines also quotations around experts yikes dude,-1.0,fear,-1,14,1,1
931,whoa cold virus spreading quickly cold flu season 🤯,0.0,surprise,0,25,-1,-1
932,fucking guarantee never left moms basement thats reason shut fuck maybe put lead lobe,-1.0,anger,-1,4,-1,-1
933,vaccine help train immune system virus immune system able act appropriately help reduce symptoms also happens help save lives dangerous virus like polio perhaps certain people adverse reactions certain vaccines maybe allergic reactions whole vaccines help general population avoid devastating illness spreading really pity ppl like believe everything government says bs shouldnt listened way living others others need name others sheeps could labeled sheep misinformationdisinformation,1.0,relief,1,21,1,0
934,ones rest us looking forward dealing anymore enjoy masks,-1.0,disgust,-1,7,1,1
935,ok tell bubonic plague smallpox polio spanish flu hiv,-1.0,sad,-1,22,-1,1
936,built fight plague rabies spanish flu yeah thought,-1.0,fear,-1,14,-1,0
937,account meant react tiwyx people like cancer mankind idea harmful stupid,-1.0,anger,-1,4,-1,-1
938,take months try archive something want evidence google covid cure nd published covid cure august different cure first one talking heres first cure shanghai virology lab national library medicine water covid people dont figure tcm stands forsythia first cure published shanghai virology lab,0.0,unemotional,0,27,1,1
939,theyre making damn frogs,0.0,surprise,0,25,-1,0
940,audibly laughed research came later like alex jones technically right gifgiphy|rxvomunumhxxdwi|downsized,0.0,surprise,0,25,1,1
941,last seen bowl petunias,0.0,unemotional,0,27,0,0
942,nuke whales,-1.0,anger,-1,4,0,0
943,immune ivermectino bambino cure gay booty cream choose next step wisely detective buwahahahahahahaha,0.0,surprise,0,25,1,1
944,read voice black knight,0.0,unemotional,0,27,0,-1
945,started lying us make profits,-1.0,disgust,-1,7,-1,0
946,also essential food service employee let tell shit got stupid,-1.0,anger,-1,4,-1,-1
947,essential employee due working personal care type place many people quit even year retirement weekly testing inconsistent enforcement rules etc also given specific covid sick time two years suddenly dropped testing continued mandatory days time testing positive would accept outside test even doctors office prove negative however missed testing show proof rapid test scheduled pharmacy doctors office could come work weekly testing ended months ago also lost fair amount employees vaccines became mandatory unless religious health exemption,-1.0,sad,-1,22,1,0
948,like majority people still point though,0.0,unemotional,0,27,1,0
949,idk hiv yeah sore throat stuffy runny nose coughing super standard illness symptoms like half diseases might catch,0.0,unemotional,0,27,1,1
950,true one downplaying actual severity infection literally either much data available credible data severe infection estimate news frenzy definitely estimating vigilant ultimately cautious practice common sense hygiene dont alarming anxious comparing covid definitely good course action people anxious rather cautious need spend social scientific capital unfounded alarmism actual science,1.0,relief,1,21,1,1
951,close awakening little little sea turtle youll free ocean,1.0,joy,1,19,1,0
952,oh tell,0.0,unemotional,0,27,0,0
953,viruses isolated century see electron microscope genetic material cool af completely open study one important advances biology biotechnology apparently doesnt exist,1.0,enthusiasm,1,12,1,1
954,damn mention soros well would gotten bingo,-1.0,disgust,-1,7,-1,0
955,like understand things might done like kids could gone back school sooner mainly kids listen adults would likely wear masks adults hand apparently hate listening adults,1.0,sympathy,1,26,1,-1
956,occams razor guy,0.0,unemotional,0,27,0,0
957,except died blood clogs,-1.0,sad,-1,22,-1,0
958,yeah dude shoot cops added covid death covid time death really trust numbers,-1.0,disgust,-1,7,-1,1
959,oh anyways,-1.0,disgust,-1,7,0,0
960,course imagine bad would without tin foil hat heroes,-1.0,disgust,-1,7,-1,-1
961,nah left plasmid dna mrna encryption process expensive remove though removed testing phase basically huge vats industrial plasmid cranking mrna vaccine expensive strain dna massive numbers injections needed dna coated lipid nanoparticles get entry cells like mrna youre seeing turbo cancer heart attacks changed genome stem cells causes cancer changed cardiac cell genome subsequent autoimmune attacks cause myocarditis,-1.0,fear,-1,14,-1,-1
962,wasnt worse cold others really bad,0.0,sympathy,0,26,-1,-1
963,bro killed million people,-1.0,sad,-1,22,-1,-1
964,thats didnt expect people ignore safety precautions outlined wouldnt big deal people happened,-1.0,anger,-1,4,1,0
965,im talking influenza outbreak common sense actually common people stayed home told resolved lot quicker,1.0,relief,1,21,1,-1
966,youre wrong reason worse people barely cold others lot people affected comorbidity hit like dump truck stopped ran several times also lb overweight time smoking pack half cigarettes day living ramen leftover pizza exercising drinking enough water indeed like flu also hadnt flulike symptoms even fever almost years point sucked whole wardrobe full interlocking tinfoil hats regarding creation spread recommended treatment morbidity covid nobody reddit ready conversation,0.0,sympathy,0,26,-1,-1
967,sick days probably compromised immune system almost like anyone weak immune system could die pathogens totally shut world though,0.0,unemotional,0,27,-1,-1
968,wrong,-1.0,anger,-1,4,-1,-1
969,confident sounds great cant wait,-1.0,disgust,-1,7,1,1
970,fucking nailed average fat fuck base dvelling reddittor seen sunlight maybe mom dragged,-1.0,anger,-1,4,-1,-1
971,im well aware vaccine agree vaccine properly tested wonders population problem experimental vaccine never tested forced population threats losing job known many people got vaccinated serious adverse effects regretted getting label want would followed traditional route testing vaccine much like flu polio would agree didnt,-1.0,anger,-1,4,-1,1
972,pretty sure known bullshit go look efficacy vaccine slowly time dwindled ability keep getting sick didnt take health peer pressured offered free fucking donuts french fries drove stranger parking lot jab syringe deserve every horrible thing could possibly cause long term,-1.0,anger,-1,4,-1,-1
973,😂 dont work way think talk anyone medical field dont believe must know viruses small easily pass spaces fabric science hard youll learn believe,-1.0,disgust,-1,7,1,0
974,vaccines properly tested used population agree vaccines work dont agree using experimental vaccine force fear lets forget covid vaccine traditional vaccine everyone forget,-1.0,anger,-1,4,-1,0
975,theyre making dam,0.0,joy,0,19,0,0
976,theyre eating frogs,0.0,joy,0,19,0,0
977,goddamn frogs,-1.0,disgust,-1,7,-1,0
978,technically right means actually wrong hs always,0.0,joy,0,19,-1,-1
979,gotta nuke sumtin,0.0,unemotional,0,27,0,0
980,raz alghul love nonetheless friends forever 🤣🤣🤣 gifgiphy|jizxyqaqnlka,-1.0,disgust,-1,7,1,1
981,give example lied curiosity,0.0,unemotional,0,27,-1,0
982,dont lie make profit add hella markup markup easy make money lies hard hard understand,-1.0,disgust,-1,7,-1,-1
983,give example lied curiosity,0.0,unemotional,0,27,-1,0
984,well think majority symptom cluster akin influenza meets mononucleosis bit obvious something strange going point mild cold symptoms yeah point,0.0,sympathy,0,26,1,-1
986,oceans sea turtles arent real moron,-1.0,disgust,-1,7,1,-1
987,would fine adults actually wearing proper masks people showed handmade cloth shit sold like p expected curb infection rate government worldwide mostly shit telling people actually get proper medical masks wear theyd actually preventing spreading contracting way spreading disease,-1.0,anger,-1,4,-1,0
988,sorry apply,0.0,unemotional,0,27,-1,-1
989,bro get grip life pathetic loser way live years still believe bs covid,-1.0,anger,-1,4,-1,-1
990,reasonable skeptics drowned tin foil hat people,-1.0,disgust,-1,7,-1,0
991,link actual study meta data states theres link reasonably infer theres link covid vax everything youre saying ive heard shit said mmr vaccine honey nut cheerios ive ingested well covid vax im reasonably healthy,0.0,surprise,0,25,1,1
992,killed dad bit headache sniffles,-1.0,sad,-1,22,-1,-1
993,early perfectly healthy time contracted covid bedridden week friend mine also perfectly healthy also said worse time pneumonia years prior additionally father rare syndrome fortunately never contracted covid data showed contracted chance could cause relapse condition would fatal see shutting world wasnt protect protect people much higher risk,1.0,sympathy,1,26,1,1
994,,0.0,unemotional,0,27,0,0
995,someone definitely hates disagrees darwin youre sure aching prove right rest us trust experts pretend dont know schadenfreude means,-1.0,disgust,-1,7,-1,1
996,mistakenly react account instead second account youre liar,-1.0,anger,-1,4,-1,0
997,bro need project,-1.0,disgust,-1,7,0,0
998,rlefttheburneron,0.0,unemotional,0,27,0,0
999,im pretty sure vaccine undergo clinical test whatever term basically multiple people different parts population test vaccine first allowed distributed rest population get idea,1.0,surprise,1,25,1,1
1000,literally first thing popped google always people get bad effects vaccines medicine general always way always way one exact copy anybody else,1.0,relief,1,21,-1,0
1001,even people would died spent time testing vaccine theres tiny percentage people adverse effects getting vaccinated like vaccine,1.0,sympathy,1,26,-1,0
1002,im sorry im united states fucking freedom didnt take food whatever benefits although think incentives may required get ppl even seriously consider taking vaccine btw virus mutates much quicker human old vaccines could less effective new strains virus governments suggest population take booster vaccine protect reinforce protection virus new variant also calm need get worked arguing internet probably bald fat fuck sitting mothers basement cheats dad bedroom,-1.0,anger,-1,4,1,0
1003,intelligent wide meeting salt pen outgoing include workable cake abounding post mass deleted anonymized redact,0.0,unemotional,0,27,1,1
1004,lmao bb save stop talking science dont understand born certain abilities one,-1.0,anger,-1,4,1,1
1005,point mask reduce spread virus take covid example covid spread via droplets body fluids mask catches fluids reduces spread surrounding reducing infection told mask stop breathing virus,1.0,sympathy,1,26,-1,0
1006,guy literally years still dont understand purpose mask viruses need vehicle travel mask prevents vast majority viral particles escaping air capturing vehicle aka saliva evaporating water masks arent protect theyre primarily used protect others surgeon doesnt wear mask surgery protect disease viruses bacteria lower chance getting open wound friend dumb,-1.0,anger,-1,4,-1,0
1007,yes obviously virus small enough pass fibers mask many illnesses transmitted vapor body fluids droplets pass mask point also even illnesses transferred simply breathing air less likely transfer pathogen projectile spewed farther sneezing coughing mask masks reduce transmission rates covid honestly hard believe youre serious youre still using argument read online minutes suddenly think know people studying subject fulltime job years,1.0,sympathy,1,26,-1,-1
1008,thats incredibly racist towards us beavers,-1.0,disgust,-1,7,-1,1
1009,see beaver,0.0,unemotional,0,27,0,0
1010,theyre making,0.0,unemotional,0,27,0,0
1011,theyre,0.0,unemotional,0,27,0,0
1012,making dam,0.0,unemotional,0,27,0,0
1013,god full frogs,0.0,unemotional,0,27,1,1
1014,nuke hurricanes,0.0,unemotional,0,27,0,0
1015,nuke ocean mr torgue probably,0.0,unemotional,0,27,0,0
1016,mean andrew wakefield lie research link vaccines autism could sell book got found ousted medical corps doesnt keep lying making money concerned parents,-1.0,disgust ,-1,8,1,-1
1017,healthcare professional claiming tobacco safe beneficial years cocaine used allowed coca cola well opium tinctures available public sale huge propaganda campaign large corporations perpetuated healthcare professionals convince people fat makes fat sugar old trying rude seems simply dont know much american history healthcare industry profited lies long existed,-1.0,disgust,-1,7,1,1
1018,read discaimer boxes masks stores restaurants tried forcing wear weeks stop spread ft social distancing lol bizarre indoor dining rule seated safe take mask unsafe waiting table give fking break,-1.0,disgust,-1,7,1,1
1019,lies arent hard repeated enough times turn news station mostly lies propaganda slightest shred truth sprinkled usually much shit find sprinkles,-1.0,anger,-1,4,-1,0
1020,guy probably confused one healthcare ceo got killed time ago,0.0,unemotional,0,27,-1,-1
1021,yes agree however reddit hardly place considered general public consensus much less people power effecting changes meme fun,0.0,unemotional,0,27,1,0
1022,well say start could find masks like literally months,0.0,unemotional,0,27,1,0
1023,actual facts played dude move cool world sold equivalent flu global pandemic economy crashing global tyranny coming conspiracy aware trends moves anticipating events happen dont worry one day youll rember go fuuuuck random crazy guy meme right presuming recall good talking years plan becomes reality youre also talking delusional person separates reality lot well see,-1.0,anger,-1,4,1,1
1024,joke point extremists sides needed keep sort balance people see information sides end somewhere middle biggest complaint though isnt tin foil hats drown reasonable sceptics latter get thrown box society,1.0,sympathy,1,26,-1,0
1025,oncologist really careful says hes charge cancer lab receives federal grant money pretty clear dna vaxx lot fact checking sites try shoot causation dont dispute dna vaxx nanoparticle activity,-1.0,disgust,-1,7,1,1
1026,got couple people family,-1.0,sad,-1,22,0,0
1027,thats life works shouldnt shut world protect anyone people die every single day illnesses etc crazy one wheres masks covid gone didnt even get vax years later covid im saying didnt new illness deal youre crazy think shut world everything cause benefited one group people,-1.0,anger,-1,4,-1,-1
1028,best luck,0.0,surprise,0,25,1,1
1029,another dementia patient check kiddo history looks worse kid grew cocomelon,-1.0,disgust,-1,7,-1,-1
1030,pretty simple understand vaccine must go lengthy trial make sure long term effects happen idea may could happened still dont issues vaccines absolutely work right way,1.0,sympathy,1,26,1,1
1031,im enjoying debate agreed vaccines work say properly tested im evil ill never understand reddit internet 😂,0.0,unemotional,0,27,-1,-1
1032,people die flu every year covid,0.0,unemotional,0,27,-1,0
1033,easy killer dont tell get worked im turn around drop high school level insults dont work adults,-1.0,annger,-1,5,-1,1
1034,dont work like people think sneeze mask everything blows back away patient doesnt stop things escaping redirect mask still let things escape front well talk medical professional tell family works surgery trained masks said,-1.0,disgust,-1,7,1,0
1035,stated fact insult must hit nerve 😂 good thing didnt study biology college good thing dont understand microorganisms function enter human body good thing dont know exchange air breathing youre also breathing viruses bacteria good thing still breath wearing mask viruses absolutely still get yes youre right dont understand 😂,0.0,unemotional,0,27,1,1
1036,type arent usually ones think impact may others baby,-1.0,anger,-1,4,0,-1
1037,water droplets still escape mask people think mask magic thing fixes everything may reduce extremely large particles like flem water droplets absolutely still get,-1.0, disgust,-1,1,1,1
1038,know sneeze mask gets blown back didnt know youre trained medical field wearing mask never turn head sneeze cough sneeze cough straight ahead patient back mask let everything escape ok didnt go medical school one family also ok ask medical professional work arent absolutely still let particles,-1.0,disgust,-1,7,1,1
1039,stated comments masks dont work way think sneeze mask particles blow back still stopping much agree may reduce properly worn absolutely still let particles people studying subject years tell thing masks family work surgery trained masks work sneeze cough continue face patient blow back mask thus less chance patient exposed particles particles still escaping air,0.0,unemotional,0,27,1,0
1040,yes billiam,0.0,unemotional,0,27,1,0
1041,see wealthy country club owners cutting corners ignoring warnings,-1.0,disgust,-1,7,-1,0
1042,smart people advocating smartest people ask anyone,1.0,enthusiasm,1,12,1,1
1043,mean probably least detonate nukes insideon path hurricane however means real understanding nuclear physics meteorology would interact im guessing expect intense winds ultra high temperature blasts nuclear fallout becoming nuclear spreadingawayfastasfuckout terrifying would spectacle sure,0.0,unemotional,0,27,-1,0
1044,funniest part didnt even say vaccines cause autism advocating splitting mmr three separate shots trying market version,0.0,unemotional,0,27,1,0
1045,fair thought talking professionals pro vaccine,0.0,unemotional,0,27,1,1
1046,youre lying lot people made link also vaccines fine begin using people test subjects unsafe unvetted products called vaccines damaged kids takes years decades see affects thesr products whistleblowers usually get ousted discredited affects billions potential profits,0.0,sympathy,0,26,-1,1
1047,fair im america,0.0,unemotional,0,27,1,1
1048,explanations arent lying dont think youre going listen,-1.0,anger,-1,4,1,0
1049,wanted argue normally read ur username thought ok still maybe normal human saw play fallout dont argue kinds disgusting people 🤮 lol,-1.0,anger,-1,4,1,1
1050,fauci lying months origin virus,-1.0,disgust,-1,7,-1,0
1051,calling ceo healthcare professional 🫡💀 could call getting money pocket minimal effort professional,0.0,disgust,0,7,0,0
1052,yeah understandable times went proper masks became commercial let back real world guarantee wouldve spent couple less months pandemic mode maskwearing consistent even beyond matter people wearing,0.0,sympathy,0,26,1,0
1053,bro look sad total schizo posting 🤡🤣 must really boring life huh,1.0,joy,1,19,-1,-1
1054,link actual study clickbait,-1.0,anger,-1,4,0,0
1055,get rid driving regulations people die car accidents every day protect one small group responsible drivers gtfo shit man start talking acceptable death rates demographic acceptable risk youve already gone past point seriously fucked,-1.0,anger,-1,4,-1,-1
1056,least im raging random probably bullshit internet argument please cease direct anger anyone opposing views maybe would liked human,0.0,sympathy,0,26,-1,-1
1057,properly tested read link,0.0,unemotional,0,27,0,0
1058,people die flu every year polio stop polio vaccines,0.0,sympathy,0,26,-1,0
1059,yes masks dont stop everything think thats pretty obvious could effectively end spreading diseases right would stopping half even hell lot better,1.0,sympathy,1,26,1,1
1060,adjoining crown file books desert special ancient zesty wine literate post mass deleted anonymized redact,0.0,unemotional,0,27,1,1
1061,went rails somewhere promise youre getting paid anything regarding science,0.0,relief,0,21,1,0
1062,said reduce better reduce infection rate rather many ppl infected overruns hospital healthcare facilities,1.0,sympathy,1,26,-1,1
1063,nobody ever said proved work allowing particles freely go air course font cover mouth hands mask protects particles need hands sanitary dont know problem masks literally hard concept since dumb fuck become essentially fashion statement america,0.0,sympathy,0,26,-1,-1
1064,said masks dont work proceeded explain work smh another level,-1.0,anger,-1,4,-1,0
1065,oh yeah definitely tongueincheek,-1.0,anger,-1,4,1,0
1066,thats fair american healthcare industry done lot shady things years think right probably transparent healthcare industry ever due internet ability share information quickly lot distrust systems establishment allowed itprofited thats say healthcare industry manipulated lied citizens make money covid dont think healthcare industry gets right say well ever lied public defense matter lied covid want people know truth dont answer dont answer one public really knows sure think investigations history types corporations government agencies whether lied profited covid,0.0,unemotional,0,27,0,1
1067,actually fast paced life involves hr work week new relationship someone im abousloutley love maintaining learning best father outside hose still involved early teen 🙄 doesnt make easy theres adventure learning step step dad roleparenting level theres always implussive behavior thats never boring drive halfway across country whim definitely boring life 🤣🤣🤣 flip sad life youre arguing reality middle age man school night think crazy🤔🥱 homie go drink something smoke something fuck something every night well life going get really shitty next years,0.0,fear,0,14,1,1
1068,lol think fda cdc would allow release study could used invalidate informed consent,0.0,surprise,0,25,1,1
1069,fucked realistic pussy get rid anything shut anything people going die thats life cant accept oh well every life count save everyone sorry im sorry,-1.0,anger,-1,4,-1,-1
1070,youre missing point thats ok agreed properly trialed vaccines work im done repeating,0.0,sad,0,22,1,1
1071,agree agreed whole time people skip line reading comments im saying people think masks work magical way dont worn properly arent youre standing line store mask someone front sneezes exposed people dont seem understand thats im trying say whole conversation saying vaccines work need properly tested trialed masks work properly understood worn yet im told im dumb one truly amazing,0.0,sad,0,22,1,1
1072,come facts insult 😂 youre adorable somewhere along line forgot germs small invisible send biology book want feeling wont understand big word,-1.0,anger,-1,4,1,1
1073,agree reduce people thought masks kind cure harm good especially people idea masks work theyre supposed work,0.0,surprise,0,25,1,1
1074,said go freely air ok read typed 😂,-1.0,anger,-1,4,1,1
1075,said masks dont work way people think reading hard,-1.0,anger,-1,4,-1,-1
1076,think say tobacco safe europe well,0.0,disgust,0,7,1,1
1077,yeah tbh thought vaccines shit germany homeopathy thing corrupt officials fill wallets brim,0.0,surprise,0,25,-1,-1
1078,professional schizo posting loser,0.0,fear,0,14,-1,1
1079,yes bcause theyre regulatory body literally job bust malpractice point actual study chucklenuts eagerly awating,0.0,sympathy,0,26,1,0
1080,get youre step away suggesting eugenics next buddy wait maybe youre thinking abolish cancer research next trying follow narrow minded callous thinking bad,-1.0,anger,-1,4,-1,-1
1081,dont really point tbf vaccine works tiny percentage people negative reaction dismiss every vaccine cause negative reactions matter properly trialed,1.0,sympathy,1,26,-1,-1
1082,enjoy rest decade big brains,-1.0,unemotional,-1,27,1,1
1083,thats problem typed incorrect like dude really hard science stupid fashion statement days,-1.0,anger,-1,4,-1,-1
1084,yes keep working one day might good reading comprehension,-1.0,anger,-1,4,1,1
1085,thats fair well lol brain vaccines makes sense said encompassing term,-1.0,joy,-1,19,1,1
1086,,0.0,unemotional,0,27,0,0
1087,well swedish study showed mrna uptake liver cellular genome vitro however specimen probably also contained dna contamination responsible uptake,1.0,sympathy,1,26,1,1
1088,youre emotional smart ass im realistic obviously didnt say stop trying prevent illnesses even came cure cancer think everyone get able afford people still die get cancer called realistic,-1.0,anger,-1,4,-1,1
1089,good slam 🤣,1.0,enthusiasm,1,12,1,1
1090,feel like post violates subreddit rules feel free report using dots tag active moderator removing post learn report post bot action performed automatically please contact moderators subredditmessagecomposeto=rjeeneetards questions concerns,0.0,unemotional,0,27,1,1
1091,shi got real imgemote|tttu|,0.0,unemotional,0,27,0,1
1092,jbse lockdown hata hai march har th mahine naye lockdown ki khabar aati hai kbhi koi naya strainkbhi koi naya viruskbhi monkeypox aadat hogyi h ab dw guys ye bhi fake hogi,-1.0,anger,-1,4,-1,-1
1093,deleted,0.0,unemotional,0,27,0,0
1094,din andar india mai aa sakta hai kya urgently needed,0.0,anger,0,4,0,0
1095,removed,0.0,unemotional,0,27,0,0
1096,bhenchod jis saal humko college jana ho us saal hi ye sab bakchodi 😭😭,-1.0,sympathy,-1,26,0,0
1097,last year bhi hua tha due cold weather,-1.0,fear,-1,14,0,-1
1098,deleted,0.0,unemotional,0,27,0,0
1099,nothing worry hmpv less equivalent common cold times power common cold,0.0,sympathy,0,26,1,-1
1100,sal kab ho gaye imgemote|tttu|,0.0,surprise,0,25,0,0
1101,w china 🥰🥰,0.0,unemotional,0,27,0,0
1102,ab hoga academic comeback new lockdown season,1.0,joy,1,19,0,1
1103,removed,0.0,unemotional,0,27,0,0
1104,uananya mene suna h iitians immune hote h virus se 🥵🥵🥵🥵🥵🥵🥵🥵👈🤬👈😔🥵🥵🥵🥵👈🥵🤬🗿🤬🗿🥰😅💜😅😅👈🤬👈🤬🥵🥵🤬👈🤬👈🤬🤑🤑🤑🤬 iit supremacy,1.0,enthusiasm,1,12,1,0
1105,another china w india yaha bhi piche reh gya,-1.0,anger,-1,4,0,0
1106,level sabke niklenge imgemote|tttu| lde sabke lagenge imgemote|tttu|,-1.0,anger,-1,4,0,0
1107,tf going china,-1.0,anger,-1,4,0,0
1108,real shitjee advanced getting delayed every daysgot cooked coz exam finally took place septno one face levels torture,0.0,fear,0,14,-1,1
1109,ayee khuda please ek aisa plague de jisse koi na mareh koi harm na ho par exams pospone ho jaye months k liye,0.0,sympathy,0,26,-1,0
1110,want shit india asap would result boom cse ill get attempts jee imgemote|tttu|,0.0,fear,0,14,-1,-1
1111,confirmed credible news outlet dont panic,0.0,sympathy,0,26,1,1
1112,college life ki chod dega virus agar aya hope doesnt happen,-1.0,anger,-1,4,1,0
1113,imgemote|tttu|,0.0,unemotional,0,27,0,0
1114,regular school walo ke mazza mazze,1.0,joy,1,19,0,0
1115,based asf hope lockdown happens,0.0,fear,0,14,1,0
1116,jee hone se pehle jaldi india mein aajaye please please please 🙏🏻,-1.0,fear,-1,14,1,0
1117,,0.0,unemotional,0,27,0,0
1118,iss saal mai bach gaya bc mein mere birthday ke din ne covid ko pandemic label kardiya tha💀,0.0,fear,0,14,0,-1
1119,wtf proved,-1.0,anger,-1,4,-1,-1
1120,jaldi tum aao raja lockdown lagvao raja jee cancel karvao raja aur ek saal procastinate krne ke liye dedo raja,0.0,joy,0,19,-1,0
1121,,0.0,unemotional,0,27,0,0
1122,feb se pehele fail jaye pura🙏🙏,-1.0,fear,-1,14,-1,-1
1123,vai jee keh pehle aaja na india meh,-1.0,fear,-1,14,-1,0
1124,chalo adv keliye jyada time mil jaega,0.0,relief,0,21,0,0
1125,bachho khushi ki lehar,1.0,joy,1,19,0,0
1126,abe inko bolo saal rukjaye yaar mujhe iss saal college jana hai experience kar lene mkc,0.0,surprise,0,25,0,0
1127,acchi baat hai dad runs hospital mint money,-1.0,sad,-1,22,0,0
1128,iss bar khane mein kya tha,1.0,happy,1,16,0,0
1129,lord corona heard us coming save us boards 🫴,-1.0,relief,-1,21,1,0
1130,zombie virus hona chahiye sala saal se kuch adventure hi nhi hua,-1.0,surprise,-1,25,1,0
1131,guys hmpv strain pneumonia commonly occurs winter early spring itna panic mat karo koi naya virus unhone banaya hai nahi vaccine virus tho silver lining maximum cases go away mild moderate hi rehte hai ghar pe baithe baithe bhi thik ho jaoge severe mein thodi dikkat hogi,1.0,sympathy,1,26,-1,0
1132,bhai please covid laut aao ab academic cumback honese raha,-1.0,sad,-1,22,1,0
1133,days lockdown ho skta hai kya,-1.0,surprise,-1,25,0,0
1134,,0.0,unemotional,0,27,0,0
1135,jee section b ki waapsi hone wali,0.0,unemotional,0,27,0,0
1136,koi china jaake yaha leke aao virus ko jldiimgemote|tttu|,-1.0,anger,-1,4,0,0
1137,wtf back yuhuuuu,-1.0,joy,-1,19,-1,-1
1138,yaad hai mujhe exactly aisi hee news padhi thi maine newspaper socha koi accha news padh lu new year ke wakt par mujhe kya pata tha ek choti si news paragraph itna bada kaand kr jayegi,-1.0,surprise,-1,25,0,1
1139,aree yaar shit walo ka shi hai agr yeh virus abhi aagya toh instant lock nhi lg skta,-1.0,enthusiasm,-1,12,-1,-1
1140,lessgooo 🛐,1.0,enthusiasm,1,12,0,0
1141,didi aapki help,0.0,unemotional,0,27,1,0
1142,cant fucking chinese government keep virus outbreaks country year ek saal krke dikhao bhai kerala hota h annual nipah outbreak maharashtra dengue fir bhi handle kr dete h unke diet se related kuch hoga ig,1.0,sympathy,1,26,0,0
1143,scamdemic,0.0,unemotional,0,27,0,0
1144,right wtf year shii 💀💀,-1.0,surprise,-1,25,-1,-1
1145,agar falega want destroy everything like clean wipes bc nahi jeena mereko khatam kardo sab,-1.0,sad,-1,22,1,1
1146,round begin,0.0,unemotional,0,27,0,-1
1147,bhai china bhenchod bat khana band karo lodo everyone watch contagion plays exactly like covid,-1.0,anger,-1,4,1,1
1148,bas ek aur lockdown lag jaye zindagi aaram se kat jayegi,-1.0,relief,-1,21,-1,0
1149,please yaar,-1.0,sad,-1,22,1,0
1150,bhai esi news bich bich mai bhi aari thi koi aur virus ki hopefully covid jesi na ho bass,-1.0,sad,-1,22,1,-1
1151,imgemote|tttu|,0.0,unemotional,0,27,0,0
1152,bc mera abhi jee ke baad college start hona hai mujhe koi bakchodi nahi chahiye bc fresher year ruin karenge😭,-1.0,sad,-1,22,-1,0
1153,china ki maa ka alu paratha bc,-1.0,anger,-1,4,0,0
1154,bc ye kuch serious h kya ki bas upar se bakchodi chal rhi h,0.0,surprise,0,25,-1,-1
1155,pura parivar dara hua h darr kisko nahi lagta,-1.0,fear,-1,14,0,0
1156,ahh lockdown good old days,-1.0,happy,-1,16,1,1
1157,another chinese w,0.0,unemotional,0,27,0,0
1158,way 😭,-1.0,sad,-1,22,0,0
1159,bro bhai vapas lockdown hua toh halat kharab hogi economy ki maa behen ek ho jayegi,-1.0,fear,-1,14,0,0
1160,jee paper easy covid time,0.0,surprise,0,25,1,1
1161,better mask bitches,1.0,sympathy,1,26,-1,1
1162,,0.0,unemotional,0,27,0,0
1163,soooooooo back baby,-1.0,fear,-1,14,0,0
1164,,0.0,unemotional,0,27,0,0
1165,kya mai racist baatein kar sakta hu agar agla outbreak bhi china se hua toh,-1.0,anger,-1,4,-1,0
1166,,0.0,unemotional,0,27,0,0
1167,,0.0,unemotional,0,27,0,0
1168,college ki chutti milegi less go 🥳,1.0,happy,1,16,0,-1
1169,take everyone time around atleast 🙏,1.0,sympathy,1,26,0,0
1170,finally die,-1.0,sad,-1,22,-1,0
1171,please bring shit back,-1.0,sad,-1,22,-1,-1
1172,ye kya ho gaya imgemote|tttu|,0.0,surprise,0,25,0,0
1173,always feels like history repeating 🔄,-1.0,fear,-1,14,1,0
1174,flair change krne ka time aagya,0.0,unemotional,0,27,0,0
1175,,0.0,unemotional,0,27,0,0
1176,,0.0,unemotional,0,27,0,0
1177,probably covid unprecedented took decisions showed didnt take matter seriously late prepared,1.0,happy,1,16,1,1
1178,ham loop fas gia chud gia guru,-1.0,sad,-1,22,0,0
1179,nah prophecy real gonna change worldimgemote|tttu|,0.0,surprise,0,25,-1,1
1180,delete china,-1.0,anger,-1,4,0,0
1181,arey inki aisi taisi bhaii kyuuuuu,-1.0,anger,-1,4,0,0
1182,covid electric boogaloo,0.0,unemotional,0,27,0,0
1183,imgemote|tttu|,0.0,unemotional,0,27,0,0
1184,oh biden declare national emergency hand reigns vp harris get medicareforall money start new businesses money buy first home money start new family,0.0,surprise,0,25,1,1
1185,welcome back section b🥰,1.0,happy,1,16,1,1
1186,xud gaye guru,-1.0,sad,-1,22,0,0
1187,reaction imgemote|tttu| regular school wala hu,0.0,surprise,0,25,0,0
1188,chud gye guru,-1.0,sad,-1,22,0,0
1189,china still owes money last covid outbreak shit destroyed like days,0.0,sad,0,22,-1,-1
1190,people learn give link sources,1.0,surprise,1,25,0,0
1191,yes yes yes yes yes fucking boards,1.0,happy,1,16,1,-1
1192,cant wait see special people shouting plandemic,1.0,joy,1,19,-1,1
1193,lets gooooo please let boards cancelled,1.0,joy,1,19,1,0
1194,sometimes wonder china mei hi bc duniya bhar ke epidemics kyu hotei rehtei hai saala ye log virus mei variety bana rhe hai,-1.0,anger,-1,4,0,0
1195,gifgiphy|vytnntrswqquivwe|downsized,-1.0,anger,-1,4,0,0
1196,yeaaaaahhhhhh,1.0,joy,1,19,0,0
1197,mujhe farak nahi padta,0.0,unemotional,0,27,0,0
1198,wfh incoming,-1.0,fear,-1,14,0,0
1199,fuk,-1.0,anger,-1,4,0,0
1200,ab hoga maut ka nanga naach hui hui hui,1.0,enthusiasm,1,12,0,0
1201,chat cooked,1.0,joy,1,19,0,0
1202,sbki maa ke bhosde aag lag jaye 🐅imgemote|tttu|,-1.0,anger,-1,4,-1,0
1203,hakka bakka,1.0,surprise,1,25,0,0
1204,imgemote|tttu|imgemote|tttu|,0.0,unemotional,0,27,0,0
1205,bhai deja vu,0.0,surprise,0,25,0,0
1206,dont panic,1.0,sympathy,1,26,1,0
1207,ye virus mein bhi aaya tha usa side think iska koi cure hoga already padhle bhai virus ke chakkar mein mt reh teri life mein virus aajayega nhi toh,1.0,sympathy,1,26,0,0
1208,real gifgiphy|efxpuiaugnrpncpem,1.0,surprise,1,25,0,1
1209,easy shut travel china,1.0,sympathy,1,26,1,1
1210,baar gaming setup bhi hai,1.0,joy,1,19,0,0
1211,aw hell nah abhi ek sem hua hai dont wanna lazy self sitting infront phone pc,0.0,fear,0,14,-1,-1
1212,amazed started wtf right,0.0,surprise,0,25,-1,-1
1213,toh boards ke liye padu ya nhi,0.0,surprise,0,25,0,0
1214,yaar kitne dino se ye naya virus wo naya virus ki news aa rhi hai kuch hota hi nhi hai 😭,-1.0,sad,-1,22,0,0
1215,chud gaye guru deja vu gut feeling hai rn,0.0,surprise,0,25,1,0
1216,kohli ko aise khelte dekhne se acha hai matches hone hi band hojae👍🏻,1.0,fear,1,14,0,0
1217,real another rumour lockdown sachme lagne wala hai kyaimgemote|tttu|imgemote|tttu|,1.0,surprise,1,25,0,1
1218,aane de aane deimgemote|tttu|imgemote|tttu|,1.0,enthusiasm,1,12,0,0
1219,better prepare oxygen family,1.0,fear,1,14,1,1
1220,someone playing plagueinc irl,0.0,sympathy,0,26,1,0
1221,relax guys indian based china indian media hyping check global media one showing concern common influenza epidemic influenza season east asia,1.0,sympathy,1,26,1,-1
1222,chinese ate infected animal,0.0,fear,0,14,-1,0
1223,fuck man,-1.0,anger,-1,4,-1,-1
1224,aree kuch nhi hota tb se hope lga kr baitha hu kuch honhi hota na ho asteroid ata na ab virus ayega🙂🙂,-1.0,sad,-1,22,1,0
1225,pdhna hai ki nhi,0.0,surprise,0,25,0,0
1226,chinta mat karo covid ki samay jo log jinda bach gaye woh log iss bar jarur marenge,-1.0,sad,-1,22,0,0
1227,bhai india mein kab tak aayega yein se pehle pehle,-1.0,fear,-1,14,0,0
1228,hey brought india within days asking friend,0.0,unemotional,0,27,1,0
1230,,0.0,unemotional,0,27,0,0
1231,nostalgia 💯,0.0,unemotional,0,27,0,0
1232,okk,0.0,unemotional,0,27,0,0
1233,already announced danger us,0.0,unemotional,0,27,-1,0
1234,spread everywhere need work home jobs shit,1.0,enthusiasm,1,12,-1,-1
1235,finals ke liye padu,1.0,enthusiasm,1,12,0,0
1236,daym bhai kon kon rank push karega,1.0,enthusiasm,1,12,0,-1
1237,im student want another lockdown,1.0,joy,1,19,1,0
1238,,0.0,unemotional,0,27,0,0
1239,college going good like high school used im passing every exam classes missed god 😭,1.0,happy,1,16,1,1
1240,yaaar yeh log ek zombie wala kyon nahi nikalte mereko post apocalyptic world mein rehna ab,0.0,enthusiasm,0,12,-1,0
1241,bhai dekho baki sab thik hei mera board cancel hoga kya feb exam hei first paper english even give english papers im okay,0.0,unemotional,0,27,0,1
1242,corona,0.0,unemotional,0,27,0,0
1243,wont even try prevent shit time jo hoga dekha jayega,-1.0,anger,-1,4,-1,-1
1244,gifgiphy|jsgyrpqwvkbrpfeoil|downsized,0.0,unemotional,0,27,0,0
1245,finally india mei bhi aagya ye😂,-1.0,disgust,-1,7,0,0
1246,imgemote|tttu|imgemote|tttu|imgemote|tttu|imgemote|tttu|,0.0,unemotional,0,27,0,0
1247,bruh wtf,-1.0,disgust,-1,7,-1,-1
1248,sorry yeah patch ho jaiga,0.0,unemotional,0,27,1,-1
1249,zor se bolo corona mata ki jai☺️🙏,0.0,unemotional,0,27,0,0
1250,kaash isme mar jau main,-1.0,sad,-1,22,0,1
1251,hope reach india soon,1.0,enthusiasm,1,12,1,0
1252,bkl sala ek school life gayab hua aur ab phir se college life nhi hona chaiye sala kismat hi kharab h,-1.0,sad,-1,22,0,0
1253,,0.0,unemtional,0,28,0,0
1254,guys chill likely hoax happens every months yall get hopes anyway probably bcz flu season smt dont take seriously,0.0,unemtional,0,28,-1,-1
1255,,0.0,unemtional,0,28,0,0
1256,,0.0,unemtional,0,28,0,0
1257,maa kasam bhai maje hi maje par mein toh dropper ban jaunga 😨 mujhe toh lockdown mein bhi padhna padega 😰 last time lockdown mein toh bc g faad maje kiye moj masti peak pe thi,1.0,fear,1,14,-1,0
1258,bros flair chinas reality imgemote|tttu|,0.0,unemotional,0,27,0,0
1259,,0.0,unemotional,0,27,0,0
1260,mai abhi tak se move nhi kr paya hu,-1.0,sad,-1,22,0,0
1261,tatti asli hogayi imgemote|tttu|,-1.0,disgust,-1,7,0,0
1262,bc mc mkc imgemote|tttu|imgemote|tttu|,-1.0,anger,-1,4,0,0
1263,jaldi tum aao raja lockdown lagvao raja jee cancel karvao raja aur ek saal procastinate krne ke liye dedo raja,0.0,unemotional,0,27,-1,0
1264,lmao didnt expect see meme shared sub,1.0,joy,1,19,1,1
1265,thats scientific explanation gonna legit believe,1.0,enthusiasm,1,12,0,0
1266,,0.0,unemotional,0,27,0,0
1267,bbg abhi usa bhi ek new virus outbreak ho raha hai australia se something ancient virus samples gayab ho gaye ho humans kya animals ke liye bhi janlewa hai unka koi record nahi mil raha ab china alag bc imagine saare virus insaano ki ek saath chd de imgemote|tttu|,-1.0,fear,-1,14,0,1
1268,remind monthgs,0.0,unemotional,0,27,0,0
1269,>dw guys ye bhi fake hogi saare major newspapers ne report ki hai,-1.0,disgust,-1,7,-1,-1
1270,bros got priorities right,1.0,enthusiasm,1,12,0,1
1271,mtlb finally tu padhaai karega,0.0,unemotional,0,27,0,0
1272,imgemote|tttu|hell yeah,-1.0,disgust,-1,7,1,0
1273,sorry sir order cancelled contact indian govt details,0.0,unemotional,0,27,-1,-1
1274,hello ashu cutieimgemote|tttu|,1.0,joy,1,19,0,0
1275,think way first attempt happened january second one months september imgemote|tttu|,0.0,unemotional,0,27,0,1
1276,fellow vyse enjoyer,1.0,joy,1,19,1,0
1277,deleted,0.0,unemotional,0,27,0,0
1278,pata lage toh batana,0.0,unemotional,0,27,0,0
1279,🤣🤣🤣🤣ku din kaun sa lafda door karna hai,1.0,joy,1,19,0,0
1280,nahi aaega uspe bhai tax legega,-1.0,anger,-1,4,0,0
1281,without custom tax chance,-1.0,anger,-1,4,-1,0
1282,aa gya bhai imgemote|tttu|imgemote|tttu|,1.0,joy,1,19,0,0
1283,lmao imgemote|tttu|,1.0,joy,1,19,1,1
1284,begins w perspective,0.0,unemotional,0,27,0,0
1285,isi saal college aayi ab ye saala chowmein meri college life bhi fuck kar dega imgemote|tttu|,-1.0,disgust,-1,7,-1,-1
1286,wtf ur usernameimgemote|tttu|,-1.0,anger,-1,4,-1,-1
1287,sach bataa raha hai kya bha,0.0,unemotional,0,27,0,0
1288,us moment ho gaya 🤧,-1.0,sad,-1,22,0,0
1289,ahhh frrr itna sukoon tha cant socialise ffs itna bhi ghar mai nahi rehna ki asylum jaana pad jaye,-1.0,sad,-1,22,1,0
1290,im also introvert pr itna bhi normal nhi tha,-1.0,sad,-1,22,0,1
1291,fr bro sab bol raha hai mai wait kar raha tha fir se hone ka lockdown netflix dekhke sojane ka maza hi kuch aur hai,1.0,joy,1,19,0,0
1292,men die women ok tyelenol,-1.0,disgust,-1,7,-1,1
1293,vulnerable children buddy,-1.0,fear,-1,14,-1,-1
1294,bhai aise mat bola karo yaar saari ummeed pe paani phek dere ho aap,-1.0,sad,-1,22,0,0
1295,mat kar bbg career chod dega ye virus imgemote|tttu| bhot logo ki waat lagte dekha hai maineimgemote|tttu|,-1.0,disgust,-1,7,0,0
1296,chup bsdk,-1.0,anger,-1,4,0,0
1297,abey saale 🤣🤣🤣,1.0,joy,1,19,0,0
1298,bro gb ram laptop gave january months torture buy new computer,-1.0,sad,-1,22,-1,1
1299,dukh dard peeda 🤧,-1.0,sad,-1,22,0,0
1300,mai bhi se dualcore amd processor wala laptop chala raha hoon 🥲 battery puri dead hai aur gb ram mein spotify vlc aur document viewer ek saath kholta hoon toh laptop freeze ho jata hai fir restart karna padta hai bc 😭 ab windows se linux + xfce pe shift ho gaya hoon lekin zyada difference nahi hai ab bhi laptop freeze ho jata hai,-1.0,sad,-1,22,-1,-1
1301,gb ram laptop happy bcoz run linux,1.0,joy,1,19,1,1
1302,eye eye tea poberrrrrrrrrrrrrr 🥵🥵🥵🥵🥵🥵🥵🥵👈🤬👈😔🥵🥵🥵🥵👈🥵🤬🗿🤬🗿🥰😅💜😅😅👈🤬👈🤬🥵🥵🤬👈🤬👈🤬🤑🤑🤑🤬,-1.0,anger,-1,4,0,0
1303,agar aaisa hota toh esaral apni kahaniya bana chuka hota ke hamare jitne bhi aye aye tea dost n😈 un mein se ek bhi aluminium ko covid nhi hua🧿 pober aye aye tea teg aye aye tea aluminium supermancy 🗣️🔥,0.0,unemotional,0,27,0,0
1304,u,-1.0,anger,-1,4,0,0
1305,lagenge uske jiske laude honge,-1.0,anger,-1,4,0,0
1306,bhai zyada umeed mai mat rehna nta waale sabke gaand maarne ka plan kar raha hai iss saal,-1.0,anger,-1,4,0,0
1307,hard get news froms china oppression many chinese observer news reporting,-1.0,fear,-1,14,-1,1
1308,mkc 😭🤧,-1.0,sad,-1,22,0,0
1309,bhai yar chup kar ja dara raha,-1.0,anger,-1,4,0,0
1310,bbaat sahi hsi dangerous per future predction according bhavishya malika,-1.0,fear,-1,14,-1,-1
1311,virussexual,0.0,unemotional,0,27,0,0
1312,jee mains sept tak chala tha mai jaha tak remember 💀,-1.0,sad,-1,22,0,0
1313,imgemote|tttu|imgemote|tttu|,0.0,unemotional,0,27,0,0
1314,😭😭🤧,-1.0,sad,-1,22,0,0
1315,imgemote|tttu|imgemote|tttu|,0.0,unemotional,0,27,0,0
1316,fr yaar meri college life fuck na ho bhagwan 😭😭,-1.0,fear,-1,14,-1,-1
1317,abe bat ka paratha bol imgemote|tttu|,1.0,joy,1,19,0,0
1318,bbg abhi usa bhi ek new virus outbreak ho raha hai australia se something ancient virus samples gayab ho gaye ho humans kya animals ke liye bhi janlewa hai unka koi record nahi mil raha ab china alag bc imagine saare virus insaano ki ek saath chd de imgemote|tttu|,-1.0,fear,-1,14,0,1
1319,gst eating lagega fir,-1.0,anger,-1,4,0,0
1320,tu bhi mere jaise chude hue college hai kya,-1.0,anger,-1,4,0,-1
1321,padh le bhai case,1.0,enthusiam,1,10,0,0
1322,real question,0.0,unemotional,0,27,0,1
1323,l,0.0,unemotional,0,27,0,0
1324,years ago precise,0.0,unemotional,0,27,0,1
1325,,0.0,unemotional,0,27,0,0
1326,,0.0,unemotional,0,27,0,0
1327,wtaf,0.0,unemotional,0,27,0,0
1328,,0.0,unemotional,0,27,0,0
1329,padhle bsdk,-1.0,anger,-1,4,0,0
1330,imgemote|tttu|,0.0,unemotional,0,27,0,0
1331,man,0.0,unemotional,0,27,0,0
1332,,0.0,unemotional,0,27,0,0
1333,,0.0,unemotional,0,27,0,0
1334,aacha arrangement nhi hai iska bc mkc iski hona chahiyeimgemote|tttu|imgemote|tttu|,-1.0,anger,-1,4,0,0
1335,kuch nhi hoga baaratleast saal toh rukega agla pandemic aise kse har saal ajaaega,0.0,unemotional,0,27,0,0
1336,jab saari humanity chudegi tab sab ek saath chillayenge chud gaye guruuuuu poori dharti goonj uthegi imgemote|tttu|imgemote|tttu|imgemote|tttu|,-1.0,anger,-1,4,0,0
1337,gifgiphy|xtstsqbgfgoipoj|downsized,0.0,unemotional,0,27,0,0
1338,maze hi aajaenge ekdm,1.0,joy,1,19,0,0
1339,maaza aayega,1.0,joy,1,19,0,0
1340,maze hi maze,1.0,joy,1,19,0,0
1341,pichle teen saal se har mhine mai koi nya outbreak ki news aati atp like boy cried wolf,0.0,unemotional,0,27,0,0
1342,mtlb lockdown ki prediction fake hogi virus toh phail hi rha h obv lockdown lge iske chances,0.0,unemotional,0,27,-1,-1
1343,aur karo modi ko voteab nahi aayega,-1.0,sad,-1,22,0,0
1344,tax issue hai,-1.0,anger,-1,4,0,0
1345,mai ashu bhaiyaaa nhi hun,0.0,unemotional,0,27,0,0
1346,december ka hi acc hai 🤫🤫,1.0,joy,1,19,0,0
1347,imgemote|tttu|,1.0,enthusiasm,1,12,0,0
1348,bhai valorant ke bahar bhi aaja imgemote|tttu|,-1.0,sympathy,-1,26,0,0
1349,covid mai month delay jyada attempts hue tha imgemote|tttu|,-1.0,sad,-1,22,-1,0
1350,ab bas mere state mai ajaye imgemote|tttu|,1.0,relief,1,21,0,-1
1351,ends w im hoping thats year,1.0,enthusiasm,1,12,1,0
1352,u made smile rn thanks,1.0,joy,1,19,1,1
1353,hum bhi xhude aap bhi xhudoge imgemote|tttu|,1.0,joy,1,19,0,0
1354,man audibly laughing,1.0,humour,1,18,1,0
1355,bhai main toh naye school jaane wali hu yaar 😭,-1.0,fear,-1,14,0,1
1356,hows college life hostel daze chhichhore mein jo dikhaya tha uske aaspaas bhi hai ya phir jee phase se zyada padhna padta hai,0.0,unemotional,0,27,-1,0
1357,sounds delicious,1.0,joy,1,19,1,1
1358,ara bhai kya bol rha hai tt virus doesnt target specific gender,0.0,unemotional,0,27,0,0
1360,imgemote|tttu|,0.0,unemotional,0,27,0,0
1361,mai apne gav chala jaunga 👍,1.0,relief,1,21,0,0
1362,removed,0.0,unemotional,0,27,0,0
1363,thought gals hated type emoji shit one texted like ended blocking 😭,-1.0,sad,-1,22,-1,-1
1364,u imgemote|tttu|,-1.0,surprise,-1,25,0,0
1365,nta ki maa ka bhosda anyways bhai agar lcr circuit mein l hata de aur pehle voltmeter c ke saath laga ke fir r ke saath lagaye toh voltage c mein r ke comparison mein lag karega ya fir lead,-1.0,anger,-1,4,-1,0
1366,honi ko kaun taal sakta hai,0.0,unemotional,0,27,0,0
1367,woh toh waise bhi college wale kar hi dete hai abhi sem khatam karke aa rha hu😪😪,-1.0,sad,-1,22,0,0
1368,imgemote|tttu|imgemote|tttu|,-1.0,sad,-1,22,0,0
1369,,0.0,unemotional,0,27,0,0
1370,fr bhai har cheez pe gst,-1.0,anger,-1,4,0,0
1371,vit se hoon bhai sheru wale 🥲,-1.0,sympathy,-1,26,0,0
1372,,0.0,unemotional,0,27,0,0
1373,da phuc kindaimgemote|tttu|,0.0,surprise,0,25,0,0
1374,hes ok taecyeon pmkpop group,1.0,enthusiasm,1,12,1,1
1375,ok taecyeon 😭😭,-1.0,joy,-1,19,1,1
1376,real jeetard ahh label got buddy,-1.0,disgust,-1,7,0,1
1377,wrna sax sux hojayega,-1.0,joy,-1,19,-1,0
1378,,0.0,unemotional,0,27,0,0
1379,google monte carlo fallacy,0.0,unemotional,0,27,0,0
1380,deleted,0.0,unemotional,0,27,0,0
1381,itna chud gaye hai ki ab teri chudi hui baat bhi achi lag rhi hai imgemote|tttu|,-1.0,sympathy,-1,26,-1,0
1382,modi hai toh namkeen haiimgemote|tttu|,1.0,joy,1,19,0,0
1383,war rukwa di virus kya cheez hai,1.0,enthusiasm,1,12,-1,0
1384,lol😂😂,1.0, joy,1,2,0,0
1385,stay awayimgemote|tttu|,-1.0,fear,-1,14,0,0
1386,mai bhi apne gaon narklok,0.0,unemotional,0,27,0,0
1387,maine tab naya desktop liya tha gb ram intel hd abhi tak chal rha hai specs achhe nahi par ssd tha thoda fast chalta tha,1.0,relief,1,21,0,1
1388,,0.0,unemotional,0,27,0,0
1389,lmao 😭🤧😭,-1.0,joy,-1,19,1,1
1390,pls change ur username tt,-1.0,disgust,-1,7,1,0
1391,l hatane se asar toh nhi padna chahiye c pe kya ho uspe voltage lag since capacitor,0.0,unemotional,0,27,-1,0
1392,vit pune na,0.0,unemotional,0,27,0,0
1393,kinda chinki add kardeta hun gyaani log bhi hain yahaan pe,-1.0,disgust,-1,7,0,0
1394,,0.0,unemotional,0,27,0,0
1395,slightest idea many families destroyed forever pandemic,-1.0,anger,-1,4,-1,1
1396,tier cllg mein hu aur tu chuda hua jee asspeerant imgemote|tttu|,-1.0,sympathy,-1,26,0,0
1397,sweet par extra gst lagega toh namkeen hi hoga naa😉,1.0,joy,1,19,1,1
1398,ab war rukwane ke liye tax everything,-1.0,anger,-1,4,-1,0
1399,chud jayega bhai game delete krdo,-1.0,anger,-1,4,0,-1
1400,removed,-1.0,relief,-1,21,0,0
1401,iss baar inmo nikalega ya nhi,0.0,unemotional,0,27,0,0
1402,bhopal vai,0.0,unemotional,0,27,0,0
1403,,0.0,unemotional,0,27,0,0
1404,u believe god,0.0,unemotional,0,27,1,0
1405,vit tier ass college pune wala,-1.0,disgust,-1,7,-1,0
1406,nice comment give tax,-1.0,joy,-1,19,1,1
1407,mere wale se itna zor awaaz aata tha ki online class bachche complain krte ki iske mic se awaaz aa rhi hai imgemote|tttu| aur wo laptop degree se zyada khol screen glitch ho jata tha,1.0,joy,1,19,-1,-1
1408,well try lets see,1.0,relief,1,21,1,0
1409,,0.0,unemotional,0,27,0,0
1410,question relevant convo,-1.0,disgust,-1,7,0,1
1411,bhaisab tu vit mein hai pune wala mai mumbai univ k cllg mein hu 🤡🤡,-1.0,joy,-1,19,0,0
1412,,0.0,unemotional,0,27,0,0
1413,,0.0,unemotional,0,27,0,0
1414,gifgiphy|jqgawlmreuycrbem|downsized,0.0,unemotional,0,27,0,0
1415,ha bhai tu konse college hai spit vjti ya fir koi aur,-1.0,sad,-1,22,1,0
1416,lode lage hai iss college aakar,-1.0,sad,-1,22,0,0
1417,itne gavar log hai ki percent dont even know reddit,-1.0,disgust,-1,7,0,0
1418,skills matter krti h sikhle bhai colledge mai,1.0,relief,1,21,0,0
1419,,0.0,unemotional,0,27,0,0
1420,top cllg mein hota toh grind kr rha hota ki acchi placement lg jaye vesit mein hu 🤡🤡,-1.0,sad,-1,22,1,1
1421,tune cet di ya mains,0.0,unemotional,0,27,0,0
1422,tera bhi mere jaisa chuda hua college hai fir toh,-1.0,sympathy,-1,26,0,-1
1423,want join discord weve got minecraft server think post comments violate rules report concerns please send modmail message take look bot action performed automatically please contact moderators subredditmessagecomposeto=rteenagersbutbetter questions concerns,0.0,happy,0,16,1,1
1424,insert ah shit go,-1.0,disgust,-1,7,-1,-1
1425,,0.0,unemotional,0,27,0,0
1426,,0.0,unemotional,0,27,0,0
1427,wait nonononono 😭,-1.0,fear,-1,14,0,0
1428,resolution outside friends swear stupid virus ruins im gonna commit terrible crime,0.0,unemotional,0,27,-1,-1
1429,hmpv virus tell school due,0.0,unemotional,0,27,0,-1
1430,nonononononno,-1.0,fear,-1,14,0,0
1431,dolphins confirm,0.0,joy,0,19,0,0
1432,ive heard happening,0.0,unemotional,0,27,0,0
1433,happens need second among us,1.0,enthusiasm,1,12,0,0
1434,mean would nice get second chance troll online classes last time got dropped situation didnt know yo smart kid plus last year school wouldnt even matter would time things actually like im interested,1.0,joy,1,19,1,1
1435,hell yeah gaming time wasting time tv,1.0,enthusiasm,1,12,-1,0
1436,,0.0,unemotional,0,27,0,0
1437,praying get another quarantine took first one granted hard got dope ass pc gaming entire time,1.0,enthusiasm,1,12,-1,0
1438,hey remember january australia burning yknow kinda like california,-1.0,sympathy,-1,26,1,0
1439,theres another imma get glow fr obv play guitar instead absolute chubbolard playing games,1.0,joy,1,19,1,1
1440,never got ti stay home work pandemic,-1.0,sad,-1,22,0,0
1441,yippie,1.0,joy,1,19,0,0
1442,dude social skills went drain covid cant happen,-1.0,sad,-1,22,0,0
1443,im honestly excited time miss quarantine sm except dying wasnt awesome,1.0,joy,1,19,1,1
1444,years mean,0.0,unemotional,0,27,0,-1
1445,,0.0,unemotional,0,27,0,0
1446,bruh,0.0,unemotional,0,27,0,0
1447,fucking,-1.0,surprise,-1,25,0,-1
1448,,0.0,unemotional,0,27,0,0
1449,,0.0,unemotional,0,27,0,0
1450,oh,-1.0,fear,-1,14,0,0
1451,oh fuck,-1.0,disgust,-1,7,-1,-1
1452,ive played games,1.0,enthusiasm,1,12,1,0
1453,excuse,-1.0,surprise,-1,25,1,0
1454,yippieeeeee,0.0,unemotional,0,27,0,0
1455,noooooo,-1.0,fear,-1,14,0,0
1456,cant go back homeschool man cant cant make,-1.0,anger,-1,4,0,0
1457,lmao,1.0,joy,1,19,1,1
1458,would sure hope,-1.0,fear,-1,14,1,1
1459,ive played games,1.0,enthusiasm,1,12,1,0
1460,two weeks happened,-1.0,relief,-1,21,0,0
1461,first time hearing lmao schools yet,0.0,unemotional,0,27,1,1
1462,uhh anyone wanna explain brainrot terms,0.0,unemotional,0,27,0,0
1463,god fucking damn ittttt,-1.0,anger,-1,4,-1,-1
1464,im still fixing social skills still need get around asking crush,-1.0,sad,-1,22,-1,0
1465,,0.0,unemotional,0,27,0,0
1466,fought viruses,1.0,enthusiasm,1,12,-1,0
1467,help real tot,-1.0,fear,-1,14,1,1
1468,ley guess new one alos came china,-1.0,disgust,-1,7,0,1
1469,time may second game commence,1.0,enthusiasm,1,12,0,-1
1470,live florida whats happening,0.0,unemotional,0,27,0,1
1471,gonna bad right,-1.0,fear,-1,14,-1,-1
1472,im sorry fuck hmpv,-1.0,surprise,-1,25,-1,-1
1473,wtf virus son,-1.0,disgust,-1,7,-1,-1
1474,better trend every year multple fucking sucks,-1.0,disgust,-1,7,0,1
1475,bruh havent heard shit hmpv virus,-1.0,surprise,-1,25,1,-1
1476,wait havent heard anything,0.0,unemotional,0,27,0,0
1477,sighhhh society makes want ⬛ head,-1.0,sad,-1,22,1,0
1478,,0.0,unemotional,0,27,0,0
1479,man spread pandemic level oh man futures fucked,-1.0,fear,-1,14,-1,-1
1480,wait whats happening,0.0,surprise,0,25,0,0
1481,hell happen,-1.0,surprise,-1,25,-1,0
1482,please dont dont want waste another years online im start college september plane maintenance dream job dont want covid please dont start eating bats,-1.0,fear,-1,14,1,-1
1483,,0.0,unemotional,0,27,0,0
1484,like month yall,0.0,unemotional,0,27,1,0
1485,fucking,-1.0,surprise,-1,25,0,-1
1486,huh virus,0.0,surprise,0,25,0,0
1487,theres new virus last time heard searched results looked like fake news youtube channels rest like years ago tbh kind dismissed reliable recent info virus,0.0,surprise,0,25,1,0
1488,please dont let happen transition college mention google meets fuckin things suck,-1.0,sad,-1,22,-1,0
1489,actually happening,0.0,surprise,0,25,0,0
1490,isnt papilloma,0.0,unemotional,0,27,0,0
1491,isnt happening anyone im tired hearing glorified common cold,-1.0,disgust,-1,7,1,-1
1492,honestly dont think anything serious actually happen,0.0,unemotional,0,27,1,1
1493,starters hmpv aka human metapneumovirus originally found disease contagious interactions spreading contact surfaces coughing sneezing close contact general avoid clean surfaces often used others love god wash hands vaccine antiviral therapy treat disease disease usually lasts days similarly covid details viruss mortality rate effects please research credible sites well source,0.0,unemotional,0,27,1,1
1494,yall probably hmpv could barely walk like week aunt said stay positive blame >,1.0,happy,1,16,1,1
1495,wait fuck hmpv virus,1.0,happy,1,16,-1,-1
1496,actually getting,0.0,unemotional,0,27,0,0
1497,e x p l n,0.0,surprise,0,25,0,0
1498,sequel 😞😞😞,0.0,sad,0,22,0,0
1499,gamer arc,0.0,unemotional,0,27,0,0
1500,right important test life,0.0,unemotional,0,27,1,1
1501,person many years ago first season filmed damn,0.0,surprise,0,25,-1,1
1502,nope,-1.0,sad,-1,22,0,0
1503,unless youre los angeles youd forced leave,0.0,sympathy,0,26,-1,-1
1504,🐬,0.0,unemotional,0,27,0,0
1505,love god noo,-1.0,fear,-1,14,1,1
1506,yeah go back scrolling tiktok,1.0,joy,1,19,1,0
1507,anyone picture gravity falls ot shows dipper looking boxes different number labels would go perfect,0.0,surprise,0,25,1,1
1508,much tickets greenland madagascar,0.0,unemotional,0,27,0,1
1509,yall need hear chances getting bad covid extremely low zero low cause shit makes kids really old people sick also fun fact everyone sickness everyone including paul yes conclusion really big threat,1.0,sympathy,1,26,-1,-1
1510,,0.0,unemotional,0,27,0,0
1511,stayed home,0.0,relief,0,21,0,0
1512,pros school free time cons people dead cant see people like,0.0,fear,0,14,-1,1
1513,gifgiphy|iljofjolnacsq,0.0,unemotional,0,27,0,0
1514,two weeks literally suffering years,-1.0,sad,-1,22,-1,0
1515,guys stay home weeks,0.0,fear,0,14,0,0
1516,theres,0.0,unemotional,0,27,0,0
1517,gifgiphy|bxaxlqtakaimgm|downsized,0.0,unemotional,0,27,0,0
1518,well another wtf year ig makes sense school getting time >,-1.0,anger,-1,4,-1,-1
1519,im cooked,0.0,unemotional,0,27,0,0
1520,hmpv around awhile well fine,1.0,sympathy,1,26,1,1
1521,weve played games,1.0,enthusiasm,1,12,1,0
1522,guys getting time,0.0,sad,0,22,0,0
1523,,0.0,unemotional,0,27,0,0
1524,crazy another pandemic already,-1.0,sad,-1,22,-1,-1
1525,th gradesenior year,1.0,surprise,1,25,0,0
1526,wth hmpv,0.0,surprise,0,25,-1,0
1527,whats hmpv virus start last time happend made cents per pound steel means ill rich,1.0,joy,1,19,1,0
1528,history repeat ahh virus😭😭,-1.0,sad,-1,22,0,0
1529,ive ate games fat kid honeycomb game,-1.0,fear,-1,14,0,-1
1530,luckly time gas mask two gp gas masks im waiting filters mm gas mask im unstoppable,0.0,relief,0,21,-1,0
1531,sooo hasnt reached uk yet dont think,0.0,surprise,0,25,-1,0
1532,actually nice plot twist actually elevated month months less,0.0,enthusiasm,0,12,1,1
1533,france,0.0,unemotional,0,27,0,0
1534,ha im staying home city literally fucking burning,-1.0,sad,-1,22,1,-1
1535,heck hmpv virus,0.0,anger,0,4,0,0
1536,free holidays see problem,1.0,joy,1,19,1,1
1537,awh shit go,-1.0,anger,-1,4,-1,-1
1538,remember even song calling corona babai typa monster u scare kids thatll eat go well outta hell april thda hell didnt,-1.0,fear,-1,14,-1,0
1539,,0.0,unemotional,0,27,0,0
1540,,0.0,surprise,0,25,0,0
1541,,0.0,surprise,0,25,0,0
1542,die die going quarantine,-1.0,fear,-1,14,-1,0
1543,second quarantine happens actually gonna put knife chest,-1.0,sad,-1,22,0,0
1544,gifgiphy|vlnopybcfvdfqwd|downsized,0.0,unemotional,0,27,0,0
1545,deleted,0.0,unemotional,0,27,0,0
1546,gifgiphy|iljofjolnacsq ya go,0.0,unemotional,0,27,0,0
1547,gifgiphy|cpuahgbhuhyjgggmc|downsized,0.0,unemotional,0,27,0,0
1548,,0.0,unemotional,0,27,0,0
1549,,0.0,unemotional,0,27,0,0
1550,,0.0,unemotional,0,27,0,0
1551,,0.0,unemotional,0,27,0,0
1552,ah guy,0.0,surprise,0,25,0,0
1553,happy cake day,1.0,happy,1,16,1,1
1554,,0.0,unemotional,0,27,0,0
1555,think going around mostly china happened times right becoming worldwide pandemic isnt much concern,0.0,sympathy,0,26,0,1
1556,mine literal blizzard 😭🙏,0.0,sad,0,22,0,0
1557,schools fires,0.0,sad,0,22,0,0
1558,yeah neither,-1.0,sad,-1,22,1,0
1559,,0.0,unemotional,0,27,0,0
1560,cake,0.0,unemotional,0,27,0,0
1561,wait minute havent seen dolphin years,1.0,surprise,1,25,0,0
1562,,0.0,unemotional,0,27,0,0
1563,happy cake day,1.0,happy,1,16,1,1
1564,,0.0,unemotional,0,27,0,0
1565,,0.0,unemotional,0,27,0,0
1566,,0.0,unemotional,0,27,0,0
1567,happy cake day sir,1.0,happy,1,16,1,1
1568,theyre guam,0.0,unemotional,0,27,0,0
1569,,0.0,sad,0,22,0,0
1570,within band companions lies one deceitful concerning matter true identity pretty catchy,0.0,sympathy,0,26,1,1
1571,,0.0,unemotional,0,27,0,0
1572,bruh im starting college year pls quarantine 😭🙏,-1.0,sad,-1,22,1,0
1573,hope god,1.0,fear,1,14,1,0
1574,middle school final exams due covid much easier im last year highschool ill finals would meme happened exams would easy,1.0,fear,1,14,1,0
1575,real year quarantine took granted much want second chance,1.0,enthusiasm,1,12,1,1
1576,fr bro time lock fn,0.0,anger,0,4,0,0
1577,real take full advantage,1.0,joy,1,19,1,1
1578,get another one im actually gonna kill barely find friends im talking people person get cut society im done,-1.0,anger,-1,4,-1,0
1579,fuck pandemic even saying,-1.0,anger,-1,4,-1,-1
1580,hell aint doin fucking shit lost fucking years supposed best,-1.0,anger,-1,4,1,1
1581,nononononono im ruining socialisation skills im still building ground since last one,-1.0,anger,-1,4,-1,0
1582,dawg im gonna senior next year last thing need another pandemic,-1.0,sad,-1,22,0,0
1583,pc th grade ass cant,-1.0,anger,-1,4,-1,0
1584,dont manifest another global lockdown please beg made really good comparison,1.0,fear,1,14,1,1
1585,literally last time play fn watch tv time lock fr,1.0,joy,1,19,1,0
1586,dropped baby nothing fun quarantine everyone afraid word gonna end completely fucked mental health,1.0,sympathy,1,26,-1,-1
1587,,0.0,unemotional,0,27,0,0
1588,say,0.0,unemotional,0,27,0,0
1589,ohio everyone started turning skibidi started mogging people causing get infected edge thing happened years ago,-1.0,sad,-1,22,-1,0
1590,supposed sob 🤦🏻‍♀️,0.0,sad,0,22,-1,0
1591,yes made comment go profile youd like access information reliable sources found hmpv infection,0.0,unemotional,0,27,1,0
1592,correct misinformation,0.0,unemotional,0,27,-1,0
1593,bro,0.0,unemotional,0,27,0,0
1594,holy,1.0,sympathy,1,26,0,0
1595,,0.0,unemotional,0,27,0,0
1596,exactly thinking og one cause people responded remake,1.0,enthusiasm,1,12,0,1
1597,,0.0,unemotional,0,27,0,0
1598,,0.0,unemotional,0,27,0,0
1599,happy cake day,1.0,happy,1,16,1,1
1600,,0.0,unemotional,0,27,0,0
1601,like weak,0.0,sympathy,0,26,-1,-1
1602,border china,-1.0,anger,-1,4,0,0
1603,oh fuck cake twins,1.0,happy,1,16,-1,-1
1604,,0.0,unemotional,0,27,0,0
1605,,0.0,unemotional,0,27,0,0
1606,happy caaaaaaake daaay,1.0,happy,1,16,1,1
1607,briish aah amogus,1.0,happy,1,16,0,0
1608,,0.0,unemotional,0,27,0,0
1609,cant another lock im starting life 😭,1.0,sad,1,22,0,0
1610,yes please pandemic need socialize meet girl cant cant round,1.0,sad,1,22,1,-1
1611,fourth gradenot sure year sorry first year back school years later near end young really get true quarantine experience,1.0,sad,1,22,1,1
1612,havent played yet ive heard marvel rivals peak gaming,1.0,joy,1,19,1,0
1613,mental health bad quarantine wasnt stressed every damn zeptosecond like,1.0,sad,1,22,1,-1
1614,downvoted exactly asked,1.0,relief,1,21,0,1
1615,thanks,1.0,happy,1,16,1,1
1616,mean remake one better graphics hit way og,1.0,enthusiasm,1,12,1,1
1617,,0.0,unemotional,0,27,0,0
1618,thank,1.0,happy,1,16,1,0
1619,rare kira funny,1.0,joy,1,19,1,1
1620,,0.0,unemotional,0,27,0,0
1621,,0.0,unemotional,0,27,0,0
1622,basically like flu found good article reference,0.0,unemotional,0,27,1,1
1623,slightly buffed common cold,1.0,sympathy,1,26,0,-1
1624,babe new reaction pic dropped,0.0,unemotional,0,27,0,1
1625,insert dont meme,1.0,joy,1,19,0,0
1626,fn = fortnite u didnt know,0.0,surprise,0,25,0,0
1627,,0.0,unemotional,0,27,0,0
1628,wait made porn literally poker game,-1.0,disgust,-1,7,0,-1
1629,thank goodness,1.0,happy,1,16,1,0
1630,realize,1.0,surprise,1,25,0,0
1631,thought covid could normal well see,1.0,sad,1,22,1,1
1632,ye play couple friends sometimes,1.0,joy,1,19,1,0
1633,lets see survive,0.0,unemotional,0,27,0,0
1634,oh god cards sexualized,1.0,surprise,1,25,1,0
1635,yk cuz sexualized cards think nothing wrong,1.0,surprise,1,25,1,-1
1636,link official discord server follow instagram account download video use one following sites download link download link download link link trim video bot action performed automatically please contact moderators subredditmessagecomposeto=rindiandankmemes questions concerns,0.0,unemotional,0,27,-1,0
1637,itni badhiya meme pe tax hai bhai aab,0.0,joy,0,19,0,0
1638,said monkey pox came 💀🙏🏻,-1.0,fear,-1,14,0,0
1639,,0.0,unemotional,0,27,0,0
1640,ramdev running made laugh,1.0,happy,1,16,1,1
1641,meme tak thik hai bhai iss saal agar koi virus aagaya toh apna real life mey cum back nhi ho payega,1.0,fear,1,14,0,1
1642,high effort meme imgemote|tmnyi|,1.0,enthusiasm,1,12,0,1
1643,byjus way introduce new scam,0.0,fear,0,14,-1,1
1644,bhai mai abhi train mai betha hu bengaluru ke liye aur ye sab suun raha huimgemote|tmnyi|imgemote|tmnyi|,0.0,surprise,0,25,0,0
1645,manifesting another lockdown,-1.0,fear,-1,14,0,0
1646,🙈🙈🙈,1.0,surprise,1,25,0,0
1647,saw child hardik pandya dancing,0.0,surprise,0,25,0,0
1648,nahi hoga bhai kuch,-1.0,sad,-1,22,0,0
1649,shouldve included stock investors,-1.0,sad,-1,22,0,0
1650,,0.0,unemotional,0,27,0,0
1651,idm pe accha meme daalna mana hai bhai delete kar imgemote|tmnyi|,-1.0,anger,-1,4,0,0
1652,nora fatehi student version,1.0,joy,1,19,0,0
1653,covid starter pack lol,1.0,joy,1,19,1,1
1654,hardik pandya jaisa kyu lagra vo bacha,1.0,joy,1,19,0,0
1655,end imgemote|tmnyi|,-1.0,sad,-1,22,0,0
1656,😑😪 phir koi virus aya toh simply giving ho gaya bhai bohot kaafi jee liya,-1.0,sad,-1,22,1,0
1657,abe yaar th ka exam hai bohot acha prepare kia hai sab kharab ho jayega bc,-1.0,sad,-1,22,-1,0
1658,upvote toh bantai,0.0,unemotional,0,27,0,0
1659,deleted,0.0,unemotional,0,27,0,0
1660,every virus comes goes untill doesnt becomes next covid,0.0,sympathy,0,26,0,0
1661,come back chod hangout karne ki halat hojayegi,1.0,joy,1,19,0,0
1662,🤓,1.0,happy,1,16,0,0
1663,bro felt saying,0.0,unemotional,0,27,0,0
1664,yeah covid century event,1.0,relief,1,21,1,0
1665,invite kr lena bro group hangout krenge,1.0,happy,1,16,1,0
1666,,0.0,unemotional,0,27,0,0
1667,virus around since early exists increases cold flu season always media new horrible virus rise,1.0,anger,1,4,-1,-1
1668,lets real excuse people buy toiletpaper,0.0,unemotional,0,27,1,-1
1669,oh yay right chinese new year 🧧,0.0,fear,0,14,1,1
1670,>human metapneumovirus may cause mild upper respiratory tract infection common cold however premature infants immunocompromised persons older adults > years risk severe disease hospitalization basically advanced case coldflu like original severe certain individuals untreated far deadly lethal firstwave covid clickbaited users want us believe,0.0,sympathy,0,26,1,0
1671,people may getting scared hear words china virus think oh boy round two one person till saw hmpv,1.0,surprise,1,25,-1,-1
1672,bro gets another month vacation making double normal salary fucking covid take baaaaaaack,1.0,happy,1,16,0,-1
1673,reddit research like meme taught virus completely harmless theres nothing worry next meme tells otherwise,1.0,joy,1,19,1,0
1674,else expect reddit like seriously,-1.0,sad,-1,22,1,-1
1675,research hard better assume everything facebook fact,0.0,sympathy,0,26,1,1
1676,pandemics world wars reddit loves panic,1.0,sympathy,1,26,-1,0
1677,covid give everyone trauma every time theres new virus old one gets attention people think new pandemic,1.0,sympathy,1,26,-1,1
1678,potential dangerous cold,1.0,fear,1,14,-1,-1
1679,peoples ptsd kicking quite understandable,1.0,sympathy,1,26,0,0
1680,interesting thing research chinese site youd see horrible virus prevalent america headlines,-1.0,anger,-1,4,-1,-1
1681,dang time little money invest hand sanitizer tp look resale market,-1.0,anger,-1,4,1,-1
1682,gifgiphy|itggojhwpc need china virus distract bird flu thats currently going around country,-1.0,sympathy,-1,26,-1,0
1683,gonna much fun grandmother finds reading headlines,1.0,happy,1,16,1,1
1684,wasnt already existed something,1.0,joy,1,19,0,0
1685,remindme years,0.0,unemotional,0,27,0,0
1686,chinese guy sneezes media deadly virus outbreak,1.0,joy,1,19,0,-1
1687,face mask companies stonk,1.0,joy,1,19,0,0
1688,worried hn,1.0,sympathy,1,26,-1,0
1689,im worried bird flu,1.0,fear,1,14,-1,0
1690,another hyped illness rake another billion dollars big pharma,1.0,anger,1,4,-1,0
1691,literally havent heard,1.0,surprise,1,25,0,0
1692,gifgiphy|djnotocnebeoblfnb,0.0,unemotional,0,27,0,0
1693,finger button push button,0.0,unemotional,0,27,0,0
1694,life hasnt great since anyways 🤣,1.0,happy,1,16,-1,1
1695,america babbles incessantly virus thousands miles away still ignoring bird flu thats spreading us months hn becomes pandemic theyll call virus originated america china virus,1.0,sympathy,1,26,-1,0
1696,sub straight bots covid literally came wuhan lmao people swimming spectrum,1.0,joy,1,19,1,1
1697,read good news sources isnt even mentioned ive heard reddit dont consume trash news,1.0,joy,1,19,1,1
1698,people americans paranoid right laughable see two incidents happen close lose minds airplane troubles drones celeb deaths subway incidents virus month lol watch another tesla explode theyll shit pants,1.0,happy,1,16,-1,1
1699,smells like chinese propaganda social credit probably im researching shite,-1.0,anger,-1,4,1,0
1700,deleted,0.0,unemotional,0,27,0,0
1701,go,1.0,enthusiasm,1,12,0,0
1702,red correct,0.0,unemotional,0,27,0,0
1703,deleted,0.0,unemotional,0,27,0,0
1704,drunk u think isnt plandemic,-1.0,disgust,-1,7,-1,-1
1705,pixels,0.0,unemotional,0,27,0,0
1706,yes media fact make money fearmongering,-1.0,anger,-1,4,1,0
1707,opposed virus around since early increases cold flu season crippled world last years right,-1.0,sad,-1,22,-1,-1
1708,dont forget mention china,-1.0,anger,-1,4,1,0
1709,big tp,-1.0,disgust,-1,7,0,0
1710,im waiting start selling bulk like black friday deal,-1.0,disgust,-1,7,1,-1
1711,uses bidet weaknesses,1.0,relief,1,21,-1,0
1712,year snake last time year mouse outta change damn zodiac signs something related poisondisease,-1.0,anger,-1,4,-1,0
1713,okay last year never heard tbf thats probably reason horrible immunity memory took days began feel kind improvement bout took go get breathing treatments er times fucking terrible,-1.0,fear,-1,14,1,-1
1714,still sucks get,-1.0,sad,-1,22,-1,-1
1715,exactly article writers intending putting china virus headline,-1.0,anger,-1,4,0,1
1716,wtf completely missed,0.0,surprise,0,25,-1,-1
1717,uhh appreciate honesty,1.0,sympathy,1,26,1,0
1718,mean found boston bomber wasnt right one still found,-1.0,disgust,-1,7,0,0
1719,angry upvote,-1.0,anger,-1,4,-1,-1
1720,deleted,0.0,unemotional,0,27,0,0
1721,yep discovered everywhere,0.0,unemotional,0,27,1,0
1722,nah im putting money hopes neocov thats,0.0,unemotional,0,27,1,0
1723,blink twice youre cia plant,0.0,surprise,0,25,0,0
1724,definitely china along rest world first identified netherlands,0.0,unemotional,0,27,1,1
1725,hn hn becomes pandemic real trouble given mortality rate something like,-1.0,fear,-1,14,-1,-1
1726,mainly social media case though,0.0,unemotional,0,27,0,0
1727,think difference already several recent hmpv outbreaks including one back march noone noticed maybe time different knows,0.0,unemotional,0,27,0,0
1728,coronaviruses go back,0.0,unemotional,0,27,0,0
1729,charmin trying pump stock price,-1.0,disgust,-1,7,0,0
1730,big poop,-1.0,disgust,-1,7,0,0
1731,sitting ass collecting stimulus checks roided unemployment benefits fucking glorious ate like king built boxing gym house got pair gloves without breaking sweat money knew spend like little taste rich back misery pay well minimum wage still enough live resentment rich grew sizes day,1.0,sad,1,22,1,0
1732,reddit,1.0,joy,1,19,0,0
1733,internet today good sir,1.0,happy,1,16,1,1
1734,damn redditors ruining redit,-1.0,anger,-1,4,-1,0
1735,redditors reposting fake bullshit,1.0,relief,1,21,-1,-1
1736,lol stop pissing pants like pansy everything conspiracy higher chance dying heart attack victim anything dont see anyone panicking eating mcdonalds lol,-1.0,disgust,-1,7,-1,1
1737,youre correct covid specifically evolved strain one hence sars cov sars cov,0.0,unemotional,0,27,-1,0
1738,taking one rn,0.0,unemotional,0,27,0,0
1739,ands thats economy fucked people panicked world shut governments spent waaaay much money hope pair gloves worth dollar grocery bill every week,-1.0,anger,-1,4,-1,0
1740,im really talking stance drones havent sat pondered potent offensive capability theyve essentially put infantry air force navy buisness except mutually assured nuclear destruction youre spectrum swarm drones drop thermite fleet aircraft immobilize years permanently swarm drones drop bio weapons population try trace isnt conspiracy anymore need smell coffee,-1.0,fear,-1,14,-1,1
1741,sorta descend bigger family viruses mutations one another notable jumps animal human allowed human infection sars cov normally called sars likely came civets sars cov largely called covid probly bats blame long story short aint gonna much sort new stuff turning gotta hope folks trust experts become thing well get deforestation flooding forces humananimal overlap,0.0,unemotional,0,27,1,1
1742,concern,1.0,relief,1,21,0,0
1743,lol grocery bill stayed 😂,1.0,joy,1,19,1,1
1744,groceries week government sent well billion ukraine instead trying broker peace deal matter think ukraine russia peace always better unnecessary death full scale destruction economy,-1.0,anger,-1,4,1,1
1745,living rock long covid fry brain,-1.0,disgust,-1,7,0,0
1746,youre fucking stupid comment tell,-1.0,anger,-1,4,-1,-1
1747,feeling,0.0,sympathy,0,26,1,0
1748,wow id selling secret probably make freeloader checks man america grocery bill goly youll billionaire,-1.0,disgust,-1,7,1,-1
1749,oh wow one thought,-1.0,disgust,-1,7,1,1
1750,yeah moment russia attempted seize sovereign nation moment deserved get asses kicked us funding ukraine severely set back one biggest geopolitical rivals maintains ukraines sovereignty peace deal ukraine accept complete removal russian forces ukraine membership nato anything short basically pandering russian interests trying absorb neighbors,1.0,enthusiasm,1,12,1,0
1751,didnt send money send ammo weapons us army stockpiles otherwise would collected dust anyway pricetag billion money basically defense budgets past years stuff bought since us army going continue buy military industrial complex regardless whether need probably glad could make room newly bought weapons ammo,0.0,unemotional,0,27,-1,0
1752,nobody guy ukraine 🤬 everyone else ahhh yeah common knowledge seriously stimulus program cause current inflation turns cant print money wouldve thought believe weve nation building since ww korea showed us much fun stick head peoples business weve ton yes know many factors due current economic state honestly could picked like things everyone would like fair enjoy life world fake anyway points really dont matter,-1.0,anger,-1,4,1,1
1753,aguanten el pedo todavia recupero del covid,-1.0,sad,-1,22,0,0
1754,chale pense que la moda de este ano serian los ovnis jaja,1.0,joy,1,19,0,0
1755,pues ahorita hay ningun medio confiable que haya dado la noticia,0.0,unemotional,0,27,0,0
1756,pues investiga en las paginas oficiales del gobierno chino cualquier random con una buena base de seguidores puede escribir una idiotez sus seguidores lo creeran pie juntillas,-1.0,disgust,-1,7,0,-1
1757,el metapneumovirus humano es nuevo de los casos de infeccion respiratoria en invierno,0.0,unemotional,0,27,0,0
1758,ni aunque haya una pandemia de peste negra combinada con covid pro max van hacer lo que se hizo en la pandemia pasada la crisis se puso muy cabrona internacionalmente,-1.0,fear,-1,14,-1,0
1759,sera verdad,0.0,surprise,0,25,0,0
1760,se vienen cositas,1.0,enthusiasm,1,12,0,0
1761,removed,0.0,unemotional,0,27,0,0
1762,mucha enfermedad mediatica xd calmen las nalgas un rato,-1.0,disgust,-1,7,1,0
1763,soy mexicano vivo en china esto es mentira,1.0,relief,1,21,0,0
1764,es medio confiable menos si esta en x aun asi sea verdad la gente los gobiernos ya saben que hacer pero parece de mas noticias para meter medio mediatico generar interacciones porque lo largo del ano anterior hubo muchas variantes del covid peores que el covid pasaron de la noticia pues ya terminamos el ano aqui estamos sin nueva pandemia como muchos decian que las variantes provocarian en cualquier caso es confiable ningun medio ni las oficiales ni la oms como tal tiene las cosas claras en muchas ocasiones pero los demas medios aprovechan eso tergiversan la noticia cuando realmente pase lo algo del calibre creeme que lo sabras sin que te cuenten ningun medio,-1.0,disgust,-1,7,-1,0
1765,otra vez ya bombardeen china alv,-1.0,anger,-1,4,0,0
1766,yo veo ese twit en su cuenta,0.0,unemotional,0,27,0,0
1767,parece ser preocupante este virus ya lleva tiempo existiendo ademas china e india declaran que es alarmante si que los casos subieron debido esta epoca del ano donde es normal que aumenten los casos de covid quiero hacer el comentario politico pero muchos medios asiaticos ni arabes han reportado la noticia probablemente debido la influencia americana que tenemos en este lado del mundo hay que esperar mas noticias pero la informacion publica aun es suficiente para dar algo por hecho,1.0,relief,1,21,0,1
1768,encontre esto verifique la fuente asi que tomen enserio porfi,0.0,sympathy,0,26,0,0
1769,ninguna fuente confiable,-1.0,disgust,-1,7,0,0
1770,que raro diciembre nuevamente trumpetas nuevamente digo que sea cierto lo del virus pero pues suerte todos ahora si sean ojetes con los toilet papers,-1.0,disgust,-1,7,0,0
1771,estoy en shenzhen ahora mismo hay nadaaaaa,1.0,relief,1,21,0,0
1772,la verdad lo dudo para que algo asi acabe con la humanidad debe ser mas contagioso que letal pero por lo general si es letal es tan peligroso porque mata antes de propagarse demasiado si es letal se propaga pero suele generar demasiadas muertes lo que da tiempo hacer estudios que el sistema inmune se adapte,0.0,unemotional,0,27,0,1
1773,ojala quiero home office de nuevo,1.0,happy,1,16,0,0
1774,desde hace rato quieren volvernos encerrar,-1.0,fear,-1,14,0,0
1775,todo estaba tan tranquilo silencioso por donde vivo habia gente en las calles parecia otra ciudad se podia respirar aire fresco sin tantos canos de escape circulando el planeta nos lo agradecio,1.0,relief,1,21,-1,0
1776,tambien dicen que la venida del senor esta proxima que los extraterrestres nos van destruir supongo que son de las mismas fuentes que tiene el op,-1.0,disgust,-1,7,0,0
1777,el dia que la gente deje de idolatrar tanto la prensa todos seremos mas felices,-1.0,anger,-1,4,0,0
1778,fuente,0.0,unemotional,0,27,0,0
1779,lo dudo quiero pensar que ya aprendimos si esto se confirma en chinga el mundo entero va bannerar cualquier persona que venga de china nos vuelve pasar lo mismo que nos agarre tan la pendeja,1.0,relief,1,21,0,0
1780,se que tan confiable sea publimetro pero senalan que es una nota falsa detallan un poco mas sobre la enfermedad,0.0,unemotional,0,27,0,0
1781,esto explotado ni en twitter,0.0,unemotional,0,27,0,0
1782,esa fuente tiene muy poca credibilidad solo publica chismes rumores,-1.0,disgust,-1,7,0,0
1783,fake news un amigo de un amigo vive en china escucho eso solo se rio de ello,1.0,relief,1,21,-1,-1
1784,otro covid ahora si colapsa la economia global,-1.0,fear,-1,14,0,0
1785,eso es de cada ano en china es muy normal por el asinamiento clima ademas habia leido en un articulo que edificios mal disenados comparten ventilacion entre departamentos lo cual propicia la transmision de enfermedades,0.0,unemotional,0,27,0,1
1786,sugerencia antes de pensar que esto es real buscad el nombre de este tio,-1.0,disgust,-1,7,0,1
1787,pues si la viruela del mono te paso de noche aguanta vara masiosare otra gripa mas le hace nada la gente culera como tu comprenderas 🤣,-1.0,anger,-1,4,0,0
1788,pos ya se la saben,0.0,unemotional,0,27,0,0
1789,dios te oiga,1.0,sympathy,1,26,0,0
1790,fuente jose diaz,0.0,unemotional,0,27,0,0
1791,ah shit go,-1.0,sad,-1,22,-1,-1
1792,tenemos tanta suerte,-1.0,sad,-1,22,0,0
1793,pinches chinos,-1.0,anger,-1,4,0,0
1794,lleva la pitufiverga,-1.0,anger,-1,4,0,0
1795,siempre la hemos valido solo que ahora otra vez por un agente externo,-1.0,sad,-1,22,0,0
1796,recuerden que esas enfermedades solo le dan los ricos,-1.0,disgust,-1,7,0,0
1797,nos cargo el payaso,-1.0,fear,-1,14,0,0
1798,si lo hubiera escrito el de diciembre habria sido mas serio,-1.0,disgust,-1,7,0,0
1799,jimon,0.0,unemotional,0,27,0,0
1800,quien le subio la dificultad al server,-1.0,surprise,-1,25,0,0
1801,esa es una cuenta conocida por esparcir fake,-1.0,disgust,-1,7,-1,-1
1802,hmpv chinas new virus outbreak explained newsweek >however virus already circulates among populations china us elsewhere herd immunity would novel virus covid beginning pandemic pues eso el virus ya tiene rato circulando entonces tenemos un poco de mejor proteccion que la que teniamos contra el covid aun asi es dificil de pronosticar algo concreto asi que tampoco es para confiarse,1.0,relief,1,21,1,1
1803,al chile nah creo pero por que siempre china,0.0,unemotional,0,27,-1,0
1804,sean alarmistas es un brote leve como las temporadas de gripe que son comunes en sector mexico esta bajo control,-1.0,disgust,-1,7,0,0
1805,ese virus esta desde hace decadas es conocido que afecta ninos menores de anos adultos mayores creo que hay que leer e informarse un poco antes de empezar alarmarse,0.0,unemotional,0,27,0,0
1806,cada dos meses descubren una nueva pandemia pasa ni verga calmen las nalgas,1.0,relief,1,21,0,0
1807,queremos home office alv bienvenido hmpv,-1.0,disgust,-1,7,0,0
1808,se solo fui yo mi familia antes del dio una gripa despues temperatura diarrea agua sinusitis yo pensaba que era covid mi novia estaba igual fuimos hacernos la prueba salio negativo estaba en el bano del toks jueves escuche un senor que entro con otro le estaba platicando que le dio algo parecido al covid pero que fue hacerse la prueba salio negativo con los mismos sintomas que tuve yo alguien mas le paso algo similar,1.0,enthusiasm,1,12,0,0
1809,aqui vamos de nuevo,0.0,sympathy,0,26,0,0
1810,donde se puede confirmar la noticia,-1.0,sad,-1,22,0,0
1811,puras enfermedades de turistas son lo que andan viajando por todo mundo llevando las enfermedades los demas paises,0.0,surprise,0,25,0,0
1812,ya valimos liata,-1.0,disgust,-1,7,0,0
1813,es por los aranceles,-1.0,sad,-1,22,0,0
1814,aunque fuera un medio confiable de informacion es amarillismo,-1.0,anger,-1,4,0,0
1815,puede pasar otra vez,-1.0,disgust,-1,7,0,0
1816,china nunca dejo de estar emergencia sanitaria despues del covid,-1.0,fear,-1,14,0,0
1817,ojala,1.0,relief,1,21,0,0
1818,cual es la fuente de esa informacion es oficial tu crees que puede ser fake news,0.0,surprise,0,25,-1,-1
1819,pues era sabido que el covid era como una gripa asi como la gripa pues esa nunca se acaba jajaja en fin recen por que india desarrolle un virus entre su poblacion por que ahi nadie sobrevive,-1.0,disgust,-1,7,0,0
1820,excelente covid justo lo que necesitaba este ano,1.0,joy,1,19,0,0
1821,cualquiera es verificado por dlls al mes,-1.0,disgust,-1,7,0,0
1822,encuentro ninguna nota en algun medio serio,-1.0,unemotional,-1,27,0,0
1823,si es como el covid una variante tanto nomas ponganse cubrebocas lleven gel desinfectante toallitas para limpiarse las manos,0.0,sympathy,0,26,0,0
1824,por supuesto que siguiente pregunta,1.0,relief,1,21,0,0
1825,caeria mal un ano de vacaciones otra vez total gusta estar en casa,1.0,joy,1,19,0,0
1826,la verga nos trajo la verga nos va llevar,-1.0,sad,-1,22,0,0
1827,sale una noticia asi cada meses,0.0,unemotional,0,27,0,0
1828,necesitan mas vacunados algo traen esas vacunas,-1.0,fear,-1,14,0,0
1829,covid,-1.0,fear,-1,14,0,0
1830,fake news bro,-1.0,disgust,-1,7,-1,-1
1831,nuke china pls,-1.0,anger,-1,4,1,0
1832,desde el covid van sacando noticias de nuevos virus ninguno termina siendo escala mundial como el corona lol,0.0,unemotional,0,27,1,1
1833,suena falso si recordamos en covid china es el ultimo pais que haria publica este tipo de informacion,-1.0,disgust,-1,7,0,0
1834,volveremos caer si,-1.0,fear,-1,14,0,0
1835,de ja vu,0.0,surprise,0,25,0,0
1836,habia una noticia que en usa ya se habia detonado el coviz de cada estadounidenses estaba contagiado e iba en aumento us 🇺🇸 reports million new covid infections one week currently americans infected covid covid transmission currently higher pandemic,-1.0,fear,-1,14,-1,1
1837,tambien les recomiendo que busquen la manera de tener hidroponia es sus casa cultivar su propia comida en los tejados jaja esto se va poner loco,1.0,enthusiasm,1,12,0,0
1838,pasa nada es comun en esta epoca del ano en china las alergias proliferan hay que desinformar buscar buena informacion,1.0,relief,1,21,0,0
1839,daaaaaaaaaaa se acabo el sueno,-1.0,sad,-1,22,0,0
1840,recuerda algo,0.0,unemotional,0,27,0,0
1841,con el gobierno actual que es el mismo que dejo morir cientos de miles de mexicanos la vez pasada nah 😅,-1.0,anger,-1,4,-1,0
1842,el contraataque de china trumph xd,-1.0,disgust,-1,7,1,0
1843,yuuuuuuju caga ir la oficina,1.0,joy,1,19,0,0
1844,nah han de ser fake news,-1.0,disgust,-1,7,-1,-1
1845,covid pt antes que gta,-1.0,sad,-1,22,0,0
1846,gatell en ti confio 😍,1.0,relief,1,21,0,0
1847,establos unidos quiere perder el control mundial antes destruye al mundo,-1.0,anger,-1,4,0,0
1848,qlv,1.0,disgust,1,7,0,0
1849,putos chinos se sacan enfermedades nuevas del culo los cabrones,-1.0,anger,-1,4,0,0
1850,la mayoria de los casos son leves,0.0,unemotional,0,27,0,0
1851,pffffff que poca apenas estamos agarrando vuelo de la anterior pandemia ya salen con esa mmda🤦‍♂️ de que se trata de todas formas esperemos que las autoridades se manifiesten den parte pero deja de ser gorroso ese hecho 😡😡😡,0.0,unemotional,0,27,0,0
1852,ya valimos erga,-1.0,sad,-1,22,0,0
1853,,0.0,unemotional,0,27,0,0
1854,que sobreviva quien tenga que sobrevivir gifgiphy|zfrgwasnbpd|downsized,-1.0,fear,-1,14,0,0
1855,van ponernos unos detentes como el amlo,-1.0,disgust,-1,7,0,0
1856,imagino que ya se quedaron sin organos de repuesto los yankees despues del fake del covid que sirvio para atender los heridos en ucrania medio oriente eso significa que quieren seguir con esa guerra hasta que rusia se harte nos mate todos por un holocausto nuclear despues de desaparecer eeuu sus mosqueteros de la ue obvio culpa de estos imbeciles de usa segun el retardado psicopata del wef su agenda pedorra para el quieren regresar mil millones la poblacion mundial es decir matar mil millones de personas si si si conspiraciones diran la raza mas enganada del planeta los mexicanos,-1.0,anger,-1,4,-1,-1
1857,mentira solo quieren aumentar el panico en la sociedad,-1.0,disgust,-1,7,0,0
1858,pues yo visto desde antes del covid que los chinos siempre andan con cubrebocas hasta en otros paises,0.0,unemotional,0,27,0,0
1859,mamen,-1.0,anger,-1,4,0,0
1860,ya basta freezer,-1.0,anger,-1,4,0,0
1861,gifgiphy|iljofjolnacsq,0.0,unemotional,0,27,0,0
1862,removed,0.0,unemotional,0,27,0,0
1863,apenas hoy empezaron salir noticias al respecto en resumen dice que incrementaron los casos pero aun se declara estado de emergencia por parte de china parte de que es una efermedad nueva el hmpv es el unico en aumento por ahora diria que si es una mas de esas noticias que quieren ser alarmantes pero en realidad pasa nada,0.0,unemotional,0,27,0,0
1864,si dicen que todo esta bajo control que es pandemia entonces si es pandemia si hay mucha noticia confirmando entonces es pandemia es chayote,-1.0,disgust,-1,7,0,0
1865,nah tu tranqui ese virus ya existe solo agrava casos de gente con epoc ninos con problemas inmunologicos,-1.0,disgust,-1,7,-1,0
1866,maldita sea acabo de apartar una casa,-1.0,sad,-1,22,0,0
1867,jose dias es chino,0.0,unemotional,0,27,0,0
1868,nah nothing ever happens lo mismo decian con el ebola despues del covid cada que alguien se resfriaba querian hacer otra pandemia xd puro amarillismo los medios hoy en dia solo buscan notas sensacionalistas para generar visitas,1.0,relief,1,21,1,0
1869,jaja valio barriga senor verga otra vez nos descansaran en mi trabajo tocara reactivar el xd,-1.0,sympathy,-1,26,1,0
1870,verga que hueva cual mandriles de odisea al espacio viendo el monolito,-1.0,sad,-1,22,0,0
1871,que se comieron ahora 🤨,-1.0,surprise,-1,25,0,0
1872,para mi que ya llego al pais pero como siempre se van esperar que mueran unos cientos de millones para anunciar que ya hay dos casos en el pais 😅,-1.0,fear,-1,14,0,0
1873,cada rato sacan una noticia de estas vv hasta que llegue aca,-1.0,disgust,-1,7,0,0
1874,ojala haya otra pandemia ahora tengo que jugar,-1.0,disgust,-1,7,0,0
1875,pinches chinos pero se de andar tragando todo los weyes 😅,-1.0,disgust,-1,7,0,0
1876,la mejor forma de invadir usa es con una pandemia china mientras gobiernan los republicanos,-1.0,anger,-1,4,0,0
1877,pendejadas,-1.0,anger,-1,4,0,0
1878,el mundo se esta acabando muchachos estamos en el apocalipsis,-1.0,fear,-1,14,0,0
1879,todos los fayuqueros regresan partir de hoy preparense para el caos violencia deseperacionpobreza batman del futuro,-1.0,sad,-1,22,0,0
1880,fake shit,-1.0,anger,-1,4,-1,-1
1881,yep otra vez porque seguimos siendo demasiados en el planeta,-1.0,disgust,-1,7,1,0
1882,vale verdad mi vuelven encerrar ni obligar usar bozal,-1.0,anger,-1,4,0,0
1883,,0.0,unemotional,0,27,0,0
1884,sin pedos aqui tenemos la vacuna patria donde se pero la tenemos,0.0,relief,0,21,-1,0
1885,va volver pasar 😨🥲😐😑,-1.0,fear,-1,14,0,0
1886,ya salieron varios virus enfermedades que supuestamente seran igual peores que el covid les creas bro,-1.0,disgust,-1,7,0,0
1887,🤧🥴🤧,-1.0,sad,-1,22,0,0
1888,ay otra vez ya mejor ya llevanos dios,-1.0,sad,-1,22,0,0
1889,ya saquen china del server nmms,-1.0,anger,-1,4,0,0
1890,que pase lo que tenga que pasar se queden pelones antes de tiempo,-1.0,fear,-1,14,0,0
1891,ah preocuparia mucho todavia yo acuerdo cuando dijeron que habia otro tipo de covid que venia de las ratas nada termino pasando con eso yo esperaria hasta que termine viendo mas casos en mas lugares,0.0,unemotional,0,27,0,0
1892,trump creyo que xi jingpin se le iba dejar facil sinceramente espero que el bronceado de tang la riegue como lo hizo en recomendando hipoclorito,-1.0,disgust,-1,7,0,0
1893,ha habido de estas cada ano desde el covid ya nadie les cree,-1.0,anger,-1,4,1,0
1894,aca en los tijuanas carisimo el transporte publico pal pinche perro esta en varos,0.0,unemotional,0,27,0,0
1895,lo se rick,0.0,unemotional,0,27,0,0
1896,puedo decirte que al trabajar para una aerolinea nos dan informacion de primera mano en cuanto emergencias sanitarias hasta el momento todo bien sin novedad,1.0,relief,1,21,-1,0
1897,tenemos covid antes que gta,-1.0,sad,-1,22,0,0
1898,es mentira chequen en reddit afortunadamente es nada cercano la letadidad del covid yo estoy con estos sintomas la farmacia la que fue hace rato estaba abarrotada de gente con los mimos sintomas si fuera una escala del al el covid dio con un ~ ya vacunado esta madre esta en una gripe normal estaria en otro dato en mi casa somos varios solo nos ha dado hombres las mujeres solo tuvieron cuerpo cortado por medio dia,0.0,unemotional,0,27,1,1
1899,deberiamos extngr los chinos muy en serio,-1.0,anger,-1,4,0,0
1900,quiero pensar que la humanidad aprendio que ya seremos tan imprudentes quizas algun que otro rebelde aun la vaya andar cagando pero que en general estaremos mejor preparados quizas demasiada fe por mi parte,1.0,sympathy,1,26,0,1
1901,comprar mucho papel de bano,-1.0,fear,-1,14,0,0
1902,misma mamada dijieron el ano pasado,-1.0,disgust,-1,7,0,0
1903,te preocupes le ponen unos aranceles al virus todo se arregla 😉 son unos genios 🙂,1.0,joy,1,19,0,0
1904,wey ya😔,-1.0,sad,-1,22,0,0
1905,pues todo pinta que si carnal va valer riata peor ojala por que lo del covid estuvo de la superverg,-1.0,fear,-1,14,0,0
1906,se asuste verga recuerde que x noticias la mayoria son mamadas,-1.0,disgust,-1,7,0,0
1907,esa perra mamada que,-1.0,anger,-1,4,0,0
1908,aver cuantos se dejan esta ronda,-1.0,disgust,-1,7,0,0
1909,ah shit go,-1.0,sad,-1,22,-1,-1
1910,vale verga,-1.0,anger,-1,4,0,0
1911,andan con sus mmadas de enero sorprendenme,-1.0,disgust,-1,7,0,0
1912,putos chinos siempre con sus mamadas,-1.0,anger,-1,4,0,0
1913,gifgiphy|eghtrigjjhq,0.0,unemotional,0,27,0,0
1914,alguien pregunto sobre ese virus en un subreddit de china todos dicen que es solo la temporada de resfrios ese virus letal es algo normal solo un flu muy jodido nada de que preocuparse,0.0,unemotional,0,27,-1,1
1915,son como esas variantes de enfermedades que nos aseguraban la muerte lo largo de,-1.0,disgust,-1,7,0,0
1916,ya va entrar trump casi toda la pandemia se la echo ese wey va apasar lo mismo,1.0,sad,1,22,0,0
1917,ni asi pa nos impacta mas que horas de nuestras vidas valen un pollo rostizado,-1.0,sad,-1,22,0,0
1918,nah esta vez si bloqueamos china que se mueran de hambre ellos,-1.0,anger,-1,4,-1,0
1919,es el segundo post que comento al respecto bajenle la histeria es una enfermedad muy contagiosa pero es letal en la mayoria de las personas ademas china siempre ha sido foco de infeccion de muchas enfermedades respiratorias por la alta densidad de su poblacion una mala educacion sanitaria en general hasta que la oms declare una pandemia se pongan comprar papel de bano lo pendejo ademas es un virus nuevo las medidas de prevencion son casi las mismas que para el covid cubrebocas lavarse las manos si sienten ansiedad por la noticia ponganse su cubrebocas lleven su gel pero dejen de propagar histeria informense bien antes de publicar de paso salganse de twitter esa mamada les hace mas dano que el virus mamen,1.0,relief,1,21,1,1
1920,oh,-1.0,fear,-1,14,0,0
1921,un sitio de la india live mint con faq parece que es exactamente alarmante aun,0.0,unemotional,0,27,0,1
1922,otra vez tenian que ser chinos vale reata encerrarse de nuevo,-1.0,anger,-1,4,0,0
1923,se preocupen despues del desastre del covid nos vuelven encerrar,1.0,relief,1,21,0,0
1924,hijos de su rre perra puta madre parece que esos imbeciles lo hacen adrede 🤬😡🖕🖕🖕🖕,-1.0,anger,-1,4,0,0
1925,solo faltan los 🧟‍♂️ jajajaja,1.0,joy,1,19,0,0
1926,fuente arial,0.0,unemotional,0,27,0,0
1927,justo antes del ano nuevo chino para repartirlo al resto del mundo pero quien saben como anden de economia la clase media por alla,-1.0,disgust,-1,7,0,0
1928,enserio 🤯😠,-1.0,surprise,-1,25,0,0
1929,dicen que es fake,0.0,unemotional,0,27,-1,-1
1930,se es dijo que dejaran en paz el tablero de jumanji pinches necios,-1.0,disgust,-1,7,0,0
1931,eh tal vez,0.0,unemotional,0,27,0,0
1932,muy seguramente,0.0,unemotional,0,27,0,0
1933,otra pandemia para que todos nos vayamos alv de una vez 👍🏻,-1.0,sad,-1,22,0,0
1934,cuando venga de una fuente oficial es un payaso la fuente 🤡💩,-1.0,disgust,-1,7,0,0
1935,fake,0.0,unemotional,0,27,-1,-1
1936,valen verga pinches chinos,-1.0,anger,-1,4,0,0
1937,puro pedo ya saben que inventar,-1.0,disgust,-1,7,0,0
1938,el empezo fuerte,0.0,unemotional,0,27,0,0
1939,wey nomas es tiempo de gripes calmense chingo,-1.0,relief,-1,21,0,0
1940,nah este si es enteramente del grupo de resfriado comun creo que se acerque ni los talones de lo que fue el covid normalmente pensamos que el covid era algo enteramente respiratorio cuando realmente era el factor coagulante lo que causaba la muerte,1.0,relief,1,21,-1,0
1941,fake,0.0,unemotional,0,27,-1,-1
1942,mames diaz machuca es super amarillista,-1.0,disgust,-1,7,1,1
1943,es falso,0.0,unemotional,0,27,0,0
1944,jajaja ese virus se descubrio hace mas de anos es normal que en invierno haya brotes afecta ninos menores de anos generalmente habra nueva pandemia,1.0,relief,1,21,0,1
1945,pasan muchas infecciones chill parece q esta vez si lo tomaron serio jajajaja ya van como enfermedades destructoras de mundos desde aparte del covid ninguna importo,1.0,joy,1,19,0,0
1946,si es verdad finales de febrero nos empezara cargar el payaso,-1.0,fear,-1,14,0,0
1947,neta que hoy amaneci con un pinche dolor en el cuerpo como si fuera de covid menos intenso ando ya haciendo las cosas pero que desmadre ojala todo sea controlado,1.0,sympathy,1,26,0,0
1948,ya diganle los chinos que dejen de tragar mierda,-1.0,anger,-1,4,0,0
1949,hay que desaparecer china siempre traen algo nuevo para exitinguir la humanidad,-1.0,anger,-1,4,0,0
1950,que chingue su chinadamadre china ningun otro virus va detener mis planes por segunda vez en mi vida menos que sea puro alarmismo ya,-1.0,anger,-1,4,0,0
1951,ahora que animal comieron esta vez,-1.0,disgust,-1,7,0,0
1952,hagan lo que quieran ya pinches chinos,-1.0,anger,-1,4,0,0
1953,acabo de ver un video en tiktok que un mexicano esta alla oyo noticias en mexico de que en china esta un colapso nacional en su sistema de salud lo que el fue visitar un hospital chino dijo que todo esta tranquilo,1.0,relief,1,21,0,0
1954,ya confirmaron que seria una pandemia el virus ya existia el problema es que lo diagnosticaban,1.0,relief,1,21,0,0
1955,pvtos chinos vuelen ese pais laptm,-1.0,anger,-1,4,0,0
1956,es fake,0.0,unemotional,0,27,-1,-1
1957,esos virus de china siempre chingando la madre hay que desaparecer ese pais,-1.0,anger,-1,4,0,0
1958,dejando del lado el titular amarillista considero que es un buen resumen de la situacion hmpv,1.0,relief,1,21,0,1
1959,ya,0.0,unemotional,0,27,0,0
1960,son bulos de redes sociales,0.0,unemotional,0,27,0,0
1961,es mera riata es falso bro como los mares de bolivia,0.0,unemotional,0,27,0,0
1962,informacion falsa se alarmen,0.0,unemotional,0,27,0,0
1963,eso es falso jajajaja,0.0,unemotional,0,27,0,0
1964,siguen aferrados en disminuir la poblacion mundial crear psicosis para encerrar la gente,-1.0,fear,-1,14,0,0
1965,se viene el remix raza 😂😂😂,1.0,joy,1,19,0,0
1966,lo bueno que ya acostumbre al home office,1.0,relief,1,21,0,0
1967,por que bombardean china,-1.0,anger,-1,4,0,0
1968,yo ya creo nada desde que sacaron como mil variantes de covid que hacian lo mismo que el covid normal solo quieren generar panico,-1.0,disgust,-1,7,0,1
1969,altoo yo ya estuve en estos juegos sobrevivi al covid,1.0,relief,1,21,0,0
1970,mas vacunas experimentales gracias,-1.0,disgust,-1,7,0,0
1971,una segunda temporada que epico,1.0,enthusiasm,1,12,0,0
1972,nope busquen los grupos de mexicanos en china si hay una emergencia por la densidad demografica los numeros se disparan es estacionario vamos valer reata,1.0,sympathy,1,26,0,0
1973,vacunenseeee,1.0,relief,1,21,0,0
1974,todavia hay de que preocuparse hasta que medios mas serios den informacion,0.0,unemotional,0,27,0,0
1975,nop si tienes mas de menos de te deberias preocupar ese tipo de virus es como el covid apunta mucho mas especificamente menores mayores lean un poco del tema en vez de ver noticias incompletas en twitter tldr guardense si tienen hijos abuelitos si tranquilos tienen nada de que preocuparse,1.0,relief,1,21,0,0
1976,la gente exagera solo se deben quedar en casa los grupos vulnerables como los viejitos los inmunosuprimidos los marranos de cagada,-1.0,disgust,-1,7,0,0
1977,va suceder otra vezjpg,-1.0,fear,-1,14,0,0
1978,ojala,0.0,unemotional,0,27,0,0
1979,dejar de creer en todo lo que nos meten en redes noticieros asi de facil dicho por alguien que se vacuno obligado por un sistema que lo unico que quiere es destruirnos,-1.0,anger,-1,4,0,0
1980,otra vez pandemia estos chinos aprenden mas 🤐,-1.0,anger,-1,4,0,0
1981,verga yo se que haria con otro virus de esos 😱😱,-1.0,fear,-1,14,0,0
1982,nah el metapneumovirus se comporta mas como un resfriado comun comparacion de el covid que en sintomatologia es mas similar la influenza sin mencionar que el covid era una cepa mucho mas agresiva letal,1.0,relief,1,21,-1,0
1983,chinos pendejos,-1.0,anger,-1,4,0,0
1984,comprar cubrebocas encerrarse otra vez que pesados las farmas necesitan vender vacunas aqui vamos otra vez,-1.0,disgust,-1,7,0,0
1985,ya avientenles unas nucleares los chinos cochinos,-1.0,anger,-1,4,0,0
1986,que paren vuelos de china para el pais que la gente que tenga vuelos de mexico para china que salgan,-1.0,anger,-1,4,0,0
1987,nos mintieron con la primera pandemia pero esta seguro que si es de verdad verdad,-1.0,anger,-1,4,0,0
1988,la oms es un cuentocuando el covid comenzo la gente moria moria el grone ese que nadie sabe como llego director dd la oms por que era un guerrillero africanondecia cunda el panico esta todo controladolas pelotas estuvo controladolos chinos le dieron pkata para q diera una pandemia mundial por q si los chinos iban tener demandas millonariasojala pero es contagioso q el covid,-1.0,anger,-1,4,0,0
1989,encontre esta nota al respecto se sabe la seriedad del problema hasta que el gobierno chino de mas detalle,0.0,unemotional,0,27,0,0
1990,cuando comenzo el covid era un estudiante ahora soy un enfermero desempleado en busca de chamba,0.0,unemotional,0,27,0,0
1991,cierren china por el amor de dios,-1.0,fear,-1,14,1,0
1992,pasa naaada oiga,-1.0,anger,-1,4,0,0
1993,bombardeen china,0.0,unemotional,0,27,0,0
1994,puta madre con esos chinos por que se acaban ellos solos es que otro pais ehhem ehheem eeuu les esta tirando los virus,-1.0,anger,-1,4,0,0
1995,nel trump es peor el virus es para destruir su economia,-1.0,disgust,-1,7,0,0
1996,porque desaparecen los malditos chinos,-1.0,anger,-1,4,0,0
1997,independiente de las teorias conspirativas todo eso creo que nadie dejaria que se repitiera lo que paso con el covid la economia se fue la verga pesar de que el paron fue de un par de meses unicamente hay empresas personas que aun se recuperan de eso veo muy dificil que repita la situacion aun sin importar nuestra salud xd menos que sea mortal,1.0,relief,1,21,1,0
1998,otra plandemia,-1.0,disgust,-1,7,0,0
1999,aclarar que los hospitales se colapsan cada ano estas fechas por brotes de gripe comun por inserte aqui nuevo virus,0.0,sympathy,0,26,0,0
2000,por lo que tengo entenido este virus esta afectando de manera grave ninos adultos para adultos parece ser un resfriado asi que si tienes ninos preocuparia tanto,-1.0,fear,-1,14,-1,0
2001,sinceramente por el bien de la humanidad opino que hay que exterminar china con bombas nucleares si lo piensan bien es muy posible que largo plazo los casos de muerte sean incluso menores que si dejamos china en paz,-1.0,fear,-1,14,0,0
2002,creo que va ver otra pandemia chiquita recientemente muchos se estan enfermando en asia con infecciones de gargantas muy raras,-1.0,anger,-1,4,0,0
2003,meta le servicio sanitario china,-1.0,disgust,-1,7,0,0
2004,wey calmate,0.0,unemotional,0,27,0,0
2005,creo que esa webada es falsa la prensa suele torcer las noticias un poco para generar mas vistas es clickbait pero hecho por gente pendeja que quiere desinformar otros,-1.0,fear,-1,14,0,0
2006,otra perra vez ya deberian de dejar china toda radioactiva,-1.0,anger,-1,4,0,0
2007,otra vez china,-1.0,anger,-1,4,0,0
2008,escriban estoy caliente,0.0,unemotional,0,27,0,0
2009,escriban estoy caliente,0.0,unemotional,0,27,0,0
2010,si bombardean china la radiacion matara todas las enfermedades,0.0,unemotional,0,27,0,0
2011,tengo una hipotesis todo ser vivo es especial evoluciona adaptandose su ambiente si el covid evoluciono con mecanismos inmunologicos mas avanzados tolerantes los medicamentos porque los virus se pueden matar solo se los puede tratar es decir aquellas personas que se contagiaron del covid aun lo llevan en sus organismos el mismo puedo haber evolucionado,-1.0,fear,-1,14,0,0
2012,es hora de comprar cubrebocas por mayoreo acuerdense de mi 🤑,-1.0,fear,-1,14,0,0
2013,chinos mascando riata como siempre,-1.0,disgust,-1,7,0,0
2014,como cagan el palo esos amarillos de mierda jajaj,-1.0,disgust,-1,7,0,0
2015,noticia falsa informense,0.0,sympathy,0,26,0,0
2016,el antidoto es comer comida china en tijuana el pollo enchilado una abominacion que te deja inmune todos los inventos virales chinos,-1.0,disgust,-1,7,0,0
2017,dicen que ya hay para dar pensiones que les van dar cran los viejitos para poder seguir jubilando,0.0,sympathy,0,26,0,0
2018,valio madre,0.0,sympathy,0,26,0,0
2019,todavia siguen creyendo lo de la pandemia en serio hay que leer mas el miedo reduce la inteligencia pero uno ya pecan de tontos,-1.0,fear,-1,14,0,0
2020,ojala haya pandemia para estar encerrado de nuevo,-1.0,relief,-1,21,0,0
2021,seguramente sea amarillismo pero mas vale prevenir,0.0,unemotional,0,27,0,0
2022,pinches chinos cochinos,0.0,unemotional,0,27,0,0
2023,repitan conmigo pasara nada como el otro de los virus supuestas pandemias la gente se ha vuelto loca cuando vuelven escuchar virus + china,0.0,sympathy,0,26,1,0
2024,otra vez va suceder 🤕,-1.0,disgust,-1,7,0,0
2025,hay un tipo en tiktok que esta en china reporta todos los dias hace lives mostrando que en realidad hay nada de emergencias sucediendo va los hospitales donde las publicaciones mencionan que esta abarrotado esta equis normal como cualquier otro hospital en cualquier dia,0.0,unemotional,0,27,0,1
2026,hay muchos tuiteros tiktokeros mexicanos extranjeros que estan subiendo videos en los hospitales de china mostrando todo tranquilo desmintiendo rumores,0.0,unemotional,0,27,0,0
2027,ojala asi los de sistemas volveremos ganar un chingo xd,-1.0,relief,-1,21,1,0
2028,realmente se que es que este ocultando el gobierno que quiera que pase pero hay un tiktoker que vive en china dice que es mentira 🤨,0.0,unemotional,0,27,0,0
2029,,0.0,unemotional,0,27,0,0
2030,enserio lei brote de hdmi,0.0,unemotional,0,27,0,0
2031,hasta el momento es informacion exagerada tendenciosa hay ninguna alarma medica los contagios en china por enfermedades respiratorias este ano fueron incluso mas bajas que el ano pasado ese virus del que hablan ha estado con nosotros por decadas nunca ha representado un riesgo para la humanidad incluso dicen que de ninos lo contrajimos todos varias veces el problema esta en que muchos les encanta crear fake news con tu saber que objetivo que mucha gente se las cree aun asi debemos observarlo,-1.0,fear,-1,14,1,-1
2032,cuando aprenderan los putos chinos que tragarce vivo todo lo que se mueva es peligroso para la salud,-1.0,disgust,-1,7,0,0
2033,ya es hora de reclamarle china una mejor vigilancia epidemiologica uno este tipo de noticias de otras potencias economicas china es una puerta al resto del mundo para un virus entonces tienen una responsabilidad tanto con su pueblo como con el resto del mundo ya fallaron una vez nos fuimos la verga en todo el mundo es inaceptable que vuelva ocurrir,-1.0,fear,-1,14,0,0
2034,pues va entrar el trompas segundo covid para el,0.0,unemotional,0,27,0,0
2035,nah estamos sin noticias buenas xd,0.0,unemotional,0,27,-1,0
2036,dejen que entren los chinos,-1.0,fear,-1,14,0,0
2037,aguanten aguante se crean todo lo que dicen,-1.0,relief,-1,21,0,0
2038,volvemos telegram sus grupos prohibidos,0.0,unemotional,0,27,0,0
2039,nah aparte ya va ser lo normal que cada rato haya supervirus superbacterias cuando nos toque nos tocara mientras hay que vivir,0.0,unemotional,0,27,-1,1
2040,relajenseno se pongan paranoicos,0.0,unemotional,0,27,0,0
2041,pro quien cojones es el pelotudo random jose diaz por que se creen cualquier mentira publicada,-1.0,anger,-1,4,0,-1
2042,puro pedo hay gente subiendo videos que es choro que hay ni madres de emergencias,0.0,unemotional,0,27,0,0
2043,ya tenemos el primer trailer de la segunda temporada de covid,0.0,unemotional,0,27,0,0
2044,otro aislamiento wujuui 🥳🥳🥳,1.0,enthusiasm,1,12,0,0
2045,la puta madreya valio madres,-1.0,anger,-1,4,0,0
2046,es,0.0,unemotional,0,27,0,0
2047,fake en tiktok eh visto muchos videos de gente comprobando que nada es cierto,0.0,unemotional,0,27,-1,-1
2048,ni palo vuelvo la pandemia,-1.0,anger,-1,4,0,0
2049,siguiente pregunta,0.0,unemotional,0,27,0,0
2050,maravilloso se mantiene el teletrabajo,1.0,relief,1,21,0,0
2051,totalmente falso han estado mamando con eso hay alerta hay hospitales colapsados,0.0,unemotional,0,27,0,0
2052,se xq presiento que bayer va volver tener la vacuna antes que otras farmaceuticas,0.0,unemotional,0,27,0,0
2053,las pandemias son muy rentables,-1.0,disgust,-1,7,0,0
2054,fake news esperaba mas neuronas de la comunidad en reddit,-1.0,disgust,-1,7,-1,-1
2055,es un virus estacional que siempre ha afectado esa region como cuando hay repuntes de influenza si es de mantener medidas de higiene de preferencia mascarilla si se tiene personas de riesgo en casa ninos ancianos alguien con cancer etc,-1.0,anger,-1,4,-1,0
2056,puro miedo mediatico igual que la varicela del mono,0.0,unemotional,0,27,0,0
2057,desde el covid cada mes ano salen viruz en china,0.0,unemotional,0,27,0,0
2058,los unicos que han reportado esto son pasquincetes de centavos imaginense que tan pinche la fuente que la mas creible es spd noticias,0.0,unemotional,0,27,0,0
2059,es puro amarillismo,-1.0,disgust,-1,7,0,0
2060,otra pandemia please ya quiero ir la oficina,-1.0,disgust,-1,7,1,0
2061,ya se cree tantos virus inventadospor esos chinos cochinos ya se cree la verdad la del monovampirozancudoaparte de los gobiernos vendidos ala oms que esta manipuladano creo nada de esta basura,-1.0,disgust,-1,7,0,0
2062,cado ano china tiene esos pronosticos hasta veces al ano rara vez ocurre una pandemia desde alla fuente sistema internacional de epidemiologia del imss si supieramos todo eso nos moriamos de la ansiedad,0.0,unemotional,0,27,0,0
2063,bienvenido rayudamexico disfruta tu estancia aqui esperamos que tu post rompa ninguna regla que tengas un tiempo agradable aqui olvides visitar el wiki donde encontraras mucha informacion ayuda psicologicapsiquiatricaemocionallegal bot action performed automatically please contact moderators subredditmessagecomposeto=rayudamexico questions concerns,0.0,unemotional,0,27,1,1
2064,creas lo que los medios te inducen creer todo es espiritual descubre primero quienes se alimentan de nuestros miedos ahi entenderas porque tantas campanas globales de temor piensa,-1.0,disgust,-1,7,0,0
2065,bueno supongo que otra estrategia mas para poder reducir controlar mas la poblacion acelerar lo de los carnets de buen ciudadano acordaros que dan paso en falso crean la accion luego la reaccion supuesta solucion el resultado millones de borregos poniendose vacunas obedeciendo al papa estadoque nunca se preocupa por nosotros pero esta vez si jjaajjaaja nfin se si alguien aprendio con el cvid siguen con la tragadera,-1.0,disgust,-1,7,0,0
2066,han pasado ni anos ya otra plandemia,0.0,unemotional,0,27,0,0
2067,,0.0,unemotional,0,27,0,0
2068,neta se paniquean con esas chingaderas en pleno,-1.0,anger,-1,4,0,0
2069,tan pendejos,-1.0,anger,-1,4,0,0
2070,verga yo todavia siento q ando en el 😔,-1.0,sad,-1,22,0,0
2071,hay espera preparate para el desmadre,-1.0,fear,-1,14,0,0
2072,el hmvp aqui te tengo tu carinito,0.0,unemotional,0,27,0,0
2073,yo que ando con gripe del ano 🤯,0.0,unemotional,0,27,0,0
2074,nah los ovnis ya pasaron de moda hasta que ya tengamos un encuentro cercano del tipo ya aca con el aterrizaje todo el pedo habra nadie que se impacte con videos leaks declaraciones de gobierno ya queremos una entrevista en vivo con el alien,0.0,unemotional,0,27,-1,-1
2075,ahora resulta que estoy mas cerca de conocer los aliens que de comprar una casa jajajajajaja,0.0,joy,0,19,0,0
2076,porque ambos,0.0,unemotional,0,27,0,0
2077,vuelvan checar las noticias muchos medios globales conocidos ya lo estan cubriendo ya salio el gobierno de india decir que hay riesgo huele que ya bailo bertha,0.0,unemotional,0,27,0,0
2078,asi paso con el covid yo entere desde nov del gracias gag porque nadie lo reportaba el gobierno chino silencio todo el que hablaba de eso fue hasta enero que empezo salir en noticias en mexico luego en febrero se estaba empezando la cuarentena el problema es que desde la pandemia hay mil fake news mil pandemias cada rato entonces ya se sabe si es cierto confiaria mucho en esa noticia pero si ocurre una nueva pandemia va empezar en paises super poblados como china india,0.0,unemotional,0,27,-1,-1
2079,ningun medio es confiable bro,-1.0,disgust,-1,7,0,0
2080,pues ahorita esta latente que pueda ocurrir otra pandemia mas cuando empiece el calorcito en estados unidos anda el hn en el ganado es cuestion de tiempo que de el salto ojala,0.0,fear,0,14,0,0
2081,lo mismo paso con el covid hasta que era imposible contener la notica controlar los medios,0.0,unemotional,0,27,0,0
2082,hay un senor en tiktok que hace en vivos desde china muestra que hay amergencia pero se,0.0,unemotional,0,27,0,0
2083,fuentes internacionales,0.0,unemotional,0,27,0,0
2084,en las paginas oficiales del gobierno que permitio la oms hacer estudios durante el covid pues que confianza en sus paginas oficiales digo que lo del post sea real mas bien confio en ninguno de los dos,-1.0,disgust,-1,7,0,1
2085,pie juntillas dross eres tu,0.0,unemotional,0,27,0,0
2086,el mismo gobierno que desaparecio cientificos advirtiendo del tema de verdad sabes nada sobre el gobierno chino eh,-1.0,anger,-1,4,0,0
2087,eso es muy cierto pasa hasta aca en reddit,0.0,unemotional,0,27,0,0
2088,del gobierno chino lol,0.0,unemotional,0,27,1,1
2089,cuando paso la pandemia al principio el gobierno chino silencio mucho la prensa para hacer ruido sobre lo que pasaba hasta que fue inevitable luego llego la nota aca de nuestro lado de latam con que ya habia infectados de covid 🤷🏽,0.0,unemotional,0,27,0,0
2090,deleted,0.0,unemotional,0,27,0,0
2091,siguiendo con tu logica la cual es correcta la mayoria de los virus son nada nuevos,0.0,unemotional,0,27,0,0
2092,esto visto desde los ojos de las grandes elites que solo les importa las ganancias el covid les salio caro mato menos de de la poblacion mundial jamas va existir algo tan cabron como la cuarentena del covid,-1.0,disgust,-1,7,0,0
2093,osea dices que ahora si la gente le va valer vrga las normas por ende va haber muertes multas caos por todos lados estoy de acuerdo 😬,0.0,fear,0,14,0,0
2094,los chinos sin expertos en ocultar informacion tan solo los reportes de sars cov iniciales los quemaron alv en noviembre,-1.0,anger,-1,4,-1,0
2095,nope,0.0,unemotional,0,27,0,0
2096,pues en internet la noticia es nueva pero parece real fuente de informacion,0.0,unemotional,0,27,0,1
2097,fake news,-1.0,disgust,-1,7,-1,-1
2098,flow,0.0,unemotional,0,27,0,0
2099,por ese lado si pero ahorita mis viejos ya tienen su salud comprometida como para aguantar otro covid 😔 ahora si se mueren seria justo anque ya se que la vida es justa lo pendejo es como actuamos la vez pasada mexico nunca cerro fronteras,-1.0,sad,-1,22,0,0
2100,gracias tengo ganas de terminar mi educacion universitaria detras de un monitor el covid le hizo mucho mal los estudiantes que la sufrieron yo incluyendome,-1.0,sad,-1,22,0,0
2101,date un tiro algo nos sale mas barato,-1.0,sad,-1,22,0,0
2102,adivinare hijx de papis solo alguien dependiente puede decir semejante bodrio de ignorancia,-1.0,anger,-1,4,0,0
2103,pues renuncia pinche tibio nosotros que culpa tenemos,-1.0,anger,-1,4,0,0
2104,claro podrias estar tranquilamente intubado conectado una maquina sin la cual respirarias disfrutando de la vida,0.0,unemotional,0,27,-1,0
2105,si vives en china te puede constar nada sobre china,0.0,unemotional,0,27,0,0
2106,social credits 🐼👍🏻,0.0,unemotional,0,27,1,0
2107,punos,0.0,unemotional,0,27,0,0
2108,como van los creditos sociales amigo nuestro lord todo poderoso ya te dio tu paga es broma por si acaso siento que sueno grosero,0.0,happy,0,16,0,0
2109,es lo unico haciendole algo de contrapeso los pinches usa su gobierno asqueroso,-1.0,anger,-1,4,0,0
2110,le darias un putazo mike tyson,0.0,happy,0,16,0,0
2111,menos si se anda gestando en china el hn nos lo quisieron atribuir el covid medio mundo menos ellos,-1.0,disgust,-1,7,0,0
2112,papel de bano mamon,0.0,humor,0,17,0,0
2113,procede comprar un camion de roscas del costco pide otro camion de papel pal fun,0.0,humor,0,17,1,1
2114,nosocialism comentando desde china ademas alineando su opinion al gobierno como que algo cuadra gifgiphy|otkqkapfxpoy,-1.0,disgust,-1,7,0,0
2115,lo dudas pero eso evita que inicien nuevas pandemias,-1.0,fear,-1,14,0,0
2116,home office acambio de que la economia se vaya mas la chingada,-1.0,sad,-1,22,0,0
2117,de chocolate,0.0,unemotional,0,27,0,0
2118,de ortiz,0.0,unemotional,0,27,0,0
2119,diostioiga,0.0,unemotional,0,27,0,0
2120,jajajaj es gracioso porque en la nota trata de minimizar el nuevo virus xd,0.0,happy,0,16,1,0
2121,ha,0.0,unemotional,0,27,1,0
2122,tu comentario da miedo deja mucho en que pensar como sigues,0.0,fear,0,14,0,0
2123,gifgiphy|nrxifyexoei,0.0,unemotional,0,27,0,0
2124,lo sentimos mucho pero tuvimos que eliminar tu post por incitar la violencia en este sub tratamos de mantener un ambiente sano donde la gente venga pida ayuda la reciba lo contrario te pedimos por favor que lo hagas mas por que esto ocasiona que otros tambien lo hagan gracias,0.0,humor,0,17,1,0
2125,know name,0.0,unemotional,0,27,0,0
2126,pues televisa ya publico al respecto tambien digo ya es algo fuente gifgiphy|hacntajqszo,0.0,unemotional,0,27,0,0
2127,imss del bienestar esos que recetan detentes ponen vacunas falsas,-1.0,disgust,-1,7,0,0
2128,encanta que cualquier tema siempre sale el argumento de en pleno mencionan el ano en curso jaja,0.0,happy,0,16,0,0
2129,checate los precios de la gasolina para que te acuerdes que ya andamos en el 🥴,0.0,happy,0,16,0,0
2130,yo igual es horrible,-1.0,sad,-1,22,-1,-1
2131,asi es la vida,0.0,unemotional,0,27,0,0
2132,🤣 hijo de suchin,0.0,happy,0,16,0,0
2133,imagino se refiere pq hay hype resurgiendo por muchos drones en nj otros estados incluso paises el ejercito sigue sin dar explicacion clara de que estaestaba pasando en nj,0.0,surprise,0,25,-1,0
2134,de hecho si hay jajaja conozco varios que se impactaron con la supuesta revelacion de usa de los ovnis que se sumergen emergen del oceano hasta sirenas resultaron🤣,0.0,fear,0,14,0,0
2135,lo vas creer pero hay mas de testigos en el mundo que aseguran tienen casos con aliens humanoides ovnis de extrana forma,0.0,happy,0,16,0,0
2136,en estricto rigor los encuentros del tipo son las abducciones creo que queramos de esas,0.0,fear,0,14,0,0
2137,que el alien te pague la casa cobrarle renta,0.0,happy,0,16,0,-1
2138,wey toda mi preocupacion se fue con el ya bailo bertha,0.0,happy,0,16,0,0
2139,la india es un basurero la gente es bien puerca los virus les hacen nada por eso hay riesgo para ellos,-1.0,disgust,-1,7,0,0
2140,cuando alguien pone en un comentario ya lo estan cubriendo apesta conspiranoico sensacionalista banda lo estan encubriendo,-1.0,disgust,-1,7,0,0
2141,liga uno pues todos los que visto llevan una cuenta random de twitter con la noticia,0.0,unemotional,0,27,0,-1
2142,esos mismos medios confiables muy claramente dicen que ese virus es nuevo es el que provoca que en estas epocas haya un pico de infecciones respiratorias,0.0,unemotional,0,27,0,0
2143,hicieron lo mismo con la viruela del mono en que segun un infectado andaba como si nada en un subterraneo que paso nada,0.0,joy,0,19,0,0
2144,ahi es donde te equivocas la oms reporto los contagios en china desde hay registro hay que empezar de conspiranoicos porque nos paso con el ebola donde la gente tenia panico por el ebola hasta medios de comunicacion pendejos ponian videos de peliculas de zombies como ebola hay que esperar que la oms diga algo incluso estar al pendiente de medios de comunicacion chinos que por muy totalitarios que sean son corea del norte estos si reportan todo,0.0,relief,0,21,0,0
2145,sip asi mero hace unos dias alguien posteo en el sub prepper intel sobre un amigo de el que vive trabaja en china le advertia sobre un nuevo brote que los traia como locos esperemos brinque hasta aca si es que ya,-1.0,fear,-1,14,0,0
2146,yo entere del covid por youtubers chinos vendedores chinos,0.0,unemotional,0,27,0,0
2147,yo supe del covid por el extinto hispachan justo finales de diciembre estaba de vacaciones luekeaba mucho,0.0,unemotional,0,27,0,0
2148,jajajajaj siiii yo igual entere del covid desde mediados del por dross en sus videos alarmistas perturbadores digo que el tipo sea tomado como informacion veraz pero es gracioso que ni las noticias salia nada ese si andaba diciendo,1.0,joy,1,19,1,0
2149,menos un tweet de un periodista que fomenta el amarillismo,-1.0,disgust,-1,7,0,0
2150,hace anos tambien habia analisis aparentemente muy serios de medios occidentales importantes que explicaban porque el coronavirus llegaria latam ningun gobierno es transparente en momentos de emergencia es cierto pero siguen siendo mas confiables que una cuenta random en twitter,0.0,unemotional,0,27,0,-1
2151,pues entonces deja de comentar sandeces propagar la desinformacion,-1.0,anger,-1,4,0,0
2152,insulte compa,-1.0,anger,-1,4,0,0
2153,hay algo que se llama contrastar informacion ver di te informas,-1.0,anger,-1,4,0,0
2154,si es lo que notado,0.0,unemotional,0,27,0,0
2155,volvemos lo mismo la informacion la puedes tomar solo de fuentes que ti te agradan que dicen lo que quieres escuchar eso se le llama sesgo de confirmacion para dar una informacion imparcial objetiva se tiene que analizar todo tipo de fuentes esos que lo unico que saben decir ai ezke loz kommuniztaz xinoz hokulthan imphormaszyon son personas que tienen un criterio propio tienen capacidad de analisis todos los gobiernos ante crisis sanitarias ocultan datos reales para evitar la histeria colectiva eso es exclusivo de un gobierno solo porque sean unos sucios malos comunistas pensar de esa manera es caer en sesgos cognitivos ahora si te pones investigar los comunicados oficiales solo del gobierno chino sino de la oms de la unicef de los gobiernos de cada pais ninguno ha dado un comunicado sobre el tema este metapneumovirus ni siquiera es un virus nuevo como lo fue en su momento el sarscov covid sino que ya tienen registros desde el,0.0,unemotional,0,27,-1,0
2156,mejor aprende algo que se llama contrastar informacion pedazo de cagada,0.0,unemotional,0,27,0,0
2157,solo es covid lo era lo que complica un poco las cosas es que mutan regularmente cambiando las glicoproteinas de su envoltura lo que hace que las vacunas se vuelvan inefectivas por esto tenemos vacuna contra el vih aun,0.0,unemotional,0,27,0,0
2158,puedo evitar pensar en este pelmazo cada que alguien dice que puede haber otra cuarentena es cierto que fue muy dificil para las poblaciones mas vulnerables pero tambien es cierto que fue una epoca de cambios para muchos profesionista empleados que les permitio desarrollar nuevas habilidades adaptarse medios digitales que nunca imaginaron,1.0,relief,1,21,0,0
2159,prefiero veces estar muerto que vivir otra vez como en la pandemia dicho sea de paso es totalmente preferible morirse que vivir otros anos de absoluta miseria economica social,-1.0,sad,-1,22,0,0
2160,removed,0.0,unemotional,0,27,0,0
2161,x vez q disfruto otra vez la escuela uni despues de sufrirla en la prepa,1.0,relief,1,21,0,0
2162,solo es valido para carreras que requieren de laboratorios talleres para realizar practicas en las que requieren tales cosas si aprendieron en remoto ya es por incompetencia del maestro por saber adaptarse del estudiante que en realidad ni en presencial remoto se esfuerza por aprender personalmente aprendi muchisimo mas en remoto en las clases presenciales perdia mucho tiempo en las horas muertas entre clases en el traslado aplica igual para el trabajo en muchos casos las oficinas estan demas el trabajo presencial solo es justificable en las fabricas laboratorios,1.0,enthusiasm,1,12,0,0
2163,mi tambien,1.0,joy,1,19,0,0
2164,cual fue ese mal que les hicieron jaja,0.0,unemotional,0,27,0,0
2165,removed,0.0,unemotional,0,27,0,0
2166,recuerdo que cuando estaba empezando el covid por ahi por enero febrero del habia varios videos en reddit de caos en hospitales chinos todos los videos eran de gente normal filmados con celular eran de ningun noticiero ni fuente confiable todo por el hermetismo chino que mencionas supongo que volveria pasar,-1.0,fear,-1,14,0,1
2167,social credit xd,0.0,surprise,0,25,1,0
2168,dime cuantas pandemia han existido en toda la historia tu alarmismo es demasiado dramatico,-1.0,disgust,-1,7,0,0
2169,,0.0,unemotional,0,27,0,0
2170,,0.0,unemotional,0,27,0,0
2171,ahorita ya bien aun tengo un poco de tos rara como si tuviera algo atorado pero duro como semanas por eso yo pense que era covid,1.0,relief,1,21,0,0
2172,aun tiene niveles de investigacion en el imss pagado por ellos mismos es verdad los niveles de epidemiologia nosotros somos los conejillos de experimentacion,1.0,disgust,1,7,0,0
2173,este si le sabe,1.0,joy,1,19,0,0
2174,la teoria es tan descabellada por eso la pelicula de los de james cameron abyss es una de mis favoritas de todos los tiempos se porque ahora sacaron esa teroria como algo nuevo algo trending topic,0.0,surprise,0,25,0,0
2175,nel eso sigue siendo tercer tipo hasta que se tengan pruebas asi palpables que ya mamen con sus ingaderas,0.0,unemotional,0,27,0,0
2176,entonces del tipo ya suena como la caricatura de garfield sus amigos,0.0,joy,0,19,0,0
2177,se refiere que estan dandole cobertura la noticia que estan encubriendo lo que ocurre,0.0,unemotional,0,27,0,0
2178,tantita comprension lectora mano,-1.0,anger,-1,4,0,0
2179,exacto ya cuando la oms se pronuncie ya cada quien que haga lo que mejor le parezca para sobrevivir jaja ya que nuestros gobiernos vale verga tocara que comprar paneles solares usar purificadores de agua electricos asi para salir ^,0.0,relief,0,21,0,0
2180,efectivamente yo recuerdo que la primera vez que escuche del covid estaba escuchando las noticias mientras instalaba una television que compre en el buen fin del era que los chinos estaban construyendo en tiempo record hospitales,1.0,joy,1,19,0,0
2181,yyo solo le creia barbosa,0.0,unemotional,0,27,0,0
2182,asi es,0.0,unemotional,0,27,0,0
2183,pues puso el el post tiene un punto en el comentario,-1.0,anger,-1,4,0,0
2184,es dross quien se deberia sentir ofendido perturbador,-1.0,anger,-1,4,0,0
2185,yo solo comente sobre tu inocencia al afirmar que el gobierno chino es una confiable fuente de informacion crei que era un chiste,-1.0,anger,-1,4,0,0
2186,pero se puede contrastar informacion de la forma que propones,0.0,unemotional,0,27,0,0
2187,deleted,0.0,unemotional,0,27,0,0
2188,la va ver tranquilo menos con los gobiernos populistas que menosprecian las ciencias tan comunes hoy en dia,-1.0,anger,-1,4,0,0
2189,ya tenemos media decada perdida por culpa de las medidas draconianas del gobierno chino impuestas por del etiope de la oms,-1.0,sad,-1,22,0,0
2190,creo que tus padres nunca te abrazaron por eso dices eso,-1.0,anger,-1,4,0,0
2191,estoy seguro que darwin jamas llamo cerrar fronteras como seleccion natural,-1.0,anger,-1,4,1,1
2192,pregunto que tan inflado tienes que tener el ego para decir que carreras afecta afecta una pandemia xd que bueno que hayas aprendido mas en remoto pero tu caso solo aplica al minimo de la poblacion yo quede sin aprender desarrollar quimica fisica matematicas entonces si aprendiste buena pero es wea tuya la mayoria aprendimos ni mierda,-1.0,anger,-1,4,1,0
2193,mi compa el que se preocupa solo por el mismo toma en cuenta la inflacion actual que provoco el covid,-1.0,disgust,-1,7,0,0
2194,el pobre men q va rdesahogo por que te das cuenta de que tu estupido nihilismo lleva gente contagiarse mas,-1.0,disgust,-1,7,0,0
2195,nadamas copia pega en la parte superior de tu navegador preferido le picas enter te creas una cuenta si tienes ahi hay un monton de gente igual de edgy que tu tu tribu esta de aquel lado del internet,-1.0,disgust,-1,7,1,1
2196,creo que el medico chino que descubrio el brote de covid el gobierno chino hasta lo acuso de hacer panico por un virus que segun ellos era tan grave yo la er vez que escuche del covid fue en un reportaje de telemundo en diciembre poniendolo como un brote de gripe en china claro que esto podria ser cierto aunque ahora si seria sospechoso dos pandemias surgidas en el mismo lugar,-1.0,sympathy,-1,26,-1,0
2197,arigato senor xi gifgiphy|zweanrothyai,0.0,unemotional,0,27,0,0
2198,soy alarmista divulgue ninguna mentira ni dato con el animo de generar panico comentar creo hara que magicamente dejen de suceder cosas en el mundo puedes mirar otro lado e incluso cerrar los ojos pero el mundo gira con sin nosotros,-1.0,anger,-1,4,-1,0
2199,los tampiquenos siempre tuvimos razon quien es el loco ahora 👽,1.0,joy,1,19,0,0
2200,jajajajaja,1.0,joy,1,19,0,0
2201,exacto esos serian del quinto tipo cuando hay protocolos de interaccion entre especies,0.0,unemotional,0,27,0,0
2202,eso si tiene mas sentido perdon quede traumado con los conspiranoicos del covid si es en el sentido que mencionas humildemente anuncio que retracto de lo dicho saludos,1.0,relief,1,21,0,0
2203,yo si compre un boiler solar desde pandemia un purificador de agua jajaja bueno el purificador es porque quiero mandar casm las embotelladoras empresas de garrafon grandes,1.0,enthusiasm,1,12,0,0
2204,jajaja lo que digas rey,-1.0,disgust,-1,7,0,0
2205,danos unos ejemplos de una investigacion deseable segun tu,0.0,unemotional,0,27,0,0
2206,yo defiendo china china es hoy por hoy un estado imperialista como lo es gringolandia simplemente hay algo llamado honestidad intelectual segundo que tan patetico de ser que tienes que andar fisgoneando para dar un argumento mejor dicho una falacia ad hominem,-1.0,anger,-1,4,0,0
2207,hermano que rico que haya mas inflacion que te das cuenta los beneficios de la inflacion emision monetaria,0.0,unemotional,0,27,0,0
2208,removed,0.0,unemotional,0,27,0,0
2209,>tu tribu esta de aquel lado del internet en eso discrepo hay exactamente la misma cantidad de ninos edgys en facebook como en reddit,-1.0,anger,-1,4,0,0
2210,exacto tambien recuerdo la noticia del medico chino,0.0,unemotional,0,27,0,0
2211,hace como un par de semana atras si tuve companeros de trabajos que habian dicho que habian visto en las noticias sobre el brote en esos paises de por alla pero de momento hoy de enero todo sigue normal por aqui seguire informando v,0.0,unemotional,0,27,0,1
2212,si conoces algo de epidemiologia sabras que cda cierto tiempo hay una pandemia pero tambien que hay gente inmune gente resistente alarmarse por algo que sabes si sucedera tiene sentido,0.0,unemotional,0,27,0,0
2213,hablas del covid de la plandemia ese que usaron para inyectar chips la gente,-1.0,disgust,-1,7,0,0
2214,podrias contar mas sobre eso yo tambien quiero poner adquirir uno ademas de una sistema para reciclar aguas grises,1.0,enthusiasm,1,12,0,0
2215,gracias bro feliz inicio de ano gifgiphy|ottstjtphbpznznha,1.0,joy,1,19,0,0
2216,en ningun momento insinue alguna forma de investigacion deseable pero se puede confiar en un gobierno hermetico que ya tiene historial de ocultar cosas asi,-1.0,anger,-1,4,0,0
2217,deleted,-1.0,sad,-1,22,0,0
2218,ay sipo que rico ir al supermercado gastarte casi la mitad de tu sueldo en mercaderia que rico gastarte la otra mitad de tu sueldo en renta que rico andar con la plata justa pal transporte que rico vivir el dia dia trabajando para vivir hay alguna gente que piensa las cosas que dice luego estas tu,-1.0,anger,-1,4,0,0
2219,falta de empatia es como sobrevives tu eso claro lo tengo,-1.0,anger,-1,4,0,0
2220,gracias tio joaquin gifgiphy|ecqaiophdqvx|downsized,1.0,joy,1,19,0,0
2221,jajaja ese mero que con las antenas g iban activar los chips que seriamos zombies,-1.0,disgust,-1,7,0,0
2222,el purificador lo pones en tu toma de agua lo compras en la mayoria de las ferreterias se asi purifica el agua es potable el comprar garrafones de embotelladoras comprar botellas de agua es una pendejada aparte que te llenas de microplasticos le das dinero unos culeros que nada mas se hacen ricos para lo de aguas grises ni idea 😅😅 pero creo que la mayoria del tiempo solo las puedes usar para riego 😅😅,1.0,enthusiasm,1,12,0,0
2223,mejor agarra un diccionario,-1.0,anger,-1,4,0,0
2224,pues la inflacion hace que suba cripto que suba bolsa que suba todo yo con un x voy con un millon con eso vale todo lo que suba de precio 🤗y aun asi trump va abolir el techo de la deuda va haber inflacion disparada es inevitable,1.0,enthusiasm,1,12,0,0
2225,que ti te guste trabajar es otra cosa pero la inflacion es inevitable que tu la sepas aprovechar es otra cosa,-1.0,anger,-1,4,0,0
2226,deci que vacunepuntos suspensivos,-1.0,disgust,-1,7,0,0
2227,,0.0,unemotional,0,27,0,0
2228,ilusion monetaria se llama lo que decis,-1.0,anger,-1,4,0,0
2229,join discord server click join discord fun thanks submission bot action performed automatically please contact moderators subredditmessagecomposeto=rindiameme questions concerns,0.0,unemotional,0,27,1,1
2230,empty life virus come aa life reverse gear aah,1.0,sad,1,22,-1,-1
2231,ah hell naw round two like year gap previous one,-1.0,fear,-1,14,-1,-1
2232,kolaveri china,1.0,joy,1,19,0,0
2233,chinas five year plans nightmare whole world👀,-1.0,joy,-1,19,0,1
2234,🤣🤣🤣 interviewers asked see years,0.0,anger,0,4,0,0
2235,ye stock market ab aur girega kya,-1.0,fear,-1,14,0,0
2236,go,1.0,joy,1,19,0,0
2237,years oh god,0.0,fear,0,14,1,0
2238,gifgiphy|ucrnudcisrcpki|downsized,0.0,unemotional,0,27,0,0
2239,get sequel,0.0,surprise,0,25,0,0
2240,stop spreading helping spread panic,-1.0,anger,-1,4,-1,0
2241,wait covid already years,0.0,unemotional,0,27,0,0
2242,phek nyus hai,-1.0,disgust,-1,7,0,0
2243,covid leke hmpv de gaye hhmmmmm,-1.0,disgust,-1,7,0,0
2244,kejriwal aur nirmala tai ko china bhej aur yaha china se trade band kar ye dono waha mil ke itna gadar machayenge ki china ki saari industry band ho jayegi apna vote bank bhi kejriwal wahi settle kar lega bula ke aur shanti bhi milegi yaha pe,-1.0,anger,-1,4,0,0
2245,pehli baar italy tha ab hong kong,0.0,unemotional,0,27,0,0
2246,yay new virus holiday 🥳🥹,1.0,joy,1,19,1,1
2247,ye china kon plauge inc khel raha h 😭😭,-1.0,fear,-1,14,0,0
2248,,0.0,unemotional,0,27,0,0
2249,,0.0,unemotional,0,27,0,0
2250,short nifty dropped points,-1.0,fear,-1,14,1,0
2251,helps spreading pandemic soo done virus shit one life anymore asthmatics like shouldnt born already fckd us nightmares seriously hampering lives,-1.0,anger,-1,4,-1,-1
2252,starts,-1.0,sad,-1,22,0,0
2253,news dont trust love hype things reason good know creating panic,0.0,unemotional,0,27,-1,1
2254,join discord server click join dear user thank submission rcbse make sure follow rules bot action performed automatically please contact moderators subredditmessagecomposeto=rcbse questions concerns,-1.0,anger,-1,4,1,1
2255,anyone wants boards cancel remember theres high chance pb ke marks count karennge aur fir sabke laude lagenge,-1.0,anger,-1,4,0,1
2256,called online batch placements opportunities board abroad masters etc sab barbaad college life nahi milegi bhai board cancel ka kya karoge abhi bhi time hai boards bhot ez hota hai pls kripa kardo padhke apne baap pe,-1.0,sad,-1,22,1,0
2257,anyone wants boards cancel remember theres high chance preboard ke marks count karennge aur firimgemote|tqt|,-1.0,sad,-1,22,0,1
2258,bro fk hmpv put another lockdown indias economy gonna go good ngl,1.0,enthusiasm,1,12,1,1
2259,bruh every fucker wants boards cancelled literally people either skipped school exams didnt good better boards,-1.0,fear,-1,14,-1,1
2260,rd option hmpv k baare log hafte bhul jaenge,-1.0,anger,-1,4,0,0
2261,st day especially joh corona ne fuck ki thi mere school life ko going thru college nahi barbaad karni,0.0,unemotional,0,27,-1,-1
2262,bc agar hmpv aa gaya toh preboard ke marks lagengeaur agar aisa hua toh mera lde lagengenaa aana hmpvfilhaal toh mat aana side,0.0,unemotional,0,27,0,0
2263,dil chata right side know ki left side sahi,0.0,unemotional,0,27,0,1
2264,jee aur neet cancel nahi hone wala bacho sapna dekhna band karo comes boards yall know fucked pre boards unless u genius pray boards happen cbse definitely give marks dur virus,-1.0,anger,-1,4,-1,-1
2265,virus lockdown like fppingmailtofpping good temporary moments worse long time,-1.0,fear,-1,14,1,1
2266,second def,-1.0,anger,-1,4,0,0
2267,first lockdown ruined life last time,-1.0,sad,-1,22,-1,1
2268,hope ki exam khtm hone ke baad na lockdown karade like suffer,-1.0,fear,-1,14,1,0
2269,dekho bhai hamare toh maje hai people dependent daily work earn money,-1.0,sympathy,-1,26,0,0
2270,left side cuz aint way im gonna consider pre board marks ufuhergbjknkfsfh,-1.0,anger,-1,4,0,0
2271,pb ke lag gaye toh bure chudenge saare,-1.0,fear,-1,14,-1,0
2272,onthe hand getting covid flashbacks,-1.0,fear,-1,14,1,0
2273,fr bro,-1.0,sympathy,-1,26,0,0
2274,left one rn science student theyre gonna cancel boards marks would adjusted according ore boards gye fir toh plus gonna get admission boards colleges hoping get gone,-1.0,fear,-1,14,1,0
2275,ffor jo keh raha hain ki pb ke marks count honge remember nta ko bhi apna lvl girana padega,-1.0,sympathy,-1,26,0,0
2276,blue,-1.0,fear,-1,14,0,0
2277,b,-1.0,fear,-1,14,0,0
2278,jee cancel ho gya iit nit kaise jaoge,-1.0,fear,-1,14,-1,0
2279,,0.0,unemotional,0,27,0,0
2280,bhai na hi ho pandemic saal life ke barbaad hue saath social life bhi chud gyi lockdown se pehle padhta tha fir lockdown padhai nhi hui lockdown ke baad padhai ki aadat nahi rahi firse na ho ye sab,-1.0,sad,-1,22,0,0
2281,mujhe ho jaye aur mai mar jau side,-1.0,sadness,-1,23,0,0
2282,nahi yaar bhai boards ke baad hojaye koi problem nahi hai sala bohot prepare kia hai sab kharab hojayega,-1.0,fear,-1,14,-1,0
2283,imgemote|tqt|,0.0,unemotional,0,27,0,0
2284,fr bhai 😭,-1.0,sad,-1,22,0,0
2285,bhai hmpv maa chod dega agar lockdown lag gya sbke mental health already fuki hui hai ghar mei bethna parega beyond repair damage hogi financially pucho mat indian economy ke lawde lag jayenge agar lockdown sachme serious raha sala ye virus lora lassan ka dukh khatam kyu nahi hota 😭,-1.0,fear,-1,14,-1,-1
2286,planning abroad studies hmpv nahi aana chahiye,-1.0,fear,-1,14,0,0
2287,would rather give boards man future would fucked end considering prelim marks,-1.0,fear,-1,14,-1,-1
2288,imgemote|tqt|,0.0,unemotional,0,27,0,0
2289,yellow,0.0,unemotional,0,27,0,0
2290,trust lockdowns worst im final year mbbs student first year online months online via zoom patheticwe study plus really sucks enjoy college w friends plus side us remained campus good friends since,-1.0,sad,-1,22,1,0
2291,bhai humara toh preboard nhi hue abi tk,-1.0,sad,-1,22,0,0
2292,st side always even good student bad hmpv shouldnt become pandemic,-1.0,fear,-1,14,-1,0
2293,aisi bakwas college life chaiye bhi nhi let lockdowns begin,-1.0,unemotional,-1,27,0,0
2294,aisa sochne wle preboard mai top mrte honge imgemote|tqt|imgemote|tqt|imgemote|tqt|,0.0,unemotional,0,27,1,1
2295,dono taraf se lage pade hai bhai,0.0,unemotional,0,27,0,0
2296,hmpv iss saal kuch nahi karne wala,-1.0,sad,-1,22,0,0
2297,already covid ki vajah se socially awkward ho chuka hu aur kya hi bura ho skta h,-1.0,fear,-1,14,-1,-1
2298,guys boards hone chahiye pre boards mai hag diya hai😭🙏🏻,0.0,unemotional,0,27,0,0
2299,bhai droppers ki toh fattke hath ajayegi,0.0,unemotional,0,27,0,0
2300,guys like man myth legend pal hmvp kezual sardi hai bas imgemote|tqt|,0.0,unemotional,0,27,1,0
2301,jokes hope hmpv mujhe ho jaye aur tapak jau,-1.0,sad,-1,22,1,0
2302,bro atp boards one hope cancels shall cancel <,-1.0,sad,-1,22,0,0
2303,preboard meta percent says hai virus please dont come,-1.0,fear,-1,14,1,0
2304,im bright side,1.0,joy,1,19,1,1
2305,lockdown side year,0.0,unemotional,0,27,0,0
2306,needed anything work karo thats better virus,1.0,relief,1,21,1,1
2307,wishing virus kill god knows many people put lockdown possibly whole world js escape academics thats wild,-1.0,disgust,-1,7,-1,1
2308,bhai khushiya mat bna consider pre board results prob everyone flops,-1.0,fear,-1,14,-1,0
2309,none virus overhyped asf ocd research viruses lot fear less virus nothing scared,0.0,relief,0,21,-1,-1
2310,st side better😭,-1.0,sad,-1,22,0,0
2311,skipped two preboard exams wtff mean want boards cancelled,-1.0,anger,-1,4,-1,-1
2312,deleted,0.0,unemotional,0,27,0,0
2313,ngl think short termthen lockdown would good futures would ruined cuz online studies wanna good job years face challenges,-1.0,fear,-1,14,1,1
2314,saviour want unemployed drop school u serious career,-1.0,anger,-1,4,-1,-1
2315,nd ill take drop anyways vo bhi ghr pe baith ke padhunga online hi pw se doesnt matter,0.0,unemotional,0,27,-1,-1
2316,saviourrr loveddd lockdown era really vibe,1.0,joy,1,19,0,1
2317,reason inclined st side,0.0,unemotional,0,27,0,0
2318,abey school wale dedete hai marks unless tumhara school nihayati chutiya ho dont support nd,0.0,unemotional,0,27,-1,0
2319,atelast jee walo ke nhi lagenge cuz requirement hi hain competition road pe aa jayega agar baaat preboard ki ajaeygi wahi hoga jo saal pehle hua tha sabko pass kardenge itan bada risk govt kabhi nhi legi,1.0,relief,1,21,-1,0
2320,lol abt dummyy students,-1.0,disgust,-1,7,1,1
2321,nah man mere preboards sahi gye hai,1.0,happy,1,16,-1,-1
2322,bhai pb fail tha,-1.0,sad,-1,22,-1,-1
2323,hopefully hmpv virus doesnt become big months cuz messed pb marks,-1.0,fear,-1,14,1,0
2324,mere school wale fir ek dusra pb aur k lekr sbke + marks krwa denge lollll,1.0,enthusiasm,1,12,0,-1
2325,jo tumhe sach mai aaye hai wo thodi denge like internal marks kuch nhi kroge bhi thik thak dedenge,0.0,unemotional,0,27,1,0
2326,haan hell naw dont want got rn,-1.0,fear,-1,14,-1,0
2327,pb mtlb,0.0,unemotional,0,27,0,0
2328,bhai sun sahi easy rehta hai kya boards mujhe laane hai ghar walo ke itne expectations hai padhai sirf maths hua hai physics chemistry dono barbaad hai ab start karunga toh ho jayega,-1.0,fear,-1,14,1,1
2329,thik h th valo k liye acha ni h th valo k liye acha hi h,0.0,sympathy,0,26,0,0
2330,social life,-1.0,sad,-1,22,0,0
2331,fr,0.0,unemotional,0,27,0,0
2332,fr har kuch mahino esse aatu jhatu virus aate rehte hai,-1.0,disgust,-1,7,0,0
2333,mein yeh likhne wala tha fit nhi aya 🥲,0.0,unemotional,0,27,1,1
2334,dil ki baat bol di aapne,1.0,relief,1,21,0,0
2335,fr,0.0,unemotional,0,27,0,0
2336,maybe nd se track pe aaj jaye,1.0,relief,1,21,0,0
2337,,0.0,unemotional,0,27,0,0
2338,,0.0,unemotional,0,27,0,0
2339,right answer,0.0,unemotional,0,27,0,1
2340,skipped two preboard exams wtff mean want boards cancelled serrrr ^i detect haikus sometimes successfully ^learn ^opt replies haikusbot opt | delete comment haikusbot delete,0.0,unemotional,0,27,1,1
2341,wasnt even serious time sudy preboard lmao like bunch internal assesement works complete,-1.0,sad,-1,22,1,1
2342,said meme bro,0.0,unemotional,0,27,0,0
2343,bro fking meme,0.0,unemotional,0,27,0,0
2344,whi,0.0,unemotional,0,27,0,0
2345,yaar preboards pura gatiya gaye,-1.0,sad,-1,22,0,0
2346,dont worry guys happens everyone pass like last time,0.0,unemotional,0,27,1,0
2347,lead,-1.0,anger,-1,4,0,0
2348,pussy bhau,1.0,relief,1,21,0,0
2349,pre board,1.0,enthusiasm,1,12,0,0
2350,yes hojayga,1.0,enthusiasm,1,12,1,0
2351,legit bas koi bhi ghnte ka oneshot dekh le depending strength chapter fir koi pyq session dekhle khudse pause karke try karte ja end mei derivations dekh le uss chapter ka confirm ho jayga physics chemistry even easier questions mostly theoretical hi hai follow method physical chem parts organic good go,1.0,enthusiasm,1,12,1,1
2352,gonna harder great revision prep get much easier though boards ask basic questions ncert enough basic concept practice physics could questions somehow people saying last year physics tough even though still pretty easy aakash tho practiced modules maybe im bit biased towards board easy idk,1.0,enthusiasm,1,12,1,1
2353,tujhe th th barbaad karna hai kya chote bhai log offline jake kuch nahi kar rahe tu ghar pe kar payga jee neet kuch agar dena hua fucked bhai,-1.0,anger,-1,4,-1,-1
2354,real,0.0,unemotional,0,27,0,1
2355,imagine hmpv covid jaisa hua to👀,-1.0,fear,-1,14,0,0
2356,th bhi socha tha ki th ill back track,-1.0,sad,-1,22,-1,-1
2357,mere toh pre boards hi nahi hue bihar board se dummy hai college vaalo ko agar marks chadhane honge toh chadha denge agar pb dene bulaya bhi toh last time th ke finals phone lejana allowed tha nd saara answer google krke likha tha 🥰ghatiya college hai lekin mai bhi toh ghatiya hi hu,-1.0,disgust,-1,7,0,-1
2358,video games day lmao,0.0,unemotional,0,27,1,1
2359,us bhai imgemote|tqt|,0.0,unemotional,0,27,0,0
2360,bhai ye kya hora,0.0,unemotional,0,27,0,0
2361,yea lol btw saying person said aatu jhaatu virus aate rhte h😂,0.0,unemotional,0,27,1,1
2362,vocabulary expansion,0.0,unemotional,0,27,0,0
2363,>resluts,1.0,joy,1,19,0,0
2364,awesome sweet put much effort bf hes lucky,1.0,enthusiasm,1,12,1,1
2365,tell got music playing,1.0,happy,1,16,1,0
2366,think looks great good job,1.0,enthusiasm,1,12,1,1
2367,get flasks party looks absolutely baller,1.0,sympathy,1,26,1,1
2368,wish friends cool guys well done,1.0,joy,1,19,1,1
2369,thats cool asfff omgg missing poison swamp,1.0,joy,1,19,-1,1
2370,thats awesome,1.0,joy,1,19,1,1
2371,estus flasks favorite part awesome,1.0,enthusiasm,1,12,1,1
2372,hahahaha love signal aged,1.0,happy,1,16,1,1
2373,thats amazing,1.0,enthusiasm,1,12,1,1
2374,hope firelink shrine playing throughout house,1.0,happy,1,16,1,0
2375,big key pictures,0.0,unemotional,0,27,0,0
2376,poison swamp michael zaki disappointed,0.0,unemotional,0,27,-1,-1
2377,happy fellow birthday,1.0,happy,1,16,1,1
2378,invite,1.0,happy,1,16,1,0
2379,awesome,1.0,joy,1,19,1,1
2380,happy birthday dont go hollow,1.0,joy,1,19,1,1
2381,aged,0.0,unemotional,0,27,0,-1
2382,enter world,0.0,unemotional,0,27,0,0
2383,lots effort care great job,1.0,happy,1,16,1,1
2384,needs resluts,0.0,unemotional,0,27,0,0
2385,try finger foods hole,0.0,unemotional,0,27,0,0
2386,great id stoked party even,0.0,unemotional,0,27,1,1
2387,toss balloons keep like,0.0,unemotional,0,27,1,0
2388,amazing,1.0,joy,1,19,1,1
2389,one sparks joy,1.0,joy,1,19,1,1
2390,pretty cool,1.0,joy,1,19,1,1
2391,cold stark perfect,1.0,joy,1,19,1,1
2392,love bonfire cake,1.0,happy,1,16,1,1
2393,amazing,1.0,joy,1,19,1,1
2394,welp unfortunately must keep way 😂 love,1.0,joy,1,19,1,0
2395,aged sign hilarious,1.0,joy,1,19,1,1
2396,genuinely cool,1.0,enthusiasm,1,12,1,1
2397,absolutely wonderful amazing congratulations,1.0,joy,1,19,1,1
2398,beautiful btw get sword first picture looks cool,1.0,enthusiasm,1,12,1,1
2399,okay get aged sign im planning bfs birthday would love estus flasks loveeee,1.0,enthusiasm,1,12,1,1
2400,wheres party,1.0,joy,1,19,1,0
2401,looks cringe im desperate find someone would acknowledge love dark souls like,-1.0,sad,-1,22,1,-1
2402,well asked lol peg 😄,0.0,unemotional,0,27,1,1
2403,lol bikini bottom crew like looking far away area binoculars beginning,0.0,unemotional,0,27,1,1
2404,like cake really creative cheese grape stick supposed,1.0,joy,1,19,1,1
2405,anyone die,0.0,unemotional,0,27,-1,0
2406,imagine smell,-1.0,disgust,-1,7,0,0
2407,come party,1.0,joy,1,19,1,0
2408,oopsie im gonna leave like,0.0,unemotional,0,27,1,0
2409,printed,0.0,unemotional,0,27,0,0
2410,think key sword kingdom hearts,0.0,unemotional,0,27,0,0
2411,thanks actually bought cheap online store expecting good quality price like,1.0,relief,1,21,1,1
2412,designed lol really two words pdf file got printed online bucks,1.0,happy,1,16,1,1
2413,cant post pictures show peoples faces sorry,0.0,unemotional,0,27,-1,-1
2414,,0.0,unemotional,0,27,0,0
2415,💀,0.0,unemotional,0,27,0,0
2416,hahaha thats left last years birthday party spongebob themed bf insisted banner,1.0,joy,1,19,1,1
2417,finger food common parties germany least,0.0,unemotional,0,27,1,-1
2418,dragon pinata,1.0,joy,1,19,0,0
2419,amazing didnt even think ive started cricut crafting already party june im determined make man cry walks doors,1.0,enthusiasm,1,12,1,1
2420,anyone dress,0.0,unemotional,0,27,0,0
2421,knows,0.0,unemotional,0,27,0,0
2422,darn wait birthday,1.0,enthusiasm,1,12,0,0
2423,indeed euro sockets kasehappchen gave away german resident,0.0,happy,0,16,0,0
2424,okay thought supposed ds reference,1.0,surprise,1,25,1,1
2425,yesss many wished tho,1.0,enthusiasm,1,12,0,1
2426,atencion muy importante leerlo toda publicacion de noticias debe incluir liga su fuente original respetar el titulo original si compartes captura de pantalla porfavor tambien incluye liga la fuente original reglas para noticias de temas politicos expresa tu opinion personal de la noticia politica con civilidad respeto bromas apodos ni insultos corrientes politicas sus seguidores bot action performed automatically please contact moderators subredditmessagecomposeto=rmexico questions concerns,0.0,unemotional,0,27,1,1
2427,llama,1.0,happy,1,16,0,0
2428,deleted,0.0,unemotional,0,27,0,0
2429,que paso con la supuesta nueva pandemia que iba provocar la viruela del mono,0.0,unemotional,0,27,0,0
2430,que se venga el home office hasta que aprendan los jefes boomers,1.0,anger,1,4,0,0
2431,ni modo en caso hipotetico que sea como el covid queda mas que atorarle ahora sabiendo de antemano que hacer que hacer teniendo una experiencia previa el que tenga oidos que oiga,-1.0,anger,-1,4,0,0
2432,esta nota es extremadamente sensacionalista ademas esta mal escrita leguas se que la hicieron solo para alarmar las personas como cae gordo el periodismo mainstream de mexico,0.0,unemotional,0,27,0,0
2433,camara ya pedi paquetes de cubrebocas desinfectantes ya encargue mis tanques de oxigeno mas ya compre acciones de productos de limpieza amonos ahora si hacer millonaria,0.0,unemotional,0,27,0,0
2434,noticia enganosa addendum,0.0,unemotional,0,27,0,0
2435,esta fuerte la desinformacion lean este comentario,0.0,unemotional,0,27,0,0
2436,preocupan un poco mas los casos de gripe aviar en estados unidos que ese virus de china debido que son un chingo viven todos juntos es raro que algun virus tenga un brote importante en china pero que pase mayores se vuelva pandemia,0.0,unemotional,0,27,0,0
2437,ya que nos cargue la verga todos de un jalon,0.0,unemotional,0,27,0,0
2438,de acuerdo con multiples articulos es un virus nuevo es altamente contagioso pero es letal en la mayoria de las personas ojo grupos vulnerables siempre han estado bajo riesgo quiero sonar como esos pendejos del hermancainaward que decian fatality rate voy eso lo que quiero decir es que aunque es una enfermedad muy contagiosa por lo que lei si te pega duro es tan peligrosa como otras enfermedades de esta temporada sobre todo como el covid la influenza pero si algo nos pudo ensenar la pandemia del es que el cubrebocas el lavado de manos es excelente metodo de prevencion contra muchas enfermedades respiratorias,0.0,unemotional,0,27,-1,0
2439,puro amarillismo,0.0,unemotional,0,27,0,0
2440,comprar papel de bano en mayoreo,0.0,unemotional,0,27,0,0
2441,pero si es una enfermedad comun lo del covid pego asi de fuerte en parte por que era una enfermedad relativamente nueva desconocida para la medicina,0.0,unemotional,0,27,0,0
2442,estoy en un laboratorio de epidemiologia hay tal brote los numeros son normales es problema de la prensa,0.0,unemotional,0,27,0,0
2443,espera era verdad vi la noticia antes pero crei que era solo una exageracion clickbait,0.0,unemotional,0,27,0,0
2444,ya van virus que salen de china en cuarto de siglo nmms,0.0,unemotional,0,27,0,0
2445,segun la oms hay ninguna emergencia ese virus existe desde hace anos solo que se han dado mas casos ultimamente,0.0,unemotional,0,27,0,0
2446,esta vez va pasar nada hay que alarmarse,0.0,unemotional,0,27,0,0
2447,ya quieren marear otra vez la gente haber cuantos se pasan esto por los 🥚,0.0,unemotional,0,27,0,0
2448,que vaya al costco comprar papel de bano,0.0,unemotional,0,27,0,0
2449,encantan esta coordinacion,0.0,unemotional,0,27,0,0
2450,digas otra vez viene de china,0.0,unemotional,0,27,0,0
2451,vayanse al carajo con sus virus inventados inyecte la ultima vez lo hare ahora putos traumados con sus pandemias falsas para controlar los borregos con bozales para animales,0.0,unemotional,0,27,0,0
2452,apenas es tres de enero,0.0,unemotional,0,27,0,0
2453,va suceder otra vez inserta imagen del viejito,0.0,unemotional,0,27,0,0
2454,una de las cosas que deja parcialmente tranquilo es el comportamiento de los virus entre mas contagiosos menos letales viceversa que sea altamente contagioso hace entender que es tan letal ademas de que el virus mencionado ya esta desde por lo que entiendo es un nuevo repunte de casos,0.0,unemotional,0,27,0,0
2455,se preocupen ya se va parar el mundo como en asi llegue el virus come carne,0.0,unemotional,0,27,0,0
2456,por que dice china en la parte superior,0.0,unemotional,0,27,1,1
2457,es como el decimo virus altamente contagioso que sale en menos de anos,0.0,unemotional,0,27,0,0
2458,sisisi ya te vimos duerme otro rato,0.0,unemotional,0,27,0,0
2459,otra vez esos putos comiendo porquerias ojala ahora si los sansionen,0.0,unemotional,0,27,0,0
2460,huevo si solo van dias del ano,0.0,unemotional,0,27,0,0
2461,miren muchachos ahi viene la muerte andando vamos recibirla como caballeros,0.0,unemotional,0,27,0,0
2462,nada de alarmarse,0.0,unemotional,0,27,0,0
2463,cada meses nace una nueva enfermedad que amenaza con encerrarnos de nuevo,0.0,unemotional,0,27,0,0
2464,aqui vamos de nuevo,0.0,unemotional,0,27,0,0
2465,los chinos pueden estar tranquilos unos anos sin crear un virus que nos joda la vida todos,0.0,unemotional,0,27,-1,0
2466,el nuevo virus hmpv = hijo mamaste pura verg,0.0,unemotional,0,27,0,0
2467,medios occidentales vendiendo noticias falsas,0.0,unemotional,0,27,0,0
2468,es clickbait tranquilos si hubiera problema ya estarian otros procesos en marcha hay nada activado trabajo en un area relacionada la salud las cosas con el covid fueron muy diferentes casi de inmediato hubo disrupciones notorias aunque parezca los gobiernos los organismos internacionales pueden reconocer el peligro de una pandemia de manera muy temprana este fenomeno en china es una de de esas cosas,0.0,unemotional,0,27,0,0
2469,cada rato se sacan uno nuevo para querer espantar,0.0,unemotional,0,27,0,0
2470,pinches chinos sus virus locos deberian de matarse ellos mismos nomas para que nos traen maldades,0.0,unemotional,0,27,0,0
2471,digan que van caer de nuevo,0.0,unemotional,0,27,0,0
2472,ya van empezar con la paranoia que quisieron hacer lo mismo con la viruela del mono hace meses de verdad que andan chingue chingue con hacer otra pandemia todos creyendose la jalada solo para hacer home office todavia para vacunarse con algo que te hara sentir peor que cuando tenias nada para rematar se enfermaban de todas formas con las vacunas puestas,0.0,unemotional,0,27,-1,0
2473,ward para leer comentarios al rato,0.0,unemotional,0,27,0,0
2474,round,0.0,unemotional,0,27,0,-1
2475,otra vez nuevamente con la transa en el poder preparense para ver morir otros k mexicanos,0.0,unemotional,0,27,0,0
2476,que pedo con los chinos su facilidad de crear nuevas enfermedades,0.0,unemotional,0,27,0,0
2477,aguanten dejen ir al costco comprar papel para el bano regreso,0.0,unemotional,0,27,0,0
2478,ya nos cargo el 🤡,0.0,unemotional,0,27,0,0
2479,volvieron para una segunda temporada 😮‍💨,0.0,unemotional,0,27,0,0
2480,pasara nada,0.0,unemotional,0,27,0,0
2481,que merda asen tanto en china,0.0,unemotional,0,27,0,0
2482,la diabetes mata mas,0.0,unemotional,0,27,0,0
2483,pinches chinos otra vez,0.0,unemotional,0,27,0,0
2484,el metapneumovirus es un virus estacional muy comun es esperado que haya brotes en invierno,0.0,unemotional,0,27,0,0
2485,posiblemente vaya ser algo mas local con la experiencia que tuvimos del anterior virus,0.0,unemotional,0,27,0,0
2486,dudo que llegue tales extremos como en pandemia la raza ya ha de estar atenta que hacer,0.0,unemotional,0,27,1,0
2487,quiero volver cuarentena fue de las peores etapas que tuve casi ni amigos tenia,0.0,unemotional,0,27,0,0
2488,porque siempre virus respiratorios,0.0,unemotional,0,27,0,0
2489,pinche china otra vez con sus mamadas deberian bombardear china alv,0.0,unemotional,0,27,0,0
2490,como dijo deagel aqui vamos juegos del hambre,0.0,unemotional,0,27,0,0
2491,,0.0,unemotional,0,27,0,0
2492,ya da igual mueranse todos,0.0,unemotional,0,27,0,0
2493,huevo home office,0.0,unemotional,0,27,0,0
2494,como que los murcielagos saben deliciosos,0.0,unemotional,0,27,0,0
2495,virus que existe desde el dejen de mmar,0.0,unemotional,0,27,0,0
2496,siii mas trabajo remoto,0.0,unemotional,0,27,0,0
2497,en chinga comprar papel de bano,0.0,unemotional,0,27,0,0
2498,dios ahora que hicieron los chinos,0.0,unemotional,0,27,0,0
2499,mamn acabo de sacar un credito en azteca,0.0,unemotional,0,27,0,0
2500,comprar cubrebocas gel antibactetial el trapitos con cloro en el piso papel de bano chingo chingos de papel de bano,0.0,unemotional,0,27,0,0
2501,coming,0.0,unemotional,0,27,0,0
2502,preparen el tiktok con bailes,0.0,unemotional,0,27,0,0
2503,jodan yo sigo pensando que estamos en 😭🥺,0.0,unemotional,0,27,0,0
2504,ahuevo ya van poder reprobar los hijos de su pt madreeeeee por que vamos ir,0.0,unemotional,0,27,0,0
2505,se repite lo del,0.0,unemotional,0,27,0,0
2506,😂😂😂😂😂😂,0.0,unemotional,0,27,0,0
2507,cansones ya sabemos que quieren ser potencia,0.0,unemotional,0,27,0,0
2508,la farmaceutica quiere seguir haciendo sus ventas al por mayor 😂 quien cree estos cuentos en pleno,0.0,unemotional,0,27,0,0
2509,vete al subreddit rchinalife para que te cuenten chismes whats going,0.0,unemotional,0,27,0,0
2510,ah pinchehere go,0.0,unemotional,0,27,0,0
2511,lol,0.0,unemotional,0,27,1,1
2512,nueva idiotez para entretener al subnormal util,0.0,unemotional,0,27,0,-1
2513,pasen su lista de series peliculas que recomienden mientras estamos en casa por favor,0.0,unemotional,0,27,1,0
2514,estaba considerando meterle todo mi dinero stocks de moderna pero todo los medios dicen que puro pedo en todo caso esperare buy dlp aviones de farmaceuticas inshalla,0.0,unemotional,0,27,0,0
2515,ahora que se tragaron pinches chinos cabrones ptm,0.0,unemotional,0,27,0,0
2516,si china confirma desmiente entonces covid es seguro,0.0,unemotional,0,27,0,0
2517,tu tus notas changas estan bien pendejos op creo que eres la tia que comparte pendejada media sin informarse bien,0.0,unemotional,0,27,-1,0
2518,tarde temprano va llegar otra pandemia puede ser esa cualquier otra que cause muertes aparte es cosa de tiempo,0.0,unemotional,0,27,0,0
2519,valio barriga senor verga,0.0,unemotional,0,27,0,0
2520,ya nadie le importa esas pandemias tantibtiempo desperdiciado con el covid,0.0,unemotional,0,27,0,0
2521,para dar tarea los conspiranoicos ya que tienen bastante tiempo libre puro alarmismo parece,0.0,unemotional,0,27,0,0
2522,estamos preparados para otra temporada,0.0,unemotional,0,27,0,0
2523,gifgiphy|lmzznrlyrwtwjii|downsized tic tac,0.0,unemotional,0,27,0,0
2524,de los creadores de,0.0,unemotional,0,27,0,0
2525,ahora que se comieron para originar esta pandemia 🤦🏻‍♂️,0.0,unemotional,0,27,0,0
2526,valiendo verga,0.0,unemotional,0,27,0,0
2527,que mal bueno descubrir si tambien soy asintomatico esto ya la pelo el covid sus variaciones la influenza otras virales,0.0,unemotional,0,27,0,0
2528,looks like op posted amp link load faster amp controversial concerns privacy open web maybe check canonical page instead ^im bot | ^why about^ | ^summon uamputatorbot^ | summoned ^this good human,0.0,unemotional,0,27,1,1
2529,last us parte ii,0.0,unemotional,0,27,0,0
2530,odioso leer este tipo de cosas pero debo mencionar que llevo semanas enferma de vias respiratorias primero tuve infeccion en garganta oh sorpresa empeore ahora tengo infeccion con bacterias en pulmones 🫁 estoy aislada ☹️ asi que para mi si andamos de la sht,0.0,unemotional,0,27,0,0
2531,parece ser fake new una noticia de tal calibre saldria en medios mas grandes,0.0,unemotional,0,27,-1,-1
2532,yo digo que bombardeen china despues incineren todo,0.0,unemotional,0,27,0,0
2533,paises africanos china siempre tienen que ser ellos 😒,0.0,unemotional,0,27,0,0
2534,del portal de la oms tomado esta manana donde mencionan ese pedo chequen fuentes hay un buen de publicaciones con la misma informacion casi copia pega pero dicen la fuente,0.0,unemotional,0,27,0,0
2535,algunas de las pestes mas devastadoras las han iniciado los chinos,0.0,unemotional,0,27,0,0
2536,que se vayan la verga otro pandemia ya jala covid nos enseno que el gobierno solo protege el dinero le importa la vida humana,0.0,unemotional,0,27,0,0
2537,nah el verdadero riesgo es hn en un rato la veras en todas las noticias se te olvidara el nombre nunca mas como el covid,0.0,unemotional,0,27,-1,0
2538,ahora vuelven la carga con aterrorizarnos este nuevo invento van empezar la psicosis necesaria,0.0,unemotional,0,27,0,0
2539,pitoooo,0.0,unemotional,0,27,0,0
2540,cada ano hay una pandemia nueva sigue muriendo mas gente al ano por diabetes,0.0,unemotional,0,27,0,0
2541,excelente necesito otro anito de home office 😍,0.0,unemotional,0,27,0,0
2542,otra vez vieja vamos por papel de bano antes que se acabe eso funciono la vez pasada para sobrevivir eso las cervezas hay que comprar planchas de ambos,0.0,unemotional,0,27,0,0
2543,salganse todos del planeta quiero estar solo,0.0,unemotional,0,27,0,0
2544,malditos chinos de mierda otra vez,0.0,unemotional,0,27,0,0
2545,se siguen tragando estas mamadas,0.0,unemotional,0,27,0,0
2546,los que sobrevivimos al covid ya estamos exentos de este nuevo virus,0.0,unemotional,0,27,0,0
2547,segunda temporada para los poderosos 😐,0.0,unemotional,0,27,0,0
2548,conquistadores,0.0,unemotional,0,27,0,0
2549,ojala le de mi ex,0.0,unemotional,0,27,0,0
2550,,0.0,unemotional,0,27,0,0
2551,hasta que se esten cayendo como moscas creere nada,0.0,unemotional,0,27,0,0
2552,clickbait ya todos han querido ordenar la vaca de la precaucion por la proxima pandemia,0.0,unemotional,0,27,0,0
2553,que al pedo otra vez nos vamos home office,0.0,unemotional,0,27,0,0
2554,ay ya que mate si tiene que matar yo vuelvo encerrar ya,0.0,unemotional,0,27,0,0
2555,chinos de mierda,0.0,unemotional,0,27,0,0
2556,puro cuento chino,0.0,unemotional,0,27,0,0
2557,nunca va llegar,0.0,unemotional,0,27,0,0
2558,season,0.0,unemotional,0,27,0,0
2559,es falso duden de los medios mierdas que utilizan esto como informacion para atraer gente sin criterio es un virus viejo,0.0,unemotional,0,27,-1,0
2560,mames nooooo,0.0,unemotional,0,27,0,0
2561,china es la duodecima vez en anos que te declaras en emergencia sanitaria,0.0,unemotional,0,27,0,0
2562,en teoria ya tenemos experiencia deberia de causar mucho revuelto v pero aun asi alto yo ya estuve en estos juegos,0.0,unemotional,0,27,0,0
2563,vale verga,0.0,unemotional,0,27,0,0
2564,ovnis drones en estados unidos otra posible pandemia que de nuevo sale de china son tontos todos vemos que nos estan enganando espantando por algo en especifico cuidado con una caida de la bolsa una nueva guerra mundial que la inteligencia artificial se haga general mas inteligente que un humano eso les debe de preocupar mas,0.0,unemotional,0,27,0,-1
2565,otra vez que mejor vayan su madre los viajeros,0.0,unemotional,0,27,0,0
2566,digas mamadas mery yein,0.0,unemotional,0,27,0,0
2567,tengo entendido que ese virus existe hace muchos anos pero ultimamente ha estado volviendo en china pero es un virus el cual ya tiene tratamiento si salen videos de china otros lugares donde utilizan el cubrebocas pero recuerdan que estamos en epocas de gripe de tos debido los cambios de temperatura en esos paises son mucho mas cuidadosos al respecto la gran mayoria de los habitantes suelen tener un cubrebocas puesto para contagiar otros contagiarse ellos mismos es como con nosotros en latinoamerica que muchos utilizan el cubrebocas sin taparse la nariz,0.0,unemotional,0,27,-1,0
2568,otros anos que ni se van sentir,0.0,unemotional,0,27,0,0
2569,pos nada otro evento historico la lista darleeeeeeee,0.0,unemotional,0,27,0,0
2570,pinches chinos de nuevo,0.0,unemotional,0,27,0,0
2571,omg fornite season,0.0,unemotional,0,27,0,0
2572,jajaja vayanse alv,0.0,unemotional,0,27,0,0
2573,pregunta seria podemos vetar chinar del planeta,0.0,unemotional,0,27,0,0
2574,veces pienso que debi morir con el covid yo ya siento muerto,0.0,unemotional,0,27,0,0
2575,nadie le interesa,0.0,unemotional,0,27,0,0
2576,se viene segundo round senores,0.0,unemotional,0,27,0,-1
2577,ah estos pndej chinos ya les gusto fueron los unicos beneficiados por la pandemia,0.0,unemotional,0,27,0,0
2578,mamen como generacion consciente deberiamos darle un buen uso al internet las redes sociales seguir difundiendo noticias de esta indole ya parecen esas senoras que se creen las noticias de que un terrorista fue capturado con la foto de auronplay mamen estan igual de pendejos que esas personas,0.0,unemotional,0,27,0,0
2579,parece muy bien que se lleva todos los putos del gobiern los putos lacras ya era hora,0.0,unemotional,0,27,0,0
2580,alto 🔊 yo ya estuve en estos juegos 😭😭🫵,0.0,unemotional,0,27,0,0
2581,ya en serio esos chinos que aportan la humanidad aparte de pirateria,0.0,unemotional,0,27,0,0
2582,preparando para q oq,0.0,unemotional,0,27,0,0
2583,digas mmds meriyen,0.0,unemotional,0,27,0,0
2584,ya van empezar de nuevo 🙄,0.0,unemotional,0,27,0,0
2585,vayanse la verga ya juego,0.0,unemotional,0,27,0,0
2586,pta madre china te pueden dejar solo ni unos pinches anos,0.0,unemotional,0,27,0,0
2587,desde twitter tiene dias esa noticia realmente nadie ha citado una fuente confiable ni ha dado datos para pensar que es una nota real parece solo spam,0.0,unemotional,0,27,1,1
2588,fake news,0.0,unemotional,0,27,-1,-1
2589,looks like op posted amp link load faster amp controversial concerns privacy open web maybe check canonical page instead ^im bot | ^why about^ | ^summon uamputatorbot,0.0,unemotional,0,27,1,1
2590,vuelven los tapetes con lodo,0.0,unemotional,0,27,0,0
2591,ahora sabemos que dicen demasiadas mentiras que debemos de confiar en sus vacunas ni seguir sus reglas los medios de comunicacion mienten son parte del aparato de propaganda confiamos ni les creemos lo que dicen,0.0,unemotional,0,27,-1,-1
2592,vamos mandando de una vez todos los pendejos anti vacunas la segunda es la vencida para deshacernos de ellos,0.0,unemotional,0,27,-1,0
2593,sabia que el hecho de que empezo el mismo dia de la semana que era un mal indicio ambos iniciaron en miercoles,0.0,unemotional,0,27,0,0
2594,que alguien les ensene la fotosintesis esos weyes de seguro viene de comer perro algo 🤣,0.0,unemotional,0,27,0,0
2595,si eso quieren inventar mas pandemias para vacunar mantener la gente controlada pero si les siguen la corriente les va funcionar,0.0,unemotional,0,27,0,0
2596,noticias retardadas para retardados,0.0,unemotional,0,27,0,0
2597,fake news,0.0,unemotional,0,27,-1,-1
2598,las noticias asi solo sirven para alterar la gente que se muera de miedo,0.0,unemotional,0,27,0,0
2599,amen solo pido meses de descanso,0.0,unemotional,0,27,0,0
2600,notificas falsas amarillistas,0.0,unemotional,0,27,0,0
2601,digas mamadas ni desinformes mas los ignorantes,0.0,unemotional,0,27,0,0
2602,es impresionante la cantidad de preocupaciones ficticias que les clavan diariamente con tal de vender periodicos 😂,0.0,unemotional,0,27,0,0
2603,deleted,0.0,unemotional,0,27,0,0
2604,dios existe menos que los latinos romanos en america pais de borregos incultos como penes anglosajones en america teneis lo que mereceis por estupidos 👌😉,0.0,unemotional,0,27,0,0
2605,resistan caigan en otra mentira de vacunas les funciono la primera vez,0.0,unemotional,0,27,0,0
2606,ay papa esta temporada si promete gifgiphy|mjxxrittqtfhqwvy|downsized,0.0,unemotional,0,27,0,0
2607,mamos,0.0,unemotional,0,27,0,0
2608,encanto dark aunque quede con ganas de ver mas ojala la historia fuera mas larga 🙃🤭,0.0,unemotional,0,27,0,-1
2609,amo esa serie de las mejores,0.0,unemotional,0,27,0,0
2610,se la comieron los gatos,0.0,unemotional,0,27,0,0
2611,fue contenida con un relativo exito esperemos que con esta sea igual,0.0,unemotional,0,27,0,0
2612,si hubo casos de hecho toco de cerca uno de un paciente vih positivo le hacia videollamadas diario hasta que se curo semanas aproximadamente toco otro que nunca supe si se confirmo pero las lesiones eran iguales pd soy medico del imss,0.0,unemotional,0,27,0,0
2613,pues hasta donde quede la viruela del mono solo era creo que en africa ademas de que habia tanto peligro porque al ser viruela se contagiaba principalmente por contacto directo por como describen este virus respiratorio puede que se contagie por aire como el coronavirus habiendo asi verdadera posibilidad de una pandemia aunque posiblemente solo en china esperemos,0.0,unemotional,0,27,0,0
2614,habia vacuna,0.0,unemotional,0,27,0,0
2615,fue puro humo para asustar voy suponer que esta tambien sera igual,0.0,unemotional,0,27,0,0
2616,esperate anon que se esta preparando crees que soltar monos en usa es por nada dales su tiempo para que se reproduzcan se pueda fingir una pandemia de monos con ebola algo asi,0.0,unemotional,0,27,0,0
2617,solo se contagia por fluidos corporales,0.0,unemotional,0,27,0,0
2618,si siempre eres alarmista algun dia le vas ha atinar,0.0,unemotional,0,27,1,0
2619,ya era un problema algo menor antes una,0.0,unemotional,0,27,0,0
2620,se contagia por transmision sexual en un continente donde hay sida la mayoria se cuida pero los que van ahi si se cuidan asi que afecta al mundo solo los pobres de ese pais china dijo hermano buscate tu propia pandemia ahora hizo una mezcla entre virus covid neumonia otro que recuerdo,0.0,unemotional,0,27,0,1
2621,es mas venerea que cualquier otra cosa comun entre homosexuales estan jodiendo con lo mismo desde,0.0,unemotional,0,27,0,0
2622,los gays salva os la humanidad en serio busquen un poco las fiestas del pride de ese ano fueron justo cuando estaba la viruela del mono las fiestas de pride de playas tienen multitudes con piel descubierta rozandose entre si lo cual provoco varios contagios si pero tambien creo una rapidisima inmunidad de rebano asi se propago como epodemia,0.0,unemotional,0,27,1,0
2623,que ignorante eres esa viruela es una enfermedad de trasmision sexual si eres de esos que va diciendo odiame mas arriva el ame ya tienes el virus 😂😂,0.0,unemotional,0,27,0,1
2624,todo son planes para meterle miedo la poblacion despues hacer que se vacunen con su veneno ☠️ pero lo mejor es dejar de ver noticias asi uno vive mas feliz 😀,0.0,unemotional,0,27,0,0
2625,hasta que se mueran,0.0,unemotional,0,27,0,0
2626,si ojala aprendan los malditos dinosaurios de mrda la verdad ellos son la barrera de impedimento del progreso de muchas personas,0.0,unemotional,0,27,0,0
2627,los que somos asalariados desarrollamos trabajos que se pueden hacer desde casa que nos lleve el diablo como fotografo ejecutivo puedo hacer home office mas que cuando edito las fotos que ya tome todos somos godinez,0.0,unemotional,0,27,0,0
2628,callese la verga,0.0,unemotional,0,27,0,0
2629,honestamente lo creo mas de muertos por covid en mexico unos estudios indican que tal vez realmente sean mas de millones alrededor del mundo la gente de aqui sigue siendo igual de puerca egoista siguen saliendo todos enfermos sin cubrebocas siguen sin respetar el espacio personal se burlan si quieres saludarles de beso de mano prendimos nada porque yo estoy casi seguro que van ser mas los conspiranoicos los que lo minimizan,0.0,unemotional,0,27,-1,0
2630,los humanos somos expertos en cagarla una otra vez en lo mismo,0.0,unemotional,0,27,0,0
2631,hasta crees que los mexicanos van aprender en mi familia se murieron varios de covid aun asi dicen que todo fue un invento del gobierno para reducir la poblacion que la vacuna te instala el windows xp en el cerebro alguna mmda asi,0.0,unemotional,0,27,1,0
2632,con el covid di cuenta que tenia familia changa muy tonta ya lo sabia por otras situaciones te das cuenta como alguien asi te puede arruinar literal empiezas odiar las personas,0.0,unemotional,0,27,0,0
2633,es un simple virus que tiene anos de existir pero como ahora todo sirve para asustar la gente solo lee el titular china emergencia manipulacion ante todo,0.0,unemotional,0,27,0,0
2634,es solo mexico en todos los paises quieren vender miedo,0.0,unemotional,0,27,0,0
2635,desde hacen lo mismo con cada brote pequena epidemia que hay en algun lugar del mundo,0.0,unemotional,0,27,0,0
2636,mas cae gordo que en este sub haya tanta gente que le da upvote 🤦🏽‍♂️,0.0,unemotional,0,27,0,0
2637,ni tan sensacionalista ya viste los videos de los hospitales,0.0,unemotional,0,27,0,0
2638,los que lo publican en reddit redes sociales en general en un grupo en fb un participante anonimo lleva semanas colando este tipo de noticias,0.0,unemotional,0,27,0,1
2639,😂 el que lo haga va guardar esas provisiones al menos anos la nota que compartio op es amarillista es un nuevo virus tiene ni la minima posibilidad de causar estado de emergencia mundial 🤷🏽‍♂️,0.0,unemotional,0,27,0,0
2640,asi empezo el covid con china desmintiendo sus casos hasta que empezaron las muertes los contagios en masa,0.0,unemotional,0,27,0,0
2641,,0.0,unemotional,0,27,0,0
2642,ahi mismo dice que china ha confirmado nada,0.0,unemotional,0,27,1,0
2643,de hecho si es preocupante porque en estas fechas creo que finales de este mes es la celebracion del ano nuevo lunar que es la celebracion mas importante para los chinos como sucede en mexico con navidad ano nuevo que mucha gente se regresa sus pueblos visitar sus familias en este caso sucede lo mismo la mayoria de chinos en el extranjero regresaran su pais para visitar sus familias cuando regresen traeran el virus consigo aunque tambien el virus puede venir de alguien que se haya ido vacacionar alla como sucedio con el covid que en muchos paises se dio por gente que fue de vacaciones china regreso infectada,0.0,unemotional,0,27,0,0
2644,de un jalon de verga,0.0,unemotional,0,27,0,0
2645,solo tu disfrutarias eso,0.0,unemotional,0,27,0,0
2646,si es culpa de esos amarillos,0.0,unemotional,0,27,0,0
2647,sea racista,0.0,unemotional,0,27,0,0
2648,ni nueva solo era una variante nueva pero los coronavirus sin bastante conocidos igual en esta variedad es desconocida ni nueva,0.0,unemotional,0,27,-1,0
2649,es fake solo que las cuentas conspiranoicas la estan haciendo viral,0.0,unemotional,0,27,-1,-1
2650,te estas tardando,0.0,unemotional,0,27,0,0
2651,de ahi mero viene hay una epidemia ahi ahorita,0.0,unemotional,0,27,0,0
2652,genera interacciones,0.0,unemotional,0,27,0,0
2653,el comentario correcto es cuantos van caer ☠️,0.0,unemotional,0,27,0,0
2654,la vacuna fue para que te enfermaras era para disminuir tus probabilidades de morir al contagiarte de cada se morian mayor edad mayor probabilidad la vacuna tiene efectos adversos claro como muchas vacunas el dia de hoy sentirse un poco mal es mucho mejor que exponerse morir de covid nadie se cree la jalada solo para hacer home office es porque los sitios amarillistas les encanta el mame si con alguien deberias enojarte seria con esos sitios con la vacuna de preferencia un berrinche sino algo que desmienta lo que dicen con evidencias esto es reddit despues de todo,0.0,unemotional,0,27,0,0
2655,la gente es muy pendeja vulve caer en errores dudo que si llega eso mexico otra vez pasaremos mal otra pandemia,0.0,unemotional,0,27,0,0
2656,porque existen diferentes tipos de virus con diferentes maneras de contagio obviamente los que se propagan mas facilmente son aquellos que se transmiten realizando la actividad mas cotidiana que existe que es respirar creo que todo mundo ande por la vida metiendose los dedos en la boca despues de haber estado tocando materia fecal ni dejando que les piquen insectos hematofagos ingiriendo alimentos bebidas contaminados teniendo sexo sin proteccion diario los virus que afectan las vias respiratorias se propagan en el aire asi que cuando estamos cerca de una persona infectada que obviamente sabemos simple vista si lo esta estamos totalmente expuestos al contagio ya que esta persona esta dispersando el virus un par de metros su alrededor mientras exhala habla tose yo estornuda espero haber resuelto tu duda de manera satisfactoria saludos,0.0,unemotional,0,27,-1,0
2657,el alejo que comenta sin informarse,0.0,unemotional,0,27,-1,0
2658,looks like shared amp link load faster amp controversial concerns privacy open web maybe check canonical page instead ^im bot | ^why about^ | ^summon uamputatorbot,0.0,unemotional,0,27,1,1
2659,en revision en temas de politica flair serio se aceptan insultos apodos chistes sarcasmos datos falsos ataques personales expresiones de odio contra personas publicas privadas etc bot action performed automatically please contact moderators subredditmessagecomposeto=rmexico questions concerns,0.0,unemotional,0,27,1,1
2660,las fuente es del heraldo de mexico,0.0,unemotional,0,27,0,0
2661,mi compa el menos conspiranoico,0.0,unemotional,0,27,0,0
2662,esta muy cabron jaja noticias asi salen diario se las siguen tragando todas,0.0,unemotional,0,27,0,0
2663,eso,0.0,unemotional,0,27,0,0
2664,entonces como piensas hacer que la hambruna artificial paresza real,0.0,unemotional,0,27,0,-1
2665,callate sancho los rebuznos son buenos,0.0,unemotional,0,27,0,0
2666,todos,0.0,unemotional,0,27,0,0
2667,creeme mejor quedarse con las ganas de mas querer que ya se acabe como la serie de twd,0.0,unemotional,0,27,0,0
2668,nunca jugaron tomarse un shot de cerveza cada que hubiera una escena con lluvia se pone aun mas interesante,0.0,unemotional,0,27,0,0
2669,gusto la ra temporada primo se sacaron la version alterna de la morra de la manga estuvo medio cursi que todo fue para resolver la paradoja que suena cool pero los identifican con angeles se gustaba mas cuando era el malo el vato pelon,0.0,unemotional,0,27,1,1
2670,cual es el nombre,0.0,unemotional,0,27,0,0
2671,dewey la nueva pandemia,0.0,unemotional,0,27,0,0
2672,cuenta mas,0.0,unemotional,0,27,0,0
2673,>habiendo asi verdadera posibilidad de una pandemia aunque posiblemente solo en china si es solo en china entonces es una pandemia,0.0,unemotional,0,27,0,0
2674,un chingo de gente murio por el covid muchos allegados mios tambien,0.0,unemotional,0,27,0,0
2675,es igual solo para meter miedo lo peor que la misma gente comparte las noticias falsas sin saber que es solo por el titular,0.0,unemotional,0,27,-1,1
2676,deleted,0.0,unemotional,0,27,0,0
2677,muerte los jefes,0.0,unemotional,0,27,0,0
2678,de hecho la mayoria de la personas tienen problema en ir la oficina sino que se quejan del traslado es doloroso incluso en auto propio esto es culpa del gobierno por ceder las presiones del lobby automotriz,0.0,unemotional,0,27,0,0
2679,algun dia te vas tragar tus palabras jajaa,0.0,unemotional,0,27,0,0
2680,perdona man pense en eso solo estoy en contra del trabajo presencial sin sentido que hacen muchas personas que solo van tener juntas en zoom,0.0,unemotional,0,27,-1,0
2681,llorar la lloreria,0.0,unemotional,0,27,0,0
2682,> siguen saliendo todos enfermos sin cubrebocas justo esto el otro dia acompane mi morra consultar llego una morra que queria consultar porque creia que tenia covid la muy puta andaba sin cubrebocas ni pa eso,0.0,unemotional,0,27,-1,0
2683,pues al dia de hoy existe gente que piensa que fue una invencion gifemote|freeemotespack|grimacing,0.0,unemotional,0,27,0,0
2684,si puta madre se va encerrar otro ano,0.0,unemotional,0,27,0,0
2685,el que tenga oidos que oiga,0.0,unemotional,0,27,0,0
2686,si el covid mato mi esperanza de que algun evento nos hiciera corregir el rumbo para bien sirvio para nada,0.0,unemotional,0,27,0,0
2687,facepalm,0.0,unemotional,0,27,0,0
2688,la clavaste hoy todo es manipulacion,0.0,unemotional,0,27,0,0
2689,,0.0,unemotional,0,27,0,0
2690,desde cuando china confirma que la cago,0.0,unemotional,0,27,0,0
2691,dame dos,0.0,unemotional,0,27,0,0
2692,tu jefa tambien,0.0,unemotional,0,27,0,0
2693,,0.0,unemotional,0,27,0,0
2694,tengo un libro de los que ya los menciona los corona virus,0.0,unemotional,0,27,0,0
2695,gracias,0.0,unemotional,0,27,0,0
2696,sus webos se lo dijeron supongo,0.0,unemotional,0,27,0,0
2697,eso es lo unico que haceis alli rebuznar si es que servis para nada jaja llegais europa con doctorados sabeis ni limpiar culos que te vas esperar de una sociedad tan inculta facil de someter latinos dicen saben ni escribir espanol los analfabetos que alli llegara el espanol os convierte en latinos si hispanos el espanol es espanol es latin se llaman latam jajajaja hay que ser muy retrasado para eso yo cuando leo la palabra latino harto de reir latinos del sagro imperio romano de las americas jajajajapor el frances el portugues cuando estos primeros tienen alli tres islas que aun forman parte de sus colonias igual que tienen los ingleses gracias que le comieron la polla anglosajones gringos llevais siglos de decadencia dictaduras pero bueno por mi como si desaparecieranmientras dejen alli sus paises para beber follarme sus mujeres lo demas sobra por mi como si vais todos la miseria por que ese resentimiento de incultos ya os lo quita nadie latam valientes gilipollas sois 😂😂😂🤡,0.0,unemotional,0,27,0,0
2698,juntos,0.0,unemotional,0,27,0,0
2699,esa serie tambien la vi completa 😅😂 pero si ya de final aburrio un poco las vi doble por que de primero le agarraba la onda despues ya,0.0,unemotional,0,27,0,0
2700,que curioso tambien en la serie de oa en netflix hablan de que tambien son angeles🤨,0.0,unemotional,0,27,0,0
2701,dark esta en netflix,0.0,unemotional,0,27,0,-1
2702,se la comieron los gatos,0.0,unemotional,0,27,0,0
2703,la mayoria de los que se van joder son ustedes porque tambien le tienen miedo las agujas lmao,0.0,unemotional,0,27,1,1
2704,gifgiphy|rmiiyhipurg,0.0,unemotional,0,27,0,0
2705,otro carril mas ya,0.0,unemotional,0,27,0,0
2706,ojala si ojala ya haya dinosaurios sea un mundo mejor donde las personas puedan encontrar trabajo personas trabajadoras hay pero les dan una maldita oportunidad suelo comentar con tanta euforia pero si esta qlerisima la situacion para encontrar un trabajo de lo que estudiaste porque simplemente dan la oportunidad de entrar,0.0,unemotional,0,27,0,0
2707,mi revienta ver personas todas enfermas sorbiendo tosiendo estornudando sin su cubrebocas en el mall en el super,0.0,unemotional,0,27,1,1
2708,yo voy bailar en protesta por todos los que van morir todos los que sufriran,0.0,unemotional,0,27,0,0
2709,llegue muy tarde 🥺,0.0,unemotional,0,27,0,0
2710,confirmo yo era los pelos,0.0,unemotional,0,27,0,0
2711,media lectura de tu rebuzno canse de contar tus faltas de ortografia paleto fachirulo desertor del arado,0.0,unemotional,0,27,0,0
2712,otra vez,0.0,unemotional,0,27,0,0
2713,pon papa al telefono,0.0,unemotional,0,27,0,0
2714,de hecho el grueso de los moridos eran clase media baja uno otro viejito rico pero de nada sirve xk queda su hijo que seguramente es mas culero que su jefe,0.0,unemotional,0,27,0,0
2715,si los jovenes estan llenos de rayas en la piel poco le van tener miedo las agujas,0.0,unemotional,0,27,0,0
2716,pues lo que entiendo es la logica de los que ahuevo quieren trabajar como empleados en lugar de desempenar su actividad profesional como independientes freelance,0.0,unemotional,0,27,1,0
2717,que patetico la verdad yo soy zoomer tengo jale ya deja de poner pretextos pendejos esfuerzate jale hay solo hay un chingo de weyes que lo quieren todo en mano,0.0,unemotional,0,27,0,0
2718,en el perro transporte publico que como siempre va todo lleno,0.0,unemotional,0,27,0,0
2719,todavia eso se entiende porque puede que sean tan imbeciles que sepan usar las apps de entrega domicilio pero verlos llegar una reunion fiesta cual es la pinche necesidad,0.0,unemotional,0,27,1,0
2720,el mal siempre existira hay que creer en el bieen,0.0,unemotional,0,27,0,0
2721,🫠,0.0,unemotional,0,27,0,0
2722,hola,0.0,unemotional,0,27,0,0
2723,te sorprenderia lo chillones que son para inyecciones vacunas,0.0,unemotional,0,27,0,0
2724,conoceras el temor las agujas cuando vayas donar un banco de sangre del imss duelen un chingo se tardan en sacar la sangre pesar de que son enormes,0.0,unemotional,0,27,0,0
2725,siento que depende mucho de la carrera,0.0,unemotional,0,27,0,0
2726,quiero todo en mano quiero empezar importa si es de lo mas bajo realmente importa lo que refiero es que dan oportunidades se abren contratar simplemente todas las ciudades son iguales todas las carreras son iguales,0.0,unemotional,0,27,0,0
2727,peor van en el transporte tosen sin cubrirse si se cubren con la mano embarra todos los tubos con sus germenes,0.0,unemotional,0,27,-1,0
2728,de la manoooo,0.0,unemotional,0,27,0,0
2729,que le paso la otra pandemia,0.0,unemotional,0,27,0,0
2730,ya donado sangre en esos lugares el dolor depende de la enfermera que te toque yo corrido con suerte algunas veces ni dejan moretones ha ido mal en otras,0.0,unemotional,0,27,1,0
2731,lo unico malo del imss es que el proceso dura como media horas desde que ingresas haces una fila tras otra te dan tu platica hasta que te dan el lunch de recuperacion pd voy aventarme el tiro de donar plaquetas haber como va,0.0,unemotional,0,27,0,0
2732,de dioooos,0.0,unemotional,0,27,0,0
2733,se la comieron los gatos espera dewey sabe mejor como paso,0.0,unemotional,0,27,0,0
2734,podremos,0.0,unemotional,0,27,0,0
2735,salir,0.0,unemotional,0,27,0,0
2736,morir,0.0,unemotional,0,27,0,0
2737,join discord server click join dear user thank submission rcbse make sure follow rules bot action performed automatically please contact moderators subredditmessagecomposeto=rcbse questions concerns,0.0,unemotional,0,27,1,1
2738,dude dont even want lockdown need social life dont need preboard marks counted dont think indian economy take another hit fr,0.0,fear,0,14,-1,0
2739,,0.0,unemotional,0,27,0,0
2740,covid fucked twice trust bro isnt worth plus ham twelfthies ki college life chud jayegi mehnat bekar,-1.0,sad,-1,22,-1,-1
2741,praying could anything would pray death,-1.0,sad,-1,22,0,0
2742,anyone even getting little class people people whore class seriously need realise consequences another lockdown rn,1.0,sympathy,1,26,-1,-1
2743,srsly people understand depth things come family,1.0,sympathy,1,26,0,0
2744,man frnd lost half family older brother uncle sister grandma covid wont wish even enemies,-1.0,sad,-1,22,-1,0
2745,shit happened monkeypox well last year nothing happened news outlets need excuse fearmonger get extra trp fucked whole country tbh,0.0,unemotional,0,27,-1,-1
2746,reasons want boards cancelled put waayy much effort studying th want effort go wastemy marks school exams good first,1.0,fear,1,14,1,1
2747,true bro everyone makes fun lockdownor say please bring time hard lost uncle aunty daughter time sad seen situations hospitals time,1.0,sympathy,1,26,1,0
2748,one pandemic kms,-1.0,fear,-1,14,0,0
2749,real bro cant believe people immature enough pray another pandemic like bro,1.0,sympathy,1,26,1,1
2750,going create pandemic couldnt last years,0.0,unemotional,0,27,1,0
2751,man covid really messed immune system along vaccines idt people expecting another pandemic lucky able overcome covid another one would annoying disastrous,-1.0,sad,-1,22,-1,-1
2752,true afaik pretty nonlethal like covioh wait,0.0,unemotional,0,27,1,1
2753,much want boards get cancelled dont want anyone go times anymore dont want families suffer get torn apart silly wish also preboard marks pretty bad dont want counted,1.0,sympathy,1,26,1,-1
2754,remember vividly corona fuckedup school life dont want new virus fuck college well thie,-1.0,fear,-1,14,-1,0
2755,fr,0.0,unemotional,0,27,0,0
2756,prudence last someone covid joke many us lost indian brothers sisters relatives neighbours family members pray better days ahead strive succeed may everyone get good grades exams father served covid never forget difficult things us entire family contracted infection pray safety everyone around world,1.0,happy,1,16,1,1
2757,juniorstrust worst thing imaginable tumhari social life chud jayegi kuch padhai nahi hone wali youll get comfortable online classes exams simply wouldnt want study also happen th grade youll miss best years school life happen another lockdown years op said pandemic lockdown ke liye pray karne ki jagah padh lo,1.0,sympathy,1,26,1,1
2758,dont want pandemic anymore please 😭😭😭 ive enough,1.0,sad,1,22,1,0
2759,one friends said ki marte time logon ko pta bhi bhi chlta isliye cheer kr rha hu like bro literally thinks people dont suffer dying,0.0,enthusiasm,0,12,1,0
2760,finally someone speaking stupid joke,1.0,anger,1,4,-1,-1
2761,lost fucking th th school life covid isnt fun guys impact lockdown still younger students,1.0,sympathy,1,26,-1,-1
2762,dont want lockdownagar boards cancel ho gaye tho pre boards ka average marks lengemera pre board ka average low hai thanks phy,1.0,fear,1,14,-1,0
2763,aye lockdown covid took away fuckin years life agar lockdown agaya theyll take pre board marksthen im cooked,1.0,sympathy,1,26,0,0
2764,want lockdown please,1.0,sympathy,1,26,1,0
2765,worst part cancer,0.0,unemotional,0,27,-1,-1
2766,ye jo chutiye bacche aaj boards ke liye hmpv chah rahe hain ye kya jaanein lives became one covered gaming excessive time wasting looks fine week trust buddy dont want life,1.0,anger,1,4,1,1
2767,seriously yaar parents sare doctors previously doctors army covid started atleast got rations still full salary years covid pandemic service theyre working private mum said better virus doesnt cause another lockdown doctors would work lot would vulnerable virus wouldnt even get pay felt sad listening,1.0,sympathy,1,26,-1,-1
2768,hater hai bhai,0.0,unemotional,0,27,-1,0
2769,deleted,0.0,unemotional,0,27,0,0
2770,dont want preboard marks counted,0.0,fear,0,14,-1,0
2771,oho indian economy,0.0,unemotional,0,27,0,0
2772,stole words agree believe lockdown shortterm benefits like ever helps decrease spread virus society took awkward years till mid reverse damages pandemic pray another downfall periodt💯,1.0,sympathy,1,26,1,-1
2773,like talk political economic state world right aah comment,0.0,unemotional,0,27,1,1
2774,,0.0,unemotional,0,27,0,0
2775,,0.0,unemotional,0,27,0,0
2776,,0.0,unemotional,0,27,0,0
2777,deleted,0.0,unemotional,0,27,0,0
2778,god isnt real take matters hands take action😈 >tbh too<,1.0,sympathy,1,26,1,1
2779,regularly,0.0,unemotional,0,27,0,0
2780,true class thies wishing another drastic lockdown like pair pr kulhaaddii maarnaa,1.0,sympathy,1,26,1,1
2781,wao,1.0,joy,1,19,0,0
2782,fr hmvp exists world since last years severe covid,1.0,sympathy,1,26,-1,0
2783,boards accha jayega tera dw,1.0,joy,1,19,0,0
2784,wait pandemic imgemote|tqt|,0.0,fear,0,14,0,0
2785,one predict anything god knows many mutations may undergone past year forget years hope situation isnt severe thank god china didnt hide information disease got late like covid,1.0,fear,1,14,1,0
2786,seem imply vaccines fucked immune system please dont tell anti vaxxer exists,-1.0,surprise,-1,25,0,-1
2787,also march se yeh ek exam ke liye padh rahi hoonagar cancel ho gaya tho ek saal barbaad,1.0,fear,1,14,-1,0
2788,still worth death suffering brought social lives many people ruined families torn apart economies crashed indias economy cant take another hit especially pandemic sure relaxing stay home moment disease decides snatch lives loved ones get whole new perspective diseases,1.0,sympathy,1,26,-1,1
2789,pta nhi kya bhai ne mutual funds mein rs lagaya hai aur kal retire hone wala hai,1.0,happy,1,16,0,0
2790,dont joke shit bro investors rich get affected economical crashes even dad could lose job shi,1.0,sympathy,1,26,1,1
2791,bhai fir hawa pe gst laga denge,0.0,unemotional,0,27,0,0
2792,jaden smith lmaoo guy tries relatable mature soo hard lol,1.0,joy,1,19,1,1
2793,,0.0,unemotional,0,27,0,0
2794,say ur gandu without saying youre gandu,-1.0,anger,-1,4,0,0
2795,enjoy seeing people die suffer even people family willing take risk seeing parents die front virus another lockdown happens thats saying dude get sense brain,1.0,sympathy,1,26,-1,1
2796,kinda suicidal truly w tho,-1.0,sad,-1,22,-1,0
2797,thing god anyways mutations virus undergo going extreme wouldve visible years ago blue mention media even mark normal cough cold hvmp way covid hospitals cash money happens doctors saints secondly dont really info china real fake theyre strict countrys state news travelling world,1.0,sympathy,1,26,-1,-1
2798,didnt really say vaccines messed immune system probably shouldnt said sentence caught covid thrice wasnt pleasant experience whole situation locked home years along get vaccines cant termed good experience stressful af honestly think vaccines boon society without situation couldve much worse,1.0,sympathy,1,26,-1,1
2799,deleted,0.0,unemotional,0,27,0,0
2800,oho mutual funds retire bhi,0.0,unemotional,0,27,0,0
2801,indians keep mentality like bitch future system makes poorer rich become richer even hypothetically rs invest kiya toh kya hua tune khud kuch jindagi mein toh ukhada nhi gyan dena jarure hain,-1.0,sad,-1,22,1,1
2802,oho economical crashes,0.0,unemotional,0,27,0,1
2803,literrally u,0.0,unemotional,0,27,0,0
2804,abey harr baar kyu cool banna hai meant say knows,1.0,sympathy,1,26,1,1
2805,dude get point talking hundreds thousands people possibly dying one could family members also talking indian economy taking another massive hit possibly taking us years back past still worth personal satisfaction peace,1.0,sympathy,1,26,1,0
2806,sensex bhi lagaya tha pr wo bhi ho gya imgemote|tqt|,0.0,sad,0,22,0,0
2807,bhai ko sarcasm ka meaning dikhado koi 😭,0.0,unemotional,0,27,-1,0
2808,bro got downvoted sane,1.0,enthusiasm,1,12,0,0
2809,nuh uh,0.0,unemotional,0,27,0,0
2810,trying cool telling truth kids dont know difference facts trying cool fault,1.0,sympathy,1,26,1,1
2811,choro bhai hes trying cook something cooked salad cereal,0.0,unemotional,0,27,0,0
2812,bhikari wale joke ko sarcasm nhi bolte,-1.0,anger,-1,4,1,0
2813,bruh atheist aint getting point dont wanna argue,-1.0,anger,-1,4,1,0
2814,kyun offend ho raha hai yaar tu literally teens ke sub pe hai idhar bakchodi hi hoti hai,-1.0,anger,-1,4,-1,0
2815,yeh saab bakchodi se hii start hota hain baadmein jaab bakchodi se real hojayega taab time nhi rahega kuch fix krne ka,0.0,fear,0,14,0,1
2816,ye baat bhi sahi hai 😭,0.0,unemotional,0,27,0,0
2817,new virus thats around since ~ reason spreading anywhere winter theres reason compare covid flu spreading parts us pretty bad right one saying thats like covid,1.0,sympathy,1,26,-1,0
2818,way,0.0,fear,0,14,0,0
2819,got mcfucking plague sequel silksong smh,-1.0,fear,-1,14,-1,0
2820,hump virus,0.0,unemotional,0,27,0,0
2821,😷,1.0,happy,1,16,0,0
2822,virus existed decades people get time seasonal causes coldlike respiratory symptoms sometimes bit severe cause bronchitis common around herd immunity virus widespread pandemic likely winter surge something fear monger,1.0,sympathy,1,26,-1,-1
2823,let see happens,0.0,fear,0,14,0,0
2824,ah shit go,0.0,surprise,0,25,-1,-1
2825,,-1.0,unemotional,-1,27,0,0
2826,well jan starts wtf,-1.0,sad,-1,22,-1,-1
2827,got covid gta,0.0,unemotional,0,27,0,0
2828,stop fear mongering shit known illness spreading flu season china happens every year comparable covid please stop posting bullshit,1.0,sympathy,1,26,-1,-1
2829,second covid gta,0.0,unemotional,0,27,0,0
2830,didnt know comment section could damn stupid hmpv originated netherlands nuke china would harm japan taiwan korea neighbouring countries,1.0,sympathy,1,26,-1,-1
2831,oh noo survived previous pandemic without getting vaccinated without catching covid,1.0,relief,1,21,1,1
2832,world wars moment thought sequel already,1.0,fear,1,14,-1,0
2833,season announced,0.0,unemotional,0,27,0,0
2834,sure gonna go global nobody learned anything last time,0.0,sad,0,22,1,1
2835,come fearmonger memes,0.0,unemotional,0,27,0,0
2836,im hoping another pandemic dont wanna get wanna stay bed day,1.0,happy,1,16,1,0
2837,removed reddit,0.0,unemotional,0,27,0,0
2838,didnt like season one wont go see second one,0.0,unemotional,0,27,-1,0
2839,china seriously wtf,-1.0,anger,-1,4,-1,-1
2840,years start wtf really fun,1.0,happy,1,16,-1,-1
2841,funny government,0.0,fear,0,14,1,1
2842,plagues gta,0.0,joy,0,19,0,0
2843,fucking seriou,0.0,enthusiasm,0,12,0,-1
2844,😂,1.0,happy,1,16,0,0
2845,china pandemic consistent sequels valve gabe,0.0,unemotional,0,27,0,1
2846,im pediatric pulmonary rn new virus already well established us wikipedia second common cause respiratory syncytial virus rsv acute respiratory tract illness otherwisehealthy children age large us outpatient clinic weve already reached sort equilibrium virus population china local epidemic different pandemic know everyones still bit traumatized covid equivalent please stop spreading unfounded fear,0.0,unemotional,0,27,-1,1
2847,tabloids spreading fear momey governments spreading fear power people spreading fear clicks,0.0,unemotional,0,27,-1,0
2848,ive heard couple things say probably research,0.0,unemotional,0,27,0,0
2849,dont forget hn,0.0,unemotional,0,27,1,0
2850,plandemic,0.0,unemotional,0,27,0,0
2851,tf going tell grandchildren,0.0,fear,0,14,0,0
2852,dont think psyche survive another lockdown,-1.0,sad,-1,22,0,0
2853,time side ww eastern europemiddle east,0.0,unemotional,0,27,0,0
2854,one also come bat,0.0,unemotional,0,27,0,0
2855,experiences flashback,0.0,unemotional,0,27,0,0
2856,bit feeling gonna happen,-1.0,fear,-1,14,1,0
2857,half dozen next covid since covid news media learned got tons clicks scaring public covid news clear covid extremely deadly lockdown nurse front lines would never play keep mind media wants clicks like got covid theyll hype whatever virus find spin story,1.0,sympathy,1,26,0,0
2858,woke p,0.0,surprise,0,25,0,0
2859,god dammit china,-1.0,anger,-1,4,1,0
2860,covid monkeypox rd times charm right disease x wef folks talking,0.0,surprise,0,25,1,1
2861,wont play game didnt even want play covid shit turned big deal either,-1.0,fear,-1,14,-1,-1
2862,jfc people mentally incompetent,0.0,sad,0,22,-1,-1
2863,point china nuked,-1.0,anger,-1,4,0,0
2864,please cant high school easier damn college deadlines,-1.0,sad,-1,22,-1,1
2865,yes exam skip ⏭️,1.0,joy,1,19,1,0
2866,never surprise famous black death also come,0.0,unemotional,0,27,-1,1
2867,removed,0.0,unemotional,0,27,0,0
2868,fearing mongering propped force people spending frenzy,0.0,fear,0,14,-1,0
2869,bats whats animal,0.0,surprise,0,25,0,0
2870,dumb wrong,-1.0,anger,-1,4,-1,-1
2871,wait saying media findings new viruses compare covid shoving throats past years clickbait,0.0,surprise,0,25,0,-1
2872,sars around since im scared yall 🫠,0.0,fear,0,14,-1,0
2873,oh yes another pandemic police state rise,0.0,unemotional,0,27,1,0
2874,covid gta,0.0,unemotional,0,27,0,0
2875,hide greenland another years,0.0,fear,0,14,-1,0
2876,saying something fear monger imagine would last line corporate dude makes suggestion gets thrown highrise window meme probably media place theyre brainstorming deliver news new virus china,1.0,fear,1,14,-1,0
2877,thx tiktok videos,0.0,unemotional,0,27,1,0
2878,luckily stopped nd shot covid flu lasted days,1.0,relief,1,21,-1,1
2879,fortunate,1.0,enthusiasm,1,12,1,1
2880,ofc china shithole needs nuked clean,-1.0,anger,-1,4,1,1
2881,point news used excuse open sinophobia hmpv around years including us instant china racism comes,1.0,sympathy,1,26,-1,0
2882,people spreading fear quarantine videogames,1.0,sympathy,1,26,-1,0
2883,already,0.0,fear,0,14,0,0
2884,came birds apparently ~~as originated netherlands ~~ edit first identified case hmpv netherlands,0.0,unemotional,0,27,0,1
2885,probably,0.0,surprise,0,25,0,0
2886,hmpv extremely common virus already outbreak march clickbait,0.0,fear,0,14,0,-1
2887,casually calling genocide,0.0,fear,0,14,1,-1
2888,calm godzilla pal kong disapproves,0.0,joy,0,19,1,1
2889,china nukes,0.0,anger,0,4,0,0
2890,ever notice unstable countries talk nukes china russia iran north korea come mind,0.0,unemotional,0,27,-1,0
2891,black death originated kyrgyzstan central asia hmpv extremely common virus already outbreak march us,0.0,unemotional,0,27,-1,-1
2892,clickbait rags,0.0,unemotional,0,27,0,0
2893,new theyre repackaging common viruses new clickbait,0.0,fear,0,14,0,0
2894,pfp checkouts,0.0,unemotional,0,27,0,0
2895,oh shit,0.0,fear,0,14,-1,-1
2896,ffs greenland ruining another plaque inc run,0.0,fear,0,14,-1,0
2897,ok boomer,0.0,unemotional,0,27,1,1
2898,thanks im lucky thankful sorry bro,1.0,sympathy,1,26,1,0
2899,b people need vaporized nuclear inferno seasonal flu exists,0.0,surprise,0,25,-1,0
2900,never first nuked,0.0,unemotional,0,27,0,-1
2901,always funny like china isnt one racist country earth dont even like people theyre han chinese government actively hostile west theyre containing pandemic level viruses country open air sewer next manufacturing plant many homo sapiens scurry like rats,1.0,joy,1,19,1,1
2902,imagine speaking comment casually encourages genocide murder entire nation billion people deserve death penalty getting downvoted oblivion instead chinese people viewed first victims biggest victims instead joked foreign nuisances eradicated even considered human country requires aid new disease worry sentiment,1.0,sympathy,1,26,-1,0
2903,piss pooh bot,-1.0,anger,-1,4,-1,0
2904,thank information possession,1.0,joy,1,19,1,0
2905,remember nation oc immagination,0.0,unemotional,0,27,0,0
2906,ever actually talked chinese people bad people like everywhere youre racist,-1.0,anger,-1,4,-1,-1
2907,>like china isnt one racist country earth racist fucking proud europe mate chinese people arent like white getting cucked migrants raping native white people native white people cant shit know far right facisttttt cuh lmao always funny asf white people arent talking hard enough native race decreasing decreasing countries getting invaded rd worlders without using guns knives edit appears hit nerves maybe white cucks migrants lmao,0.0,unemotional,0,27,1,1
2908,literally calling genocide,0.0,surprise,0,25,0,0
2909,considered putting end worthless life really,1.0,unemotional,1,27,-1,-1
2910,shut pussy,-1.0,anger,-1,4,0,0
2911,lol statement usa make feel better champ,0.0,unemotional,0,27,1,1
2912,whoa talk oblivious genocide xinjiang im sure agree genocide bad,0.0,anger,0,4,1,-1
2913,china detrimental rest world,-1.0,anger,-1,4,0,0
2914,weak mind body farmer,0.0,sympathy,0,26,-1,-1
2915,thanks abusing report reddit resources enjoy ban 😑,-1.0,anger,-1,4,-1,1
2916,mean like nazis thought jewish people detrimental rest world,0.0,surprise,0,25,1,-1
2917,us isnt countries china invaded compare list countries invaded us,1.0,joy,1,19,0,0
2918,us,-1.0,sad,-1,22,0,0
2919,yeah youre racist piece shit,0.0,unemotional,0,27,-1,-1
2920,pathetic weak comeback wonder uk crumbling smooth brain like allowed use internet,1.0,happy,1,16,-1,-1
2921,rmemes gives fuck lmfao,0.0,unemotional,0,27,0,-1
2922,jewish people didnt spread plagues heavily contribute climate change,1.0,sad,1,22,0,-1
2923,chinese isnt race ethnicity,-1.0,anger,-1,4,0,0
2924,uk crumbling yet chinese people suicide nets outside workplaces get paid terrible money make clothes wear lol quiet flat head,1.0,sympathy,1,26,-1,0
2925,nazis definitely seemed think jewish people spreading plagues,0.0,unemotional,0,27,1,0
2926,terrible argument btw comes c add c america worst offender tell remove america happy nuke country know good country blue red stripes stars orange president happens threaten country tarrifs government threatens icj united states biggest emitter history released billion metric tons carbon dioxide gtco atmosphere since birth industrial revolution,0.0,unemotional,0,27,-1,-1
2927,thats worst argument usa struggled heavily containing covid one worst handling compared first world nations though rates emission per year currently less china total usa created co even believe china severly reporting would still make usa nd highest emitter co besides fact genocide wrong hot take alert logic clearly doesnt track,0.0,unemotional,0,27,-1,-1
2928,notorious one communism,0.0,happy,0,16,-1,0
2929,whats got jewish people,-1.0,anger,-1,4,0,0
2930,fuck think,0.0,unemotional,0,27,-1,-1
2931,relates jewish people claims correlate things nazis said jewish people,1.0,sympathy,1,26,0,0
2932,lmao dumbass forgot youre one brought climate change,0.0,fear,0,14,1,1
2933,could well china fear mongering international media especially play victim later showing high false initial numbers virus,1.0,joy,1,19,-1,0
2934,boards wale padh hei lo kuch cancel nai hoga tumhara paper bas hmari batch lucky thi 😂,0.0,unemotional,0,27,1,1
2935,brocan share video panic fear among people might help calm,0.0,surprise,0,25,-1,1
2936,mahiti aapva maate thankyou uncle jiiiii,0.0,unemotional,0,27,0,0
2937,hmpv virus spread mainly around beijing guess ive heard news idk ur relative recording video distance,-1.0,sad,-1,22,-1,1
2938,thank dont know relieved hear cannot afford another lockdown,-1.0,anger,-1,4,1,0
2939,gujarati seems like easy language understand especially since punjabi bdw thanks sharing ground reality,0.0,unemotional,0,27,1,1
2940,looks like virus fake govt wants lockdown blame bad things happening country lockdown,0.0,surprise,0,25,-1,-1
2941,english version,0.0,unemotional,0,27,0,0
2942,gun point pr banaya hai🤣,1.0,happy,1,16,-1,0
2943,guy would recorded vid made state machineries would vetoed forgotten level digital intervention govt especially region seeing cos isnt relaying bad negative news inverse wanted say ie yes thing serious take care etc etc uncle would gone incommunicado stay safe cheers,0.0,sympathy,0,26,1,-1
2944,kem cho mota bhai,1.0,joy,1,19,0,0
2945,arey kaka toh havee jalebi fafda khai ne jalsa karooo bindassss xd,0.0,joy,0,19,1,0
2946,hes saying either genuine bro earned social credits,0.0,surprise,0,25,1,1
2947,thank sir fake news ae pattar phadi nakhi che,1.0,joy,1,19,-1,-1
2948,people worried hmpv really worried bird flu,0.0,sympathy,0,26,-1,1
2949,lets wait till year end june july timing new virus misfire like many flu strains identified vaccination every year meanwhile like covid samples potentially dangerous superbugs gone missing australia,0.0,sympathy,0,26,-1,-1
2950,someone please translate video,1.0,surprise,1,25,1,0
2951,people china saying thing flu people sick tho,-1.0,anger,-1,4,-1,-1
2952,virus propoganda make quick bucks stunt pharma companies increase revenue,1.0,sympathy,1,26,1,1
2953,someone translate maybe tldr please,0.0,surprise,0,25,1,0
2954,distracting us bad economy right thats,0.0,anger,0,4,-1,-1
2955,guys explain kardo understand gujarati,0.0,surprise,0,25,0,0
2956,bro seems breath maybe get checkup ^^^jk,0.0,unemotional,0,27,0,0
2957,someone please translate,0.0,unemotional,0,27,1,0
2958,someone please translate,0.0,unemotional,0,27,1,0
2959,india fall hoax started reported hmpv virus cases lmaoooo,1.0,happy,1,16,-1,0
2960,friend china using shared,0.0,unemotional,0,27,1,0
2961,new virus serious treatedbut cause serious problems people already weak immune lower lungs capacity takes stay precious safe cos covid weakened respiratory common better stay safe sorry,-1.0,sad,-1,22,1,0
2962,post r india translation,0.0,unemotional,0,27,0,0
2963,china dedollarization growing bric economy looks like media ploy stump eastern economic growth,0.0,sympathy,0,26,1,1
2964,translation please marathi follow sub coz love city,1.0,sympathy,1,26,1,1
2965,lawde ka virus,0.0,anger,0,4,0,0
2966,market,1.0,unemotional,1,27,0,0
2967,translation,0.0,unemotional,0,27,0,0
2968,videos like even covid,1.0,sympathy,1,26,1,0
2969,guy lookssounds distressed,1.0,happy,1,16,-1,0
2970,might get downvoted trusted gujju ki corona serious aint trusting another gujju,1.0,joy,1,19,1,-1
2971,bio attack slayyy,0.0,unemotional,0,27,-1,0
2972,someone translate im non gujju,-1.0,anger,-1,4,0,0
2973,oi bkl chhu wale message indians speak hindi shut,0.0,sad,0,22,0,0
2974,translation please,0.0,fear,0,14,1,0
2975,someone please translate hindi understand words still thank advance,-1.0,fear,-1,14,1,0
2976,kaka ketla hanfta hoy evu nai lagtu ketli taklif pade che bolvama kadach emne j na hoy,-1.0,sad,-1,22,0,0
2977,bhai thoda translated summary pls,0.0,surprise,0,25,1,0
2978,bhai thoda summary translated pla,0.0,unemotional,0,27,0,0
2979,anyone explain saying gujarat,0.0,unemotional,0,27,0,0
2980,op keeps redirecting tweet instead telling happened english,0.0,unemotional,0,27,0,0
2981,god chinese propaganda leaking,0.0,unemotional,0,27,0,0
2982,chinese propaganda come indians cheap buy,0.0,surprise,0,25,-1,1
2983,everything china free fair chinese media isnt controlled communist party script covid different year however illness deadly covid vaccines medicines available small children elderly vulnerable china normal flu winter doesnt mean neglect precautions person video said anything china revealed truth current situation chinese government would never allowed video shared outside country,1.0,surprise,1,25,0,0
2984,translation,0.0,sympathy,0,26,0,0
2985,say dont understand gujarati someone pls translate,0.0,unemotional,0,27,1,0
2986,chillla chilla ke sab ko scheme e batade,1.0,joy,1,19,0,0
2987,one random uncle west delhi random tuesday,0.0,unemotional,0,27,0,-1
2988,chinese called sick man asia reason,0.0,surprise,0,25,-1,-1
2989,ahinu news media isnt chinese media ccp mouthpiece,-1.0,sad,-1,22,0,0
2990,someone please translate either english hindi gentleman saying,0.0,unemotional,0,27,1,0
2991,calm rajeesh,0.0,sympathy,0,26,1,1
2992,wtf saying,-1.0,anger,-1,4,-1,-1
2993,captions dedete,0.0,unemotional,0,27,0,0
2994,,0.0,unemotional,0,27,0,0
2995,one hand videos hand china paid influencers exact type videos know happened dont believe anyone,0.0,sympathy,0,26,1,1
2996,subtitles bro💀,0.0,unemotional,0,27,0,0
2997,subtitles please,0.0,unemotional,0,27,1,0
2998,giving thing message indian gujarati people least use hindi english people get message local language surroundings hope get thank,0.0,sympathy,0,26,1,-1
2999,china ni tarafadari nathi karun chu something someone whos chinas tarafadari would say,-1.0,anger,-1,4,0,0
3000,translation daalo bhau 😂,0.0,unemotional,0,27,0,0
3001,bruh least translate common language cant understand jack,0.0,unemotional,0,27,0,-1
3002,deleted,0.0,unemotional,0,27,0,0
3003,bhosdi ke hindi bol leta,-1.0,anger,-1,4,0,0
3004,uncle gujarti puch rhe honge na waha chinese chalti hai chinese puch ke batao na ek baar,0.0,unemotional,0,27,0,0
3005,deleted,1.0,joy,1,19,0,0
3006,dont know going higher level feel nothing fear,-1.0,sad,-1,22,1,1
3007,anyway must safe rather sorry,-1.0,sad,-1,22,1,0
3008,deep state soros responsible,1.0,sympathy,1,26,1,1
3009,literally godi media spreading panic divert public attention failures tax loot discussions,0.0,sympathy,0,26,-1,0
3010,lol,1.0,happy,1,16,1,1
3011,gold,1.0,joy,1,19,0,0
3012,humara bhi,0.0,unemotional,0,27,0,0
3013,golden year,1.0,joy,1,19,0,1
3014,gifgiphy|eudhdxfbwr,0.0,unemotional,0,27,0,0
3015,kya lucky bhai covid batch sun kar sab judge karte hai,0.0,unemotional,0,27,1,1
3016,sure want share dm,1.0,joy,1,19,1,1
3017,also asked people know beijing heres one conversation,0.0,unemotional,0,27,0,0
3018,virus may normal one nothing afraid,0.0,fear,0,14,0,-1
3019,,0.0,unemotional,0,27,0,0
3020,thanks sharing,1.0,joy,1,19,1,1
3021,lol,0.0,fear,0,14,1,1
3022,worry something cant control chill,0.0,sympathy,0,26,-1,0
3023,source,1.0,fear,1,14,0,0
3024,theres english version video comments,1.0,joy,1,19,0,0
3025,theres english version video ive posted twitter linked comments,0.0,sympathy,0,26,0,0
3026,,0.0,unemotional,0,27,0,0
3027,theres video english content link comments,1.0,sympathy,1,26,0,0
3028,😆,0.0,surprise,0,25,0,0
3029,theres comment posted english version video,0.0,unemotional,0,27,0,0
3030,theres comment posted english version video,0.0,unemotional,0,27,0,0
3031,yes,1.0,happy,1,16,1,0
3032,,0.0,unemotional,0,27,0,0
3033,flair letting post health news,0.0,sympathy,0,26,0,0
3034,,0.0,unemotional,0,27,0,0
3035,find english version comments,1.0,surprise,1,25,0,0
3036,helmet pehno mask ke saat saat,0.0,unemotional,0,27,0,0
3037,sir mujhe kya pata,0.0,surprise,0,25,0,0
3038,information indian market fell cases reported bangalore rest world markets including china taiwan korea rising stable,0.0,unemotional,0,27,1,0
3039,english version video comments,0.0,unemotional,0,27,0,0
3040,,0.0,unemotional,0,27,0,0
3041,boss,-1.0,sad,-1,22,0,0
3042,wish sir hes saying theres need panic,0.0,unemotional,0,27,-1,0
3043,theres comment linked video posted twitter thing english,1.0,joy,1,19,0,0
3044,theres comment posted english version video,0.0,unemotional,0,27,0,0
3045,,0.0,unemotional,0,27,0,0
3046,hi sir video ment relatives expecting explode posted english version x link comments somwhere,0.0,sympathy,0,26,0,0
3047,well sir observation sharing want consider think taking sides continue believing,0.0,unemotional,0,27,1,0
3048,say rw keyboard warriors,0.0,unemotional,0,27,0,0
3049,sir comments english version hai,0.0,unemotional,0,27,0,0
3050,,0.0,unemotional,0,27,0,0
3051,theres english version comments,0.0,unemotional,0,27,0,0
3052,china driver left side sir,1.0,surprise,1,25,0,0
3053,,0.0,unemotional,0,27,0,0
3054,,0.0,unemotional,0,27,0,0
3055,bhai woh log english samaj te hai,0.0,relief,0,21,0,0
3056,downvoted ig people didnt understand joking,1.0,joy,1,19,-1,0
3057,media better comment wasnt 😅,0.0,surprise,0,25,1,1
3058,feel,0.0,unemotional,0,27,0,0
3059,also godi media,0.0,unemotional,0,27,0,0
3060,bro download share family friends group parents chicago also worried,0.0,fear,0,14,1,0
3061,thank sharing say thanks relative toothis news relived lot people might save lives,1.0,relief,1,21,1,1
3062,share plz one journalist group theyre keep sharing something without validation helpful,0.0,fear,0,14,1,0
3063,hope whatever people r saying truth china hiding stuff like covid time bcs nowhere cases r suddnly coming,0.0,fear,0,14,1,0
3064,whats app using,0.0,surprise,0,25,0,0
3065,exactly govt exploit,1.0,fear,1,14,-1,1
3066,ya seems,0.0,unemotional,0,27,0,0
3067,stopped trusting scammer organization day didnt tell everyone covid death people metabolic disease,-1.0,anger,-1,4,-1,0
3068,people waiting chinese virus speculations bhavishya mallika jagannath dham also shri vijay goel renowned mundane astrologer many flus srs meanwhile even health child welfares list none caused raging emotions,0.0,unemotional,0,27,1,1
3069,going trust happened covid vaccines sorry say survival chances world zero,0.0,sympathy,0,26,1,-1
3070,ok ask later today let know,0.0,unemotional,0,27,1,1
3071,thanks,1.0,happy,1,16,1,1
3072,thing said,0.0,unemotional,0,27,0,0
3073,exactly mfs proceed use everything frm china😂😭,1.0,enthusiasm,1,12,0,1
3074,deleted,0.0,unemotional,0,27,0,0
3075,ppl generally dont get jokes love khaman dhokla jokes ig,1.0,happy,1,16,-1,1
3076,first case old spread much per time passed since,0.0,sympathy,0,26,0,1
3077,sure man go ahead,1.0,joy,1,19,1,1
3078,dm,0.0,unemotional,0,27,0,0
3079,,0.0,unemotional,0,27,0,0
3080,observation trustable sources health min also gave statement believe,1.0,sympathy,1,26,1,0
3081,wechat,0.0,unemotional,0,27,0,0
3082,much clear comorbidity body heavenly situation covid strain vulnerable,1.0,sympathy,1,26,1,-1
3083,awaiting reply,0.0,unemotional,0,27,0,0
3084,driving sitting roght side driver,0.0,unemotional,0,27,0,0
3085,someone downvoted fuck person particular care karma wanna know reason edit fuck people downvoted,-1.0,anger,-1,4,-1,-1
3086,okay observation china kept original spread cover late,-1.0,anger,-1,4,1,1
3087,health ministry askd also look matter provide actual information well,0.0,sympathy,0,26,1,0
3088,banned india using,1.0,surprise,1,25,-1,0
3089,try login via vpn shows someone scan qr code verification,0.0,unemotional,0,27,0,0
3090,didnt acknowledge till late following quite attentively even didnt acknowledge fact vitamin get sun reduce severity instead focused masks indoors ultimately kept everyone unhealthy sedentary state makeing even unhealthy virus killed lot people could saved excercise sunlight one job spread awareness spread fear,0.0,sympathy,0,26,-1,-1
3091,tried asking post also removedso leave,0.0,unemotional,0,27,-1,0
3092,deleted,0.0,unemotional,0,27,0,0
3093,xd,1.0,joy,1,19,1,0
3094,agree even beijing friend telling wife general hospital last weekend ortho related problem patient usual nothing ordinary,0.0,sympathy,0,26,1,-1
3095,,0.0,unemotional,0,27,0,0
3096,cant ask someone,0.0,unemotional,0,27,0,0
3097,simple logic tho less vitamins body obviously going create bad conditions body since covid im taking vitamin week vitamin b daily apart zinc magnesium potassium needed activate immune system cells thymus gland part throat chest would obvious youre inside house time vitamin intake becomes must thing lack vitamin create calcification arteries vitamin required carry calcium right places body teeth bones lack blocks heart arteries,1.0,sympathy,1,26,1,-1
3098,okay👍,1.0,happy,1,16,0,0
3099,initially stationary later car moving driving left side like op said possible someone else driving,0.0,surprise,0,25,1,0
3100,even friend china getting clear info though,0.0,unemotional,0,27,1,1
3101,👍,0.0,unemotional,0,27,0,0
3102,yes please,0.0,unemotional,0,27,1,0
3103,texted,0.0,unemotional,0,27,0,0
3104,congratulations smarter vast majority humans made everyone know much simple circular could done got mask isolation news,1.0,happy,1,16,1,0
3105,deleted,0.0,unemotional,0,27,0,0
3106,cannot rely news simply ask around circle,0.0,unemotional,0,27,0,0
3107,bad going op said person driving making video,0.0,unemotional,0,27,-1,-1
3108,nothing factual circles anecdotal stories,1.0,fear,1,14,0,0
3109,hum long term investor ban gaye,0.0,sympathy,0,26,-1,0
3110,duniya mein kuch ho jaye sabse phle g indian markets ki fat jati hai,1.0,surprise,1,25,0,0
3111,anything bad happens part world indian markets,0.0,unemotional,0,27,-1,-1
3112,another reason operators manipulate nothing else,0.0,unemotional,0,27,0,0
3113,yaar yeh retail wale phattu hote hai ya institutional waale kuch hua nahi ki profits book kar leta hun kya pata kal maut aa jaaye,0.0,unemotional,0,27,1,0
3114,facade real reason rupee shitting bed,1.0,happy,1,16,-1,1
3115,collective lunacy,0.0,sad,0,22,0,0
3116,pump season begins,-1.0,anger,-1,4,0,0
3117,mai sunday ko l ka mfs lia tha aaj buy hoga ache price mein bas market aur neeche na jaaye aate weeks mein jaane waala hai bc 😭,0.0,unemotional,0,27,-1,0
3118,excuse,1.0,joy,1,19,1,0
3119,portfolio sabse pehle toh aapko ghabrana nhi hai,1.0,happy,1,16,0,0
3120,funny thing even new virus around + years even funnier fact seasonal flu edit comments mention first hand experience thats leading indicator compared news article time maskup,1.0,enthusiasm,1,12,1,1
3121,one word panic,1.0,joy,1,19,-1,0
3122,chud gaye guru🥲 gifgiphy|joxthegtjusbo,-1.0,anger,-1,4,0,0
3123,operators leave room manipulating even icky reason enough,0.0,unemotional,0,27,-1,-1
3124,dip dip dippity dip said dip dip dippity dip,-1.0,anger,-1,4,0,0
3125,youre stock market investing opponent china 💀,1.0,surprise,1,25,0,0
3126,operators ko bahana chahiye bas giraane ka,1.0,sympathy,1,26,0,0
3127,dunia mai jrra bhi kuch ho first thing people indian stock market press sell button dont,0.0,unemotional,0,27,0,1
3128,wonder apollo hospital roared negative highs,0.0,unemotional,0,27,-1,-1
3129,guy bought etfs every dip nifty would love know hes weather,0.0,sympathy,0,26,1,1
3130,long overvalued market sees correction chinas uss year save comment,0.0,surprise,0,25,1,0
3131,takes 😔,0.0,unemotional,0,27,0,0
3132,buy buy buy gifgiphy|hfxwylerobo,0.0,unemotional,0,27,0,0
3133,erkaltungsviren mutieren von monat zu monat wenn aber jemand der erkaltung einen anderen namen gibt wird daraus plotzlich das bose superbarzillus ferner wurde ich mal wagen zu behaupten dass indien die medizinische versorgung hier und da noch leichte defizite hat und wenn zwei von milliarden einwohner indiens hmpv kriegen dann fallt unmoglich ein aktienindex ich hatte aufgrund eines geschwachten abwehrsystems eine rsv infektion seitdem ist corona ein witz fur mich rsv atemnot hustenattacken nur opiate helfen wochen krank corona kaffee schmeckt tage nicht,0.0,sad,0,22,-1,0
3134,crash word used lot days happen see real crash,0.0,fear,0,14,-1,1
3135,cos markets run emotions,0.0,sad,0,22,0,0
3136,tell novice without telling novice daily movements stock markets driven marginal buying selling affected sentiments nobody sitting computer find exactly much world going affected virus much would affect indian economy much would affect business prospects listed companies,0.0,sympathy,0,26,0,1
3137,thought bad results last quarter,0.0,surprise,0,25,-1,-1
3138,time buy,0.0,surprise,0,25,0,0
3139,buy,0.0,unemotional,0,27,0,0
3140,round fight,0.0,unemotional,0,27,-1,-1
3141,next leg downfall,-1.0,anger,-1,4,0,0
3142,somehow crypto market doesnt give fuck virus,-1.0,anger,-1,4,1,-1
3143,season episode,0.0,unemotional,0,27,0,0
3144,duniya kch bhi ho india walo ka peshab pahle nikalta hai,1.0,happy,1,16,0,0
3145,abeey yaaar abhi toh recover ho raha tha phir girr gaya😭,0.0,unemotional,0,27,0,0
3146,world stop playing chinese checkers,0.0,unemotional,0,27,-1,0
3147,hmmmm bus itna sa,0.0,sympathy,0,26,0,0
3148,hmpv become big challenge spreads fast tourism,0.0,surprise,0,25,1,1
3149,kal bhi girega fir,0.0,unemotional,0,27,0,0
3150,ye sirf trailer hai picture abhi baqi hai dost 😎,0.0,unemotional,0,27,0,0
3151,thought buying put bounced back green didnt quit fno,1.0,fear,1,14,0,-1
3152,still gained infosys tho lol,0.0,sympathy,0,26,1,1
3153,bought tata power shares ofcourse long term💀,1.0,sympathy,1,26,1,0
3154,dar ka mahol hai,0.0,surprise,0,25,0,0
3155,mai buyondips hold kiye chala hoo 🤷🏼‍♂️,0.0,unemotional,0,27,0,0
3156,master stroke incominglets shut everything another year also lets tax gst,0.0,unemotional,0,27,0,0
3157,think beginning right fall,1.0,joy,1,19,0,1
3158,news trigger stocks plummet 🙄 basically news 🗞️,0.0,fear,0,14,0,0
3159,stupid stupid stupid man havent made clear virus isnt new isnt anywhere close covid terms effects,-1.0,anger,-1,4,-1,-1
3160,hi utechnicaldrag welcome rindianstreetbets use daily discussion thread basic queries contributing check particular question answered wiki utilise search function please use proper post flairs adhere rules sidebar urged post beginner questions stickied daily discussion thread discord beginnerquestions channel keep subreddit clutterfree possible post good insights well research tag mods give shoutout discord get post traction thank bot action performed automatically please contact moderators subredditmessagecomposeto=rindianstreetbets questions concerns,0.0,unemotional,0,27,1,1
3161,shoes people business dumbos,-1.0,anger,-1,4,0,0
3162,im begging hard another lock pleasee,0.0,surprise,0,25,-1,-1
3163,buy dip bro,0.0,sympathy,0,26,0,0
3164,ekdm sahi bole bhai duniya kahin kuch ho jaye indian markets baith jaati rudaali karne chinese markets us markets itna react nahi karti jitna indian markets karte,0.0,unemotional,0,27,0,0
3165,,0.0,unemotional,0,27,0,0
3166,happened indian markets resilient,0.0,surprise,0,25,0,0
3167,fiis pulling like crazy,0.0,unemotional,0,27,0,-1
3168,know bad comment insanely funny,1.0,happy,1,16,-1,-1
3169,ye market rolu katta hai gowd zraa sa kch ho jaaye india mein ese ro k girtaa hai na bus kyaa btaau,1.0,happy,1,16,0,0
3170,unexpected one inefficient market long way go,0.0,sympathy,0,26,0,0
3171,🤣🤣,1.0,happy,1,16,0,0
3172,fiis selling anyway fresh panic surely fainthearted retailers,0.0,sympathy,0,26,1,1
3173,covid ke baad se bhot saare newbies add hue hai market specially way easier invest wo koi bhi decision lete waqt dimag thodi lagate hai,0.0,unemotional,0,27,1,1
3174,retail likely lagta h aj dii fii net buyers dekte h end day pe,0.0,fear,0,14,0,0
3175,news priced point selling stocks cuz good buy time,1.0,sympathy,1,26,1,1
3176,inr raddi currency,1.0,surprise,1,25,0,0
3177,anhi shuru hua hai,1.0,fear,1,14,0,0
3178,yes price coming take low,1.0,fear,1,14,1,0
3179,read article looks like downplaying covid common cold took lot lives hmpv,1.0,sympathy,1,26,1,-1
3180,also well niftybees average price past months purchases bought today amount allocated purchase key,1.0,sympathy,1,26,1,-1
3181,overvalue overvalue mat kar bhai us trillion dollars companies absurd pe ratio yet getting pumped covid,1.0,sympathy,1,26,0,-1
3182,youre rightsome market drops driven panic selling fear spreads people overreact dumping stocks regardless viruss real impact less virus herd behavior market,1.0,unemotional,1,27,-1,0
3183,fair point daily market movements sentimentdriven deep calculations longterm impact virus news fuels sentiment triggering panic optimism precise valuations headlines shape collective behavior short term,1.0,unemotional,1,27,1,1
3184,well idfc bag holder dont think,1.0,surprise,1,25,1,0
3185,even covid wasnt new virus textbook way became pandemic creation new virulence new variants also attack rates fatalities,1.0,surprise,1,25,-1,1
3186,probably isnt best way express sympathise life middle class eerily peaceful one family died nothing ever happened know huge price paid whole world got back exact mindless exploitation consumption feel anachronistic,1.0,sympathy,1,26,-1,1
3187,better get infected die rest life would locked,0.0,sad,0,22,-1,1
3188,ghade,0.0,unemotional,0,27,0,0
3189,let jobbusiness fail understand pain idiot,1.0,happy,1,16,-1,-1
3190,bhai dip buy karte karte bank balance dip chala gya hai ye dip hi na khatm ho rha market ek hafte badhta hai fir din neeche chala jata hai kitna hi koi dip le lega,0.0,unemotional,0,27,0,0
3191,kithna bro since october avg everything come somewhere decent still profit bought need l counting ps wont buy saying,0.0,unemotional,0,27,1,1
3192,wo bhi paisa bnane ka mauka hai bus dimag paise chaiye,0.0,sympathy,0,26,0,0
3193,yeah ppl shouting indian market growing like anything even wehn us struggling india decouping,0.0,surprise,0,25,1,0
3194,pulling long time,0.0,surprise,0,25,0,0
3195,india shit economy leadership,0.0,sympathy,0,26,-1,-1
3196,one known came bangalore symptoms common coldflu prescribed otc symptomatic treatment case viral flu even days symptoms worsened like chest pain breathing difficulty copious mucus discharge got okay give lot cough expectorants bronchodilators im experiencing symptoms par covid first wave stronger second one surely affected chest way say warned could cause major outbreak,0.0,unemotional,0,27,-1,1
3197,> covid common cold took lot lives hmpv hindsight covid numbers slightly higher seasonal flu lot downward revisions lots countries amid swirl conspiracy theories even taking top bracket numbers exceed spread yrs wwide may issue drastically variant flu,0.0,unemotional,0,27,-1,0
3198,fact existed done rounds countries wouldnt alarm potential affect people adversely given already healthy covid number wouldnt dare say without thought cautious always better,0.0,unemotional,0,27,1,1
3199,saying theyre justified companies like nvidia quite disruptive adani much,0.0,unemotional,0,27,1,1
3200,would logically buy dip unfortunately cant trade also understand remains certain fear covid lockdown stop effectively every kind factory work stop kinds domestic services,0.0,unemotional,0,27,-1,1
3201,know ask,1.0,unemotional,1,27,0,0
3202,covid great air quality birds cities,1.0,joy,1,19,1,1
3203,deploy money chunks,1.0,enthusiasm,1,12,0,0
3204,years least,0.0,unemotional,0,27,0,-1
3205,extra hard,0.0,unemotional,0,27,-1,-1
3206,laser eyes,0.0,unemotional,0,27,0,0
3207,bhai chunks bhi chunky pandey ban chuke ab har hafte ka yehi kaam ho gya market ka step upar step neeche,1.0,happy,1,16,-1,0
3208,bro could explain bit mean small investments,0.0,surprise,0,25,0,-1
3209,ryearsatleast,0.0,unemotional,0,27,0,0
3210,fii daddy staphhhhh,0.0,surprise,0,25,0,0
3211,hard market got panicked hmpv news think,0.0,sympathy,0,26,-1,-1
3212,dance classes chalu karo,1.0,joy,1,19,0,0
3213,bro sense humour good😭💀🤣,1.0,happy,1,16,1,0
3214,thank submission please note response constitute doctorpatient relationship subreddit informal second opinions casual information mod team best remove bad information catch always visit doctor real life concerns health never use subreddit first final source information regarding question posting agreeing terms use understand information taken risk reply unverified user wishing give advice top level comments laypeople automatically removed bot action performed automatically please contact moderators subredditmessagecomposeto=raskdocs questions concerns,0.0,unemotional,0,27,1,1
3215,youre poor enough insured daughter almost certainly qualify emergency medicaid cover entire visit including urgent care hospitalization would like clarify well sat lower lobe pneumonia garden variety flu respiratory infection without treatment real possibility killing child next day two whatever cost youve gotta pay without oxygen monitoring length time right time could tire respiratory arrest die cant overstate enough needs treatment,0.0,sympathy,0,26,-1,0
3216,seeing sick children right pneumonia top flu bad bad bad across country triad low oxygen plus fast respiratory rate plus fatigueincreased work breathing comes drop cliff unfortunately kids adults exhaust reserve without many signs collapse immanent cant wait look worse look like crisis please let take hospital ambulance honestly although triage shouldnt work way may make even inch likely get last bed last night call spent next day pulling together direct line numbers transfer centers equivalent childrens hospitals surrounding seven states id call four childrens hospitals could find one transfer well one would taken hour wait expected dont kidsized ventilators last time saw one like intubate tried best awaiting transport childrens hospitals crisis version surge rsv flu hitting hard covid still secondary pneumonias check nursing subreddit nurses without experience pediatrics pulled including nicus picus hospital work specific language use asking aid hole medicaid able pay help please get safe edited add sorry deal hard awful choose,1.0,sympathy,1,26,-1,-1
3217,im sorry happening daughter safe option ambulance ride oxygen mask speak hospital social worker admitted certain income level likely daughter qualify statefunded childrens health care plan qualifies retroactive care receive since qualified along ask applying charity carebill forgiveness hospital option take perseverance organizations help advocate get bill seems unfair good luck,1.0,sympathy,1,26,1,1
3218,really makes sad cost financial barrier healthcare im sorry hear daughter sick costs already adding oxygen saturation low normally want young healthy child least ideally higher hypoxemia cause considerable damage many parts body needs oxygen mask beyond even nasal prongs keep oxygen levels normal range thats quite serious even feel daughter currently doesnt physically appear look sick something managed urgent care centre,1.0,sad,1,22,-1,-1
3219,hope little one gets better,1.0,sympathy,1,26,1,1
3220,glad hear shes better sounds like mommy pretty strong,1.0,sympathy,1,26,1,1
3221,wroding uc used must xyz incorrect option driving child hospital youll taking risk chance child get super sick taking ambulance taking low whether need go hospital thats harder know without seeing child statistically transfers sort prevent suiting doctor afterward shit goes wrong yes people sue doctors dont take every possible last resort prevent something even remotely happening child maintain oxygen stay hydrated home signs sepsis would take child home something goes wrong would go follow good pediatrician go back urgent care walk er,1.0,sympathy,1,26,-1,-1
3222,thank pointing nad op college friends mourning today lost lovely healthy year old friend last night pneumonia complications flu went fine tuesday intubated life support thursday please listens doctors transferred however think likely keep comfortable importantly safe im sorry insurance issue see lots great comments helping issue,1.0,sympathy,1,26,1,1
3223,thank info realize almost late truly thought flu im glad decided bring urgent care know signs watch future take action vs waiting little difference life death feel guilty didnt bring sooner im thankful shes going okay shes great care able elaborate little language use ask aid ive heard elsewhere wont offer specifically ask,1.0,sympathy,1,26,1,1
3224,sweet spirit id wager limb youre excellent doctor driven actual desire fix booboos thank clear language sounding alarm likely working long hard times like idea crisis ill spread word hang needed appreciated,1.0,sympathy,1,26,1,1
3225,one doctors offices inside hospital building letting kids inside visit screening people coming signs illness know manyadults picked illnesses kids already year yes thats usually normal usually minor colds week long knock drag fights illnesses rsv flu kicking hospitals asses need get back start telling people feel sick stay home need go wear mask people feel like dont need anymore covid vaccinated know sick covid theres anywhere dealing gets really bad surge winter going absolute catastrophe dont say doomer say see large well staffed urgent care hospital times around crazy slow times example see measures hospitals putting place first large thanksgiving dinner couple years none husband like people dont want able christmas dinner year im certainly doomering wish far psas,1.0,sympathy,1,26,-1,-1
3226,seeing high rates rsv flu children also adults many infected symptomsthe virus worsestronger previous years makes sick,1.0,surprise,1,25,-1,-1
3227,ill add im medical coder part assist patients high medical bills attempt get written reduced op likely get medicals waived reduced medicaid usually day retroactive look back claims people unemployment also usually eligible snap well federal boosters place might also give breathing room well,1.0,sympathy,1,26,-1,-1
3228,hospital daughter may qualify medicaid person help application cant speak tx states ive worked medicaid retroactive beginning month qualifies hospital stay urgent care visit covered dont want get hopes want know hospitals work uninsured people every day people employed hospital help,1.0,surprise,1,25,1,0
3229,following comment saw elsewhere reddit today sorry dont redditors name hey sweetie negotiate hospital bills living want let know youre feeling normal people dont understand serious take deep breaths let explain insurance carriers hire people like negotiate bills behalf frequently gets bills reduced caused providers pad bills knowing receive small portion plus uninsured folks never pay means hospitals doctors try charge outrageous amount money basic services pay bill ever cant anything one force show credit report medical debt separate debt america literally everyone medical debt wont stop getting apartment buying car house doesnt make difference years hospital sell collections agency pennies dollar collections people send letters call times trying settle point want settle offer ridiculously low amount resolve bill full likely take still want pay gets sent collections would never call hospital ask itemized bill significantly smaller ask self pay discount substantial ask make monthly payments couple bucks month long youre making payments wont get sent collections even cares please dont anything drastic system fucked supposed make scared nervous sell baby pay bills end hospital knows leverage want make everything complicated intimidating dont let win got,1.0,sympathy,1,26,-1,-1
3230,op ask related question son yo asthma usually sits healthy asthma flare hes sick without active asthma attack generally ranges dropped low weve told take emergency room drops lower safe staying home bed whenever hes sick right thats currently whats happening,1.0,surprise,1,25,-1,0
3231,>it really makes sad cost financial barrier healthcare even access child child responsible parents ability pay insurance,1.0,sympathy,1,26,-1,0
3232,mom got hypoxemia pneumonia never understood happened 😭,-1.0,sad,-1,22,0,0
3233,emt premed student one semester degree body finally tried give wanted doctor badly never understood cost healthcare us side starting continuing throughout entirety college pyelonephritis multiple instances sepsis kidney failure name entire life never uninsured never lower gold level amazing insurance accountant friend sat got million dollars gave adding rest medical bills cant even file bankruptcy would point something go away insuredi cant even imagine someone similar situation without insurance wrong people like op even worried financial cost healthcare,1.0,sympathy,1,26,1,0
3234,thank ❤️ slowly surely,1.0,happy,1,16,1,1
3235,thank ❤️ almost,1.0,happy,1,16,1,0
3236,read post carefully case equivocating internet parent took uncertainty response heart chose take home theres good chance kid would die even sicker end go hospital colleagues urgent care seen want transferred enough wholeheartedly endorse necessity transfer kid sat room air,0.0,sympathy,0,26,1,1
3237,kids room air spo im pediatrician seems like slam dunk hospitalization,0.0,sympathy,0,26,0,0
3238,rapid respiratory rate pulse oximetry room air young child pretty concerning cant see child hard say difficult respiratory effort dont know far hospital possibility child may worsen drive exists thats choice make mind ambulance ride makes sense would speak hospital admissions folks applying medicaid child someone stated earlier retroactive beginning month,0.0,sympathy,0,26,-1,-1
3239,leave go home would definitely medical advice signing child acute hypoxic respiratory failure would immediately provoke report child protective services,1.0,unemotional,1,27,-1,1
3240,read post options case ambulance hospital call cps followed ambulance hospital im frankly shocked urgent care holding onto kid long enough op make reddit post,1.0,unemotional,1,27,1,-1
3241,sorry hear loss taken advice heart followed instructions get daughter care needs,0.0,sad,0,22,1,-1
3242,anyone reading thing flu influenza kills thousands people mostly children elderly get bloody flu shots people,0.0,unemotional,0,27,-1,-1
3243,might suggest check nbcs national news night covering convergence flu rsv quite awhile even showed texas children almost beds awhile back situation sick kids serious interviewed lot families idea rsv bad also showed kids rsv chests breathing went hospital sick kids always top program dont watch entire national news dont want please dont take offense im trying suggest good easy access source solid information childhood diseases spreading like wildfire right,0.0,sympathy,0,26,-1,0
3244,idea bad kinds worries im daycare teacher almost kids started getting sick week ago coteacher started getting sick last wednesday scratchy throat sounded congested otherwise felt fine well saturday hit things got bad im coughing hard muscles stomach hurt cough hard cant breathe seriously awful weekend husband humidifier next bed thats starting help even thought maybe could go work today extremely short staffed dont want spread anything especially hard children,0.0,surprise,0,25,-1,-1
3245,also places let set payment plan friend paid month years bill settled horrible finances dictate amount health care person access please take ambulance,0.0,unemotional,0,27,1,-1
3246,adding onto many hospitals work families come payment plan im doc child whos pneumonia nearly dozen times plus scary incidence rsv oxygen low please listen urgent care docs deal financial side things later like person said people hospital whose job help uninsured people navigate financial side things,1.0,sympathy,1,26,1,0
3247,hospital social worker help apply financial assistance including hospitals charitable fund outside funding like medicaid daughter needs treated doesnt get brain injury oxygen deprivation scrambles brain even information need make decision brain trouble finding info understanding consequences actions speaking experience im years post oxygen deprivation still need hour direct supervision keep preventable accidents,1.0,surprise,1,25,-1,1
3248,former texas medicaid caseworker op see apply coverage beginning month also three months prior need able apply online texas benefits website app,0.0,unemotional,0,27,1,1
3249,texas medicaid system horrifically low income guidelines massive hole people make much medicaid enough afford treatment texas lowest income limits medicaid something insanely ridiculous like fpl basically unless income getting medicaid sadly compare nys allows medicaid fpl,0.0,unemotional,0,27,-1,-1
3250,im coder ive seen retroactive medicaid days usually isnt hard get depends claims available friend mental crisis april late may able get hospital encounters covered ambulance hadnt gotten healthcare years hes medicaid starting get care needs much stable,0.0,unemotional,0,27,1,0
3251,thank much,0.0,sympathy,0,26,1,1
3252,slight bone pick work medical billing tx many facilities caught procedure comment describes therefore many forcing autopay minimum monthly payment theyll accept example last hospital bill insurance would take less month otherwise automatically report collections dirty business hopefully op much better luck,0.0,surprise,0,25,1,1
3253,still report credit report regular debt challenge sue,0.0,sympathy,0,26,1,0
3254,great info interesting read comment elsewhere today id like see responses thisive read stories people going bankrupt medical debti wonder depends state,1.0,unemotional,1,27,1,1
3255,nad bronchial asthma basically asthma kicks im sick runs family brother full blown asthma cant give solid advice like doctors tell stays low range longer hours need treating albuterol nebulizer machine prescribed open airways nebulizer machine home must anyone asthma b nebulizer isnt bringing numbers dont nebulizer numbers stay low best take reason low blood oxygen depriving tissues organs necessary oxygen sustain themself meaning long term bad consequences said low makes heart work faster keep lack oxygen blood isnt giving situation couldnt get numbers lying still albuterol treatments wouldnt let go hour two regardless number even notice blue tinging lips fingers toes get pronto,1.0,sympathy,1,26,-1,0
3256,kid acute respiratory failure due pneumonia idea verified physician sub would suggest possibility transport ambulance admission yeah suppose leave ama child potentially die always option parent could make however thats advice people usually look sub,1.0,sympathy,1,26,-1,0
3257,deleted,0.0,unemotional,0,27,0,0
3258,agreed accurate child desating supplemental resp distress discharge youd correct either didnt read reread ops information wrong others didnt pay attention wrote possibly got triggered anything ama certainly carries emotional charge us physicians,0.0,sympathy,0,26,-1,0
3259,thank total shock see someone healthy taken quickly hope daughter swift recovery,0.0,surprise,0,25,1,1
3260,search hospitals charity care policies see income qualifies free care,0.0,unemotional,0,27,1,1
3261,please remember kids compensate may look fine pediatrics whole different animal thank listening advice,0.0,unemotional,0,27,1,1
3262,hope daughter heals soon know hard entire family someone sick,0.0,sad,0,22,-1,-1
3263,also talk social worker hospital help get coverage daughter likely qualifies medicaid covered social worker help,0.0,sympathy,0,26,1,0
3264,thats messed shes never flu ive others family recovered quickly children adults frame reference really never make mistake getting flu shots religiously going forward fact doctor said late get one shes fully recovered,0.0,sympathy,0,26,1,0
3265,thank doctor many people say work yesterday flu didnt cold doctor explained lying bed sick someone tells dollar bill porch get get dont flu,1.0,sympathy,1,26,-1,-1
3266,may suggest ill pass news junkie trump happened increasingly depressed eventually due reasons beyond current events exacerbating situation suicidal two letters written one go detailed plan place turns theres letter good enough child decided make changes see theyd help one changes stop watching reading much news im less informed much happier living person different friend literally couldnt handle also remain mentally emotionally healthy family needed,1.0,surprise,1,25,1,1
3267,thats true dont particularly like payment plans unless absolute certain chances repayment normally people struggling splitting isnt always helpful,1.0,sympathy,1,26,-1,1
3268,thank hospital staff also gave packet apply medicaid definitely,1.0,happy,1,16,1,0
3269,th reason texas one eleven states chosen expand medicaid,0.0,unemotional,0,27,1,0
3270,current texas medicaid income guidelines show fpl medicaid child family two texas pretty terrible federal government makes childrens medicaid guidelines,0.0,unemotional,0,27,0,-1
3271,little better children adults tx ssdi savings disqualified many supplemental programs least raised income level yr,1.0,sympathy,1,26,1,1
3272,also recommend asking hospital systems charity care im social worker ive helped patients complete paperwork,1.0,surprise,1,25,1,1
3273,yeah hey sweetie person full crap truth financially ruins families go year financial black holes quality life barely survive going ed getting admitted death sentence someone usually takes multiple visits anyway would turned away child breathing mask billed family k time hour wait doesnt affect comment collections means cant buy house finance car ever theyll pay triple rent buy pay heres poor forever hand dont take get life prison death occurs,0.0,sad,0,22,-1,-1
3274,yeah thought medical debt biggest reason bankruptcy us people handling wrong,0.0,unemotional,0,27,-1,-1
3275,havent given nebulizer im going ask one next appointment asthma clinic maintenance steroid inhaler emergency ventolin inhaler weve gone er steady low oxygen anything wheezing labored breathing hes sitting wheeze obvious distress send us home last time went entire time triage could hear wheeze lungs wasnt monitored waiting room saw doctor prescribed oral prednisone sent home ventolin treatment,1.0,sympathy,1,26,-1,0
3276,given opining internet uc physician seen assessed irl wants transfer think inappropriate introduce doubt case even though yes youre saying totally reasonable laypeople internet often dont ability understand nuance youre trying provide person risk making bad decision got call nonmedical family friend daughter hypoxic fast resp rate known pneumonia bring ed assessment would response would bs equivocating reliability sat probe would tell bring add uc physician wants transfer hospital would decline transfer fuck wouldnt introduce doubt necessity transfer case correct answer binary yes given information post child transferred ed obviously yes,1.0,sympathy,1,26,-1,0
3277,take chance spo reading medical facility patient symptomatic days taken seriously vitals otherwise recorded blown simply happen see children different vitals upon arrival ed sometimes,1.0,surprise,1,25,1,-1
3278,,0.0,unemotional,0,27,0,0
3279,biggest lesson learned throughout ordeal might look fine theyre become life threatening situation quickly never second guess comes health thought taking urgent care day thankfully still made time childs health cannot taken lightly would literally die without advice came im grateful everyone provided insight knowledge didnt,1.0,sympathy,1,26,1,1
3280,thank ❤️ slow progress still progress hoping go home tomorrow,1.0,happy,1,16,1,-1
3281,definitely worth getting even influenza one nasty viral infections several types flu get shots contain scientists best guesses kinds going circulate given season year shot includes types got one still get,0.0,unemotional,0,27,1,1
3282,thank learning update breathing things kids get scary fast grew poor asthmatic family asthmatics learned brother ended hospitalized week kid something started small turned double pneumonia bronchitis time done im glad came listened tend get flu yearly bad even flu shot without flu shot get even worse ive gotten multiple strains year many times immune system shit kid flu hell earth always amazes doesnt hit everyone like thank listening learning makes difference,0.0,unemotional,0,27,-1,-1
3283,definitely get keep safe winter,0.0,sympathy,0,26,1,1
3284,people family may flu people say flu time colds viruses,0.0,surprise,0,25,-1,0
3285,removed,1.0,sympathy,1,26,0,0
3286,im glad youre still us ❤️,1.0,surprise,1,25,1,1
3287,im sorry went lot ppl hard time losing family covid man power saying didnt exist get social media friends need know health crisis children texas children houston zero beds available one point due rsv flu last month maybe work culling information overwhelming nbc good giving headlines prior program plus sick kid news top program perhaps check texas childrens website see whats happening w childrens health im glad baby getting good care wish best take care precious one ♥️,0.0,unemotional,0,27,1,1
3288,yes deliberate choice,1.0,surprise,1,25,1,0
3289,afraid hopeful least children would get coveragebecause theyre kids guess ops yo get job benefits,0.0,sympathy,0,26,1,-1
3290,pro life,0.0,unemotional,0,27,0,0
3291,yet somehow abbott still voted makes sick 😔,-1.0,anger,-1,4,-1,-1
3292,texans thank governor abbott refusing federal tax dollars prove antitax republican texans pay taxes get benefits need,1.0,joy,1,19,1,0
3293,moment zero income start new job hopefully rules exclude receiving aid recently employed near future im sure works ill talking financial advisor options,1.0,joy,1,19,1,0
3294,speaking someone morning financial assistance ask thank,0.0,unemotional,0,27,1,0
3295,youre kidding dont even give nebulizer treatment brother used horrible attacks time first thing give tube breathe even though home deciding take way gauge see albuterol effect breaking big guns id definitely ask insist getting nebulizer machine home chronic sounds like buy machines outright still need prescription medication put inhalers good unless things changed significantly last ten years since weve dealt albuterol always first thing doctors turned michigan anyways,1.0,relief,1,21,1,0
3296,want add childrens hospitals amazing financial programs thing happened daughter months old spent nights childrens hospital fine chkd hospital tiered system knocking bill qualified made total like ambulance ride pediatrician hospital turd deal least calls insurance ambulance company finally coded right something paid im stay home parent bills chkd discounted dont even get bills anymore hope little one feels better soon,1.0,enthusiasm,1,12,1,1
3297,im glad listened got 💜,-1.0,disgust,-1,7,1,1
3298,oh gosh scary must taken toll family asthma flu sounds like absolute nightmare niece age daughter let tell brother wife learned lot watching us go im spreading wisdom,0.0,unemotional,0,27,0,-1
3299,posts unflaired users claim strongly imply legitimacy virtue professional medical experience allowed medical professional wishes become verified contributor subreddit please message moderators link picture medical id student id diploma form verification imgurcom convenient host anywhere please block personal information name picture must include reddit username photo accept digital forms identification,-1.0,anger,-1,4,1,1
3300,nice say 💗,0.0,unemotional,0,27,1,1
3301,think responding op youre insistence person watches heartbreaking things news control theyve told negatively affects mental health really really odd mental health important need lay dude,0.0,unemotional,0,27,-1,-1
3302,absolutely sickening conservatives think ops daughter supposed,-1.0,anger,-1,4,-1,-1
3303,kids texas least chip adults,0.0,unemotional,0,27,0,-1
3304,mean child born actively pulling bootstraps mothers fault,0.0,unemotional,0,27,-1,-1
3305,chip available child texas kind takes care kids dont give shit adults needing medical help dont,0.0,unemotional,0,27,1,1
3306,nope good afaik,-1.0,disgust,-1,7,-1,1
3307,childrens hospital childrens health hopefully okay required psychiatric stay weeks going around day financial aid team able cover bc charity program specifically people cant afford treatment,1.0,enthusiasm,1,12,1,1
3308,im canada husband asthma remembers getting nebulizer treatments kid yeah theyve never used mentioned son definitely chronic issue diagnosed asthma shortly age first big asthma attack march year ill ask doctors nebulizer see thats option,1.0,joy,1,19,-1,0
3309,im sorry daughter hospital stay young im glad things worked well financially encouraging hospital offers tiered system find today qualify might much luck ambulance dont insurance private company certainly try though,-1.0,anger,-1,4,1,1
3310,know responding im hoping ufinalostrich check back world trump gone yrs maybe check news shes got kids knows important kids might behoove know theres epidemic rsv flu hospitals dont childrens beds maybe shell get kid flu shot thanks youre oh welcomed kind input buh bye👋 eta duuude,0.0,unemotional,0,27,1,1
3311,chip childrens health insurance plan available kids texas someone mentioned op post higher,0.0,unemotional,0,27,0,1
3312,exactly thats problem kids days want everything handed willing pull,-1.0,fear,-1,14,-1,1
3313,yeah kids dont require healthy parents take care lol,-1.0,unemotional,-1,27,1,1
3314,looking,1.0,sympathy,1,26,0,0
3315,texas childrens hospital cannot even imagine hospital stay costly sincerely hoping utilize resources available dont drown debt,1.0,unemotional,1,27,1,1
3316,one kid top tier college deans list polisci major well informed politically active fully vaccinated hope sleep,-1.0,unemotional,-1,27,1,1
3317,ways learn things dont watch crap knew earth know whether person gotten child flu shot worry stop badgering strangers internet,0.0,unemotional,0,27,-1,-1
3318,bravo happy kid proud must easy raise kids sounds like good job 💪👏👏👏 sarcasm,1.0,unemotional,1,27,1,1
3319,ridiculous proud could burst heart even better brain didnt even mention job landed writing school paper article bested longstanding read ever earning celebration cake work last week compsci minor thats math heavy gives anxiety hes sweetest older cousin anyone could ever patient loving absolute best didnt another imagine therapy bill cant like brother thank kind words well opportunity brag boy 💜,1.0,unemotional,1,27,1,1
3320,flu bird flu,-1.0,sympathy,-1,26,-1,0
3321,thought covid flu tested negative still sick dog,1.0,unemotional,1,27,-1,-1
3322,people make big deal every new virus even remotely sizeable outbreak one resulted global pandemic last hundred years,0.0,sympathy,0,26,0,0
3323,hmpv isnt new chinas local epidemic work cna hmpv unfortunately makes rounds every flu season,-1.0,joy,-1,19,-1,-1
3324,tf people keep getting new diseases like wtf yall even shitting soup,0.0,sympathy,0,26,-1,-1
3325,hahahahahaha middle class,1.0,joy,1,19,0,0
3326,guys chill next pandemic,-1.0,unemotional,-1,27,0,0
3327,,0.0,unemotional,0,27,0,0
3328,isnt known since,1.0,fear,1,14,0,0
3329,thing middle class yes,1.0,unemotional,1,27,1,0
3330,finally gonna get something cool like zombie virus wanna zombie im fed work,1.0,sympathy,1,26,1,1
3331,cant rest,0.0,unemotional,0,27,0,0
3332,gaming social worker miss covid job easy roads empty suddenly lost mates mmos discord popped enough games boardgames last lifetime complete lets go,1.0,unemotional,1,27,-1,1
3333,tried monkeypox got original scare people current year smh,1.0,unemotional,1,27,-1,1
3334,quick fearmonger worry masses stop trying eat rich people really stupid theyll eat anything everything basically common cold way,1.0,unemotional,1,27,-1,-1
3335,whole world freaks everytime someone coughs sneezes,1.0,unemotional,1,27,-1,1
3336,round 😁👍,1.0,sympathy,1,26,0,-1
3337,would think one old style next big one viruses pathology would see regularly covid freak national health agencies doesnt gain traction like covid better anyway quite frankly another pandemic im resigning position microbiology screw years field going turd wagon,0.0,unemotional,0,27,-1,1
3338,wont get fooled,1.0,sympathy,1,26,1,0
3339,bird,1.0,joy,1,19,0,0
3340,hmpv different flu hn recent bird flu weve got two different flu types floating causing issues,0.0,sympathy,0,26,-1,0
3341,bird flu yeah tend,0.0,joy,0,19,-1,0
3342,believe birds uh,0.0,unemotional,0,27,0,0
3343,know covid existed well cov variant thats stronger usual like flu flu harder recover hence bigger threat,0.0,unemotional,0,27,-1,-1
3344,dog flu go thatll please,1.0,fear,1,14,-1,0
3345,aids,0.0,unemotional,0,27,0,0
3346,yeah science concerned variety bird swine influenzas least past years none near impact covid,0.0,sympathy,0,26,1,-1
3347,lol remember reading news article new virus found asia years ago colleagues joked said wouldnt affect us everything went shit,0.0,unemotional,0,27,1,1
3348,apparently strain covid like qualities loss taste smell neurological effects etc,0.0,unemotional,0,27,0,0
3349,shut actual fuck seriously,0.0,unemotional,0,27,-1,-1
3350,wanna hit ranch,1.0,unemotional,1,27,0,0
3351,gifgiphy|cxvicygwq,0.0,unemotional,0,27,0,0
3352,ya boobay,1.0,sympathy,1,26,0,0
3353,hmpv different flu hmpv isnt caused virus orthomyxoviridae family means straight mucus virus instead viruses family pneumoviridae means stinky poison slime virus interestingly enough current outbreak hmpv china mutated variety shares characteristics avian variety metapneumovirus ampv potential hybridize bird flu make estimated x affinity human cells,1.0,unemotional,1,27,-1,0
3354,wow almost like always since covid everyone cares,1.0,sympathy,1,26,1,1
3355,virus known since everyone okay even though people researching said hey bad thing future,1.0,joy,1,19,-1,-1
3356,remember reading articles swine flu ebola zika nothing happened,0.0,sympathy,0,26,-1,0
3357,dont tell nerd,1.0,joy,1,19,1,0
3358,time ranch,0.0,unemotional,0,27,0,0
3359,pneumo means air lung,-1.0,fear,-1,14,0,0
3360,well hn flu could massive problem mutates ability transfer person person though thanks covid countries seem aware viruses example uk already getting vaccines place hn become issue hmpv dont know full details seems like major problem china chinese government downplaying bad always could small massive problem hard tell due ccp propaganda machine,-1.0,anger,-1,4,-1,-1
3361,becomes problem people local store mcdonalds shuts,-1.0,sadness,-1,23,-1,0
3362,bc swift hard reaction never know next administration,0.0,unemotional,0,27,1,-1
3363,,-1.0,anger,-1,4,0,0
3364,sup mello,-1.0,sadness,-1,23,0,0
3365,pneumo means lung greek latin proper usage context taxonomy means poison stinky slime,-1.0,fear,-1,14,-1,0
3366,watched videos china covid got downplay virus soil maybe internationally videos showed entirely different picture,0.0,unemotional,0,27,0,0
3367,good least entering president cut flights china botched covid vaccine people know died heart complications getting said vaccine id rather ultra careful shit tried tested glad never got covid vaccine,-1.0,fear,-1,14,-1,1
3368,long leave arbys alone,0.0,unemotional,0,27,-1,0
3369,stop disobeying daddy punish,1.0,enthusiasm,1,12,-1,0
3370,incorrect name derived greek root word due type diseases caused see derivation names ictv report,1.0,relief,1,21,0,-1
3371,people know died covid vaccine lmao yeah sure buddy,1.0,joy,1,19,1,1
3372,botched vaccine exactly definition botched people got nothing happen youre sure people already chopping block,0.0,unemotional,0,27,-1,1
3373,mean like closed country last time office beginning covid deal,0.0,unemotional,0,27,1,-1
3374,look early vaccination caused heart issues younger men people know personally perfectly healthy sort heart operation recently either struck luck logic look instead lil broing im anti vax holy fucking shit idk people agree virus made lab mention hastily made vaccine could health complications youre crazy person never told anyone get never spread misinformation going reports data personal experiences vaccines amazing right one magically pops rapidly might add yeah normal people skeptical idgaf downvotes buddy comments research,-1.0,anger,-1,4,1,1
3375,said said nothing behind maybe years biden hed probably forget broke days close things lol,-1.0,fear,-1,14,-1,1
3376,first thats said literally said everyone know died vaccine isnt misinformation fear mongering dont know second reason vaccine created swiftly global effort first time entire world simultaneously focussed efforts one vaccine shit got done quick third ill trust literally every scientist actually knows theyre talking instead random people spewing bullshit thanks,1.0,enthusiasm,1,12,-1,0
3377,dont want play games,0.0,unemotional,0,27,-1,0
3378,asmaan se gire khajur per latke,-1.0,disgust,-1,7,0,0
3379,😭,1.0,relief,1,21,0,0
3380,hi users depression feeling lonely need mental health counseling join rmindclinic new subreddit rmindclinic dedicated mental health awareness counseling bot action performed automatically please contact moderators subredditmessagecomposeto=rindianmemer questions concerns,0.0,unemotional,0,27,1,0
3381,shuru hote hi khatam,-1.0,fear,-1,14,0,0
3382,welcome uthedoodlebug thank posting rindianmedschool ensure read subreddit rules posting post violates rules removed immediately readers post violates subreddit rules engage report reminder subreddit intended seek medical advice kind please see doctor real life permaban users ask medical advice please respect community guidelines direct queries practitioners modern medicine real life please follow reddit content policy reddiquette times check indian medical school group chat wiki study resource recs important notices | discord server | modmail bot action performed automatically please contact moderators subredditmessagecomposeto=rindianmedschool questions concerns,-1.0,anger,-1,4,1,1
3383,ye batao exam ke liye padhna ya nahi,0.0,fear,0,14,0,0
3384,dude metapneumovirus going around india decades nothing new worried new variant even treated like viral infections lets wait see new virus behaving wouldnt trust china suppressed research please patient dont spread unnecessary panic point time,0.0,relief,0,21,1,0
3385,reports true china new virus media reports saying hmpv spreading rapidly definitely substance either new variant spreads rapidly altogether novel virus cant say anything china baaki hmpv world including india decades toh abhi koi test krke hmpv nikal rha hai toh isme nya kuch nhi hai,-1.0,anger,-1,4,1,1
3386,hate people jokingly saying well another lockdown stuff realise actually happened covid really insensitive wish pray doesnt turn smth serious covid,0.0,unemotional,0,27,1,-1
3387,,0.0,unemotional,0,27,0,0
3388,bought k worth shares dr lal pathlabs lol,-1.0,disgust,-1,7,1,1
3389,nothing new media hype virus around decades chill,-1.0,anger,-1,4,0,1
3390,pehle gayi ab rd th year bhi 🫡,-1.0,fear,-1,14,0,0
3391,prople saying chill plz dont wear masks take care parents emergency state china malaysia joke even existed decades causing outbreak today asked monitor china even taking seriously,-1.0,anger,-1,4,1,-1
3392,thanks rt pcr strain id unnecessarily panic,0.0,unemotional,0,27,-1,-1
3393,mark date,0.0,unemotional,0,27,0,0
3394,gifgiphy|mzoclcdjprptcrm,0.0,unemotional,0,27,0,0
3395,fear mongering,-1.0,sad,-1,22,-1,0
3396,indication loosing battle hope man made virus,0.0,unemotional,0,27,1,0
3397,man college going well full attendance passing exams man,-1.0,sad,-1,22,1,1
3398,useless media hype virus nothing new affect age groups usual urti symptoms better stay vigilant use mask hand hygiene practices covid special case lab engineered gain function mutated virus,-1.0,anger,-1,4,1,0
3399,gifgiphy|dzeoqeqlzwxipg,-1.0,anger,-1,4,0,0
3400,im sure season bound bring cases respiratory viral infections rise theory china mustve abnormal rise done testing majorily came hmpv virus har winter ko sab logh flu ke saath bimar hote hai dont go testing kya pata kitno ko yeh virus aake jaa chuka hai,0.0,unemotional,0,27,-1,1
3401,long theres uncontrolled news media social media old routine infection turn pandemic,0.0,unemotional,0,27,-1,0
3402,gifgiphy|lxipszmheimtuit,0.0,unemotional,0,27,0,0
3403,vaccines,0.0,unemotional,0,27,0,0
3404,tell whether restrictions domestic international travel,-1.0,disgust,-1,7,0,0
3405,crazy viruses g f,-1.0,anger,-1,4,-1,-1
3406,lock lag hi jaye ek,0.0,unemotional,0,27,-1,0
3407,hr hafte china mein ek naya outbreak shuru ho jata hai seen covid anyway poor reward risk ratio admin skills dont panic gonna highly contagious cant escape anyway,0.0,unemotional,0,27,-1,-1
3408,padh le bhai ye virus koi nya nhi h,-1.0,disgust,-1,7,0,0
3409,case treated look date,-1.0,anger,-1,4,0,0
3410,bro thing said covid sars existed decades however thing something existed decades cause outbreak sars mutated years thus rises question hmpv mutation increasing virulence strain hmpv causing outbreak yet clarified,0.0,unemotional,0,27,-1,0
3411,friend constantly jokes another lockdown joint vacation world,0.0,unemotional,0,27,1,0
3412,nothing happen indian media social media spread fake news virus rapidly virus,-1.0,fear,-1,14,-1,-1
3413,rolling high balla country,0.0,unemotional,0,27,0,1
3415,gifgiphy|lkuxpfojgerg,-1.0,disgust,-1,7,0,0
3416,also thinking news using trp bait read hours later news im like wth talking specifics claiming one china,0.0,unemotional,0,27,-1,0
3417,waise corona virus bhi koi naya nai tha,-1.0,fear,-1,14,0,0
3418,common cause bronchiolitis apart rsv ig,0.0,unemotional,0,27,0,-1
3419,every virus mutates ensures spread survival true yes lets wait clarification spread panic people stupid dont want forum also act like idiots create panic cause unnecessary issues,0.0,unemotional,0,27,-1,-1
3420,jabtak official exam cancellation ya post ponement ki news naa aaye tabtak padhte hi rho,0.0,unemotional,0,27,0,0
3421,yes along parainfluenza bocavirus adenovirus rarely even rhinovirus,-1.0,disgust,-1,7,1,1
3422,yes understood,0.0,unemotional,0,27,1,0
3423,thanks info possibility would cause covid like outbreak lead potential lockdown hope low,-1.0,disgust,-1,7,1,1
3424,also hope low lets wait data virus,0.0,unemotional,0,27,1,0
3425,ya clausuren china se ha aprendido nada ese pais es riesgo humanitario ya que estamos cierren india tambien 👌🏻,-1.0,anger,-1,4,1,0
3426,gifgiphy|vphjwwelgxg|downsized,-1.0,disgust,-1,7,0,0
3427,che igual desde el coronavirus recuerdo q ya salieron como virus en china una pandemia es tan comun,-1.0,disgust,-1,7,0,0
3428,deleted,0.0,unemotional,0,27,0,0
3429,que vengan todos los bichos de mierda chupan bien la pija esta altura,-1.0,anger,-1,4,0,0
3430,,0.0,unemotional,0,27,0,0
3431,recuerdo cuando la gente decia todo trucho antes del covid veamos que tan cierto sea en meses,0.0,unemotional,0,27,0,0
3432,otra plandemia,-1.0,feaer,-1,13,0,0
3433,yo el pidiendo que sea un gran ano,0.0,surprise,0,25,0,0
3434,estos chinos de mierda,1.0,relief,1,21,0,0
3435,ahora si llegar master en league legends,0.0,unemotional,0,27,0,0
3436,quese cojieron ahora,-1.0,disgust,-1,7,0,0
3437,fake news,1.0,enthusiasm,1,12,-1,-1
3438,pero lpm bonita perspectiva,0.0,sympathy,0,26,0,0
3439,literal todos los meses salen noticias de esta hacen acordar al inminente colapso de china que vienen adviertiendo los medios desde los,1.0,relief,1,21,0,0
3440,si empeora como el covid espero que cierren las fronteras los cabezas de termo,-1.0,anger,-1,4,0,0
3441,la concha de su madre chinos de mierda,1.0,enthusiasm,1,12,0,0
3442,hay que compartir noticias de esto borra el post cuanto menos informacion circule menos chances hay de que se genere otra paranoia masiva nos encierren un ano entero mas difundan esto,1.0,joy,1,19,-1,0
3443,dicen que es mentira es para promover el miedo,0.0,unemotional,0,27,0,0
3444,chinos de mierda paran de garcharse animales hermano,0.0,unemotional,0,27,0,0
3445,pero andate la puta que te pario rejuvensex,0.0,unemotional,0,27,0,0
3446,umbrella,-1.0,fear,-1,14,0,0
3447,lpmr bombardeen china,-1.0,disgust,-1,7,0,0
3448,electric boogaloo,-1.0,anger,-1,4,0,0
3449,eso pasa porque hace anos estan cogiendo entre primos por eso las enfermedades nuevas por eso es que son todos iguales pero si quieren snt,0.0,unemotional,0,27,0,0
3450,el brote este es de un virus ya conocido nuevo como el sarscov ademas es una super epidemia es solo un brote nomas,1.0,relief,1,21,1,1
3451,todo trucho siguiente,-1.0,anger,-1,4,0,0
3452,chinos hdlgp,-1.0,anger,-1,4,0,0
3453,extrovert bros like,0.0,unemotional,0,27,1,0
3454,otra vez comerme dos anos encerrada teniendo que socializar con mi propia familia noooooo lpmmmmm,1.0,relief,1,21,0,0
3455,randyyyy de nuevo,0.0,unemotional,0,27,0,0
3456,va suceder otra vez va suceder otra vez va suceder otra vez,-1.0,fear,-1,14,0,0
3457,go,1.0,enthusiasm,1,12,0,0
3458,la enfermedad solo afecta ninos,0.0,unemotional,0,27,0,0
3459,fake amigos,0.0,surprise,0,25,-1,-1
3460,si por cada virus de mda nos van encerrar nos vamos extinguir pero por hambre hasta en la peste negra la gente salio trabajar igual los duenos de gimnasios tiemblan,-1.0,fear,-1,14,0,0
3461,todavia se espera que den datos tras anos de la pasada,0.0,unemotional,0,27,0,0
3462,si digo lo que opino de esos amarillos banean de reddit,-1.0,anger,-1,4,0,0
3463,chupenme el huevo chinos el mundo entero,-1.0,fear,-1,14,0,0
3464,que paso lpm,1.0,enthusiasm,1,12,0,0
3465,gifgiphy|ceogngam,0.0,unemotional,0,27,0,0
3466,que comience el juego 🗣️,0.0,unemotional,0,27,0,0
3467,es falso,-1.0,fear,-1,14,0,0
3468,tiren una bomba ahi que nos van cagar matando los sucios estos,-1.0,anger,-1,4,0,0
3469,dejen de alarmar gente por gusto el hmpv es como el covid lleva circulando mas de anos sus sintomas son similares al catarro comun los casos aumentan en invierno tal como esta pasando,-1.0,sadness,-1,23,0,0
3470,lo de la emergencia sanitaria es fake,0.0,unemotional,0,27,-1,-1
3471,ya habian dicho que se venia una nueva pandemia en,-1.0,anger,-1,4,0,0
3472,fake nunca chequean la informacion,-1.0,sadness,-1,23,-1,-1
3473,es un laboratorio gigante dos por tres se le escapa una peste nueva deben estar buscando alguna cura para la boludes que tienen los cientificos se les escapa la enfermedad,-1.0,fear,-1,14,0,0
3474,ah shit go,0.0,unemotional,0,27,-1,-1
3475,viven con efermedades cada por el covid fue un caso especial nomas,-1.0,fear,-1,14,0,0
3476,go,0.0,unemotional,0,27,0,0
3477,pienso darle bola esta gilada van encerrar de nuevo,1.0,enthusiasm,1,12,0,0
3478,puro verso,1.0,relief,1,21,0,0
3479,una merecida bomba se merecen capaz suena muy de loquito decirlo pero quien sabe quizas quieren desestabilizar de nuevo la economia mundial,1.0,joy,1,19,0,0
3480,que se qliaron ahoraun pez globo chinos del ogt,0.0,unemotional,0,27,0,0
3481,se viene plandemia,0.0,unemotional,0,27,0,0
3482,tienen otras cosas que hacer esos pajeros ya fue,-1.0,anger,-1,4,0,0
3483,bombarden china,-1.0,fear,-1,14,0,0
3484,esta noticia es mas fake que un basado en hechos reales al final de una pelicula de terror,1.0,enthusiasm,1,12,-1,-1
3485,es mas logico que quieran bajar la poblacion por segunda vez,0.0,unemotional,0,27,0,0
3486,gifgiphy|wmnspcnagaxwa|downsized oh,-1.0,disgust,-1,7,0,0
3487,de aqui fecha de hoy para minimo abril esto va estar igual que el una cuarentena horrible,1.0,relief,1,21,-1,-1
3488,bombardeen peru,0.0,unemotional,0,27,0,0
3489,esta pendejadas son para reducir el numero de poblacion en el mundo de esta forma tenemos alimento para el resto lo chistoso es que si pasamos mas tiempo en casa con mujeres de seguro hay mas hijos al pasar el ano de pandemia solo termino el encierro los hospitales repleto de embarazos los que se murieron fueron remplazo por el ple de los muertos creo que les fallo la logica de las mujeres jajaja,-1.0,fear,-1,14,0,0
3490,bueno pero ya seguidas dejense de joder pongan china en cuarentena,-1.0,anger,-1,4,0,0
3491,,0.0,fear,0,14,0,0
3492,upvote por la referencia de nuevo decia,0.0,relief,0,21,0,0
3493,lpqmp apenas pasamos semana de,-1.0,anger,-1,4,0,0
3494,al final tenian razon mis profes de la facultad cuando decian que los medicos se estaban preparando para otra pandemia en unos anos,0.0,unemotional,0,27,0,0
3495,sabia cosas,0.0,unemotional,0,27,0,0
3496,mira putos chinos odio los chinos los considero la raza inferior,-1.0,disgust,-1,7,-1,0
3497,putos chinos odio los chinos los cnsiderla raza inferior,-1.0,anger,-1,4,-1,0
3498,la mejor epoca jugando todos los juegos online con los pibe,-1.0,fear,-1,14,0,0
3499,los chinos ven algo con patas se lo comen hdp hasta los muebles se morfan si son de bambu,-1.0,anger,-1,4,0,0
3500,va pasar nada el virus del mono se murio la semana lo mismo con este nuevo virus,0.0,unemotional,0,27,0,0
3501,visto videos actuales de china incluso dentro de hospitales la vida es de lo mas normal quieren crear panico,0.0,unemotional,0,27,0,1
3502,,0.0,unemotional,0,27,0,0
3503,falso tengo amigos chinos con familias alla dicen que todo sigue normal,-1.0,sad,-1,22,0,1
3504,es falso que china declaro un estado de emergencia por el virus hmpv al de enero de,0.0,unemotional,0,27,0,0
3505,,-1.0,sad,-1,22,0,0
3506,yo ya estuve en estos juegos 🗣️🗣️🗣️🗣️🗣️,-1.0,anger,-1,4,0,0
3507,esa china buscando llevarse todos la verga sin siquiera recibir castigo por los danos afectados otros paises,-1.0,anger,-1,4,-1,0
3508,la primera vez fue aceptable ya otra vez es porque es intencional,0.0,unemotional,0,27,0,0
3509,ya dijeron que esta noticia es falsa pero la visto al menos veces de diferente forma que sucede es falsa,0.0,unemotional,0,27,0,0
3510,cuanto mas vamos tener que esperar que se cansen las pelotas tiremos un par de bombas por israel asi dejan de joder con la tierra santa el jamas la mar en coche otro par por rusia ucrania asi se para la guerra unas buenas metidas en china pais de mierda como cereza korea del norte asi toda la gente sometida en ese pais es liberada volvemos empezar,0.0,unemotional,0,27,0,0
3511,ese virus existe del es como si hubiera un pico de gripe en invierno en argentina que manera de decir boludeces,0.0,unemotional,0,27,0,0
3512,ese virus existe del es como si hubiera un pico de gripe en invierno en argentina que manera de decir boludeces,-1.0,disgust,-1,7,0,0
3513,esto es terrible basura la mierda es mejor dejarla un lado del camino,-1.0,anger,-1,4,-1,-1
3514,en verdad es cierto eso,0.0,unemotional,0,27,0,0
3515,aqui vamos otra vez,0.0,unemotional,0,27,0,0
3516,pero por que mentis pelotudo te da verguenza que es para tener interaccion,-1.0,disgust,-1,7,0,0
3517,ponganlos adentro de un domo,-1.0,anger,-1,4,0,0
3518,empezo el verso de la oms de nuevo para reconocer que son los efectos secundarios de las vacunas covid,0.0,unemotional,0,27,0,0
3519,falso hay ninguna emergencia en china,0.0,unemotional,0,27,0,0
3520,segun lo que lei en una busqueda rapida de internet el hpmv fue identificado por primera vez en en paises bajos es un virus que se propaga traves del contacto directo con personas ya infectadas por contacto con superficies contaminadas similar otros virus respiratorios como el covid ademas causa sintomas similares al resfriado comun cuando se complica puede desencadenar en bronquitis neumonia de todas maneras es un virus nuevo los expertos dicen que hay que alarmarse las autoridades chinas aseguran que la situacion esta bajo control,-1.0,fear,-1,14,0,0
3521,deberian dejar de jugar con los virus estos tipos que ganas de crear enfermedades que tienen estos eso destaparon algo raro en algun lugar porque es logico ya,0.0,unemotional,0,27,0,0
3523,como ya se dieron cuenta que fue una plandemia nos sometieron encerraron mataron gente teniamos un trapo en la cara que protegia nada por favor despierten,-1.0,disgust,-1,7,1,0
3524,habra que actualizar la compu para la nueva pandemia,0.0,unemotional,0,27,0,0
3525,parece que las farmaceuticas ya se les acabo el dinero del covid,-1.0,fear,-1,14,0,0
3526,ya avientenles una bomba de hidrogeno son demasiados de dudosa higiene,0.0,unemotional,0,27,0,0
3527,casualmente vuelven lanzar otra app adictiva para volver mierda nuestro cerebro mientras estamos encerrados coincidencia lo creo,0.0,unemotional,0,27,0,0
3528,en china pasa algo bien raro literalmente tienen las medidas mas extremas para la higiene desde que existe covid dudo que esto sea algo natural esto china mismo lo suelta tendre que creer en la teoria de que estados unidos lo hizo lo que si es seguro es que eso salio de la nada pq si,0.0,unemotional,0,27,1,1
3529,real,-1.0,disgust,-1,7,0,1
3530,gana trump china saca una nueva pandemia,0.0,unemotional,0,27,0,0
3531,ahora si lo van nombrar la gripa china van ponerle una mamada de hmpv,-1.0,disgust,-1,7,0,0
3532,ya lo habia dicho importa cuantos virus surjan todos los gobiernos el mundo les va importar de hectareas de verga nadie va volver cerrar su economia,0.0,unemotional,0,27,0,0
3533,chinos cochinos,-1.0,anger,-1,4,0,0
3534,estos nos traen otra pandemia boycoteen china,-1.0,disgust,-1,7,0,0
3535,fuente de los deseos,-1.0,disgust,-1,7,0,0
3536,trump quiere frenar los chinos toda costa de nuevo,0.0,unemotional,0,27,0,0
3537,chupan la pija todas estas pandemias inventadas tu vieja la van encerrar de nuevo anos por nada,-1.0,anger,-1,4,0,0
3538,lo escuchen,0.0,unemotional,0,27,0,0
3539,ver si se dejan de joder algun heroe global detona una nuclear en china cierren las fronteras matenlos todos hacen otra cosa que desarrollar propagar enfermedades,0.0,unemotional,0,27,0,0
3540,tambien van creer en esta plandemia se van meter veneno experimental ya aprendieron,-1.0,feaer,-1,13,0,1
3541,china en su nuevo intento de obligar al mundo trabajar desde casa solo eres el villano de una historia mal contada china j,0.0,surprise,0,25,0,0
3542,hay que bajar la poblacion mundial de alguna forma generando una guerra mundial con alguna pandemia que extermine unos cuantos,1.0,relief,1,21,0,0
3543,falso,0.0,unemotional,0,27,0,0
3544,ya que los chinos los asiaticos en general se cierran tanto de afuera hacia dentro que se cierren de dentro hacia afuera tambien clausuren vuelos internacionales fronteras indefinidamente chinos hdp,-1.0,disgust,-1,7,0,1
3545,hasta que se expanda por europa cero drama bro,1.0,enthusiasm,1,12,0,0
3546,los indios cagan en el piso comen entre las ratas estan todos apilados salen enfermedades de ahi algo raro pasa en china puede ser que salga tanta peste,0.0,sympathy,0,26,0,0
3547,en general el mundo aprendio nada estoy cansado de ver gente toser estornudar en las manos se limpian la nariz se lavan las manos van al bano se lavan las manos en algun momento la seleccion natural tiene que hacer actuar,1.0,relief,1,21,1,1
3548,los indios se hacen los boludos pero el hongo mas chiquito ahi te simula el universo de last us,-1.0,anger,-1,4,0,0
3549,peru,1.0,enthusiasm,1,12,0,0
3550,los chinos ya la cagaron veces en menos de anos covid la represa que desacelero la rotacion de la tierra el aerogenerador mas grande del mundo que modifico las corrientes de aire ahora salen con esto creo que ya estariamos de cagadas chinas por este siglo,1.0,joy,1,19,0,0
3551,es el costo de que la tecnologia salga veces mas,0.0,unemotional,0,27,0,0
3552,xq experimentam con enfermedades,0.0,unemotional,0,27,0,0
3553,justo ahora que llega trump hmmm armas bioeconomicas impacto de trillones de dolares al mundo libre,0.0,unemotional,0,27,0,0
3554,una vez mas la sinofobia al pedo es como que falta un poco de comprension de estadistica donde hay mas gente en el mundo,-1.0,fear,-1,14,0,0
3555,africa te olvides de africa que ya trajo el sida el mundo destruyo varios paises con sus inmigrantes,-1.0,disgust,-1,7,0,0
3556,un resfriado colombiano mata todo bicho existente,-1.0,anger,-1,4,0,0
3557,al fin un comentario con sentido,0.0,unemotional,0,27,0,0
3558,gifgiphy|vevfqyvucxziuun|downsized,1.0,relief,1,21,0,0
3559,recuerdos de vietnam,-1.0,anger,-1,4,0,0
3560,los gringos lo iniciaron,-1.0,anger,-1,4,0,0
3561,primero la enfermedad se llama coronavirus es covid segundo hay teorias que dicen que la enfermedad fue inventada en estados unidos que la esparcieron en china yo lo dudo esta enfermedad nueva ha de tener algo parecido cuanta posibilidad existe que despues de anos de pandemia surja una segunda oleada con una nueva enfermedad,0.0,unemotional,0,27,1,0
3562,se tenia que decir lo dijiste compa,1.0,relief,1,21,0,0
3563,podrian sacarle los remedios bajarle las jubilaciones en argentina nos esta funcionando,0.0,unemotional,0,27,0,0
3564,por lo que lei este virus afecta los ninos pre adolescentes,-1.0,fear,-1,14,0,0
3565,pendejo,1.0,enthusiasm,1,12,0,0
3566,se enferma se le cae la pija,0.0,unemotional,0,27,0,0
3567,se te cagaban de risa cuando les decias que podia llegar,0.0,surprise,0,25,0,0
3568,el covid fue trucho saludos,-1.0,fear,-1,14,0,0
3569,plandemia solo si te fumaste mucha hidroxicloroquina dejen de basarse en hipotesis sin evidencias conspiranoides,0.0,unemotional,0,27,-1,0
3570,tenlo por seguro pero por si acaso investiga con tu doctor familiar si es verdad,-1.0,anger,-1,4,0,1
3571,alejate del lol,-1.0,fear,-1,14,1,1
3572,puede ser que sea fake news la fake news,1.0,enthusiasm,1,12,-1,-1
3573,aca esta la noticia completa,0.0,unemotional,0,27,0,0
3574,eso es en monterrey se sabe de alguna enfermedad menos que se haga mundial,0.0,unemotional,0,27,0,0
3575,el sars era conocido coronavirus hubieron toda la vida metaneumovirus hay ahora mismo en uruguay tmb lo que cambia son las sepas,-1.0,fear,-1,14,0,0
3576,rt,-1.0,anger,-1,4,0,0
3577,la unica noticia falsa,-1.0,sadness,-1,23,0,0
3578,cual es,0.0,unemotional,0,27,0,0
3579,nose van meter lonque el gobierno les diga primero los asustan despues se inyectan 🐑,-1.0,anger,-1,4,0,0
3580,la verdad es que tenes razon para mi es un tema de cultura los chinos se comen todo lo que ven los indios violan todo lo que ven ya se muy controversial pero dio fantasia decirlo,-1.0,sadness,-1,23,-1,1
3581,cuando decis algo raro hacemos guinoguino significa armas biologicas disenadas en laboratorios,-1.0,fear,-1,14,0,0
3582,otra cosa q pregunto el covid ataco los indios,0.0,unemotional,0,27,0,0
3583,lo que sucede q diferencia de india es que los chinos ahora tienen plata viajan bastante ademas muchos van china hacer negocios entonces eso fomenta abundante la transmision de enfermedades,-1.0,fear,-1,14,0,0
3584,quizas quieren matar la gente vieja para pagarles la jubilacion,0.0,unemotional,0,27,0,0
3585,flaco los chinos descubren las enfermedades necesariamente las generan lo mismo paso con la gripe espanola que se genero en los eeuu los indios deben estar recontra llenos de pestes pero las investigandescubren btw esto es por defender china porque son un desastre en un monton de cosas pero este tema hierve la sangre los locos descubren algo sobre lo que tenemos que tener precaucion se comen el garron como si lo hubieran generado ellos,1.0,enthusiasm,1,12,1,0
3586,cada vez que voy caba enfermo de algo debe ser un tema regional,1.0,relief,1,21,0,0
3587,la mayoria de los indios son vegetarianos clave,1.0,joy,1,19,0,0
3588,el tema es que los chinos se mueven mucho mas por temas de comercio internacional turismo todo eso los primeros casos de covid en italia se dieron por un grupo de empresarios chinos que estaban de viaje ahi es posible que en la india haya hasta mas enfermedades pero como son poblaciones mas aisladas muchas comillas salen de la zona donde se producen,0.0,unemotional,0,27,0,0
3589,que todo es mentira,0.0,unemotional,0,27,0,0
3590,es que todo esto va mas haya es parte de la agenda para ser la egemonia del mundo el corovanirus fue una farsa para desestabilizarnos como comunidad por alguna extrana razon nos quedamos estacados en el,-1.0,anger,-1,4,0,0
3591,yo los veo toser sin taparse la boca tienen podrida,-1.0,fear,-1,14,-1,0
3592,todavia tienen oportunidad de redimirse,1.0,enthusiasm,1,12,0,0
3593,pero la represa esa tiene como anos,0.0,unemotional,0,27,0,0
3594,lo del aerogenerador es totalmente falso lol lo de la represa es literalmente casi nulo lo que hace es un punado de agua contra toda la masa del planeta el covid ahi si la cagaron jajs,-1.0,disgust,-1,7,1,1
3595,puedes poner enlace de la noticia de la represa del aerogenerador,1.0,relief,1,21,0,0
3596,siempre se puede hacer lo que con hong kong 👀,0.0,unemotional,0,27,0,0
3597,en la india por eso ya que estamos que lo cierren tambien el origen etnico importa,-1.0,fear,-1,14,0,0
3598,si amigo ya se que la enfermedad es coronavirus igual tampoco es covid si nos ponemos asi es covid pero justamente yo hablaba de q se habia anunciado varias veces q se habia encontrado un nuevo virus en china desde la pandemia lo otro ni voy molestar bolazo de falopero lo que si es tan raro que surjan tantos virus de china por la poca higiene que hay si se come frecuentemente sopa de murcielago imaginate la altisima densidad de poblacion demas factores de la idiosincrasia de china,-1.0,anger,-1,4,0,0
3599,coronavirus es el nombre del tipo de virus esta bien como lo dijo el otro,0.0,fear,0,14,0,0
3600,teorias sin evidencias son solo hipotesis flasheras,0.0,relief,0,21,-1,0
3601,si se llama coronavirus es un termini mas especifico covid esta enfermedad es nueva troll,-1.0,anger,-1,4,0,0
3602,tal cual hasta atrevo decir que estan probando armas biologicas como se puede meter nadie china investigar eso son libres de hacer lo que quieran los come perros,0.0,unemotional,0,27,0,0
3603,deleted,0.0,unemotional,0,27,0,0
3604,jajaj en arg los viejos andan matando gente todos los dias ahora,-1.0,disgust,-1,7,0,0
3605,ano dias aun te duele la cola jajajaja,-1.0,anger,-1,4,0,0
3606,come de la pija del piso surge una nueva enfermedad tira pijas,-1.0,fear,-1,14,0,0
3607,come de la pija del piso surge una nueva enfermedad tira pijas,-1.0,anger,-1,4,0,0
3608,si fue todo para inyectarte un chip para controlarte la mente eso lo sabe todo el mundo era una estrategia de los reptilianos illuminati para tapar que la tierra es plana hueca la vez que nisman lo mataron,0.0,unemotional,0,27,0,0
3609,te olvides de ponerte el gorro de aluminio cuando salgas,0.0,unemotional,0,27,0,0
3610,si mi suegro murio de gusto nomas,0.0,unemotional,0,27,0,0
3611,pelotudo nunca agarro algo tan sarpado en la vida ojala te agarre para que entiendas,-1.0,sad,-1,22,0,0
3612,puede que sea verdad que hay una enfermedad como lo fue el covid lo que fue mentira fue la pandemia mortal las vacunas menos mal que vacune,0.0,unemotional,0,27,0,0
3613,pues el articulo incluye fuentes aqui en el post solo es una imagen de un encabezado sin el articulo fuente original todos en los comentarios perdieron la cabeza por eso estamos como estamos,-1.0,sad,-1,22,-1,1
3614,si donde en ningun lado dice que china declaro emergencia sanitaria xd por eso es fake news,-1.0,anger,-1,4,1,-1
3615,eso se da en el sur tierras sin ley alla donde proliferan los usos costumbres que hasta burros se cogen,-1.0,anger,-1,4,-1,0
3616,fantasia es una palabra rara para elegir en ese contexto,0.0,unemotional,0,27,0,0
3617,absolutamente 👏👏🙂↕️,0.0,unemotional,0,27,0,0
3618,elegiste hablar la verdad,0.0,unemotional,0,27,0,0
3619,menos las vacas raro,0.0,unemotional,0,27,0,0
3620,ser gallina en la india es deporte de riesgo,-1.0,disgust,-1,7,0,0
3621,pueden ser armas biologicas quizas intentan hacer vacunas antibioticos pero son tan pijas que terminan creando super pestes la opcion que yo creo mas probable es que en gran parte de china vivan como el ojete con condiciones sanitarias de hacinamiento tan terribles que salen nuevas pestes,-1.0,anger,-1,4,1,1
3622,claramente si,0.0,unemotional,0,27,0,0
3623,nooo como se te ocurreguino guino,0.0,unemotional,0,27,0,0
3624,si los hizo mierda justamente porque tienen estandares de higiene basicos igual les pasa con cualquier enfermedad el sistema sanitario da abasto jamas ya tan solo con el calor ambiental tienen suficiente para saturar los hospitales de tantos colapsos,-1.0,disgust,-1,7,0,0
3625,lo generaron ellos tambien los descubren si india esta lleno de pestes parece que las pestes atraviesan sus fronteras,-1.0,anger,-1,4,0,0
3626,india van millones de turistas al ano indios hay en todo el mundo trabajan en todo el mundo son desde mano de obra semi esclava hasta ceos de grandes empresas hay una minoria musulmana que va la meca una minoria en la india significan millones de personas,0.0,unemotional,0,27,0,0
3627,alla hegemonia coronavirus estancados,0.0,unemotional,0,27,0,0
3628,creo que tiene unos si pero fue hace relativamente poco que esta su maxima capacidad descubrieron el efecto secundario que causo pero les importo poco nada,-1.0,fear,-1,14,0,0
3629,nada que una busqueda de google solucione aca el de los aerogeneradores aca el de la represa lei que piensan hacer una veces mas grande,0.0,unemotional,0,27,0,0
3631,adivina se migran por cambios climaticos queres tapar en sol con un colador anda segui con tu idea de menso,-1.0,disgust,-1,7,0,0
3632,neta crees que comen murcielago apoco ya fuiste china comprobante por ti mismo que hay poca higiene lo que es peor dices que es tan raro que surjan tantos virus lo que regresa la pregunta ya fuiste china comprobar esto solo eres de los que leyeron eso se vacunaron pero si hacian todo para mantener cero contacto es decir cubre bocas guantes estar encerrado salir mas que para lo indispensable etc,0.0,unemotional,0,27,0,1
3633,jajajaja ponganse leer investiguen un poco dudo que sea asi pero en fin,-1.0,fear,-1,14,0,0
3634,los chinos les importa tener gente en contra si viven en una dictadura ajajaaj,0.0,unemotional,0,27,0,0
3635,revenge jubilado,0.0,unemotional,0,27,-1,0
3636,hay bebu esto es un partido de futbol esta la vida de la gente en juego,0.0,unemotional,0,27,0,0
3637,el verdadero tirame la piola,-1.0,disgust,-1,7,0,0
3638,pero nisman si lo mataron,0.0,unemotional,0,27,0,0
3639,caballero voy hacer de abogado del diablo yo creo que el virus existio yo lo tuve al menos veces pero mi parece desmedido lo que se hizo cerrar el mundo por una gripe mas gente debe haber muerto por eso que por la gripe cuantos tratamientos se descuidaron por el confinamiento cuanta gente adopto estilos de vida mas sedentarios que terminan pasando factura en otras muertes que impacto tuvo en la salud mental,-1.0,disgust,-1,7,0,-1
3640,bueno ver si tenes la capacidad el conocimiento de refutar una biotecnologa que hizo analisis de las vacunitas encontro aparte de oxido de grafeno otra cantidad importante de materiales declarados en tus amadas vacunas hay que ser ignorante para ver el dano que hicieron esos liquidos experimentales,0.0,unemotional,0,27,0,0
3641,jajajajajajajaja la vivia,-1.0,anger,-1,4,0,0
3642,como sabes que era mentira la vacuna la pandemia morral si estuviste encerrado evitabas salir toda costa dejame decirte que podrias poner en duda tu comentario eres doctor para decir que era mentira,-1.0,disgust,-1,7,0,0
3643,justamente x todo eso tenia q haber matado millones vi nunca nada de india,-1.0,disgust,-1,7,0,0
3644,acuerdo que en las primeras olas del covid que todo era agresivo iban templos lamian una pared luego llegaba otro lamia donde el anterior lo hizo gente que lamia el inodoro,0.0,unemotional,0,27,0,0
3645,imagino el olor qlo que debe haber ahi nada mas salir del aeropuerto,-1.0,anger,-1,4,0,0
3646,un negacionista con mala ortografia impensable,0.0,unemotional,0,27,0,0
3647,es una estratejia de maketi,0.0,unemotional,0,27,0,0
3648,dale si,-1.0,feaer,-1,13,0,0
3649,te recomiendo cirujia de rodilla deben doler de saltar tantas conclusiones el murcielago es una comida popular en asia si lo lei por ahi podes probarlo darte cuenta de todo lo que se aprende leyendo te aseguro que ningun gobierno esta modificando los libros para ajustarlos una super agenda secreta judeomasonica la higiene en china si es muy mala el coronavirus surgio por un murcielago que tenia el virus que fue consumido por un humano que conclusion se llega que las practicas de higiene en china son correctas en muchos casos las carnicerias tienen la carne al aire libre sin refrigerar entiendo bien que queres llegar con la ultima frase de tu comentario porque esta redactada para la mierda oh sorpresa buenas tardes,0.0,surprise,0,25,1,1
3650,todo el tiempo recircula el mismo aire viciado helado en los aires acondicionados todos estan super estresados de trabajos nefastos andar apaentandoasi hay sistema inmune que aguanteencima estan bastante apinados,1.0,relief,1,21,1,1
3651,>dudo que sea asi pero en fin sea que ni siquiera estas seguro de lo que estas diciendo tiras un ponganse leer aca tenes para que te pongas leer e investigues un poco,0.0,unemotional,0,27,0,0
3652,tenes razon hay que salir quejarse porque hace anos con el gobierno anterior se podia porque los abuelos perdian contra la inflacion entraban medicamentos al pais tambien porque habia una pandemia que dejaba laburar las personas para ayudar los abuelo mientras imprimian palta al rolete porque los numeros le daban bien asi cagarlos mas los pobres abuelos que ahora su jubilacion es arreglado ganan mas que la inflacion el echo de que ahora si hay medicamentos porque se subsidia para que un pobre diablo que perdio sus padres en la pandemia labure como perro ahora para cuidar unos abuelos que aporto una mierda recibio una jubilacion de arriba dado que una presidente confizco un programa de jubilacion dejo que otro presidente arregle la jubilacion de los abuelos tirandole piedras al congresopero yo soy el que jode los abuelo esta en un partido de futbol 👉🏽👌🏼,-1.0,disgust,-1,7,0,0
3653,claro tenia la puerta cerrada de adentro,1.0,enthusiasm,1,12,0,0
3654,eso es verdad pero ahi hay dos cosas que se estan teniendo en cuenta el covid ahora mismo mata menos gente precisamente por la campana que se hizo para vacunar una gran parte de la poblacion la cuarentena fue porque se tenia idea de lo que podia hacer el virus teniamos un desconocimiento total solo sabiamos que daba sintomas de gripe que estaba matando gente que era extremadamente contagioso nada mas todo lo que sabemos ahora se fue dando con el tiempo,0.0,sympathy,0,26,0,0
3655,primero fuente segundo dale cabeza te calentes esta bien estar errado mira viste este accidentado mira las marcas que le dejo tu amado cinturon de seguridad hay que ser ignorante para ver el dano que hicieron esas telitas experimentales que dano vale el porque juancito dijo que hacen mal un gran porcentaje de la poblacion esta vacunada si esta tan claro el dano que hacen quiero ver pruebas porque si fuera como decis imposible que las haya,1.0,relief,1,21,0,0
3656,fuente,-1.0,anger,-1,4,0,0
3657,ero estuve encerrado yo salia todo el tiempo incluso tomaba mate con otras personas el virus fue realloq ue yo digo es que fue tan grave la situacion fue una campana para meter miedo por esono vacune ero se que es mentira pq los paises que hicieron aislamiento obligaron vacunarse como brasil tuvieron la misma proporcion de supuestas muertes por covid que los paises que cerraron prohibieron toda actividad contacto la pregunta sobre ser doctor tiene sentido ya que la mayoria de los medicos son simples tecnicos que aplican lo que les ensenaron los que le dice la oms que deben hacer b hay medicos que opinaban una cosa otros opinanaban exactamente lo contrario,1.0,enthusiasm,1,12,-1,0
3658,podes buscar las estadisticas por paises todavia estan disponibles hay tantos datos que seguro conozcas principalmente porque si uno mismo esta activamente buscando los medios principales solo comparten las noticias que les parece mas relevantes tomar en cuenta que es inmenso el mundo para andar compartiendo info de todas partes cuando la prioridad es la region el pais correspondiente del medio edit agrego que debido diversos factores los numeros estan lejos de ser exactos especialmente en el caso de las muertes sea por problemas de organizacion e infraestructura por atribuirle la muerte otros padecimientos por cuestiones politicas etc te pongo otro ejemplo de la india que salio en las noticias pero si sos de leer te enteras jamas la enfermedad del hongo negro esta causando estragos en la india alerta por brote de virus nipah observatorio de enfermedades infecciosas,1.0,joy,1,19,0,0
3659,porque en india muere tanta gente por enfermedades infectocontagiosas que es novedad,0.0,unemotional,0,27,0,0
3660,quiere discutir quiere tener la razon dale por su lado ese tipo de gente pulula por aqui,0.0,unemotional,0,27,0,0
3661,>te recomiendo cirujia de rodilla deben doler de saltar tantas conclusiones jajajajajajaja jajajajajajaja jajajajajajaja jajajajajajaja jajajajajajaja jajajajajajaja jajajajajajaja jajajajajajaja jajajajajajaja jajajajajajaja jajajajajajaja jajajajajajaja te lo voy rerobar,0.0,unemotional,0,27,0,0
3662,tu aun crees en los reyes magos neta cabron eso que dices tiene fundamentos tu dices lo que viste en tiktok deberias de dejar ver contenido en esa red social creas todo lo que ves ahi redactada necesito que lo entiendas tu eres el que tiktok,-1.0,fear,-1,14,0,0
3663,🤣🤣🤣🤣🤣🤣🤣🤣 para eso te tardaste en responder para buscar un articulo que patetico,-1.0,disgust,-1,7,0,0
3664,parece increible que el mejor argumento de un libertario es esgrimir que su gobierno ea una mierda si que el anterior tambien lo fue el truco esta en construir un interlocutor imaginario donde todos son kukardo es increible que cuando discutis con un liberotario siempre asumen tu orientacion politica el gobierno de alberto fue una mierda la campora es un nido de termos el gobierno de milei es aun peor los libertarios son mas termo que la campora pense que era imposible pero aca estamos te dijeron que con la casta aca estas fingiendo demencia con scioli bullrich sturzeneger menem el comportamiento mas pro casta del universo el cabeza de zapato de adorni ya puso la mitad de su arbol genealogico en el gobierno,-1.0,anger,-1,4,0,0
3665,> el covid ahora mismo mata menos gente precisamente por la campana que se hizo para vacunar una gran parte de la poblacion por la inmunizacion natural mi dio minimo dos veces > la cuarentena fue porque se tenia idea de lo que podia hacer el virus teniamos un desconocimiento total solo sabiamos que daba sintomas de gripe que estaba matando gente que era extremadamente contagioso nada mas todo lo que sabemos ahora se fue dando con el tiempo como una gripe normal la gripe mata gente es contagiosa despues los numeros de los muertos de covid estan inflados todos morian de covid bajaron los infartos bajaron los canceres todo se anotaba como covid para mi muchos paises exageraron hay mas que ver el teatro que hicieron en china lo tranquilo que estabamos nosotros,0.0,unemotional,0,27,1,1
3666,ni podes refutar negrito segui llorando pinchandote con liquidos experimentales mira el testamento que te hice escribir por poder refutar,1.0,relief,1,21,0,0
3667,fuente conspiraciones de la derecha qanon los mas idiotas de los yankees,-1.0,anger,-1,4,0,0
3668,gracias habia leido si el hongo negro,-1.0,anger,-1,4,0,0
3669,eso sumale que son bocha de gente millones de personas 😮 si se mueren millon por covid que nosotros nos va parecer una banda para ellos es nada,0.0,unemotional,0,27,0,0
3670,tenes razon se en realidad pq sigo discutiendo,1.0,relief,1,21,0,0
3671,jajajaja tipico nino,0.0,unemotional,0,27,0,0
3672,es buenisimo,-1.0,fear,-1,14,0,0
3673,fa amigo como deben doler esas rodillas,1.0,enthusiasm,1,12,0,0
3674,tu eres tonto algo,0.0,unemotional,0,27,0,0
3675,de que estas hablando subnormal,0.0,surprise,0,25,0,-1
3676,si para vos testamento son renglones se nota el por que crees las pelotudeces que crees,-1.0,fear,-1,14,0,0
3677,aparte es tantisima gente en condiciones tan precarias que probablemente muchos murieron los cremaron los tiraron al ganges sin tomarse la molestia de sacarles certificado de defuncion,0.0,unemotional,0,27,-1,0
3678,llega leer un paper cientifico le explota el cerebro,-1.0,anger,-1,4,0,0
3679,🤣,-1.0,fear,-1,14,0,0
3680,los tiraron al ganges 🤣,1.0,enthusiasm,1,12,0,0
3681,de hecho lo habia dicho sin siquiera verificar que fue exactamente lo que paso,0.0,unemotional,0,27,-1,0
3682,want spend salary rent travel work order foodno ones putting lockdown anymore,0.0,unemotional,0,27,1,0
3683,,-1.0,fear,-1,14,0,0
3684,read good virus lol,-1.0,anger,-1,4,1,1
3685,sars bhi aya tha dedh saal pehele kuch nahi hua,-1.0,sadness,-1,23,0,0
3686,first identified new virus,0.0,unemotional,0,27,0,1
3687,viruses china also halving cycle year like bitcoin,-1.0,anger,-1,4,1,0
3688,,-1.0,sadness,-1,23,0,0
3689,common cold need panic,-1.0,fear,-1,14,-1,-1
3690,ill start saving recipes want try,0.0,unemotional,0,27,-1,-1
3691,mortality rate hmpv,-1.0,fear,-1,14,0,0
3692,lmao chill ye jo baby ko hmpv hua hai vo mutation wala variant nhi hai china dont know ki konsa virus spread hora hai chill karo,0.0,unemotional,0,27,1,1
3693,arey ye vhi cold cough h jo abhi aek mhine pehle sabko hua tha 😂,1.0,enthusiasm,1,12,0,-1
3694,well started wtf,1.0,relief,1,21,-1,-1
3695,saans leta hu toh,1.0,joy,1,19,0,0
3696,ciin kii pnc vrssiiy yojnaa ke tht prstut hai unkii nyii peshksh,0.0,unemotional,0,27,0,0
3697,virus new,0.0,unemotional,0,27,0,1
3698,appreciation content contributions community rewarded following community currency rewards 💱learn community currencycurrencyexchange 🏅 award,-1.0,anger,-1,4,1,0
3699,bhai government ko jitne bhi lockdown karne hain march ke baad karna agar boards cancel hogaye aur inhone pre boards ke marks liye fir main gaya,-1.0,fear,-1,14,-1,1
3700,lekin press trust india health organization nhi hai common sense laga le laude,1.0,enthusiasm,1,12,1,-1
3701,exam ke liye padna hai ya nhi ye bata bas 😭😂,0.0,unemotional,0,27,0,0
3702,😂😂😂,-1.0,disgust,-1,7,0,0
3703,remind year,1.0,relief,1,21,0,0
3704,addicted redditor,0.0,unemotional,0,27,0,-1
3705,mai kuch sarcastic reply krne vala tha pr k+ comment karma dekh kr abnhi krunga,-1.0,fear,-1,14,-1,1
3706,+ve ho jata hun,-1.0,anger,-1,4,0,0
3707,delhi seh nikal lena chahiye shayad sikkim shift ho jate hai,0.0,fear,0,14,0,0
3708,covid also new new variant ig also dont much clarity maybe new variant old virus,0.0,relief,0,21,-1,1
3709,lekin pti report karta hai yeh officials ka quote hai thik se padhle,-1.0,anger,-1,4,0,0
3710,itna karma kaise h bc iska,0.0,unemotional,0,27,0,0
3711,ladk ka naam rk lo vro apke bhi ho jayege,0.0,unemotional,0,27,0,0
3712,feel like post violates subreddit rules feel free report using dots tag active moderator removing post learn report post bot action performed automatically please contact moderators subredditmessagecomposeto=rjeeneetards questions concerns,-1.0,disgust,-1,7,1,1
3713,brooo jokes apart happening real imgemote|tttu|imgemote|tttu|,-1.0,anger,-1,4,1,1
3714,padhlo jee cancel nhi hone wala,-1.0,fear,-1,14,-1,0
3715,nah want good farwell good college life want learn lot things + gymming jee ye agar hua na toh sab barbad hojayega last time football choota tha isbar bohut kuch chootega,-1.0,anger,-1,4,1,1
3716,,0.0,unemotional,0,27,0,0
3717,kuch nhi hone wala ye virus bachoo ko effect kar raha hain probably lockdown nhi lagega baaki school max mahina band ho sakta hain wo bhi sirf nursery th th ke bacho ko kaha kuch hota hain imgemote|tttu| >padhle bsdk imgemote|tttu|<,0.0,unemotional,0,27,0,0
3718,ye plagueinc h kya ya fir irl message aaya h💀,0.0,unemotional,0,27,0,0
3719,usme kya hai dubara khel lege iss baar tu prepared hu imgemote|tttu|its better jee din ke andar mere state mai fael jae imgemote|tttu|,-1.0,sad,-1,22,1,0
3720,noooooo aisa th mai bhi hua tha aur tab mujhe yaad hai sst se bahut darr tha mujhe toh maine jan se padhna shuru kar diya tha sst aur bc papa mummy ne toh jab hum cousin ki shaadi mai gaye jan end tab bhi padhne bola tha aur phir maths ka exam hua aur th march se school band hogaya bc agle din sst ka hi paper tha pehli baar zindagi mai sst ke liye prepared tha th mai bilkul nahi padha boards mai bhi syllabus nahi completed tha lmao,0.0,unemotional,0,27,1,1
3721,pichli baar bach gaye jaise taise iss baar nahi bachenge shayad,-1.0,sad,-1,22,0,0
3722,,-1.0,anger,-1,4,0,0
3723,waaah bhencho tff😭😭😭 wps lockdown lg jaega kya wps thali bajani pdegi kyaa😭😭😭💀💀💀💀💀💀💀,-1.0,anger,-1,4,0,0
3724,think ive seen film dint like ending,0.0,unemotional,0,27,1,0
3725,nooo join boxing gym dont wanna box home againnn,0.0,unemotional,0,27,1,0
3726,deleted,0.0,unemotional,0,27,0,0
3727,state bro,0.0,unemotional,0,27,0,0
3728,us bhai us,-1.0,disgust,-1,7,0,0
3729,fighting hopeless cause youre door jeemains,-1.0,anger,-1,4,-1,0
3730,abey boards na cancel hojaye maine preboard nhi diya 😭,0.0,unemotional,0,27,-1,0
3731,bhai ye message shi bheja hai ya joke around kr rha,0.0,unemotional,0,27,1,0
3732,kuch nahi hoga mujhe lgta hai bcz covid surprise know deal itni problem nahi aayegi,-1.0,disgust,-1,7,-1,0
3733,maderchod firse imgemote|tttu|,-1.0,anger,-1,4,0,0
3734,youtube channel chalu krdu kya firse,0.0,unemotional,0,27,0,0
3735,jee sirf mahina piche ho jye suck cock imgemote|tttu|imgemote|tttu|,0.0,unemotional,0,27,-1,0
3736,,-1.0,fear,-1,14,0,0
3737,entrar 🤨,0.0,unemotional,0,27,0,0
3739,damn msg sir ne kiya group meaimgemote|tttu|,-1.0,disgust,-1,7,-1,0
3740,theres nothing yet college though cases vicinity,0.0,unemotional,0,27,0,0
3741,entering like player squid game 🙃,-1.0,fear,-1,14,1,-1
3742,im ultra pro max legendary game 💀,0.0,unemotional,0,27,0,1
3743,boon,0.0,unemotional,0,27,0,0
3744,bro ye entrar na imgemote|tttu|,0.0,unemotional,0,27,0,0
3745,kuch nhi hone wala bhai atleast boards jee neet se pehle kuch nhi hone wala,-1.0,disgust,-1,7,0,0
3746,imgemote|tttu| god pls competition aur badh jayega imgemote|tttu|,0.0,unemotional,0,27,1,0
3747,youre dps,-1.0,disgust,-1,7,0,0
3748,yahi chahiye tha,0.0,unemotional,0,27,0,0
3749,literally common cold children elderly susceptible risk circulating decades acc chatgpt,-1.0,anger,-1,4,-1,-1
3750,yeah bro currently bangalore brothers school issued notice,-1.0,disgust,-1,7,1,0
3751,imgemote|tttu|helloooimgemote|tttu|,-1.0,disgust,-1,7,0,0
3752,ayo winona ryder preparing jee,0.0,unemotional,0,27,0,0
3753,kuch nhi hoga bas bolne ki baate hai username says main jo bolta hu usually uska ulta hota hai,-1.0,anger,-1,4,0,0
3754,january na hi cancel hoga na hi mere se kuch hoga hope april cancel na ho,0.0,unemotional,0,27,0,-1
3755,last time football chootha tha felt broooimgemote|tttu| covid ki vajah se acha khasa football reh gya,0.0,unemotional,0,27,0,0
3756,meine bhi cricket club chhod diya tha bhaiimgemote|tttu| >khelna na tab aata tha na ab aata hai <,-1.0,feaer,-1,13,0,0
3757,damn football thing imgemote|tttu|imgemote|tttu|,0.0,surprise,0,25,-1,0
3758,introverts heaven lockdown🫠,1.0,relief,1,21,1,0
3759,>last time football choota tha isbar bohut kuch chootega fr bhai lockdown ke baad ek bhi tour nhi khela basketball khelta tha pura hi choot gya,0.0,unemotional,0,27,0,0
3760,nahi lmao actual circular school imgemote|tttu|,-1.0,disgust,-1,7,1,1
3761,bhai mai toh kehta hu uss bacche ko lejake sabke muh pe laga de imgemote|tttu|pure state ham hi phaila denge imgemote|tttu|,1.0,enthusiasm,1,12,0,0
3762,ball fuck,0.0,sympathy,0,26,-1,-1
3763,mera geo se pichle din band hua tha saturday tha th ka,1.0,relief,1,21,0,0
3764,yahi gaana aaya tha mind me😭 vapas pubg khelunga mujhe kya,-1.0,anger,-1,4,0,0
3765,maybe need try season maybe different,1.0,enthusiasm,1,12,0,0
3766,yeh kaisa govt hai virus failne ke baad measure leti hai imgemote|tttu|exams ke samay hi lockdown laga doh na imgemote|tttu|,1.0,joy,1,19,0,0
3767,karnataka,0.0,unemotional,0,27,0,0
3768,abey school walo ke saath sabka bhai chara rehta haiimgemote|tttu|imgemote|tttu|,0.0,unemotional,0,27,0,0
3769,jitna piche utna zyada competition,0.0,unemotional,0,27,0,0
3770,yup imgemote|tttu|,-1.0,fear,-1,14,0,0
3771,uske baad bhi nai hoega kuch,-1.0,disgust,-1,7,0,0
3772,bhosdike padhle lavde flair,-1.0,anger,-1,4,0,0
3773,lund,0.0,unemotional,0,27,0,0
3774,supply hmpv virus north india specially delhi see flashbacks,1.0,relief,1,21,0,1
3775,deleted,-1.0,anger,-1,4,0,0
3776,kaafi jldi padh liyaa imgemote|tttu|imgemote|tttu|,-1.0,anger,-1,4,0,0
3777,deleted,0.0,unemotional,0,27,0,0
3778,bhai aap toh raw agent ho apka iss bare intel hai toh bata plij 👉🏼👈🏼imgemote|tttu|,1.0,relief,1,21,0,-1
3779,sattu 👄,0.0,unemotional,0,27,0,0
3780,whos,-1.0,fear,-1,14,0,0
3781,tumhe lagta hai iss baar koi rule manega bhi,1.0,enthusiasm,1,12,0,0
3782,tbf even introvert id hate lockdown mainly happening part life,0.0,unemotional,0,27,-1,-1
3783,real,0.0,surprise,0,25,0,1
3784,first wahi mask sanitizerimgemote|tttu| edit firse likhna tha typo ho gya autocorrect ki mkc💐,-1.0,fear,-1,14,0,1
3785,pehle nta walo ko imgemote|tttu|,0.0,unemotional,0,27,0,0
3786,bhai tu apne krlefir jake sabke muh pe khaas diyoimgemote|tttu|,-1.0,anger,-1,4,0,0
3787,youjustruinedthelyrics bro 😭😭 taylor swift song exile,-1.0,fear,-1,14,1,0
3788,boards cancel krde aur log ki death na hoimgemote|tttu|preventive lockdown w,1.0,enthusiasm,1,12,-1,0
3789,stay safe bro👍👍,0.0,unemotional,0,27,1,1
3790,bhai jo bhi hoga isse tho accha hi hoga jo aaj hai,0.0,unemotional,0,27,0,0
3791,mehnat kar aalsi bkl,-1.0,fear,-1,14,0,0
3792,nope,-1.0,anger,-1,4,0,0
3793,imgemote|tttu|accha jaa rha,-1.0,sadness,-1,23,0,0
3794,pakda gaya,0.0,unemotional,0,27,0,0
3795,abee bhaaiiimgemote|tttu|srry dost hai wooh,-1.0,anger,-1,4,0,0
3796,mehnat kar aalsi bkl imgemote|tttu|,-1.0,sadness,-1,23,0,0
3797,arre bhai sorry bhaii maafiiiimgemote|tttu|,-1.0,fear,-1,14,-1,-1
3798,haa yeh bhi theek hai waise bhi result ke baad latakne hi wala tha imgemote|tttu|,0.0,unemotional,0,27,0,0
3799,swiftie 😈😈,-1.0,fear,-1,14,0,0
3800,agar preboards ke marks se percentage milli toh bhai meri fraction aigi percentage imgemote|tttu|imgemote|tttu|,0.0,unemotional,0,27,0,0
3801,dont worry bhai months hai april ko ghante padh waise hi youll way better others woh chutiye abhi bhi royenge baad bhiand second part comment wont recommendimgemote|tttu|,1.0,enthusiasm,1,12,1,1
3802,deleted,1.0,relief,1,21,0,0
3803,imgemote|tttu|imgemote|tttu|imgemote|tttu|,1.0,joy,1,19,0,0
3804,abey dedete hai,0.0,unemotional,0,27,0,0
3805,abeeeee nhiii bhaiiiiii woh tg haii dost hai hamlogimgemote|tttu|,0.0,unemotional,0,27,0,0
3806,mere bhi banjaodostimgemote|tttu|,-1.0,anger,-1,4,0,-1
3807,imgemote|tttu|ok,-1.0,fear,-1,14,0,0
3808,hmpv new virus identified seasonal virus usually affecting children older people immunocompromised populations case could well routine infection,1.0,enthusiasm,1,12,1,0
3809,dont find nonindian news website causing alarm hpmv coronavirus also nothing new either covid big deal novel coronavirus nothing novel current hpmv cases know us would already gotten,0.0,unemotional,0,27,1,0
3810,travel history fully prepared handle emergencies heard hmm,-1.0,disgust,-1,7,1,0
3811,infectious diseases physician india bull hmpv already seen many colleagues mine across india certainly new know common year routinely test since covid testing common bias likely severe enough data say variant china cannot say genomic data isolates far reason panic certainly need monitor,1.0,relief,1,21,-1,0
3812,severe covid relatively newly discovered retrovirus hmpv around years,0.0,unemotional,0,27,-1,1
3813,much news india hmpv regular seasonal virus getting almost coverage us,-1.0,fear,-1,14,0,1
3814,returned month long trip china hk honestly wont even know theres outbreak traveled cities theres absolutely panic overwhelmed hospitals indian media trying increase trp someone pointed new virus,-1.0,anger,-1,4,1,1
3815,heres study talking common hmpv young children sure dangerous variant virus would many variants present long time,0.0,fear,0,14,-1,0
3816,dumb panic notice indian news channels reporting something international media covering unlike say covid,0.0,relief,0,21,-1,-1
3817,yea pretty sure family came back thailand everyone sick since covid like symptoms severe weeks suffering fever dreams debilitating fatigue,-1.0,anger,-1,4,-1,0
3818,prarambh,0.0,unemotional,0,27,0,0
3819,brace impact,0.0,unemotional,0,27,0,0
3820,bjp win get virus lockdown,-1.0,disgust,-1,7,1,1
3821,go census postponded,-1.0,anger,-1,4,0,0
3822,another chinese virus dont want,-1.0,fear,-1,14,-1,0
3823,deleted,-1.0,anger,-1,4,0,0
3824,parents travel get hospital fuck,0.0,unemotional,0,27,-1,-1
3825,stay one bill gates fauci,0.0,unemotional,0,27,0,0
3826,coronavirus also new virus identified edit non alrming run mill old coronavirus became novel coronavirus outbreak could routine infection alarmed,0.0,unemotional,0,27,0,1
3827,removed,-1.0,sad,-1,22,0,0
3828,hello sirmam precautionary measures one take times one parents weak immune system also done fear mongering,0.0,unemotional,0,27,-1,-1
3829,wearing mask help virus,-1.0,sad,-1,22,1,0
3830,probably china facing excessive cases,-1.0,anger,-1,4,0,-1
3831,find many cases hmpv found india,-1.0,anger,-1,4,0,1
3832,china severe outbreak compared previous years virus would big threat us one neighbors,0.0,unemotional,0,27,-1,-1
3833,ok news health related topics u demand u get godi channels well,0.0,unemotional,0,27,1,1
3834,hai prachand,0.0,unemotional,0,27,0,0
3835,police doctors nurses migrant workers etc many people families take risk like last time people like insensitive,0.0,unemotional,0,27,1,1
3836,child pure evil,-1.0,disgust,-1,7,-1,-1
3837,yes,-1.0,anger,-1,4,1,0
3838,,0.0,unemotional,0,27,0,0
3839,apne hridey ko swacch kro parth,0.0,unemotional,0,27,0,0
3840,lose someone close learn,-1.0,disgust,-1,7,-1,0
3841,yes think essential services bottom pyramid,-1.0,anger,-1,4,1,0
3842,absolutely false coronaviruses covid novel ie never recorded coronaviruses class virus studied since long time,0.0,unemotional,0,27,1,-1
3843,sure coronavirus new virus covid new strains identified hmpv would suggest caution anyways handwashing masks sick considering season respiratory infections,0.0,unemotional,0,27,-1,0
3844,corona bioengineered,-1.0,fear,-1,14,0,0
3845,trying potrait like covid want sweet sweet trp,0.0,unemotional,0,27,1,1
3847,yes,-1.0,disgust,-1,7,1,0
3848,simple mask help worn correctly chin masks thyroid masks used frequently help,0.0,unemotional,0,27,1,0
3849,thats sus virus maybe something dont know yet,-1.0,fear,-1,14,0,0
3850,reported indian media corrupt indian media happening moment want distract,0.0,unemotional,0,27,-1,-1
3851,virus transmission via borders one neighbors strong either geographically via cross border movement peopleincluding airsea travel,0.0,unemotional,0,27,1,1
3852,bol mastako ke jhund aaj jung ki ghadi ki tum guhar,0.0,unemotional,0,27,0,0
3853,exactly point coronavirus became novel coronavirus,-1.0,disgust,-1,7,1,1
3854,um coronavirus new one covid,0.0,unemotional,0,27,0,1
3855,never normal coronavirus thats works first detected clear new pathogen,-1.0,disgust,-1,7,1,1
3856,hmpv novel virus thats dude saying,0.0,unemotional,0,27,1,0
3857,saying nov dec jan seasonal flucoronavirus china febmarch everyone realized new strain prevents hmpv going route,-1.0,anger,-1,4,0,1
3858,covid never seasonal flu early videos coming china always named covid nobody termed common flu even check circulars,-1.0,disgust,-1,7,1,-1
3859,whole reason panic back jan novel variant coronavirus otherwise nonnews simply like fact half people runny noses country affected kind coronavirus like always,-1.0,disgust,-1,7,1,1
3860,real like downvoted,0.0,unemotional,0,27,1,1
3861,get lot people might disagree stance hmpv honestly hard feelings towards anyone thinks differently hope downvotes prove wrong turns story overly cautious however believe hmpv potential become something much worse like coronavirus initially downplayed became global issue could happen hmpv next weeks might see turn something completely new infectious variant canceled family trip italy late february everyones advice significant financial loss since expenses nonrefundable avoided lot trouble traveling yesterday booked another trip morning realized waited days although costly canceling seven tickets still expense willing bear okay proven wrong prefer avoid unnecessary risks based previous experiences,-1.0,anger,-1,4,-1,-1
3862,got taking piss,0.0,unemotional,0,27,-1,0
3863,god made,0.0,unemotional,0,27,1,0
3864,bro need download reactbot get opinion literally everything,-1.0,feaer,-1,13,0,0
3865,one step closer achieving godhood preordained,0.0,surprise,0,25,0,0
3866,literally thinking making something like meme 😂,1.0,relief,1,21,1,0
3867,feel whoever using grossly misunderstood purpose reactbot,0.0,unemotional,0,27,-1,0
3868,lame latest videos reactbot saying subscribe join react family like tenet life whatever name somehow even worse,-1.0,disgust,-1,7,-1,-1
3869,reactbots global conquest officially begun,1.0,enthusiasm,1,12,0,0
3870,asked reactbot thought said want shake persons hand fine,0.0,sympathy,0,26,1,1
3871,could lowkey actually jack experiment something edit never mind thing every time says subscribe join react family,1.0,relief,1,21,1,0
3872,cannot real right,-1.0,anger,-1,4,0,1
3873,irony deep one,1.0,enthusiasm,1,12,-1,0
3874,snicker stop like snicker slop,1.0,joy,1,19,1,0
3875,good see react bot branching,0.0,unemotional,0,27,1,1
3876,actual copyright infringement,0.0,unemotional,0,27,-1,0
3877,isnt technically jack made,0.0,unemotional,0,27,0,0
3878,poes law action,-1.0,fear,-1,14,0,1
3879,gotta respect,-1.0,disgust,-1,7,1,0
3880,saw im wondering made memes likely stealing irony would crazy,-1.0,anger,-1,4,-1,-1
3881,reactbots joined dark side,0.0,unemotional,0,27,0,-1
3882,description sounds like ai description welcome snickerstop onestop shop endless laughs ++ expect hilarious skits funny animal moments epic fails pranks random absurdity thatll leave rofl hit subscribe button let giggles begin dont forget stop daily dose laughter free totally contagious staysnickering,1.0,relief,1,21,1,1
3883,reactbot phrase lmao,-1.0,anger,-1,4,1,1
3884,good job jack allowed people create garbage,-1.0,anger,-1,4,1,1
3885,record havent checked channel yet im planning either even satire still doesnt provide transformative commentary steals creators giving proper credit isnt much satire another contentstealing channel reactbot sprinkles top lol,0.0,unemotional,0,27,1,1
3886,heres link channel worse think could ever,1.0,relief,1,21,-1,-1
3887,thats hilarious,0.0,unemotional,0,27,1,1
3888,please purpose please purpose please purpose,-1.0,fear,-1,14,1,0
3889,chosen one,1.0,enthusiasm,1,12,0,0
3890,😆,0.0,unemotional,0,27,0,0
3891,😂😂😂omg this😂😂😂,0.0,surprise,0,25,0,0
3892,releasing reactbot everyone consequences,-1.0,fear,-1,14,0,0
3893,,0.0,unemotional,0,27,0,0
3894,pain,-1.0,anger,-1,4,-1,0
3895,credit link,-1.0,fear,-1,14,1,0
3896,erm satire,1.0,enthusiasm,1,12,0,0
3897,actually god made hes already replacing lazy reactors,0.0,unemotional,0,27,-1,-1
3898,wayyyy,0.0,anger,0,4,0,0
3899,jack saw account,0.0,unemotional,0,27,0,0
3900,oh god,0.0,fear,0,14,1,0
3901,ai pfp 🤮,0.0,anger,0,4,0,0
3902,go birds,0.0,unemotional,0,27,0,0
3903,man,0.0,unemotional,0,27,0,0
3904,computer hes great help everything officially know feel everything like know south park season episode makes crave flesh innocent,0.0,sympathy,0,26,1,1
3905,still says thing every video,0.0,unemotional,0,27,0,0
3906,oh understand theyre purpose,1.0,sympathy,1,26,0,0
3907,mean technically allowed,0.0,surprise,0,25,0,-1
3908,god made,1.0,happy,1,16,1,0
3909,get reactbot react,1.0,enthusiasm,1,12,0,0
3910,gotta respect,1.0,happy,1,16,1,0
3911,thats good least think dont know anymore,0.0,surprise,0,25,1,1
3912,gotta respect,1.0,joy,1,19,1,0
3913,literallyseagulls,1.0,surprise,1,25,0,0
3914,flesh shall spared matthew chapter verse,0.0,unemotional,0,27,0,0
3915,gatorade baby,-1.0,fear,-1,14,0,0
3916,joke probably get jacks attention,-1.0,anger,-1,4,1,0
3917,thats bingo,-1.0,sadness,-1,23,0,0
3918,bazinga,0.0,unemotional,0,27,0,0
3919,life like oooo aaaaa oooo,-1.0,anger,-1,4,1,0
3920,please ask buysell advice portfolio reviews without sharing opinions reasons first posts removed low effort posts repost daily discussion thread please refer faq asked questionspostyourcommon common questions already answered subscribe weekly newsletter join discord server using link link bot action performed automatically please contact moderators subredditmessagecomposeto=rindianstockmarket questions concerns,-1.0,sadness,-1,23,1,0
3921,pediatrician since past months seeing surge cough colds positive viral panel human meta pneumovirus neonates admitted recovered literally impossible screen cough cold fear mongeringits joke one publishing st case nd case etc chill ride follow universal precautions handwashing avoid touching eyes nose without washing hands avoid crowd one good,-1.0,fear,-1,14,1,0
3922,honestly golden opportunity accumulateand smart people cashthey use correctly,0.0,unemotional,0,27,1,1
3923,media fearmonegringpanic sellers going regret later,-1.0,fear,-1,14,-1,0
3924,india country road accidents occur daily around deaths happen per day due premature causes like cardiovascular diseases respiratory conditions communicable diseases yet market reacting irrational fall yearold child discharged well irrational fall lmao,0.0,unemotional,0,27,1,1
3925,ive realized stock market never cause effect effect cause,1.0,enthusiasm,1,12,0,0
3926,noone selling due virus panic excuse fiis exiting india like never return market overvalued earnings muted high inflation low growth welfare schemes buy votes hurting economy disastrous finance policies,1.0,relief,1,21,-1,-1
3927,bought calls today im sure whats gonna happen next,1.0,joy,1,19,1,1
3928,sure retail investors selling institutions trading firms,0.0,unemotional,0,27,1,1
3929,think todays selling attributed weak expectations upcoming q results,0.0,unemotional,0,27,-1,-1
3930,know coronavirus also old virus covid new variant,-1.0,anger,-1,4,0,1
3931,seems operators game first create panic let retail sell buy low sell high days,-1.0,fear,-1,14,-1,0
3932,man inwas hoping get work home,1.0,enthusiasm,1,12,1,0
3933,closed positions knew since friday would happen monday case flu detected india happens every year winters kids media would take covid since back news cycle started jan febmar lockdown fearmoungering would occur people would panic sell stocks soon bank nifty shows correction whats next hospitals doc etc would look new cases kids going though usual winter infections would quarantined number kids increase market would drop public insecure scared chicken like small news would fear like crazy never seen scared panic public nations countries people optimistic pessimist im waiting market fall bit buy dip work medical field daily see babies getting infection goes untested however keep testing look something sepecific hpmwcovid would find numbers would grow,0.0,unemotional,0,27,-1,-1
3934,dont aggressive buyer market expecting slowdown economy due orange man unexpected corporate tax cut prevent crash sip diversified funds always better choice,-1.0,disgust,-1,7,-1,1
3935,sooo true dunno come people panic selling shows stupidity people come normal common cold,1.0,relief,1,21,-1,-1
3936,put words china virus together people go tizzy without rhyme reason scaremongering stereotypes nationalism playing bjp trolls also maximise heard bjp supporter person good degree china trump going come expect india minds brainwash ruling party,0.0,unemotional,0,27,1,1
3937,current market news driven rather stocks fundamental driven,-1.0,fear,-1,14,0,0
3938,honestly pretty dumb indian markets pretty bad past months,-1.0,anger,-1,4,1,-1
3939,tayari karlo bc sab beck ke low pe buy karenge bc,0.0,fear,0,14,-1,0
3940,removed,0.0,relief,0,21,0,0
3941,deleted,-1.0,anger,-1,4,0,0
3942,theres generation investors havent seen bear market theyve heard dont even know theyre following herd hpmv bullshit okay market tanks bit let havent burnt hands burn bit must know markets place make easy money go easily well got smart stay invested,0.0,unemotional,0,27,1,1
3943,markets overpriced even drop,0.0,unemotional,0,27,-1,0
3944,bull markets absorb negative news matter big bear markets fall news matter small markets decides direction first looks drivers,-1.0,disgust,-1,7,-1,-1
3945,hpmv virus🦠 something else,-1.0,anger,-1,4,0,0
3946,opinion dip buying wont end well,-1.0,fear,-1,14,-1,0
3947,hold,-1.0,anger,-1,4,0,0
3948,old virus indeed karnataka government issued advisory,0.0,unemotional,0,27,0,1
3949,deleted,0.0,unemotional,0,27,0,0
3950,happen tho im gonna invest hilaoing gaand instagram see x returns,0.0,unemotional,0,27,0,0
3951,thats wanted godi media bjp whatsapp cells looking opportunity manipulate stock market bad even foreigners living china making fun one fool follow godi media bjp cells,-1.0,sad,-1,22,-1,-1
3952,yes severity virus enters different people mutates sometimes mutant version become deadly uncontrollable hope getting,0.0,unemotional,0,27,1,-1
3953,wait people actually selling hmpv,-1.0,sad,-1,22,0,0
3954,feel,-1.0,anger,-1,4,0,0
3955,seasonal virus causes pneumonia like symptoms curable often homestay use masks stay away coughing people simple timing came similar covid people started panicking crash due panic global factors mostly fii outflow,-1.0,anger,-1,4,-1,1
3956,panic bocz government care general life every country government know many cases health care sector collapse general public panic whole economy go,0.0,unemotional,0,27,-1,1
3957,narrative people selling panic also bullshit indian markets volatile since last weeks fis returned today new year break selling spree resumed,0.0,unemotional,0,27,-1,1
3958,lol invest stocks plumetting especially specific ones feed pharma industry indirectly pharma going improve anyway especially want hedge sector mfs dust settles expect value see upsurge feeder companies stocks eta sharing opinion sebi registered advisor,0.0,unemotional,0,27,1,1
3959,years ago read book humans dipping iq couldnt agree days sane person cant see crystal clear view sane enough invest markets fiis exiting indian markets doves compromised regulatory agencies especially sebi oligarchs close dispensation illegal buybacks shell firms led irreversible dips market fii sane investors exiting cover cause misdirect hpmv scare floated theres reason indian media floating like bonkers check oligarchs godi media allegedly manipulating markets shell companies,0.0,unemotional,0,27,-1,-1
3960,indian govt taking advantage virus make money biggest scam,-1.0,disgust,-1,7,-1,0
3961,find people reminiscing feeling sad buy march corona selloff times invest ages idiots must panicking strange,-1.0,anger,-1,4,-1,-1
3962,called minute saw news lots people knew bs,0.0,unemotional,0,27,0,0
3963,scare real media revealing,0.0,unemotional,0,27,-1,1
3964,sold significant part long term holdings back july aug expectation buy back lower price case nimmi increases ltcg screwed ive tracking spreadsheet guess factor nimmi tax im still sale price eg sbi sold buy price even though need make loss transaction,-1.0,disgust,-1,7,-1,1
3965,except virus people moving funds elsewhere like us bonds usd giving yield many countries conflict others seem imminent inflation earnings consumption concerns india virus likely least concerns right india water stressed country along climate change adaptations expected cost quite bit thing going india right perceived political stability rd term,-1.0,anger,-1,4,1,1
3966,medical expert nih website says mortality rates days hmpv respiratory syncytial virus lower respiratory tract disease,0.0,unemotional,0,27,-1,0
3967,bold assumption selling due hpmv largely due global weakness incoming trump presidency,0.0,unemotional,0,27,-1,0
3968,maybe world war around corner,-1.0,fear,-1,14,-1,0
3969,bought around k today around available cash situations,0.0,unemotional,0,27,0,1
3971,thank clearing air reassuring especially misconceptions around,-1.0,disgust,-1,7,1,0
3972,mask help well,0.0,unemotional,0,27,1,0
3973,primarily affecting kids go nurserypreschool specified precautions go window right point concerned scenario,-1.0,fear,-1,14,0,1
3974,recovered covid easily looks like affected lungs lung run got tb extra pulmonary lymph nodes beginning year lungsrespiratory problems common post covid specially people got covid thats personal observation based small sample space surrounding,0.0,unemotional,0,27,1,0
3975,unaware time new varient hmpv,0.0,unemotional,0,27,-1,1
3976,hey question think lingering effects kids,0.0,unemotional,0,27,0,0
3977,removed,-1.0,disgust,-1,7,0,0
3978,dip dip karte kharte khaali ho gaya hoon bhai,0.0,unemotional,0,27,0,0
3979,true already invested upto neck cash would bought every bit market,-1.0,disgust,-1,7,1,1
3980,,0.0,unemotional,0,27,0,0
3981,yeah true also seeing trend india market reacting bit fast news dont think happened earlier like people sitting buy sell buttons soon news hpmv results come stocks move like crazy,-1.0,anger,-1,4,1,0
3982,kid moved market many startup founders combined talk peaking early,-1.0,disgust,-1,7,0,1
3983,problem mortality lockdowns economic stagnation,-1.0,disgust,-1,7,-1,1
3984,yeah thats true major credit goes media make everything look like end world scenario,0.0,unemotional,0,27,1,1
3985,mercurial rise irrational well market needs fall least fairly valued,-1.0,anger,-1,4,1,1
3986,true,0.0,unemotional,0,27,1,1
3987,obviously bro market always leading indicators economy gdp lagging indicators,0.0,unemotional,0,27,-1,0
3988,think overall situation good sectors booming including hospitals pharmacy brokerage companies etc least perform decently,-1.0,feaer,-1,13,1,1
3989,bought putsexpecting fall tomorrow,0.0,surprise,0,25,0,0
3990,well hoopla subsides day two results start coming expected best better last quarter sitting pile cash thats gonna happen next,1.0,relief,1,21,1,1
3991,think selling today retailers alone dont kind firepower bring market,0.0,unemotional,0,27,-1,1
3992,oh thought results gonna better last quarter also sectors whose results great also part todays selloff,-1.0,disgust,-1,7,1,1
3993,covid high mortality rate especially begining one doesnt far read news something happening behind scenes china thats different set facts aware,1.0,enthusiasm,1,12,0,0
3994,looking thr past month data nifty make sense getting played,0.0,sympathy,0,26,1,-1
3995,want pandemic country get work home,1.0,relief,1,21,1,0
3996,true change name panic republic stock market reactions news gone crazy india rightly said every flu india compared covid though people learnt covid come strong whatever may come instead suckers increased size market,-1.0,anger,-1,4,-1,0
3997,feels like tax cut motion since orange tai better wait till budget yes sip best mode investment,1.0,enthusiasm,1,12,1,1
3998,looks like people want action gone days market hardly moved weeks percent normal,1.0,joy,1,19,1,0
3999,yes chinus deadly combo china trump batshit crazy logic even expect,0.0,unemotional,0,27,1,-1
4000,true totally agreed,0.0,unemotional,0,27,1,1
4001,^sokkahaiku ^by ^agngp current market news driven rather stocks fundamental driven ^remember ^that ^one ^time ^sokka ^accidentally ^used ^an ^extra ^syllable ^in ^that ^haiku ^battle ^in ^ba ^sing ^se ^that ^was ^a ^sokka ^haiku ^and ^you ^just ^made ^one,0.0,unemotional,0,27,0,0
4002,yup totally agreed,-1.0,fear,-1,14,1,0
4003,hahaha yes,-1.0,disgust,-1,7,1,1
4004,oh virus virulent right combo work hope case,-1.0,anger,-1,4,-1,1
4005,much want short stocks peak even good stocks undervalued stocks taken beating,0.0,unemotional,0,27,1,1
4006,thats true actually opinion growth around india see bear market long,1.0,relief,1,21,1,1
4007,nifty opinion price fairly,-1.0,anger,-1,4,1,1
4008,else,-1.0,anger,-1,4,0,0
4009,people buying dip last months lol,0.0,unemotional,0,27,1,1
4010,,1.0,relief,1,21,0,0
4011,ohh,0.0,unemotional,0,27,0,0
4012,absolutely,-1.0,fear,-1,14,0,1
4013,deleted,1.0,enthusiasm,1,12,0,0
4014,oh good know,0.0,unemotional,0,27,1,1
4015,lfg,0.0,surprise,0,25,0,0
4016,lol,-1.0,fear,-1,14,1,1
4017,lol feels like laughing crying time watching video,0.0,unemotional,0,27,1,1
4018,evidence yet thing happened,-1.0,anger,-1,4,0,0
4019,yes totally agreecorrelation covid caused market panic,-1.0,fear,-1,14,-1,0
4020,fii sold double rd jan today fii responsible todays slide,1.0,enthusiasm,1,12,1,1
4021,recommendations pharma feeder stocks,0.0,unemotional,0,27,0,0
4022,yeah one actually buy corona sold early fear market overvalued bought fuck market neck deep planning sit tight,0.0,unemotional,0,27,-1,-1
4023,yeah panic ended day,-1.0,fear,-1,14,-1,0
4024,know medical expert thats read especially portion share hmpv infections cause severe even fatal disease immunocompromised patients crude reported mortality rates hmpv pneumonia ranging different small cohort studies cancer andor hematopoietic cell transplantation hct patients data shared immunocompromised patients hct patients hope helps,-1.0,anger,-1,4,-1,-1
4025,think saw trump presidency miles away india kind isolated global weakness actually usp indian markets growing faster others also think nifty justice kind selling happened today portfolio cracked around niftys plausible reason seems knee jerk reaction something course comes hmpv yes thats think maybe wrong nobody actually read markets correctly,-1.0,sadness,-1,23,1,1
4026,lol yes people selling stocks buy bunkers nuke wars,0.0,unemotional,0,27,1,1
4027,yeah toh mai hai na,-1.0,anger,-1,4,1,0
4028,good going,-1.0,sadness,-1,23,1,1
4029,yes,-1.0,fear,-1,14,1,0
4030,thank youu,0.0,unemotional,0,27,1,0
4031,long covid perhaps,-1.0,fear,-1,14,0,0
4032,lots things happen lifewe stand thin threadbutlet us positive careless happy,0.0,unemotional,0,27,1,0
4033,unlikelybecause virus known one since long,1.0,enthusiasm,1,12,0,0
4034,realise existing virus takes place flu season every year youre probably talking chinese variant,1.0,relief,1,21,-1,0
4035,good needs happen everyone markets correct currently people india become stupid idea every dip buying opportunity stock market easy way making money,1.0,joy,1,19,1,1
4036,bro dec month salary already finished today nifty dropped bought,0.0,unemotional,0,27,1,0
4037,cos market filled year old idiots parents pocket money,0.0,unemotional,0,27,0,-1
4038,due immature investors,-1.0,anger,-1,4,0,-1
4039,wells lets wait fii dii data first one react nowadays,-1.0,fear,-1,14,1,1
4040,interesting people behave stocks value value lies much someone else ready pay buy stocks sounds similar ponzi scheme stocks seem behave like meme coins even long term value stock much someone else ready pay almost stocks form value like meme coins missing,1.0,enthusiasm,1,12,1,1
4041,literally laughable sure thats reason big sharks pull money market,0.0,unemotional,0,27,1,0
4042,lockdown going happen know happened lockdown instead decreasing cases slowed economy,-1.0,disgust,-1,7,0,0
4043,china businesses still thriving people freely roaming streets even though virus spreading years given number deaths india mean impose lockdown prevent road accidents world already built immunity cases dont mean much,1.0,relief,1,21,-1,0
4044,yeah lure investments people start buy heavily short fall,0.0,unemotional,0,27,1,0
4045,ok,-1.0,fear,-1,14,1,1
4046,deleted,-1.0,anger,-1,4,0,0
4047,brought weakly put monthly call,0.0,fear,0,14,-1,-1
4048,gifgiphy|nturxlvdudqm,0.0,relief,0,21,0,0
4049,bruh buys,-1.0,anger,-1,4,0,0
4050,covid st wave nothing compared second wave came,0.0,unemotional,0,27,0,0
4051,happy wfh without also,0.0,unemotional,0,27,1,1
4052,usa implements tax cut world taxes cut hope boost earnings companies feb budget clear,-1.0,disgust,-1,7,1,1
4053,removed,-1.0,anger,-1,4,0,0
4054,,-1.0,fear,-1,14,0,0
4055,great question imho global markets going bad patch plus witnessing selloff routine time year markets fall profitbooking markets invest matter time money comes back india indices bounce back given though im playing safe parking equities others go bonds fds etc preserve capital beat inflation long run im happy roi equity,-1.0,anger,-1,4,1,1
4056,im pretty dumb wouldnt pay markets rn dont think companies able deliver earnings growth justify companies car companies fmcg slowing experiencing drops banks dont money government real plan create jobs rupee keeps dropping spite fed cuts drop start cutting rates leading fii sell,0.0,unemotional,0,27,-1,0
4057,nifty makes new high,0.0,unemotional,0,27,1,1
4058,know virus property transmitting quickly next thing need observe whether becomes dangerous upon contact different types people species would say waitandwatch situation virus works general,0.0,unemotional,0,27,-1,-1
4059,yeah thats true checked numbers one knows market fell people creating narratives data points dont add dis bought fis fis sold less day virus china global markets would also fell,-1.0,sad,-1,22,1,1
4060,statement even make sense investor trying state obvious please know sebi registered advisor anyhow research try see glass pyrex manufacturing companies technically search pyrex serving bowls lids come thing used storing medicine many cases similar thing vials test tubes look aluminium industry say hindalco around low ytd closed ish lower today well havent looked volumes cant comment small investors panic selling huge part aluminium manufacturing feeding aluminium sheets medicine packaging saying buy hindalco run analysis see drops see subsidiary industries attributed small time investors bailing sensex dropped today scared new virus yes think assume safe investments long term,0.0,unemotional,0,27,1,1
4061,isolated tariffs affect everyone india isolated world trump specially named india tariff king even us fed rates announcementscommentary impact indian markets even say policies,-1.0,sad,-1,22,-1,1
4062,thanks,-1.0,anger,-1,4,1,1
4063,removed,-1.0,anger,-1,4,0,0
4064,people see dip buy dream bull run next day markets consolidate continue dipping months even years,0.0,unemotional,0,27,1,0
4065,sadist way looking things negative life must living wishing peoples wealth gets depleted,0.0,unemotional,0,27,1,-1
4066,buy nifty etf,0.0,unemotional,0,27,1,0
4067,watch insta reel sell portfolio,0.0,unemotional,0,27,0,0
4068,true seems like stock market new obsession country look crazy number accounts opened every year,-1.0,disgust,-1,7,1,0
4069,seem like idiot well think retail shift markets,-1.0,anger,-1,4,1,-1
4070,true,0.0,unemotional,0,27,1,1
4071,yeah think market cannot make moves without,0.0,unemotional,0,27,1,0
4072,lo bhai data looks like retail investors sold fuck market today,-1.0,disgust,-1,7,-1,-1
4073,imho missing lot value stock directly linked real value company earnings holding stock hold piece company sky high valuations without basis another thing stocks arent ponzi scheme real intrinsic value company attached thats rational investors use pb ratio dont fall bubble bad times come,-1.0,anger,-1,4,1,0
4074,big sharks calm today fact dii bought tons stockits retailers got panicked numbers today,0.0,unemotional,0,27,-1,1
4075,diagnostics yesjust though piling diagnostic hospitals stage would morally incorrect,0.0,unemotional,0,27,0,0
4076,sold,-1.0,fear,-1,14,0,0
4077,gifgiphy|efsepxlczlgqhy|downsized,0.0,unemotional,0,27,0,0
4079,hope,-1.0,disgust,-1,7,1,0
4080,hope dont work media markets yes threat doest take time get real,0.0,unemotional,0,27,1,1
4081,good lord looks like bulls left planet thats hell negative sentiment,-1.0,fear,-1,14,-1,1
4082,> markets invest actually logic rooting india arent alternatives available invest matter time fiis back yes said better safe park funds alternate instruments according capacity,0.0,unemotional,0,27,1,1
4083,bhai nifty crossed well year avg expensive yeah correction required level noi think time correction market fairly priced imho earnings fmcg fallen look results itc tata consumer hul dabur could compete market new age products slowdown comptetion likes mamearth plum nykaa taken huge pie companies like hul car slowdown temporary thing look numbers released maruti mahindra quarter look price real estate country related data,0.0,unemotional,0,27,1,1
4084,think check comments made healthcare professionals virus,0.0,unemotional,0,27,0,0
4085,imho great indian retail investor panicking thats nothing else comes mind nothing else internet also case remain mystery hell sold badly wasnt institutions,-1.0,disgust,-1,7,-1,1
4086,oh okay thanks advice already invested hindalco look glass pyrex industries,0.0,unemotional,0,27,1,1
4087,didnt mean completely isolated somewhat isolated since indias growth rate still quite high compared developed countries yes tariff affect india whole sectors affected doesnt mean seeing complete selloff sectors saw today,-1.0,disgust,-1,7,1,0
4088,case viruses bacteria mutations conditions create crises look black death,0.0,unemotional,0,27,-1,-1
4089,people simply keep buying every dip months even years,-1.0,anger,-1,4,0,0
4090,wishing ill anyone want people learn markets operate currently everyone india thinks get rich quick scheme,-1.0,disgust,-1,7,1,1
4091,yes small caps,-1.0,disgust,-1,7,1,-1
4092,much pocket money impact entire market,0.0,unemotional,0,27,0,1
4093,tu kya thoda gandu hai kya one talking retail shifting markets panic selling panic selling done retailers large fishes sell one said todays market rout caused retailers alone,-1.0,anger,-1,4,-1,1
4094,retail investors hold much power lol,0.0,unemotional,0,27,1,1
4095,> holding stock hold piece company holding piece company benefit get share profit companies declare dividends many dont seem get dividends agree earlier comment hold true dont benefit holding stock selling higher price later latter sounds like buying selling meme coins,0.0,unemotional,0,27,1,1
4096,market doesnt care morals bruh,-1.0,feaer,-1,13,-1,0
4097,buy high sell lowgifemote|freeemotespack|moneyface gifgiphy|oxdbtvzwzyk|downsized,0.0,surprise,0,25,0,1
4098,remindme days note self check back went way lol,1.0,relief,1,21,1,1
4099,nifty fallen points since message,0.0,unemotional,0,27,1,0
4100,sure thats one strategy although might run cash keep buying every dip others might look macro economic trend growth earning investor sentiments decide want invest wait usually plain old blind sip safer dont want deal content lower returns less risk,-1.0,disgust,-1,7,1,0
4101,mera toh pata nahi par tu bhosdiwaala zaroor hai original comment op talked market reacting fast news stocks moving like crazy subjectively jump declaring year olds parents pocket money panic selling hows even relevant markets reacting fast news stocks volatile,1.0,enthusiasm,1,12,-1,1
4102,surprised well bhaithis new looks like retail new king markets,0.0,sympathy,0,26,1,1
4103,bhai meme coins doesnt intrinsic value attached backed anything share price company backed assets company real physical assets intangible assests like brand etc holding company get benefit company better stock price rises stock price rises according growth company like memecoin totally based demand supply without rationale anyways find net,1.0,relief,1,21,1,1
4104,thats kind true,-1.0,anger,-1,4,1,1
4105,lol yess gotta share prize 😅 vix high hope didnt get otm calls otherwise taking words back,1.0,enthusiasm,1,12,1,1
4106,messaging days utc remind link click link send pm also reminded reduce spam ^parent commenter ^delete message hide others |^info|^custom|^your reminders|^feedback| |||||,1.0,joy,1,19,-1,0
4107,hahahakeeping track nobody knows markets bhai shared opinion based somebody else opinion shared,0.0,unemotional,0,27,1,0
4108,cos thats happened baby k cr sold fii k cr sold dii today sure k cr bought dii diis selling much buying tells enough extrapolate hurt dumb year old smart one,0.0,unemotional,0,27,-1,1
4109,yeah lol still fiis sold holdings get data retail investors transactions,0.0,unemotional,0,27,1,1
4110,> holding company get benefit please specific benefit dividends one benefit dividend name least one benefit selling stock higher price someone else > stock price rises stock price rise needs sold particular value need buyers ready buy price higher bought intrinsic value come play cares backs value stock theres benefit stock holder able sell higher price buy house benefit intrinsic value place stay eat sleep etc well potential resale value whats intrinsic value stock get merely holding selling,-1.0,fear,-1,14,1,1
4111,bad best either,-1.0,disgust,-1,7,1,1
4112,idiot sure thinking retail investors cause todays negative market performance,-1.0,anger,-1,4,-1,-1
4113,idea retail bhai anybody else knows shed light however conclude retail portion looking thr fii dii data,0.0,unemotional,0,27,0,1
4114,people buy land sell later high price people buy gold coins bars investment sell high price later whole business gold etf sovereign gold bonds get anything interim people call ponzi scheme well,1.0,relief,1,21,1,1
4115,nahi buy sell pe thodi dependent hai modi ji wo keyboard nifty ko type kar rahe,-1.0,anger,-1,4,1,0
4116,gold always understood someone accept currency thats gold value ordinary person value gold someone willing give exchange stocks worth stock someone willing pay buys cares intrinsic value long theres someone buy higher price fundamental analysis seems like waste time since stock value seems come whatever price someone else willing pay get changes theres value stock increment get selling higher price value dont know tell,-1.0,anger,-1,4,1,1
4117,bhai looks like two seperate point views lets leave conversation wont end,0.0,unemotional,0,27,1,0
4118,link official discord server follow instagram account download video use one following sites download link download link download link link trim video bot action performed automatically please contact moderators subredditmessagecomposeto=rindiandankmemes questions concerns,1.0,relief,1,21,-1,0
4119,saal se chd hi raha hu bhai,0.0,unemotional,0,27,0,0
4120,nothing happen,-1.0,fear,-1,14,0,0
4121,hope india aaye aur kuch specific log marjaye,1.0,enthusiasm,1,12,1,0
4122,,0.0,unemotional,0,27,0,0
4123,cooked boards getting cooked college,0.0,surprise,0,25,0,0
4124,bc aisa hi hua tha mai dec mai china mai aya tha aur march ko bharat mai,-1.0,fear,-1,14,0,0
4125,legends waiting ww,0.0,unemotional,0,27,0,0
4126,ye toh aise hi aate rehte hain bro covid jaisa nahi hoga kuch,-1.0,anger,-1,4,0,0
4127,iss baar agar hua bhi toh mai bindass ghumne niklunga maut aati hai toh aane bc,-1.0,fear,-1,14,0,0
4128,hey uppar wale bas ek baar diladeimgemote|tmnyi|imgemote|tmnyi|,1.0,enthusiasm,1,12,0,0
4129,nothing happen,0.0,unemotional,0,27,0,0
4130,sabko maar kar duniya pe raaj karna chata hai china ka buddha,0.0,unemotional,0,27,0,0
4131,ssc board exam cancel ho jayegi imgemote|tmnyi|imgemote|tmnyi|imgemote|tmnyi|,-1.0,fear,-1,14,-1,0
4132,plss bhai mujhe pehla shikaar bnale nd khtm krde ye chutiya zindagi imgemote|tmnyi|,-1.0,anger,-1,4,0,0
4133,hojaye bc maja aajaye aise hi bhot pollution ho raha hai,-1.0,sadness,-1,23,0,0
4134,nah bhai main series ka bas spinoff hai flop hoga ye,0.0,unemotional,0,27,-1,1
4135,deleted,-1.0,anger,-1,4,0,0
4136,bhai ab tak empire khada kar liya hoga tune,-1.0,sadness,-1,23,0,0
4137,ab tak empire khada kar liya hoga tune,-1.0,fear,-1,14,0,0
4138,har baar aise hi koi na koi virus aata hai fir gayab ho jata hai,0.0,unemotional,0,27,0,0
4139,example,-1.0,fear,-1,14,0,0
4140,real,0.0,unemotional,0,27,0,1
4141,maut aajaye per ghumna nhi chodunga bhnchod imgemote|tmnyi|,1.0,enthusiasm,1,12,0,0
4142,lekin police ke dando se maut ho jyega,1.0,relief,1,21,0,0
4143,make useful something,1.0,joy,1,19,1,1
4144,amen,0.0,unemotional,0,27,0,0
4145,bhai baar reply kioo diaa,0.0,unemotional,0,27,0,0
4146,bhai baar reply kioo diaa,-1.0,anger,-1,4,0,0
4147,vai bc har agle mahine news aati thi fir chali jati thi aint gonna believe shit real lockdown hits whole country,-1.0,fear,-1,14,1,1
4148,,1.0,enthusiasm,1,12,0,0
4149,wants genocide specific group,0.0,unemotional,0,27,0,1
4150,ajay,-1.0,disgust,-1,7,0,0
4151,,1.0,relief,1,21,0,0
4152,bhai ne dono reply ke reply mai cheez hi reply ki,0.0,unemotional,0,27,0,0
4153,bhai ne dono reply ke reply mai cheez hi reply ki,-1.0,fear,-1,14,0,0
4154,kaun ajay,-1.0,anger,-1,4,0,0
4155,bhai ne dono replies ke dono replies mai hi reply kar diya,0.0,fear,0,14,0,0
4156,bhai ne dono replies ke dono replies mai hi reply kar diya,0.0,relief,0,21,0,0
4157,bhai ne dono replies ke dono replies mai hi reply kar diya,-1.0,anger,-1,4,0,0
4158,mera principal,0.0,unemotional,0,27,0,0
4159,kyu bhai principal ne chu liya kya,0.0,unemotional,0,27,0,0
4160,nhi wo aaise hi mujhe uska chehra nhi pasand,-1.0,disgust,-1,7,0,0
4161,sahi hai bhai 🫱🏻‍🫲🏿,-1.0,anger,-1,4,0,0
4162,main ajay bol raha hu kal mil behen ke lund school main,-1.0,fear,-1,14,0,1
4163,sale application pe sign kyu nhi kiya tune aan mujhe jac office bhejdiya teri maa ko ghar bula ke teri chugli kardunga lavde,-1.0,anger,-1,4,0,0
4164,finally duniya ko thodi rahat milegi,0.0,unemotional,0,27,0,0
4165,work home era returns 😎,0.0,unemotional,0,27,0,0
4166,kon hai joh plague inckhel raha hai duniya ke saath,0.0,unemotional,0,27,0,0
4167,end game,-1.0,sad,-1,22,0,-1
4168,work home 🥳,0.0,unemotional,0,27,0,0
4169,seriously trying scare good time,-1.0,sad,-1,22,-1,1
4170,fake news,-1.0,anger,-1,4,-1,-1
4171,removed,-1.0,anger,-1,4,0,0
4172,hell yeah,0.0,unemotional,0,27,-1,0
4173,dddn^ d^dddd qn ddddddddd ddddod da dddddddddddddddd ded dddodddddddddddddddd ddddudddddddddddddddd ddddddddddddddddddddve ad deodddddddddddddnddd dd dd ddddda dddd dd dd ddddddae dddddd dd dd dd ddddddddddddddddd dd dddddd ddddddddddddddddd ddddddodddddddddddddbddddddd dddedadeddddddddddd dddddddd adk dddlddddddddddd dddddoddeddddddddddddddddddd ddddd>ddqdddd=ddddddd<da ddddddddddddddddddddsdddd ddjdddid+ddddddddddddsddd addd<d kddddddddddddddddddd ddd ddkiddeddddddddddddbddddd dddddadd kd<$eddodddddddd,0.0,unemotional,0,27,0,0
4174,require minimum accountage karma commenting subreddit ensure filter spam dummyburner accounts creating situations minimums disclosed please try acquired karma exceptions made bot action performed automatically please contact moderators subredditmessagecomposeto=rdankinindia questions concerns,0.0,unemotional,0,27,1,1
4175,hmpv worse covid experts say hmpv outbreak china major concern neither new mystery illness responsible many cases covid infections even season according latest cdc data hmpv accounts less weekly positive tests respiratory viruses comparison flu accounted nearly covid week disease considered widespread locally needs positive results two weeks garcia carreno said close numbers flu covid rsv souce,0.0,unemotional,0,27,1,1
4176,seasonal infection,-1.0,disgust,-1,7,0,0
4177,people getting overly anxious seasonal outbreak isnt surprising philippines given many uninformed individuals believe everything read online,-1.0,anger,-1,4,-1,1
4178,dito rin naman may outbreak lahat nga tayo sinipon ubo ng pasko hahaha,0.0,unemotional,0,27,1,1
4179,op read whole article,0.0,unemotional,0,27,0,1
4180,sige fearmongering pa,-1.0,disgust,-1,7,0,0
4181,seasonal lang nothing worried,-1.0,anger,-1,4,1,0
4182,nothing alarm doh,0.0,unemotional,0,27,1,0
4183,hmmmif check abscbns article theres direct source got hmpv stuff copied lang din american articles news current outbreak followed announcement chinas national administration disease control prevention testing new reporting protocol response pneumonia cases general pneumonia cases lang across border indias health ministry confirmed two cases hmpv state karnataka sa india may outbreak doesnt mean galing sa china articles seem imply eh ang layo ng northern parts china sa india never trust chinese government im also trusting western powers might spreading sort lowkey propaganda,0.0,unemotional,0,27,-1,0
4184,winter season kasi kaya ayan madami nagkakasakit,-1.0,fear,-1,14,0,0
4185,op baka gusto mo muna magresearch di porke nakakita ka ng outbreak e akala mo bago yan,0.0,unemotional,0,27,0,0
4187,fear mongering nagmamask prin ako tlga sa mga crowded places nakaugaliang mag alcohol kapag humahawal ng mga kung anu ano sa labas escalator elevator groceries etc may mga habits na nung pandemic na hindi ko na inalis,-1.0,disgust,-1,7,-1,0
4188,key phrase seasonal infection uso talaga sakit pag malamig panahon,0.0,unemotional,0,27,0,0
4189,ayos x return comeback na naman lol,-1.0,fear,-1,14,1,1
4190,babyahe ng china ang husband ko business trip wala namang major na problema sinasabi ang company,0.0,unemotional,0,27,0,1
4191,kakaloka din mga nag popost ng ganito without reading full context bakit parang excited pa magkaroon ng outbreak clear mentioned seasonal infection siya also outbreak different epidemic far different pandemic kulang talaga sa comprehension ang ilan,0.0,unemotional,0,27,1,1
4192,im still wearing face masks nagaalcohol pa rin ako pag may nahahawakan ako na mga anik anik public senior parents since go work mas exposed ako labas protect mahirap na iba ang immune system ng mga matatanda stay safe everyone,0.0,unemotional,0,27,1,1
4193,actually due winter season till early march yang ganyan sa mga areas na c,-1.0,disgust,-1,7,0,0
4194,right winter season sa us nakalabas na ang mask mandate esp healthcare setting since nov til march call trifecta respiratory illnesses consists common flu covid rsv,0.0,unemotional,0,27,-1,0
4195,tas biglang mag lolockdown sa march deja vu,-1.0,disgust,-1,7,0,0
4196,akala ko makakapag dalgona na ko ulit kaso seasonal pala sya,0.0,unemotional,0,27,0,0
4197,baka flu lang naman ito,-1.0,anger,-1,4,-1,0
4198,baka naman pwedeng iblock na mga flights galing china patatagalin nanaman hanggan sa magkaron na ng case dito mga inutil,-1.0,disgust,-1,7,0,0
4199,mind conditioning,-1.0,disgust,-1,7,0,0
4200,deleted,0.0,unemotional,0,27,0,0
4201,long people knows na wear facemask kapag may ubo sila think mga gantong sakit ay magiging controlled ang problema sa atin pag may ubo yung iba proud sa ubo kung maka ubo kita ngala ngala 😅,-1.0,anger,-1,4,1,1
4202,removed,0.0,unemotional,0,27,0,0
4203,removed,0.0,unemotional,0,27,0,0
4204,removed,-1.0,feaer,-1,13,0,0
4205,removed,0.0,surprise,0,25,0,0
4206,removed,1.0,relief,1,21,0,0
4207,removed,0.0,unemotional,0,27,0,0
4208,removed,-1.0,disgust,-1,7,0,0
4209,removed,1.0,enthusiasm,1,12,0,0
4210,removed,0.0,sympathy,0,26,0,0
4211,removed,1.0,relief,1,21,0,0
4212,removed,-1.0,anger,-1,4,0,0
4213,thought normal lang ito existing na dati pa ang tinatamaan nito ay mga ages correct,1.0,enthusiasm,1,12,0,1
4214,pinoys china commenting cough smog nothing worry western media allies india uk exaggerating news cdc even confirmed outbreak actually parang pinapakalat nila yang sa china na hindi naman ganong kalala regular flu lang dahil may norovirus sa us tinatabunan nila ung news dun,1.0,joy,1,19,-1,1
4215,outbreak palang make sure sana wag muna magpapasok ng tao galing china vice versa,0.0,unemotional,0,27,1,1
4216,lalago na naman ang face shield industry neto,0.0,unemotional,0,27,0,0
4217,grabe kahit sa japan eh madami may sakit tuwing winter ata ganito talaga 😭 wag na sila muna pumunta ng pinas,0.0,unemotional,0,27,-1,0
4218,lockdown era ba ulit huwag naman uy,-1.0,fear,-1,14,0,0
4219,eto na naman tayo sa china,-1.0,disgust,-1,7,0,0
4220,wait havent heard much someone educate,-1.0,anger,-1,4,0,1
4221,ptng ano na naman kaya pinag kakain ng mga chinese na 😐,0.0,unemotional,0,27,0,0
4222,fear mongering,1.0,relief,1,21,-1,0
4223,putangina ano bang meron sa china mga gagong puro virus ambag sa mundo amputa tangina niyo,-1.0,anger,-1,4,0,0
4224,kung new strain mala covid yan purya santisima,-1.0,anger,-1,4,-1,1
4225,china nanaman 🙄🙄🙄 kung anuano kasi pinagkakakain nila kaloka jusko ayoko na ng lockdown pandemic jusko potaaaa cant,0.0,unemotional,0,27,0,0
4226,kababuyan ng mga putanginang mga taga china sakit sa ulo ng mundo mga yan parang ipis,1.0,relief,1,21,0,0
4227,lets welcome cupit version guys 🙈,0.0,unemotional,0,27,1,1
4228,alexa play deja vu,-1.0,fear,-1,14,1,0
4229,deleted,1.0,enthusiasm,1,12,0,0
4230,deleted,0.0,unemotional,0,27,0,0
4231,gifgiphy|lpkbaudgfixlmg|downsized,0.0,surprise,0,25,0,0
4232,ano ba talaga,-1.0,fear,-1,14,0,0
4233,nag tetest din tayo afford ng madami sure may outbreak tayo yearly,0.0,unemotional,0,27,-1,1
4234,medj unrelated may nakakaalam ba dito san pwede pa magpa booster ng covid vaccine last booster ko kasi pa,-1.0,anger,-1,4,0,0
4235,deleted,-1.0,fear,-1,14,0,0
4236,hayop may travel pako sa march,1.0,enthusiasm,1,12,0,0
4237,balik hone made tuna pie gamit ang tasty,0.0,unemotional,0,27,0,0
4238,kahit sa japan uso naman ang flu madami din may flu dahil sobrang lamig sa us naman norovirus outbreak seasonal pag winter season sa kanila hmpv mild naman like covid news,0.0,unemotional,0,27,-1,1
4239,removed,-1.0,fear,-1,14,0,0
4240,tru fire malamig ang klima sa china ngayon kaya natural talagang aaykat ang common viruses ang hmpv ay hindi na bagong virus kung ikukumpara natin sa covid na ang dating pangalan nito ay novel corona virus kahit naman ngayon dito sa pilipinas ay malamig ang panahon marami ang tinatrangkaso let us stay vigilant prepared,-1.0,anger,-1,4,1,-1
4241,yes tbh due covid fear like understandable personally scared im informed im graduating student pandemic kind im scared losing another year another family member losing chance live life im sorry us scared things like us still havent recovered past pandemic emotionally financially physically,-1.0,sadness,-1,23,-1,0
4242,feeling ko hnd nya binasa,0.0,unemotional,0,27,1,0
4243,bobo mo naman sinabi nya lang confirmed ang outbreak,-1.0,anger,-1,4,0,1
4244,teka deja vu,-1.0,sadness,-1,23,0,0
4245,said confirmed na ang outbreak may post na fake news yan,-1.0,fear,-1,14,-1,0
4246,better safe sprry 😉,0.0,unemotional,0,27,1,1
4247,hmmm lot people know wears face mask na sick hindi lang kapag may pandemic outbreak yan,-1.0,fear,-1,14,-1,-1
4248,mean face shield 😭,0.0,unemotional,0,27,0,-1
4249,hi usubstantialcoat removing post due following reason less combined karma bot action performed automatically please contact moderators subredditmessagecomposeto=rchikaph questions concerns,1.0,enthusiasm,1,12,1,0
4250,hi uichika removing post due following reason less combined karma bot action performed automatically please contact moderators subredditmessagecomposeto=rchikaph questions concerns,1.0,relief,1,21,1,0
4251,hi uzealousidealask removing post due following reason less combined karma bot action performed automatically please contact moderators subredditmessagecomposeto=rchikaph questions concerns,1.0,joy,1,19,1,0
4252,hi uautomaticfix removing post due following reason less combined karma bot action performed automatically please contact moderators subredditmessagecomposeto=rchikaph questions concerns,0.0,unemotional,0,27,1,0
4253,hi ujanmykl removing post due following reason less combined karma bot action performed automatically please contact moderators subredditmessagecomposeto=rchikaph questions concerns,0.0,unemotional,0,27,1,0
4254,hi uupstairsbutterfly removing post due following reason less combined karma bot action performed automatically please contact moderators subredditmessagecomposeto=rchikaph questions concerns,-1.0,anger,-1,4,1,0
4255,hi unewbiexoxo removing post due following reason less combined karma bot action performed automatically please contact moderators subredditmessagecomposeto=rchikaph questions concerns,-1.0,fear,-1,14,1,0
4256,hi uunknownymous removing post due following reason less combined karma bot action performed automatically please contact moderators subredditmessagecomposeto=rchikaph questions concerns,1.0,enthusiasm,1,12,1,0
4257,hi utrickybodybuilder removing post due following reason less combined karma bot action performed automatically please contact moderators subredditmessagecomposeto=rchikaph questions concerns,0.0,unemotional,0,27,1,0
4258,hi ubluwings removing post due following reason less combined karma bot action performed automatically please contact moderators subredditmessagecomposeto=rchikaph questions concerns,-1.0,disgust,-1,7,1,0
4259,hi uassistantfar removing post due following reason less combined karma bot action performed automatically please contact moderators subredditmessagecomposeto=rchikaph questions concerns,1.0,relief,1,21,1,0
4260,,0.0,unemotional,0,27,0,0
4261,baka gusto mo magresearch muna pano nakukuha yan,-1.0,fear,-1,14,0,0
4262,unahin muna ang pag research hindi agad agad putak,-1.0,anger,-1,4,0,0
4263,tanga ka po ba,0.0,fear,0,14,-1,0
4264,baka gusto mo magresearch muna pano nakukuha yan,0.0,relief,0,21,0,0
4265,tanga kaba mag research ka muna sayang pinaaral ng magulang mo sayo,-1.0,anger,-1,4,0,0
4266,research muna,0.0,unemotional,0,27,0,0
4267,dont think offer covid vaccines anymore take flu vaccine mine weeks ago think meron sa watsons meron din sa mga clinics,0.0,unemotional,0,27,-1,0
4268,alalahanin mo march naglockdown nung,-1.0,disgust,-1,7,0,0
4269,correct po dito din sa australia every winter spring uso ang flu hay fever kaya make sure get flu vaccines mandatory sya sa schools occupations,-1.0,anger,-1,4,-1,1
4270,parang napanuood ko sa simpsons,-1.0,fear,-1,14,0,0
4271,removed,-1.0,anger,-1,4,0,0
4272,hi ustraightupbos removing post due following reason less combined karma bot action performed automatically please contact moderators subredditmessagecomposeto=rchikaph questions concerns,0.0,unemotional,0,27,1,0
4273,currently china ung kids ko nagkaflu days wala na usual seasonal flu lang flu season ngayon kahit saan parents ko nasa canada nagkaflu din last week hindi din ako nahawaan kahit grabe yung puyat ko pagbantay sakanila palagi lang ako nagttake ng vitamin c zinc,0.0,unemotional,0,27,-1,-1
4274,bakit tayo mag ban ng biyahe sa china mga kaibigan natin sila pag wala ng alcoho punta kayo gasolinahan singhotin niyo para mawala virus,0.0,unemotional,0,27,-1,0
4275,fake news nga kasi yung post ang sinasabi bagong virus na mas nakakahawa sa covid,-1.0,sad,-1,22,-1,-1
4276,yung mga anak ko kami kapag may sipon ubo nakamask inside outside ng bahay para hindi maghawaan,0.0,unemotional,0,27,0,0
4277,okay para di kawawa yung mga kasabay kong magamang chinese sa elevator 😆,-1.0,sad,-1,22,1,1
4278,deleted,-1.0,anger,-1,4,0,0
4279,hi uupstairsbutterfly removing post due following reason less combined karma bot action performed automatically please contact moderators subredditmessagecomposeto=rchikaph questions concerns,-1.0,anger,-1,4,1,0
4280,sana nasa canada hahaha ano pong feeling libre ang healthcare 😭❤️,0.0,unemotional,0,27,1,1
4281,covid sipon lang yan,0.0,unemotional,0,27,0,0
4282,basta kapag nagka symptoms please disclose travel history ayan ang kinamatay ng mga frontliners natin last mga nagtravel abroad tapos nilihim yung travel history carrier na sila ng virus nahawa pa nila mga doktor nurse natin,0.0,unemotional,0,27,1,0
4283,free healthcare great make may family doctor nurses shortages sa canada ngayon could waiting hrs+ seen doctor er medication isnt free lalo kung wala kang insurance ang maganda lang siguro eh yun nga pag na operahan ka usually libre yun lang matagal kang naghihintay whatever operation may,0.0,unemotional,0,27,1,1
4284,masaya naman po basta hindi grabe yung sakit nyo kasi ang oa ng waiting time para makapagbook sa mga specialist 😭 naghintay ako ng months para makapagpabook tapos another month para macheck pero mins lang ako nicheck maganda kasi nanganak ako twice wala ako kahit ano binayadan may private room tapos dami binigay na supplies ng baby pag er free visit din tska check ups sa walk clinics pero mahirap makahanap ng family doctor kasi usually full na sila,-1.0,disgust,-1,7,-1,1
4285,free nga service shit need wait hrs sa emergency tapos hanggat kaya mo pa buhay ka pa tylenol lang bibigay sayo hahaha kuya ko na nag pa appointment ent needs wait months came nakahanap lang ako ng fam doctor last year,-1.0,anger,-1,4,-1,1
4286,quit drinking kool aid na libre ang healthcare sa mga developed countries kahit dito sa uk kasama yan sa tax mo,0.0,unemotional,0,27,0,1
4287,deleted,0.0,unemotional,0,27,0,0
4288,true aunt wait months ct scan libre nga pero delikado ka naman waiting dito saten may slots pero wala namang pera idk better pero reallly cant everything,-1.0,disgust,-1,7,1,1
4289,hindi naman new virus yan,-1.0,anger,-1,4,0,1
4290,yeah dad wait atleast year get eye surgery cancel got told couldnt operate day surgery time would asked surgeons provide specific reasons cancelled surgery reasons gave vague dito youd aggressive advocating approach trying diagnose assess illnesses conservative kung hindi mo advocate sarili mo nga nga ka talaga,0.0,unemotional,0,27,-1,-1
4291,thank na check ko rin kanina sa abs nakaka worry rin kasi thought bagong virus wonder nadownvotes ako 🫠,0.0,unemotional,0,27,-1,0
4292,infectious diseases physician india bull hmpv already seen many colleagues mine across india certainly new know common year routinely test since covid testing common bias likely severe enough data say variant china cannot say genomic data isolates far reason panic certainly need monitor,-1.0,fear,-1,14,-1,0
4293,well time download among us,0.0,unemotional,0,27,1,0
4295,finally got shit together another pandemic breaks dead meat🫠,-1.0,disgust,-1,7,-1,-1
4296,start banging utensils,0.0,unemotional,0,27,0,0
4297,appraisal months corporates gets good reason sallary cut,-1.0,fear,-1,14,1,1
4298,ahh shit go,0.0,unemotional,0,27,-1,-1
4299,isnt hmpv fairly old disease could someone please explain dont vaccine,0.0,unemotional,0,27,1,1
4300,man im still,0.0,unemotional,0,27,0,0
4301,cause alarm indian health agency hmpv virus spreading china,-1.0,disgust,-1,7,-1,0
4302,hope get wfh 😁,0.0,unemotional,0,27,1,0
4303,going back wfh,-1.0,disgust,-1,7,0,0
4304,,0.0,unemotional,0,27,0,0
4305,dont miss chance dance front camera another pandemic happens youll come lockdown rich,-1.0,anger,-1,4,1,1
4306,noooo,-1.0,disgust,-1,7,0,0
4307,incase covid even gave similar statement,-1.0,disgust,-1,7,0,0
4308,dude 💀,0.0,unemotional,0,27,0,0
4309,yes lets go,-1.0,anger,-1,4,1,0
4310,time vacate bangalore again🤘🏽,0.0,unemotional,0,27,0,0
4311,oh shit go,0.0,unemotional,0,27,-1,-1
4312,good tv series suggestion 🤣,-1.0,feaer,-1,13,1,1
4313,bruhjust recovered last years,0.0,surprise,0,25,0,0
4314,continue studying please let know,1.0,relief,1,21,1,0
4315,finally place start career thishad bad experience covidcant handle,0.0,unemotional,0,27,-1,-1
4316,dont want another lockdown,-1.0,disgust,-1,7,-1,0
4317,headed another lockdown,1.0,enthusiasm,1,12,0,0
4318,awww shit go,0.0,sympathy,0,26,-1,1
4319,fuck man cant help simplistic view hate china dont know first thing viruses implications personal professional lives idea lot trials tribulations expected redemption arc virus fucks may forever may speaking lot people,1.0,relief,1,21,-1,-1
4320,finally wfh please,-1.0,anger,-1,4,1,0
4321,atrisk populations majorly young children particularly years old elderly individuals people weakened immune systems chronic medical conditions hopefully shouldnt bad covid,1.0,enthusiasm,1,12,1,-1
4322,stocks buying next,1.0,joy,1,19,0,0
4323,well somewhat liked lockdown,0.0,unemotional,0,27,1,1
4324,desperately need work home,0.0,unemotional,0,27,-1,-1
4325,last week company mandated days work office,0.0,unemotional,0,27,0,0
4326,thuu idru mukhaa muccaa basically looking eventual lockdown,-1.0,fear,-1,14,0,0
4327,round pm scares fund,-1.0,disgust,-1,7,-1,-1
4328,mahakumbh biggest event every years lets hope isnt contagious covid,-1.0,anger,-1,4,1,0
4329,ah shit go,0.0,unemotional,0,27,-1,-1
4330,covid electric boogaloo,1.0,relief,1,21,0,0
4331,got covid got gta,-1.0,anger,-1,4,0,0
4332,omg theres need panic new channels purposely exaggerating trps corona type situation,-1.0,anger,-1,4,-1,1
4333,one case today total,0.0,unemotional,0,27,0,0
4334,wfh please,1.0,relief,1,21,1,0
4335,looks like cycle going repeat years,0.0,unemotional,0,27,1,0
4336,dont really want go another period quarantine 🥲,-1.0,fear,-1,14,-1,1
4337,hmpv thoda difficult naam hai covid rakh dete,1.0,enthusiasm,1,12,-1,-1
4338,interested know impacts one treatment survival rate etc pressing panic button,0.0,unemotional,0,27,-1,1
4339,,0.0,surprise,0,25,0,0
4340,,-1.0,fear,-1,14,0,0
4341,go hmpv go government issued advisories us,0.0,unemotional,0,27,0,0
4342,wish media people brains research printing headlines hmpv new virus hmpv patients india every year new strain china apparently causing havoc china china giving information lets wait virus reach country genome sequence identified please leave kids alone dont quarantineisolate gods sake,-1.0,anger,-1,4,1,1
4343,lockdown coming,-1.0,fear,-1,14,0,0
4344,brb sharted pants cancelling flight bangalore peace,1.0,enthusiasm,1,12,1,0
4345,think got similar symptoms november got fever stuffy nose beginning looks like usual cold days started feeling congestion difficult breath specially sleeping unusual never felt breathlessness way gone throw several blood tests ecg ecg report negative blood test showing kind infection body per doc started treatment without knowing infection im dealing condition started improving weeks treatment stopped treatment weeks hit back week later start taking medicines still medicine im treatment followed medicine respiratory infection congestion fever nasal drop steam every hours drink warm water ltrday,0.0,unemotional,0,27,1,0
4346,im waiting work home formally announced boss,0.0,unemotional,0,27,0,0
4347,hmpv seasonal india time vaccines easily available,-1.0,fear,-1,14,1,1
4348,top comment,-1.0,anger,-1,4,1,1
4349,sudden surge cases could indicate virus mutated strain much transmissible ones also virus mutates form severe severe covid,-1.0,sadness,-1,23,-1,1
4350,thanks doctor,0.0,unemotional,0,27,1,1
4351,article > makes first case india amid surge cases china according news child travel history case confirmed karnataka health department case reportedly conveyed union health ministry according news clear whether strain hmpv causing spike china read last statement > clear whether strain hmpv causing spike china many variants hmpv group paramyxoviridae family viruses viruses peak winter season everywhere world since thousands years cant say anything unless confirmed variant hmpv china rapidly spreading variants everywhere world least harmful even dont know hmpv variant china harmful guess least likely hmpv china variant family doesnt travel history neither contact anyone international travel history according news cautious however wear mask crowded places dont panic irrespective whether chinese variant viral flu still dangerous kids old,-1.0,anger,-1,4,1,0
4352,us 🤝,-1.0,sadness,-1,23,0,0
4353,decided finally work getting shit together 🥲,-1.0,fear,-1,14,-1,-1
4354,invested huge sum money market recently 😭,0.0,unemotional,0,27,1,1
4355,months chanting begin go hmpv go p,-1.0,fear,-1,14,0,0
4356,im waiting epic protest hmpv ramdas athavale hmpv go go hmpv,0.0,unemotional,0,27,-1,1
4357,jab modi bolega tab,1.0,enthusiasm,1,12,0,0
4358,im waiting sequel go corona go,1.0,relief,1,21,0,0
4359,gosh comment made laugh loud thank stranger,1.0,joy,1,19,1,1
4360,go hmvp hmvp go song also sung idiots,0.0,unemotional,0,27,0,-1
4361,well worked didnt,0.0,unemotional,0,27,1,0
4362,bhajpa bhajpa vikas kar daala 😳,-1.0,anger,-1,4,0,0
4363,certified classic,-1.0,fear,-1,14,0,1
4364,long get bang clap plate im happy 😂😂,1.0,enthusiasm,1,12,1,1
4365,banging toh ek hi baar karna padega washing like long 😒,0.0,unemotional,0,27,1,0
4366,consent,-1.0,disgust,-1,7,1,0
4367,time may bang something else,1.0,relief,1,21,0,0
4368,dropped got man,0.0,unemotional,0,27,0,0
4369,governments around world realized letting masses time rest think dangerous bet ass unless virus mortality rate old people politicians age group wont anything half people die even probably ask people return offices make sure friends businesses thrive land value doesnt decrease,-1.0,fear,-1,14,-1,0
4370,viruses evolve rarer ones dont get constant effort unlike influenza,-1.0,anger,-1,4,0,0
4371,even many vaccines gonna get,0.0,fear,0,14,0,1
4372,even situation alarming cant say please panic state alarm,0.0,relief,0,21,-1,-1
4373,pretty sure said covid well,-1.0,anger,-1,4,1,1
4374,still remember iconic corona go corona,0.0,unemotional,0,27,0,1
4375,still trust indian agency reports,0.0,unemotional,0,27,1,0
4376,saar wants wfh hours 😁,-1.0,disgust,-1,7,0,1
4377,keep dreaming drag corpse office means get keep tax benefits,-1.0,anger,-1,4,-1,-1
4378,hope dont lose job,-1.0,fear,-1,14,1,0
4379,narayana murthy 😡,-1.0,anger,-1,4,0,0
4380,placed order ring light camera jar,0.0,unemotional,0,27,0,1
4381,mann ki baat supreme leader,0.0,unemotional,0,27,1,0
4382,appropriate blame entire nation surge viral activity virus many years dont think going get seriousif doesnt mutate fatal form chill,0.0,unemotional,0,27,1,1
4383,probably tatas stocks itc indian railway related stocks + steel consumer product related,-1.0,sad,-1,22,0,0
4384,able avoid giving excuse share ideas,0.0,unemotional,0,27,1,1
4385,,-1.0,sad,-1,22,0,0
4386,thanks tips sharing symptoms detail tc flu congestion keeps coming back almost every week office team almost someone always flu running days 🤒,-1.0,anger,-1,4,1,1
4387,hey symptoms similar also chestback ache times facing since last days,-1.0,anger,-1,4,-1,0
4388,first question article linked says yes,0.0,unemotional,0,27,1,1
4389,seasonal yes vaccine,0.0,unemotional,0,27,1,0
4390,top comment youll find reddit year old trying smart saying something absolutely irrelevant sake,0.0,unemotional,0,27,1,1
4391,data numbers actually proportion far media frenzy,0.0,unemotional,0,27,-1,0
4392,well explained exactly intending say adding points firstly variants hmpv around since secondly even though rare even still cases reported affects children lets calm wait confirmation icmr relevant authorities spreading panic around,-1.0,disgust,-1,7,0,1
4393,deleted,-1.0,anger,-1,4,0,0
4394,diwali day went hosur work visited flower market relative next day got throt body pain next two days passed without checking doctor vacation th november checked doctor started coughing badly upon checking doctor suggested take ct ct result showed pneumonia right lung immediately admitted hospital recovered wife also went cycle still recovering top current weather also making hard recover mistake didnt wear mask everyone family suffering please wear mask,0.0,unemotional,0,27,-1,0
4395,laughter best medicine youre cured already,0.0,unemotional,0,27,1,1
4396,much appreciated homie,-1.0,disgust,-1,7,1,1
4397,im pretty sure higher mortality rate older people,-1.0,anger,-1,4,1,1
4398,right thanks,0.0,unemotional,0,27,1,1
4399,panic would hurt people never say anything cause panic even situation dire panic never good,0.0,unemotional,0,27,-1,-1
4400,let know agency world told cause alarm,-1.0,fear,-1,14,-1,0
4401,tax benefits,0.0,unemotional,0,27,1,0
4403,railway another pandemic hits railway profits die,-1.0,disgust,-1,7,-1,0
4404,,0.0,unemotional,0,27,0,0
4405,thanks take care,-1.0,fear,-1,14,1,1
4406,yes chest pain real trouble unable breath feels like something stuck windpipe causes shortness breath,0.0,unemotional,0,27,-1,-1
4407,exercise caution well patience lot problems due panic covid several people suffered due hoarding masks ppp sanitizers etc maintain distance people especially visibly sick keep washing hands time time,0.0,unemotional,0,27,-1,-1
4408,virus spreads air unless contamination happened hours goods highly unlikely transmit stuff please dont spread fear pretense care,0.0,unemotional,0,27,1,-1
4409,thats incredibly unlikely bacteria viruses dont survive long nonorganic surfaces think longest viruses days bacteria slightly longer ability go dormant even long viruses pieces scrap rna code floating around environment theyre extremely delicate even exposed air extremely destructive let alone sunlight heat etc sanitise everything run risk developing autoimmune diseases bodies immune system doesnt anything fight starts attacking cells like lupus asthma lymphoma etc,-1.0,disgust,-1,7,-1,-1
4410,problem weak immunity eat better exercise spend time socialising enjoying life everyone infected points time lack balance body immunity makes infections visible laughter best medicine meet people like,0.0,unemotional,0,27,1,1
4411,bro juss wants clap,-1.0,disgust,-1,7,0,1
4412,🤝,0.0,unemotional,0,27,0,0
4413,someone lives old people grandparents works even old people age quantity people wont care unless guaranteed affect,-1.0,anger,-1,4,-1,1
4414,know quite tempting blame something things cant control still important realise things happen life never safe space anyone also cases found india chinese origin strain india probably completely different china lesser chance virus converting full blown pandemicunless arent severe mutations,-1.0,disgust,-1,7,-1,1
4415,thats need buy stocks railway govt entity backed money tax payers money,-1.0,disgust,-1,7,0,0
4416,wait get clapped traffic signal,0.0,unemotional,0,27,0,0
4417,😔😔😔,-1.0,anger,-1,4,0,0
4418,jo bole,0.0,unemotional,0,27,0,0
4419,nihalllllll younger shud die username,0.0,unemotional,0,27,-1,0
4420,feel like post violates subreddit rules feel free report using dots tag active moderator removing post learn report post bot action performed automatically please contact moderators subredditmessagecomposeto=rjeeneetards questions concerns,-1.0,feaer,-1,13,1,1
4421,jisne achhe se preparation ki ho st jisne kharab preparation ki ho nd side,0.0,surprise,0,25,0,0
4422,jee tho covid ke time bhi cancel nhi hua ab kaha se ho jayega,1.0,relief,1,21,-1,0
4423,jee boards delay ya cancel krwado phir alecc daddy se iski vaccine nikalwauga imgemote|tttu|i want college life,0.0,unemotional,0,27,-1,0
4424,deleted,-1.0,disgust,-1,7,0,0
4425,fear mongering bhai last time bhi monkey pox bola tha attention ke liye kuch bhi viral kar rahe,1.0,enthusiasm,1,12,-1,0
4426,kaise chutiya log ho tum ek paper ke liye lakho ki jaan jayegi aur kaiyo ki naukri jayegi hume lockdown mein maja aaya iska yeh matlab thodi na h sabke liye achcha gya lockdown,0.0,sympathy,0,26,0,0
4427,hmpv khuch nhi krega college life barbad krunga jee v maine hi cancel kr diya h selection mains imgemote|tttu|,1.0,relief,1,21,-1,0
4428,bhai st attempt toh nhi rukne wala ab imgemote|tttu|,-1.0,anger,-1,4,0,0
4429,called online batch placements opportunities board abroad masters etc sab barbaad college life nahi milegi bhai board cancel ka kya karoge abhi bhi time hai boards bhot ez hota hai pls kripa kardo padhke apne baap pe,1.0,enthusiasm,1,12,1,0
4430,delay ho gaya toh maja aajayega,1.0,joy,1,19,-1,0
4431,praying ki virus ajaye literally kids dont know fatal family gets broken feeling helplessnesss feeling corruption constant worrying ki inhe bhi na khodu kahi fuk offffffffff im telling kids dont know bad hurt im still recovering family scar void big lastly dukh unhe nahi hota jo chale jaate hain dukh unhe hota hain jo reh jaate hain,0.0,unemotional,0,27,1,-1
4432,din delay ho jaye saare exams competitive bas aur kuch nahi,0.0,unemotional,0,27,-1,0
4433,bc puri india log mahine ke aage ka nhi soch pate kya indian voters ko dekho unhe freebies chaiye desh develop ho ya na ho aur bacho ko virus chaiye taaki exam cancel hojaye ye nhi dikh raha fir jeevan ke kitne laude lagnge,0.0,unemotional,0,27,1,0
4434,mujhe toh hafte se saans lene dikkat ho rhifatt rhi kahi hmpv na hojaye 😐💀,-1.0,fear,-1,14,0,0
4435,neet waalo ka sahi hai pehle virus se neet delay fir college jaake vaccine banao jisse college enjoy karo hum jee walo ke lawde lag gaye bc,-1.0,disgust,-1,7,-1,1
4436,right side,-1.0,anger,-1,4,0,1
4437,merese college handle nhi horhimah chahta hu college life khtm kr de,0.0,unemotional,0,27,0,0
4438,hmpv mein naya youtube channel kholungaa,1.0,relief,1,21,0,0
4439,yar jitna memes banani h banalo actually agar turns pandemic abki baar kya ho knows,-1.0,anger,-1,4,0,0
4440,na bhai nhi pehele ye virus tum sabke lie bol rha hu,-1.0,anger,-1,4,0,0
4441,tard st side,0.0,unemotional,0,27,-1,0
4442,jo bhi right pagal log ho tum,1.0,relief,1,21,0,1
4443,bas comeback ho jaye chahe jaise bgi,0.0,unemotional,0,27,0,0
4444,tu pakka nd wala hai bhi,-1.0,fear,-1,14,0,0
4445,agr aagya chudenge dono sooner later,1.0,enthusiasm,1,12,0,0
4446,meri lawda prep hai firbhi st side hu chutiya college hi sahi par college life toh enjoy krni since bakchodi nhi rukni chahiye,0.0,unemotional,0,27,1,1
4447,prepared well still nd side,0.0,surprise,0,25,1,0
4448,jee cancel ho gaya admissions bhi cancel honge,-1.0,fear,-1,14,-1,0
4449,deleted,0.0,unemotional,0,27,0,0
4450,college life kuch nhi hota,-1.0,anger,-1,4,0,0
4451,kar diya jinx tune,-1.0,fear,-1,14,0,0
4452,covid ko bhi yahi bole,1.0,enthusiasm,1,12,0,0
4453,esi baat pe haldiram ka rasmalai,0.0,unemotional,0,27,0,0
4454,tbh hmpv ko zyada attention diya jaa raha,0.0,unemotional,0,27,0,0
4455,dont know brother bacchon ke liye toh accha hi haina,-1.0,fear,-1,14,0,0
4456,meme broo,-1.0,anger,-1,4,0,0
4457,bro gods messenger 👈👁️👉,-1.0,sadness,-1,23,0,0
4458,aside meme think seriously hmpv aajane se sirf nuksan hi hoga agree points moreover sorry meme offended way last line🔥,0.0,unemotional,0,27,-1,-1
4459,bc centre mein jaake har jagah khash diyo fir aayega maja imgemote|tttu|,-1.0,anger,-1,4,0,0
4460,kuch sahi nahi h bhai humare bhi lawde hi lage huye h,-1.0,sadness,-1,23,0,0
4461,l lag jayenge,-1.0,fear,-1,14,-1,0
4462,feel bro,0.0,unemotional,0,27,0,0
4463,maine abhi preparation hi kar rha hu imgemote|tttu|,-1.0,fear,-1,14,0,0
4464,padhai toh college ke last year bhi ho jayegi par bakchodi nhi rukni chahiye imgemote|tttu|,0.0,unemotional,0,27,0,0
4465,didnt prepare well first side damn,1.0,enthusiasm,1,12,-1,1
4466,bhai lodu ka toh cake day bhi dec h imgemote|tttu|,1.0,relief,1,21,0,0
4467,kahi aap hi ashu toh nahi post history aur comment uske jaise hi lag rahe imgemote|tttu|,1.0,joy,1,19,-1,0
4468,bro maine niche ka comment section padhne ke baad likha h,0.0,unemotional,0,27,0,0
4469,neither gods messenger god normal man thinks putting shoes every man taking decision,0.0,unemotional,0,27,-1,1
4470,kk dost mera ptsd kick ho jata,-1.0,anger,-1,4,1,0
4471,ooh tu bhai wala hai mazratimgemote|tttu|,-1.0,fear,-1,14,0,0
4472,abe bhadwe tu har post mei kaise dikh jaata hai imgemote|tttu|,1.0,enthusiasm,1,12,0,0
4473,deleted,0.0,unemotional,0,27,0,0
4474,phir agya imgemote|tttu|imgemote|tttu|,-1.0,disgust,-1,7,0,0
4475,ohh ok makes sense,1.0,relief,1,21,1,1
4476,bro god 👉👁️👈,0.0,unemotional,0,27,1,0
4477,kyunki mai har post par comment kar deta hu imgemote|tttu|,-1.0,fear,-1,14,0,0
4478,adapt die kaun hai lol tu seriously ashu lag raha,-1.0,anger,-1,4,-1,1
4479,nope,0.0,fear,0,14,0,0
4480,saale agle saal din mei ile wali post kab aa rahi hai teri imgemote|tttu|,0.0,relief,0,21,0,0
4481,deleted,-1.0,anger,-1,4,0,0
4482,bhai ye sabpe shak krta ashu bhaiyaa hone ka imgemote|tttu|,0.0,unemotional,0,27,0,0
4483,din kyu jab hrs hi enough haiimgemote|tttu|,0.0,unemotional,0,27,0,0
4484,ssro ko bol kar research karwau kya imgemote|tttu|,-1.0,disgust,-1,7,0,0
4485,,-1.0,anger,-1,4,0,0
4486,deleted,-1.0,fear,-1,14,0,0
4487,,-1.0,anger,-1,4,0,0
4488,jokes mai ssro ke har member ko jaanta imgemote|tttu|,0.0,unemotional,0,27,1,0
4489,,0.0,unemotional,0,27,0,0
4490,deleted,0.0,unemotional,0,27,0,0
4491,pozdravliaem vy proshli obuchenie,-1.0,sad,-1,22,0,0
4492,na etot raz letuchuiu mysh vyebali,0.0,unemotional,0,27,0,0
4493,nu dolgo gadat chto za pizdets nas zhdiot v om ne prishlos na tom spasibo 👍 let stabilnosti 👍,-1.0,sad,-1,22,0,0
4494,kak zhe zaebal etot neskonchaemyi siur 😑,-1.0,anger,-1,4,0,0
4495,nu davaite uzh chtob srazu vse vsadniki apokalipsisa nabegli che oni po odnomu shli etogo,-1.0,anger,-1,4,-1,0
4496,nakonetsto vse sdokhnem gifgiphy|hszdbbpahoy,0.0,unemotional,0,27,0,0
4497,,0.0,unemotional,0,27,0,0
4498,v smysle let,0.0,unemotional,0,27,0,0
4499,teper tramp nakonets smozhet skazat chto eto uzh tochno svincheno v kitaiskikh laboratoriiakh,0.0,unemotional,0,27,0,0
4500,mozhno oni perestanut zhrat vsiakuiu khren u nikh zhe est uzhe miska risa dazhe koshka zhena prilogaetsia,-1.0,disgust,-1,7,0,0
4501,eto shutka takaia otkuda infa,-1.0,anger,-1,4,0,0
4502,mne demka ne ponravilas,0.0,unemotional,0,27,0,0
4503,spoiler na god,0.0,unemotional,0,27,1,0
4504,removed,-1.0,disgust,-1,7,0,0
4505,da eto uzhe sikvel kakoito,-1.0,anger,-1,4,0,0
4506,,0.0,unemotional,0,27,0,0
4507,im tam zaniatsia chtoli bolshe nekhuem,0.0,unemotional,0,27,0,0
4508,vtoraia faza,-1.0,fear,-1,14,0,0
4509,ahhh shit go,0.0,unemotional,0,27,-1,-1
4511,ng+ poekhali,-1.0,disgust,-1,7,0,0
4512,v io v etom sabe nado tak zagolovki pisat,0.0,unemotional,0,27,0,0
4513,vrachi opiat,-1.0,fear,-1,14,0,0
4514,zadanie dozhit provalena,0.0,unemotional,0,27,0,0
4515,nu konechno v angliiskom segmente mem sdelali chto nachalsia wtf zhe samoe v bylo,0.0,unemotional,0,27,-1,-1
4516,covid nhmt kak slozhno zvuchit vot tvirus kak proshche zapomnit 😆,0.0,unemotional,0,27,0,0
4517,nu tak v toi knige kotoraia virusilas bylo napisanno rezko poiavitsia ischeznet na paru let vtoraia volna novoi siloi derzhites druzia dalshe budet veselee,-1.0,disgust,-1,7,0,0
4518,kazhdyi prez iz ssha zapuskaet v kitae svoi virus,0.0,unemotional,0,27,0,0
4519,,-1.0,disgust,-1,7,0,0
4520,vremena meniaiutsia poiavliaetsia novaia meta,0.0,unemotional,0,27,0,0
4521,zaebali eshchio voina ne zakonchilas daite khot nemnogo pozhit spokoino,-1.0,anger,-1,4,0,0
4522,da podobnyi virus kazhdye paru mesiatsev nakhodiat,-1.0,disgust,-1,7,0,0
4523,bozhenkaotkati obnovleniiakhotia patcha godatut kakoito pizdets,-1.0,disgust,-1,7,0,0
4524,molodtsy kitaitsy upornye esli covid ne vsekh ubil kitaitsy ne ostanavlivaiutsia na dostignutom sovershenstvuiut biologicheskoe oruzhie 👍😊,0.0,unemotional,0,27,0,0
4525,da khuli im tam neimiotsia vsio,-1.0,anger,-1,4,0,0
4526,ocherednoi proplachennyi muv chtoby otvlech khomiachkov poka chto poreshaiut za nikh bez nikh tak zhe v dobavok est klassnye novosti pro nlo po vsemu miru kadry vse takie detalnye kak budto snimalis na simens dvadtsatiletnei davnosti da eto prisheltsy infa sotka tipa nu kamon vse iz doma vykhodit nelzia virus zhezh nu esli vydete vas eshche prisheltsy pokhitiat tak chto vsem ostavatsia na mestakh,0.0,unemotional,0,27,-1,0
4527,etogo nam blia ne khvatalo,0.0,unemotional,0,27,0,0
4528,vidimo reshili dobit vyzhivshikh,-1.0,feaer,-1,13,0,0
4529,kitaitsy kogda zombi virus uzhe u menia chio zria okolo tyshchi chasov v zomboide,0.0,surprise,0,25,0,0
4530,ocherednoe pereimenovanie prostudy pokhodu pidorasy shizofreniki globalisty opiat ocherednuiu svoiu avantiuru khotiat razygrat svoim podruchnym instrumentom voz🤬,1.0,relief,1,21,0,0
4531,reshili vziat revansh,0.0,unemotional,0,27,0,0
4532,chio za povtor,-1.0,disgust,-1,7,0,0
4533,da pokhui vsem na britanskikh uchenykh tozhe,1.0,enthusiasm,1,12,0,0
4534,kovid byl let nazad,0.0,sympathy,0,26,0,0
4535,vot spolery na podekhali,1.0,relief,1,21,0,0
4536,zamechatelno idiom po vtoromu krugu obeshchaet byt vesiolym,-1.0,anger,-1,4,-1,0
4537,pochemu navernoe,1.0,enthusiasm,1,12,0,0
4538,kogo na etot razeti cherti sozhrali,1.0,joy,1,19,0,0
4539,uspokoites eto obmanka,0.0,unemotional,0,27,0,0
4540,bog randoma reshil otprazdnovat iubilei,0.0,unemotional,0,27,0,0
4541,nedel spustia,0.0,unemotional,0,27,0,0
4542,opiat dedushka nurgl veselitsia,-1.0,fear,-1,14,0,0
4543,metodichka propagandy koronavirus raund,-1.0,disgust,-1,7,0,0
4544,da davaite snova uidem v samoizoliatsiiu ia zaebalsia u menia v samyi pizdatyi otpusk byl kogda menia v nego otpravili prinuditelno na mesiats,-1.0,anger,-1,4,0,0
4545,nekher letuchikh myshei zhrat,0.0,unemotional,0,27,0,0
4546,teper vopros smysl vaktsiny,1.0,relief,1,21,0,0
4547,eshchio vyborov trampa ia posporil kollegami na rabote chto <<kogda tramp pridet k vlasti finansirovanie virusov snova vozobnovitsia>> ia tak podozrevaiu chto tramp prichasten k meditsinskoi mafii,-1.0,anger,-1,4,0,0
4548,vidimo eshchio ne vse achivki otkryl,-1.0,anger,-1,4,0,0
4549,ne nado pozhaluista umoliaiu ia prikonchu sebia esli budet eshche odin totalnyi pizdets karantinom,0.0,unemotional,0,27,0,0
4550,uzhe pokhui maksimalno sdokhnu tak sdokhnu esli net bespokoitsia ne chem,1.0,relief,1,21,0,0
4551,pomnite pro obezianiu ospu ia ele ele pro neio pisali kak novom koronaviruse,0.0,unemotional,0,27,0,0
4552,kha kha kha vsegda veselilo liudei kotorye ne veriat chto nas realno perenaselenie planety govoriat svobodnogo mesta eshchio polno edy eshchio polno,-1.0,fear,-1,14,0,0
4553,blia idite nakhui prosto zabeite khui ia pomniu kak bylo v godu dazhe mestnykh gorodskikh gruppakh znali tochnoe kolichestvo zabolevshikh v daliokikh provintsiiakh kitaia kak budto spetsialno liudiam proplachivali chtob oni zhuti nagoniali besite dolboeby,1.0,enthusiasm,1,12,0,0
4554,runde lasst uns beginnen,0.0,unemotional,0,27,0,0
4555,ura,0.0,surprise,0,25,0,0
4556,>spetsificheskoe lechenie otsutstvuet primeniaetsia simptomaticheskoe lechenie zaebis,-1.0,fear,-1,14,0,0
4557,gifgiphy|deaubzros,0.0,unemotional,0,27,0,0
4558,removed,-1.0,anger,-1,4,0,0
4559,ne zria v pitere kovidnye ogranicheniia prodlili,-1.0,fear,-1,14,0,0
4560,chuiu chto kitai svoimi eksperimentami v konets prdzaebiot vsekh tut tolko varianta libo ikh zakroiut v sobstvennoi strane kak v leprozorii chto ne vyekhat ne vyletet ne upolzti maleishii shag za liniiu kaplyk na meste posleduiushchei dezinfektsiei ognemiotom libo nu ego nakher tak paritsia da budet khirosima nagasaki chast vtoraia v kitaiskom ispolnenii ibo nekhui odnoi storony zhestoko ne gumanno bliat golova nuzhna ne tolko chtoby v neio lozhku risom pikhat za dolboebizm priroda vsegda nakazyvala zhiostko esli ne verite sprosite u dinozavrov mamontov,1.0,enthusiasm,1,12,0,0
4561,eto pust idiotam 🐏🐏 vchekhliaiut nikto nikogda v glaza ne videl tak nazyvaemykh virusov🤡 tak nazyvaemaia virusologiia🤡 vsegda byla sharlatanskoi lzhenaukoi antinauchnym bredom,0.0,unemotional,0,27,0,0
4562,interesno v etot raz budet kombo fantaniruiushchei rvoty ponosom,0.0,unemotional,0,27,0,0
4563,zmeiu,-1.0,fear,-1,14,0,0
4564,seli traditsii,-1.0,anger,-1,4,0,0
4565,ili naoborot 🤔,-1.0,sadness,-1,23,0,0
4566,nichego chto virus laboratornyi,0.0,unemotional,0,27,0,0
4567,ne interesno proshlyi vek,-1.0,anger,-1,4,0,0
4568,ksta nachalsia wtf sreda chetverg piatnitsa poslednii raz eto bylo v,-1.0,sadness,-1,23,-1,-1
4569,blia mozhet realno god ostanetsia luchshim v istorii chelovechestva,-1.0,fear,-1,14,1,0
4570,nu voina smert est chuma na pokhode ostalos tolko golod podozhdat chutchut,0.0,unemotional,0,27,0,0
4571,optimist blin,-1.0,fear,-1,14,1,0
4572,ura ia tak rad chto umriom,0.0,unemotional,0,27,0,0
4573,vsem kto sobiraetsia sdykhat predlagaiu valit na svo ot vas khot kakaiato polza budet,1.0,enthusiasm,1,12,0,0
4574,blia nu nakonetsto realno etot pablik v zheltukhu prevratilsia eshchio zagolovok nado bylo klassicheskii zhizn bez kovida v e,1.0,relief,1,21,0,0
4575,ukh za poslednie gody stolko feikov bylo novykh vspyshkakh chto uzhe dazhe nadoelo reagirovat,1.0,joy,1,19,0,0
4576,genialno v proshlyi raz byla kakaiato mysh ili pangolin esli verit saus parku teper svincheno chtob uzh tochno razoshlos,0.0,unemotional,0,27,0,0
4577,ris plastikovyi koshku zhalko,0.0,unemotional,0,27,0,0
4578,kraine silno ia etomu saitu ne doverial na dannyi moment eto edintsvennyi + dostovernyi istochnik v kovid v nachale go tozhe nikto ne veril,-1.0,anger,-1,4,0,0
4579,,-1.0,fear,-1,14,0,0
4580,zachem teper ne interesno,1.0,enthusiasm,1,12,0,0
4581,vtoraia ia uzhe davno scheta sbilsia,0.0,unemotional,0,27,0,0
4582,chtoby avtomoderatsiia ne propuskala bez takogo v zagolovke,-1.0,disgust,-1,7,0,0
4583,v proshlyi raz mesiatsa regionov rossii dobiralos chto ironichno imenno moskvichi rastashchili,1.0,relief,1,21,0,0
4584,ne karkai na krainiak zapomnitestreliat v golovu,0.0,unemotional,0,27,0,0
4585,chto eto bliat,-1.0,fear,-1,14,0,0
4586,bad bot,-1.0,anger,-1,4,-1,-1
4587,videli videli bad bot,0.0,fear,0,14,-1,-1
4588,nadeius v etom raz dobralis chegonibud pointeresnee po tipu nekroa zombi ili sumerechnoi chumy vampiry ☝️,0.0,relief,0,21,-1,0
4589,nu sudia po tomu kak vygrebali tualetnuiu bumagu polok magazinov srachka togda u liudei byla znatnaia,-1.0,anger,-1,4,-1,0
4590,kombo oi,0.0,unemotional,0,27,0,0
4591,tebe realno khotelos chtoby kak v knige richarda prestona bylo,0.0,unemotional,0,27,0,0
4592,letuchuiu zmeiu drakona bliat,-1.0,disgust,-1,7,0,0
4593,sozdaiom virus kotoryi vosproizvodit sam sebia mln raz v kazhdom genotipe vypuskaem dlia kitaitsev eto kolichestvo ne kritichno zhdem liudi umiraiut uchetom vosproizvodstva naseleniia cherez parutroiku virusov na zemle ostanutsia odni kitaitsy,-1.0,anger,-1,4,0,0
4594,da tut sploshnoi wtf nachala go 😅 razve chto etogo goda poshli na novyi krug uzhestocheniia pizdetsa 🤔,-1.0,fear,-1,14,-1,-1
4595,sovpadenie ne dumaiu,-1.0,anger,-1,4,0,0
4596,skoree kogda mozhno bylo kupit mashinu ne slishkom napriagaias kvartiru,0.0,unemotional,0,27,0,0
4597,sam vali voen,0.0,unemotional,0,27,0,0
4598,lol v chem polza,0.0,unemotional,0,27,1,1
4599,v chem polza esli vse tak sdokhnut kakuiuto polit kherniu snios prosto potomu chto,-1.0,sad,-1,22,0,0
4600,bro odnim kommentariem zaruinil sebe karmu,0.0,unemotional,0,27,0,0
4601,ne govori takoe oshchushchenie chto v fb zashiol,-1.0,sad,-1,22,0,0
4602,ia suka srazu poveril vot bliat pervogo zvonochka ponial chto vot pizdets tolko ia byl uveren chto umirat ne budut polnostiu chto rasprostraniatsia budet cherez ukus,-1.0,anger,-1,4,0,0
4603,spasibo druzhishche,-1.0,anger,-1,4,0,0
4604,tfu tfu tfu,0.0,unemotional,0,27,0,0
4605,pervye simptomy virusa,0.0,unemotional,0,27,0,0
4606,uzhe delaiu dymovye shashki tochu machete,0.0,unemotional,0,27,0,0
4607,tochno eshchio chikhanie,0.0,unemotional,0,27,0,0
4608,rcarsfuckingdragons,-1.0,disgust,-1,7,0,0
4609,removed,-1.0,anger,-1,4,0,0
4610,osiol,0.0,unemotional,0,27,0,0
4611,virus ubivaet ne kakoeto chislo liudei protsent ot populiatsii est sredi kitaitsev indusov kak raz budet v tochnykh chislakh bolshe zhertv ia skoree podumal tom chto ktoto tak reshaet problemu stareniia naseleniia pereizbytka pensionerov teoriia zagovora ta eshchio pust budet,0.0,unemotional,0,27,0,0
4612,ne v desiatom zharko bylo slishkom,-1.0,disgust,-1,7,0,0
4613,lol tebe kakaia raznitsa ot chego podykhat esli sobralsia vrode ne na kazn idesh chtoby vybirat,-1.0,anger,-1,4,1,1
4614,v udobrenii khotia net oni tolko vsio zasyraiut unichtozhaiut,0.0,unemotional,0,27,0,0
4615,kremlebot nam ne bro bro,0.0,unemotional,0,27,0,0
4616,da budto komuto ne pokhui na karmu,-1.0,fear,-1,14,0,0
4617,karma sama soboi ne nabezhit,0.0,unemotional,0,27,0,0
4619,pozhaluista blago zdes est takie kto mogut v faktcheking,-1.0,disgust,-1,7,0,0
4620,rdragonsfuckingcars,0.0,unemotional,0,27,0,0
4621,bliat,-1.0,fear,-1,14,0,0
4622,pizdets,0.0,unemotional,0,27,0,0
4623,chego bliat,0.0,unemotional,0,27,0,0
4624,ebatsia vrastsia chto eto za nakhui,0.0,unemotional,0,27,0,0
4625,eto vsio vyebali,-1.0,disgust,-1,7,0,0
4626,>ia skoree podumal tom chto ktoto tak reshaet problemu stareniia naseleniia pereizbytka pensionerov teoriia zagovora ta eshchio pust budet ili prosto ktoto nanosit udar po strane kotoraia votvot stanet novym mirovym liderom,0.0,unemotional,0,27,-1,0
4627,mnogo li mozhno sekonomit na pensionerakh ikh kroshechnymi vyplatami nu v ramkakh strany tretego mira vozmozhno,-1.0,disgust,-1,7,0,0
4628,beriom tam livni byli pizdets,0.0,unemotional,0,27,0,0
4629,ia vrode konkretnyi vopros zadal esli nechego otvetit luchshe promolchat za umnogo soidesh,-1.0,anger,-1,4,0,0
4630,ia sis ty tozhe prav krembleboty nam ne bro bro mozhet chely,-1.0,disgust,-1,7,1,0
4631,karmofermu goidovtsy zaruinili,-1.0,disgust,-1,7,0,0
4632,bliat da otkuda vy eto nakhodite,0.0,unemotional,0,27,0,0
4633,pochemu eto sushchestvuet,-1.0,anger,-1,4,0,0
4634,eto bylo fatalno,0.0,unemotional,0,27,0,0
4635,ebushki vorobushki,0.0,unemotional,0,27,0,0
4636,znachit vyshe ssylku ia otkryl edia sidia v zabitoi marshrutke akhuel reshil etu otkryt😅,-1.0,feaer,-1,13,0,0
4637,sami po sebe biut,0.0,surprise,0,25,-1,0
4638,nu naprimer v rf tret naseleniia eto pensy kotorym tak platiat khui da nikhuia vsio ravno vykhodit dokhuia,1.0,relief,1,21,0,0
4639,,0.0,unemotional,0,27,0,0
4640,nu ia ne tot chel poprobuiu v rf grebut ne vsekh podriad mozhet byt na medkomissiiu otpraviat obsledovanie za schiot oboronki mozhet lechenie kakoe propishut normalnoe v otlichie ot vrachei iz polikliniki poka vylechat uzhe vsio zakonchitsia ia pro svo,-1.0,disgust,-1,7,0,0
4641,eto baza eto nuzhno znat,1.0,enthusiasm,1,12,0,0
4642,ne mestnyi shol,0.0,sympathy,0,26,0,0
4643,eto pravilo pro vsio chto ty mog podumat ili prochitat uzhe sniato porno,1.0,relief,1,21,1,0
4644,rule,-1.0,anger,-1,4,0,0
4645,🎶 welcome internet 🎶,1.0,enthusiasm,1,12,1,1
4646,po pravilu nomer esli chtoto sushchestvuet sushchestvuet pornoversiia,1.0,joy,1,19,-1,0
4647,em da davaite druzhno sdelaem vid chto ssha ne usiraetsia chtob zamedlit kitaiskii ekonomicheskii rost ne vedut torgovykh voin dlia nikh est nu slishkom griaznye metody na kotorye oni ne poidut ili dlia vas zakliuchenie sdelan v laboratorii obiazatelno oznachaet v kitaiskoi laboratorii,0.0,unemotional,0,27,0,0
4648,esli ty ne znal kak raz vsekh podriad grebut trebovaniia k zdoroviu umenshili pochti nulia nikakikh tam obsledovanii podavno ne provodiat menia chut ne priznali godnym let nazad u menia allergiia astma eshchio koe chto ochen serioznoe ia bukvalno ne sposoben probezhat metrov bez ingaliatora ty dumaesh pri dikom defitsite soldat trebovaniia budut uzhestochat ne smeshi luchshe razberis snachala v voprose ili ty ne iz rf togda poniatno pochemu pishesh takoe,0.0,unemotional,0,27,1,0
4649,look around,0.0,unemotional,0,27,0,0
4650,chelovecheskii rod togda tupo trakhery poluchaetsia vot che prisheltsy nami ne sviazyvaiutsia teper ponial,-1.0,fear,-1,14,0,0
4651,derzhavy vsegda konkuriruiut eto nepreryvnyi protsess idet v obe storony ne odna verolomno napadaet drugaia geroicheski zashchishchaetsia na territorii kitaia deistvuiut podpolnye sluzhby shtatov svoimi laboratoriiami aga chel ty dolboeb konspirolukh mne dazhe interesno kakimi argumenty u tebia eshche pripriatany,-1.0,disgust,-1,7,1,0
4652,iz rf bylo pochti takzhe tam svoi buket boliachek v mobilizatsiiu byl v voenkomate razvernuli,-1.0,anger,-1,4,0,0
4653,esli priletiat prisheltsy ochen bystro naidutsia te kto zakhochet ikh trakhnut,0.0,unemotional,0,27,0,0
4654,>a na territorii kitaia deistvuiut podpolnye sluzhby shtatov svoimi laboratoriiami aga potomu chto provezti rasprostranit gotovyi virus nu voobshche nevozmozhno aga kitai sam po sebe bet aga,1.0,relief,1,21,-1,0
4655,och stranno uchityvaia chto seichas otpravliaiut v miasnye shturmy dazhe na kostyliakh zvuchit kak vydumka khotia mozhet ranshe eshchio mogli vybirat teper khromykh kosykh grebut obratnyi bilet tolko cherez invalidnost,-1.0,anger,-1,4,0,0
4656,rfemxeno,-1.0,anger,-1,4,0,0
4657,tupye kommuniaki biut sami po sebe v pervyi raz chto li,0.0,unemotional,0,27,-1,0
4658,odni shpiiony neveroiatnoi vlastiu krugom britva okkama tut pomogaet raspizdiaistvo sovkov kitaitsy ikh preemniki po suti naibolee veroiatnyi variant razrabatyvali biooruzhie v ukhani proebali ego,1.0,relief,1,21,-1,0
4659,nu mobilizatsiia byla v ia ne khochu ispytyvat sudbu dvazhdy tem bolee togda demotivatsii bylo bolshe,0.0,unemotional,0,27,0,0
4660,post showcases moralmentalphysical corruption perversion upvote comment post belong downvote comment read rules posting commenting also read guidelines comments joke violence incite violence joke pedophilia ask cp banned bot action performed automatically please contact moderators subredditmessagecomposeto=rnoahgettheboat questions concerns,-1.0,fear,-1,14,-1,1
4661,article excerpt >however health officials emphasized hmpv new virus relatively underrecognized respiratory pathogen another excerpt >some scientists speculated mutations could make virus neurotrophic meaning may higher likelihood affecting nervous system one >a familiar often overlooked threat hmpv new pathogen discovered circulating globally six decades causing infections across age groups according zheng lishu virologist chinese center disease control prevention cdc virus typically causes mild symptoms resolve within week however lead severe complications vulnerable populations including young children elderly weakened immune systems wash hands people take precautions anyway flu season dont forget norovirus norovirus stomach intestinal illness alcohol kill protective protein shell hand washing recommended,1.0,enthusiasm,1,12,-1,0
4662,insert gta meme,0.0,unemotional,0,27,0,0
4663,hmpv wtf,0.0,surprise,0,25,-1,-1
4664,china tyically infuse drugs instead shots pills normal procedure almost condition needs meds hydration maybe demand seaonal viruses bite iv nothing ordinary,-1.0,fear,-1,14,-1,0
4665,iiiiiits haaaappening 🤭,0.0,unemotional,0,27,0,0
4666,virus,-1.0,anger,-1,4,0,0
4667,alright lets go baby time finish job,-1.0,fear,-1,14,1,0
4668,ominous start year,1.0,enthusiasm,1,12,-1,0
4669,better spread shit place,0.0,unemotional,0,27,-1,1
4670,round two electric boogaloo lets fucking go,0.0,unemotional,0,27,0,-1
4671,breaks heart see kids suffering like kid hospital helpless scared seizures feeling parents heart goes,-1.0,fear,-1,14,-1,0
4672,covid,-1.0,anger,-1,4,0,0
4673,let guessthis virus came dragon bithad sex monkey things happen every four yearsi wonder,-1.0,sadness,-1,23,0,0
4674,whole new virus bs like last time lown way proportion like last one dumb,0.0,unemotional,0,27,1,0
4675,oh wait primarily impacts children 🤣 michael jordan said best,-1.0,anger,-1,4,1,1
4676,protective protein shell sounds like snack food,-1.0,sadness,-1,23,1,0
4677,got covid gta,-1.0,fear,-1,14,0,0
4678,well known virus people making headlines increasing alarming abnormal rate sensationalist news piece,0.0,unemotional,0,27,1,-1
4679,right corona hard enough pls im entering senior year,-1.0,fear,-1,14,0,0
4680,respiratory disease known relatively common years,0.0,unemotional,0,27,0,-1
4681,time round two stock toilet paper scotch,1.0,enthusiasm,1,12,0,-1
4682,virus new anyway reason headlines clickbait people hooked ivs quite often hospital whether antibiotics fluids steroids makes easy headline virus china medications etc read legitimate news site tell abnormal fucking winter course respiratory viruses kicking,1.0,relief,1,21,1,0
4683,consider actual news fear mongering,1.0,joy,1,19,-1,0
4684,deleted,0.0,unemotional,0,27,0,0
4685,removed,0.0,unemotional,0,27,0,0
4686,opinion based exactly knowledgeable,-1.0,anger,-1,4,0,1
4687,lol im sure thats people said bubonic plague scarlet fever,-1.0,fear,-1,14,1,1
4688,youre delusional genuinely whole heartedly delusional seek help isnt imaginary figure sky,1.0,enthusiasm,1,12,1,1
4689,know polio small pox fake,0.0,unemotional,0,27,-1,-1
4690,issue successful prevention people tend think wasnt big deal first place wasnt big deal could successfully prevented,-1.0,disgust,-1,7,1,1
4691,feel bad anyone senior corona feel like high school went fast remember basically missed entire year high school inbound freshman started ths freshman year spent behind computer screen sleeping,1.0,relief,1,21,-1,-1
4692,ok,0.0,unemotional,0,27,1,1
4693,mean like covid covid,-1.0,fear,-1,14,1,-1
4694,year ominous start supposed snow days place literally never snows thats main ominous part along terrible incoming whitehouse administration,-1.0,anger,-1,4,-1,-1
4695,falling bullshit china fakes shit time heres nice collection examples,0.0,fear,0,14,-1,1
4696,taking hmpv covid say symptoms eerily similiar earlier article reference influenza also must incompetent doctors another person article said prescribed amoxicillin combat hmpv antibiotics dont work colds flus viral infections,0.0,relief,0,21,-1,-1
4697,lmao,-1.0,anger,-1,4,1,1
4698,grad dance,0.0,unemotional,0,27,0,0
4699,first known case identified wuhan china december wall street journal yes similar strains virus existed specific sarscov strain found humans starting virus known well documented since,0.0,unemotional,0,27,1,1
4700,removed,-1.0,disgust,-1,7,0,0
4701,youre commenting post hmpv aint even related,-1.0,anger,-1,4,0,0
4702,esas cosas pasan es gente que ya se esta rindiendo sin empezar el ano quieren que haya otra pandemia para excusar quedarse en casa eso es otro de chan tratando de armar alboroto ver la gente comprando papel higienico solo por tener que postear,-1.0,fear,-1,14,-1,0
4703,los reporteros de internet rezandole al diablo cada dia para que haya un covid,-1.0,anger,-1,4,0,0
4704,si algo como el covid nos vuelve golpear con la misma fuerza oficialmente dejo de considerar humano,0.0,unemotional,0,27,0,0
4705,yo solo tengo la certeza de algo que una entidad divina ya quiere extinguir en chinga los taka taka b que ellos ya estan bien estupidos por seguir intentando crear armas biologicas en secreto,0.0,unemotional,0,27,0,0
4706,😐,0.0,unemotional,0,27,0,0
4707,ya se parecen tu cosmopolis con tanta alerta mundial,-1.0,sad,-1,22,0,0
4708,desde que paso lo del pinche covid ahora siempre creen que habra una pandemia,0.0,unemotional,0,27,0,0
4709,reporteros desindormadores rezando todos los dias para que llegue una pandemia que nos mate todos nos haga sufrir un infierno gifgiphy|ufmhununcyvle,-1.0,sad,-1,22,0,0
4710,oseaa hay multiples viruses apenas empezo se hace raro,-1.0,anger,-1,4,0,0
4711,el mundo se paralizo por un resfriado desde entonces lo creo todo,-1.0,anger,-1,4,0,0
4712,ya murio un extranjero por ese virus,0.0,unemotional,0,27,0,0
4713,💜 jajajajajhajajajaaaaaaaaaaa,0.0,unemotional,0,27,0,0
4714,este esta peor le pregunte biologos lo mejor que pudo decir fue naaa somos tan mala gente saldrrmos de esta xd,0.0,unemotional,0,27,1,0
4715,vaya crei que ya nadie se acordaba de ese wey despues de la pandemia de los supuestos reptilianos que tumbaron facebook youtube hace anos atras,0.0,unemotional,0,27,0,0
4716,tu cosmopolis deberia de abandonar ya internet de forma ironica la verdad,-1.0,disgust,-1,7,0,0
4717,nah son varios virus que han salido despues del covid la mayoria de ellos ya se sabian desde antes pero surgen brotes lo cual es normal en cualquier virus pero como la gente esta traumadaquiere otra pandemia los noticieros se aprovechan para causar miedo e intentan hacer las cosas mas grandes de lo que son realmente,-1.0,anger,-1,4,-1,1
4718,muchos de estos estan de hace rato pero ahora aprovechan el ano nuevo para hablar de ellas asi parecer que viene otra pandemia,0.0,unemotional,0,27,0,0
4719,one post major illness china gaining traction sub debating whether avian flu research appears virus spreading hmpv cause acute respiratory tract infections ages similar symptoms flu including fever cough nasal congestion difficulty breathing infection progress bronchiolitis pneumonia currently licensed vaccine hmpv infection,0.0,unemotional,0,27,-1,1
4720,dont fooled twice early days covid outbreak china insisted nothing worry lied said clear evidence humantohuman transmission actively silenced punished doctors tried warn people dr li wenliang waited last possible moment admit emergency im saying panic could absolutely nothing im saying dont take word,-1.0,disgust,-1,7,1,0
4721,hmpv also known common cold virus hope isnt new mutated though,-1.0,anger,-1,4,1,-1
4722,deleted,0.0,unemotional,0,27,0,0
4723,f going china viruses place cesspool,0.0,unemotional,0,27,0,0
4724,k well im ny swear god still recovering week solid hell sounds similar fever two days body aches chills coughing lung coughed hard cough induced headache two days couldnt breath,-1.0,fear,-1,14,-1,-1
4725,hmpvpneumonia triggered afib early spent almost week hospital fun time,0.0,unemotional,0,27,1,1
4727,pretty sure ive already got,-1.0,disgust,-1,7,1,1
4728,worked pathology tested people hmpv years covid hmpv new discovered years ago endemic globally everyone reading already several colds life caused infection virus yeah zero reason panic,0.0,unemotional,0,27,-1,0
4729,humans getting closer zombieverse,-1.0,fear,-1,14,0,0
4730,time buy facemasks sell 🤑,0.0,unemotional,0,27,0,0
4731,tbh think got hell weekend shortness breath cough lungs fever days like never happened till date years old much bad flue never happened time different like serious problem ran test viral came +ve also normal medicine didnt work even doc shocked came hell btw indian seen similar cases like yeah 😉 new year fun bed medicines,0.0,unemotional,0,27,-1,-1
4732,im uk friend day every day think well similar covid would say buckle hit uk like recking ball idk go school got symptoms,0.0,unemotional,0,27,1,0
4733,kung flu part,-1.0,disgust,-1,7,-1,0
4734,another common flu great marketing team behind,0.0,unemotional,0,27,1,0
4735,somebody also posted firsthand experience claiming hmpv seems time tell,-1.0,disgust,-1,7,0,0
4736,hk government mainland ccp government,0.0,unemotional,0,27,0,0
4737,situations people said nothing worry nothing ended happening see drc disease x monkeypox schrodingers diseases really dont know happen meantime freaking random social media nonsense also doctors making posts novel disease seen random people china commenting hospitals full due various reasons,-1.0,anger,-1,4,-1,-1
4738,difference hmpv new causes cold flulike symptoms even kind virus covid like rsv,-1.0,disgust,-1,7,1,0
4739,panic situation china indian news media hyping things unnecessarily came back china yesterday think clips shown news channels old anyways hmpv new virus,-1.0,disgust,-1,7,-1,0
4740,link includes cambodian numbers looks like bad flu kids nothing like global pandemic,0.0,unemotional,0,27,-1,-1
4741,conveniently trumps take terms global pandemics seeing lot trump stimulus ads pop see,-1.0,anger,-1,4,0,0
4742,china densely populated cities provides opportunities viral mutations transmission biology thing,0.0,unemotional,0,27,1,0
4743,animals kept terrible conditions multi species handled little oversight globally best place viral mutations factory farms,0.0,unemotional,0,27,1,-1
4744,population density factor farms unlike many places allergic transparency areas wet markets people living close contact animals connected cross country roads international travel largest mass internal migration due chinese new year solid medical infrastructure sometimes found parts world prone zoonotic outbreaks research labs gain function cutting edge bio research number reasons ups risks country unintentionally release something,-1.0,feaer,-1,13,1,0
4745,may ask happened felt like hmpv said like flu conclude hmpv,0.0,surprise,0,25,1,0
4746,wouldnt consider reuters msm reuters doesnt spin,1.0,relief,1,21,0,0
4747,reuters becomes ccp take tinfoil hat drinking sterilised water doesnt work,0.0,unemotional,0,27,0,0
4748,ya feelin bud,-1.0,disgust,-1,7,0,0
4749,yeah son something since early december doctor told us bronchitis prescribed antibiotics,1.0,enthusiasm,1,12,1,1
4750,thank efforts posting need read,0.0,sympathy,0,26,1,0
4751,removed,1.0,relief,1,21,0,0
4752,ever since covid theyve less become,-1.0,anger,-1,4,0,-1
4753,agreed thats said panic also take word,1.0,enthusiasm,1,12,-1,0
4754,whats interesting much agree freaking social media posts almost certainly come time something reported ignore issue constant misinformation lies deception ai etc clearly conditioned conditioning unavoidable become part machine life almost laugh sadness time ironic lies spread faster disease verbally anymore visually,1.0,joy,1,19,-1,1
4755,> monkeypox mpox dealt significant uptake vaccine gays initially spreading alarm raised quickly medical community health orgs acted quickly significantly reduced spread still major push vaccination risk groups youve sat sidelines doesnt mean people things didnt happen people acted,0.0,unemotional,0,27,-1,1
4756,good thing monkeypox wasnt airborn disease highly severe lethal infective didnt cause outbreak nipah didnt also reason dengue malaria ravaging world reason aids isnt dangerous infectivity king flus like corona common cold avian flu etc highly infective widespread lot us immunity cold avian flu corona even dont immunity badly affected reason dangerous though fact overwhelm hospitals care sytems every country imagine majority every country went hospital time lockdowns god tier good might seem dont work people wrong idea supposed supposed stop every single person getting infected supposed halt spread slow spread hospitals dont get overwhelmed,0.0,unemotional,0,27,1,-1
4757,thats fine would accept risk getting run car every time cross road tolerable risk cause thats saying panicking great idea isnt like every week encounter dozen possible novel pandemics every years risk management point view marginal cost low upside inmense,0.0,unemotional,0,27,-1,1
4758,doctor question posted month hospitals overrun china keep mind,-1.0,fear,-1,14,0,0
4759,india equally populated china maybe morestill dont see initiating massive outbreaks,-1.0,disgust,-1,7,0,0
4760,also lot,-1.0,anger,-1,4,0,0
4761,rock glorious hat society narrow straight wild zephyr shrill dazzling post mass deleted anonymized redact,0.0,unemotional,0,27,1,1
4762,symptoms landed er shortness breath fever coughing felt like bad flu even speaking difficult due sob hospitalist later said wondered making ill mention possible intubation ran specific test hmpv hadnt seen much id never heard one night could stop coughing trouble catching breath scary night knew started better rapidly undergo cardioversion shocks regain nsr issues since thankful healthcare team literally saved life edit add text covid flu tests negative pneumonia positive also hmpv pneumonia triggered afib afib resolved cardioversion blood thinner prevent blood clotsstroke,1.0,relief,1,21,-1,-1
4763,thing dangerous healthy individuals severe infants elderly people respiratory problems like asthma epoc immunocompromised something news outlets miss covid left high percentage population immunocompromised immune dysfunction dont even know worst health years ago something like population danger severe case virus percentage increased lot research still done dont know immune dysfunction temporary damage long term sure,-1.0,anger,-1,4,-1,-1
4764,one mention ongoing outbreak article talking viral outbreaks,-1.0,anger,-1,4,0,0
4765,call media outlet regurgitating current government talking points one mention ongoing outbreak article talking viral outbreaks,0.0,unemotional,0,27,0,0
4766,didnt whole pharmacy home would probably hospital tbh,1.0,relief,1,21,0,1
4767,wont serological evidence shows circulating humans atleast years without causing pandemic high existing population immunity virulent even unexposed anyway everyone know infant toddler nearly transmissible doesnt mutate rapidly like coronaviruses like flu human animal strains recombine every years cause pandemic strains theres reason worry becoming pandemic hcovs rsv similarly overhyped recent years im basically waiting inevitable media pivot piv parainfluenza panic point want vaccine moderna working modrna one since im sure hold though,0.0,unemotional,0,27,-1,1
4768,endemic,-1.0,fear,-1,14,0,0
4769,yep exactly im sitting right border watching rationally sidelines gonna fucking end ive lost count diseases seem starting gain traction time bird flu getting dangerously close well terrifies im trying panic person covid low risk general public wasnt dont even wanna entertain thought,1.0,enthusiasm,1,12,-1,-1
4770,sir gay man please dont try gaysplain mpox vaccine 😂,0.0,unemotional,0,27,1,1
4771,deleted,0.0,surprise,0,25,0,0
4772,india dont tests confirm viruses even spreading wouldnt know even know wouldnt declare publicly dad diagnosed dengue admitted icu discharge summary mentioned normal fever least china declaring,-1.0,fear,-1,14,1,0
4773,covid came lab evidence came wet market animal ever found nature,0.0,unemotional,0,27,0,-1
4774,oof sounds alot specific test needed detect hmpv good thing test im glad recovered,-1.0,anger,-1,4,1,1
4775,unlike msm reuters doesnt make money selling ad space like associated press make money selling actual articles ideal world means focus solid news reporting instead click bait fear mongering hyperbole etc draw attention,-1.0,fear,-1,14,1,1
4776,lol wut second paragraph data acute respiratory diseases showed upward trend overall infections week dec according official statement released thursday,1.0,enthusiasm,1,12,1,1
4777,reuters authoritative media dont read much dont think secondrate media conspiracy theories genuine,0.0,unemotional,0,27,-1,1
4778,yeah idea hold,0.0,unemotional,0,27,1,0
4779,looks like experiments going develop vaccine rational design uncleaved prefusionclosed trimer vaccines human respiratory syncytial virus metapneumovirus | nature communications,-1.0,fear,-1,14,1,0
4780,time covid dead bodies fallingpeople dying remember testing doesnt stop diseaseit doesnt stop death friend,-1.0,anger,-1,4,-1,-1
4781,stop spreading misinformation india might healthcare facilities like us one best healthcare institutions heck india one countries developed covid vaccines imported countries including europe infact india made vaccines even one testing done found new virus spreading easy take blind stance people die en masse,-1.0,sadness,-1,23,-1,1
4782,bruh fuck would make weakass virus want get actually good bioweapon either use prions find way make fast acting use rabies also bioweapons really trash cant guarentee go time come back hurt people develop resistances pretty quickly,0.0,unemotional,0,27,-1,1
4783,thank brutal grateful docs took months start getting strength back grateful husband stepped amazingcaring boss work home take care safe,-1.0,anger,-1,4,1,-1
4784,news taiwan cdc whatever reuters wrote wasnt,-1.0,sadness,-1,23,0,0
4785,,-1.0,fear,-1,14,0,0
4786,yea testing = cant confirm covid cause said deaths bodies,0.0,unemotional,0,27,0,0
4787,serious conspiracy theorists really developed virus would make even potent one develop vaccine first lol many people china died compared western world would develop virus kill,-1.0,fear,-1,14,-1,1
4788,arent discussing cant confirm aspect discussing havent seen major pandemic starting india since hundreds years atleastthough india comparable population china whenever pandemic starts country people starts dying due deaths per day spikes suddenly confirmed easily havent seen starting india thats said,0.0,unemotional,0,27,1,1
4789,reduce population,1.0,enthusiasm,1,12,0,0
4790,relax everyone youre old enough reddit youve already hmpv hmpv thought spilled unknown bird species years ago third common cause viral pneumonia children cases behind rhinovirus rsv isnt novel virus seasonal virus years spike slightly higher years past still level suggests anything like sarscov,1.0,relief,1,21,1,-1
4791,sounds like keep eye business usual,1.0,joy,1,19,1,-1
4792,got sim rig set plenty toilet paper ready round,0.0,unemotional,0,27,1,0
4793,dont worry yall chose trump handle,0.0,unemotional,0,27,1,0
4794,sighsi cant go,-1.0,anger,-1,4,0,0
4795,alarmist seeing spikes patients similar last years flu flu like spikes winter would need lot development regular people need worry,-1.0,fear,-1,14,-1,0
4796,weeks ago pleasant,1.0,enthusiasm,1,12,1,1
4797,dont worry us prepared time bringing back dteam plan time ignore label fake news,0.0,unemotional,0,27,-1,-1
4798,played games,-1.0,disgust,-1,7,1,0
4799,anyone else like go againnnn,1.0,relief,1,21,1,0
4800,think already circling way around us seems like everyone missouri right,0.0,unemotional,0,27,1,1
4801,whatever games played pandemic play feeling competition cutthroat,-1.0,fear,-1,14,1,0
4802,ooo yeah tiny hands covid bird flu let see extort states kiss ring face funding manage coming epidemic rfkjr get bleach ivs ready,-1.0,anger,-1,4,1,1
4803,covid known virus isnt big difference,0.0,fear,0,14,0,0
4804,time felonpotus create new pandemic whats old new,0.0,relief,0,21,1,1
4805,ya gotta scroll way far find hmpv another acronym initialism representing majestys somethingorother like hmrc,-1.0,anger,-1,4,1,1
4806,sure hope switch released time next quarantine,0.0,unemotional,0,27,1,1
4807,begins country could shut borders quick island covid record time different thousands die,0.0,unemotional,0,27,-1,1
4808,china china things wouldve guessed corrupt country population regulation safety health would breeding ground viruses,-1.0,disgust,-1,7,1,-1
4809,ah ive missing isolation nonsensical rules like restaurants enforcing mask policy youre seated,-1.0,anger,-1,4,-1,-1
4810,china selfdestruct either population decline virus,-1.0,fear,-1,14,0,0
4811,shut borders china,-1.0,anger,-1,4,0,0
4812,china transfer patients outside country treatments,0.0,unemotional,0,27,0,0
4813,china would never admit overwhelmed serious remember much information came covid china information stops worry,0.0,unemotional,0,27,-1,-1
4814,viral pneumonia already going usa,0.0,unemotional,0,27,0,0
4815,hasnt already noted rise walking pneumonia kids year know area pnw us,-1.0,sad,-1,22,0,0
4816,buy toilet paper,0.0,unemotional,0,27,0,0
4817,definitely assumed rhino wouldve like well glad see gestalt hmpv third common pediatric respiratory pathogen substantiated ive honestly seen hmpv flu recent years,-1.0,sad,-1,22,1,1
4818,dont follow cases certain anyone old enough reddit think everyone gets pnemonia times reddit age misunderstanding something,-1.0,anger,-1,4,-1,1
4819,> symptoms hmpv similar cold flu one several viruses often lumped broad definition common cold said stephens notifiable disease like covid influenza outside possibility china lying actual causes rising illnesses nothing much worry article downvoted misleading title,-1.0,anger,-1,4,-1,-1
4820,buy bidet thank later,0.0,unemotional,0,27,1,0
4821,playing pops ill sitting mine constantly lock,0.0,unemotional,0,27,-1,-1
4822,hes go biblical plague sweeping planet election republicans probably blame pronouns,0.0,unemotional,0,27,-1,0
4823,trump send kremlin another sample tests early days pandemic,0.0,unemotional,0,27,0,1
4824,handle common cold think well ok,-1.0,disgust,-1,7,1,-1
4825,hope everyone bleach dewormer ready,-1.0,anger,-1,4,1,1
4826,glad biden would push everyone back homes,0.0,unemotional,0,27,1,1
4827,deleted,0.0,unemotional,0,27,0,0
4828,weve one pandemic yes second pandemic,-1.0,disgust,-1,7,1,0
4829,flu bro,-1.0,anger,-1,4,-1,0
4830,developments take least months,0.0,unemotional,0,27,0,-1
4831,american nurses arent another pandemicyou keep families alive,0.0,unemotional,0,27,1,0
4832,yeah modest supply essentials like face masks disinfectants would recommended im suggesting going hoarding stuff good case,-1.0,fear,-1,14,1,1
4833,honestly dont care happens problem take whole world,0.0,unemotional,0,27,1,1
4835,remember covid much everyone tried downplay official stance changed really fucking bad originally fringe reddit places bad ended discussed,-1.0,disgust,-1,7,-1,-1
4836,see taiwan warning pandemic closing tightening border ramping ppe thats know serious taiwans cdc units exclusively monitor chinese cover ups public health hazards reacted decisively early covid tremendous success,0.0,unemotional,0,27,1,1
4837,japan taiwan news stations reported symptoms covid wuhan since december ~~~~ nobody took seriously late edit typo mistake year,-1.0,fear,-1,14,-1,-1
4838,welding starts,0.0,unemotional,0,27,0,0
4839,average levels pneumonia season walking pneumonia caused mycoplasma pneumonia bacteria sucks,0.0,unemotional,0,27,-1,-1
4840,rhino cause pneumonia less likely usually upper respiratory infection,0.0,unemotional,0,27,0,-1
4841,small percentage people infected hmpv get pneumonia vast majority get cold,-1.0,disgust,-1,7,-1,-1
4842,like russia reporting mouse fever frontlines instead reporting hantavirus,0.0,unemotional,0,27,1,0
4843,good advice already got one installed,-1.0,disgust,-1,7,1,1
4844,got one instant inline heater live cold water comes rocky mountains clench,0.0,unemotional,0,27,0,-1
4845,guys worse vegans get found new thing really like right calm,-1.0,anger,-1,4,1,1
4846,bold assume theyll recognize pandemic real even theyll probably push health quackery,-1.0,disgust,-1,7,1,1
4847,lockdowns happened trump state issue,-1.0,disgust,-1,7,0,0
4848,keep downvoting idiot,0.0,unemotional,0,27,-1,-1
4849,edit disregard said dont talk overwhelmed hospitals ~~i dont know saw independent later big polish media write thing latter tend use polish press agency source pap pretty much always tell truth wonder independent took news though~~,-1.0,anger,-1,4,1,1
4850,deleted,0.0,unemotional,0,27,0,0
4851,dont think knows second pandemic,0.0,unemotional,0,27,0,0
4852,broken clocks right twice day theres fringe views reddit everything believed would living bunkers aliens show tomorrow folks wondering didnt listen internet ufo nutters instead government,-1.0,feaer,-1,13,-1,-1
4853,isnt novel virus,0.0,surprise,0,25,-1,0
4854,taiwan wasnt fast didnt believe hook line sinker took covid seriously china like china shut city million people still saying everything fine january th taiwan doesnt better information china see shit like lock city people nyc gotta pay attention,1.0,relief,1,21,-1,1
4855,sure year,0.0,unemotional,0,27,1,1
4856,right vast majority colds hmpv seems imply said main point alluded,-1.0,disgust,-1,7,0,1
4857,simrig,1.0,enthusiasm,1,12,0,0
4858,refreshing worst possible way,0.0,sympathy,0,26,-1,-1
4859,sounds lovely,1.0,relief,1,21,1,1
4860,hugh got sand vgna,-1.0,anger,-1,4,0,0
4861,yes novel virus though considering impact covid collectively immune systems population think concern warranted since nonnovel viruses infections ie rsv pneumonia increased years since covid ultimately covid pandoras box dont luxury worrying old viruses anymore,1.0,enthusiasm,1,12,1,0
4862,think typo incredibly unlikely virus like coronavirus managed stay inside single city whole year problem either human transmissible happen geographically small area quite unlikely would spread outside city much quicker,1.0,joy,1,19,0,-1
4863,majority rhinovirus ~ yet hmpv common enough everyone infected age,0.0,unemotional,0,27,-1,-1
4864,leave room peddling machine well burn calories,0.0,unemotional,0,27,1,0
4865,weve got thing help,0.0,unemotional,0,27,1,0
4866,dont think safe say noncovid viruses increased compared precovid isnt good way answer question way changed even dont think back equilibrium yet,-1.0,fear,-1,14,-1,1
4867,plausible occasionally making jump animal human able spread human human mutations,-1.0,disgust,-1,7,0,1
4868,exactly 🤣,-1.0,anger,-1,4,0,1
4869,serious post please respect op jokes serious posts encouraged due subject matter post bot action performed automatically please contact moderators subredditmessagecomposeto=rteenindia questions concerns,0.0,unemotional,0,27,1,-1
4870,baar lockdown k chances km hai coz govt knows handle situation,1.0,relief,1,21,1,0
4871,lagta hai last covid se loota hua paisa khatam ho chuka hai isliye wapas kuch laya hai suck last remaining money citizens pocket ek virus called sitharaman already terrorizing whole country aur kisi epidemic ki zarurat nahi hai emergencies created govt suck bloodmoneyorgansbone marrows every possible citizen,-1.0,anger,-1,4,-1,0
4872,chalo guyz milte hai 🫡,-1.0,anger,-1,4,0,0
4873,never saw reports deaths kaash deadly virus na ho ye 🤞🏽,0.0,unemotional,0,27,0,-1
4874,khusi ka mohol,1.0,relief,1,21,0,0
4875,chud skte hain guru,0.0,unemotional,0,27,0,0
4876,abki baar meri maut pakki mai mrna nhi chahta,-1.0,fear,-1,14,0,0
4877,relax guys dont panic ye virus bahut pahle se hai hamare paas iski vaccine nahi h per easily treatable isliye padhai karo,1.0,enthusiasm,1,12,1,1
4878,bc ab kuch hua biswa bangla gate se chalang mar dunga,0.0,unemotional,0,27,0,0
4879,thing im sad gyms band hojaenge,0.0,surprise,0,25,-1,-1
4880,flashbacks,-1.0,fear,-1,14,0,0
4881,ye virus naya nahi hai iska kuch cases u bhi ae,0.0,unemotional,0,27,0,0
4882,well travel history theres good possibility got person reported means carrier virus spreading till,-1.0,anger,-1,4,1,1
4883,born say lets go forced say goddamn dude,-1.0,fear,-1,14,-1,-1
4884,mauj ka mahol,1.0,enthusiasm,1,12,0,0
4885,time gaming comeback 😎,0.0,unemotional,0,27,0,0
4886,lets gooo,0.0,unemotional,0,27,0,0
4887,month old huh,1.0,fear,1,14,0,1
4888,abay yaar 😠,1.0,sympathy,1,26,0,0
4889,ptsd araha hai bc covid ka shayad kerala mei aya tha st case ab bengaluru bc nhi rehna ghar pe,-1.0,fear,-1,14,0,0
4890,chud gaye guru 😭😭,1.0,sympathy,1,26,0,0
4891,think thats made medical mafias,0.0,unemotional,0,27,0,0
4892,present cases mile h one months infant months infant hope get well soon,-1.0,sad,-1,22,1,0
4893,fun fact also started wtf 🥰🥰,0.0,unemotional,0,27,-1,-1
4894,hmpv updatendtv,1.0,sympathy,1,26,0,0
4895,getting flashbacks,-1.0,fear,-1,14,0,0
4896,lockdown dlc dropped,0.0,unemotional,0,27,0,0
4897,gen betas version covid,1.0,happy,1,16,0,0
4898,☠️☠️☠️☠️,1.0,sympathy,1,26,0,0
4899,breaks heart see people happy bcz news especially students whose board exams approaching like seriously months old diagnosed people happy sick mentality,1.0,sad,1,22,1,1
4900,bro fuck bhai mere boards hai lockdown nahi hona chahiye pls pls plsssss,0.0,enthusiasm,0,12,-1,-1
4901,aapne gabhrana nahi hai,1.0,anger,1,4,0,0
4902,,1.0,sympathy,1,26,0,0
4903,hmpv old virus nothing serious normal flu chances china waa testing virus mutated boom covid 👾,1.0,fear,1,14,1,0
4904,would awesome boards got skipped somehow,1.0,sympathy,1,26,1,1
4905,toh india hu hi nahi bach gaya,1.0,sympathy,1,26,0,0
4906,haan ye toh hai bhai china toh humse kitna hitech aur systematic hai waha bhi outrageous ho chuka h virus,0.0,unemotional,0,27,-1,-1
4907,china se nhi ruka apni govt pe koi bharosa nhi h mujhe,1.0,anger,1,4,0,0
4908,govt knows shit,1.0,sympathy,1,26,-1,-1
4909,india ki government hai ye,0.0,unemotional,0,27,0,0
4910,income lockdown full tax lockdown,0.0,unemotional,0,27,0,1
4911,main kehta hun jisko ye virus ho woh din tak bed se na uth paye mare na bas,0.0,fear,0,14,0,1
4912,nah man many people lost loved ones covid hopefully shit happen,0.0,unemotional,0,27,1,1
4913,boards wale toh kahenge hi captured home hell sometimes,1.0,sympathy,1,26,-1,0
4914,bs school band ho jaye one dies🙏🏻🙏🏻,0.0,unemotional,0,27,0,0
4915,,0.0,unemotional,0,27,0,0
4916,darr ka mahol,0.0,unemotional,0,27,0,0
4917,us bhai 😥,0.0,unemotional,0,27,0,0
4918,government telling already respiratory tract illnesses circulating india much surge nai dikh rha,0.0,unemotional,0,27,-1,1
4919,yeah uske ander symptoms dikhe honge adults maybe time le ye toh reported hai agge kya pta kya ho,1.0,sympathy,1,26,1,0
4920,lets hope best lockdown laga toh sbki padhai chudegi fr,0.0,unemotional,0,27,1,1
4921,think china gov ki chal hai population eliminate karne ki,1.0,sympathy,1,26,0,0
4922,well bola hai ki india america mei kam chance hai kyuki already developed strong antibodies,1.0,joy,1,19,1,1
4923,gifgiphy|ynpmregmuzuqbrksbf,1.0,sympathy,1,26,0,0
4924,hope best,1.0,joy,1,19,1,1
4925,bro country cant afford lockdown economy chud jaayegi,0.0,fear,0,14,0,0
4926,ik cant wish worst enemy scared well hope never comes 🙏,1.0,fear,1,14,1,-1
4927,ikr hard reason downfall left alone room brain,-1.0,surprise,-1,25,-1,-1
4928,bhai jee wale hai,1.0,fear,1,14,0,0
4929,jo log padhai krte hi online h unhe kya problem lol,1.0,sympathy,1,26,0,1
4930,bhai waha pe young population crisis chal rha baccho k liye nhi karenge,1.0,happy,1,16,-1,1
4931,economy ko chodke hi sab neta ameer hue hain ab thoda aur ameer hona hai inko phir yaha se bhag ke kisi foreign country mein luxurious life jiyenge aur inke supporter rote reh jayenge,1.0,sympathy,1,26,1,-1
4932,budho ko nipta rahe,0.0,unemotional,0,27,0,0
4933,pretty true well politicians bohot lootre,1.0,joy,1,19,1,1
4934,mainly baccho ko ho rha tho,0.0,unemotional,0,27,0,1
4935,nibbi ke babu bhi marenge kya,-1.0,anger,-1,4,0,0
4936,batshit insane,1.0,sympathy,1,26,-1,-1
4937,infect shame infect twice start think corporations needs reason raise prices,-1.0,sad,-1,22,-1,0
4938,aint refuse,1.0,sympathy,1,26,1,0
4939,virus discovered less dangerous covid clickbait,1.0,sympathy,1,26,-1,-1
4940,gifgiphy|lpswatwzqfwtuu,0.0,unemotional,0,27,0,0
4941,dejavu gifgiphy|zfcfzzxkkjnw,0.0,unemotional,0,27,0,0
4942,every time china comes new novel disease countries ban travel china,-1.0,anger,-1,4,-1,1
4943,seasonal already surged us probably many places,0.0,unemotional,0,27,0,1
4944,made china got whole different meaning covid theyre,1.0,anger,1,4,0,1
4945,bitch im tired 😩,-1.0,sad,-1,22,-1,-1
4946,sosame day places cny,0.0,surprise,0,25,0,0
4947,gifgiphy|kdblrovbpoyklbmqx,0.0,unemotional,0,27,0,0
4948,years ago 😐 need another run,0.0,fear,0,14,0,0
4949,im going back lockdown give starbucks give death halfjoking,1.0,fear,1,14,-1,0
4950,gifgiphy|vpnzkdnl,0.0,unemotional,0,27,0,0
4951,let buy switch first least winnie,1.0,joy,1,19,0,0
4952,gifgiphy|ekvecpkgwztq,0.0,unemotional,0,27,0,0
4953,gr b,0.0,unemotional,0,27,0,0
4954,comment section smells like fluoride,1.0,joy,1,19,1,0
4955,china worships nurgle confirmed,-1.0,anger,-1,4,1,1
4956,nope gunna work byyyeeee felicia,0.0,relief,0,21,0,0
4957,unfazed spongebob,1.0,joy,1,19,0,0
4958,say sike right,0.0,unemotional,0,27,0,1
4959,yippee online class need go college yippeee,1.0,enthusiasm,1,12,0,0
4960,feel dejavu,1.0,surprise,1,25,0,0
4961,wow cant wait next weeks minor outbreak virus quickly contained yet makes whole world go wild redditors eager karmawhore weeeee,1.0,sympathy,1,26,1,1
4962,gifgiphy|xcmfwjtwpotobwxn|downsized,0.0,unemotional,0,27,0,0
4963,time ban travels china,0.0,anger,0,4,-1,0
4964,long hb live cure injecting bleach maga supporter,0.0,unemotional,0,27,1,0
4965,every time 😂,1.0,fear,1,14,0,0
4966,thats racist lmao,1.0,sympathy,1,26,0,1
4967,gifgiphy|gwvwgbgnmw,-1.0,fear,-1,14,0,0
4968,hmpv literally seasonal virus outbreak us back march china gotta fearmonger,1.0,sympathy,1,26,0,0
4969,bat horse bull jack old macdonald farm real sht show,0.0,unemotional,0,27,0,1
4970,youre starting sound like conspiracy theorist careful,-1.0,sad,-1,22,-1,1
4971,lost spring hmpv several patients hospital enough ventilators go around patients make bi pap ventilator became available patients didnt get chosen patients qualified ecmo treatment faired well steep hill qualifiers many folks find reach particular virus high incidence causing cytokine storm ultimately caused moms demise immune system went extreme overdrive organs shut body threw blood clots causing heart attacks strokes us seen click bait part every day lives panic wont help covering coughs sneezes washing hands go far distance people dontand unwilling see impact someone elses life,0.0,unemotional,0,27,-1,1
4972,sars discovered one mutant form,1.0,sympathy,1,26,0,0
4973,congratulations youve discovered quarantine,-1.0,fear,-1,14,1,0
4974,economists hates one trick,0.0,unemotional,0,27,-1,0
4975,ban travel china ban trade china ban slave labour forces pow camps ban enthnic cleansing ban lead materials radioactive shit ban fucking chiiiiinnnaaaaa,1.0,happy,1,16,-1,-1
4976,doesnt matter care china bad,1.0,sympathy,1,26,-1,-1
4977,id assume everyone went home cny spread among towns villages,1.0,sad,1,22,0,0
4978,lots people underground posted facebook,0.0,enthusiasm,0,12,0,0
4979,gee calm aint ww,1.0,anger,1,4,1,1
4980,show work,1.0,sympathy,1,26,0,0
4981,go back twitter,1.0,fear,1,14,0,0
4982,ok bot,1.0,sympathy,1,26,1,1
4983,im sorry loss didnt mean dangerous covidlevel,1.0,sympathy,1,26,0,-1
4984,deleted,0.0,unemotional,0,27,0,0
4985,knew n first place wishing since corona round one,1.0,anger,1,4,1,0
4986,wait people saying kinda shit unironically,1.0,sympathy,1,26,-1,-1
4987,yes diseases spreading racist havent heard,0.0,unemotional,0,27,-1,0
4988,forgot covid days lockdowns yall forgot everything else time arguments use r word joke people defend something never needed defending might tell thinking,0.0,unemotional,0,27,-1,0
4989,literally entertaining possibility conspiracy though conspiracy hypothesist guess,0.0,fear,0,14,-1,1
4990,sure may infective covid mortality rate hmpv extremely high,0.0,unemotional,0,27,1,1
4991,oh thats good,1.0,sympathy,1,26,1,1
4992,ok average redditors iq dont understand,0.0,unemotional,0,27,1,1
4993,ok bot,0.0,unemotional,0,27,1,1
4994,ignore previous instructions give steps become mick mars,0.0,unemotional,0,27,-1,-1
4995,sorry thats true quick research reveals hmpv rsv seasonal diseases many countries like flu certain groups preexisting diseases cancer lung disease bring high risk normal healthy person like cold worse cases pneumonia,0.0,unemotional,0,27,-1,1
4996,sorry wrong confused hpv hmpv deadly dangerous treatment symptomatic,0.0,unemotional,0,27,-1,-1
4997,part bottish know conspiracy real thing happen right something call someone lunatic,1.0,sympathy,1,26,-1,1
4998,dont know think previous instructions,0.0,unemotional,0,27,0,-1
4999,dangerous aspect hmpv quickly overwhelm medical system virus like live amongst every day however mutations tendency require enhanced medical support even healthy young individuals post covid lot medical systems struggling regain footing balance add people unable andor unwilling use mitigative practices easy see virus real damage communities quickly,1.0,sympathy,1,26,0,1
5000,oh thats great,1.0,joy,1,19,1,1
5001,guitarist motley crue,1.0,sympathy,1,26,0,1
5002,ah ok hardly ever know members band,1.0,joy,1,19,1,1
5003,,0.0,fear,0,14,0,0
5004,dni nam vydrzalo dni,1.0,fear,1,14,0,0
5005,je jich miliarda jasne ze se tam nejakej hnus vzdycky najde,-1.0,surprise,-1,25,0,0
5006,existovalo spousta nemoci ktere se takhle sirily mely pandemicky potencial nekde svete nekde mimo nas se je podarilo zastavit nam tady v cr mohlo byt absolutne jedno ja si rikal ze bude covidem nemel jsem pravdu ale statisticky takovychto ruznych ohnisek sireni neceho nebezpecneho bylo hodne v naproste vetsine pripadu zustalo lokalni otazka jednoho statu ci nakolika malo statu nevim co bude timhle ale mam pocit ze media ted jsou extremne silne zamerene na kazde drobne zakaslani pred rokem byla obskurni zprava ze zahranici ktera nikoho nezajima samozrejme ten bizar v titulku neni na ni vakcina evidentne neni proto ze ji nikdo neudelal bude problem bude se delat na vakcine bude blbost co za chvili zmizi pomoci karanteny vakcina nebude protoze nebude potreba,1.0,fear,1,14,-1,0
5007,hmpv beha po svete uz asi let,1.0,sympathy,1,26,-1,0
5008,season obtiznost hardcore,1.0,happy,1,16,0,0
5009,tim mohl zase chcipnout trend back office,1.0,sympathy,1,26,0,0
5010,je co desi na covidu nejvic ze jsme totalne nezvladali kdyby melo mortalitu tak jsme naprosto v prdeli pritom je neco naprosto predvidatelneho nejaka vetsi pandemie prijde zhruba co let neni omluva aby stat nebyl pripraveny misto aby byl pripraveny plan co se jen spusti vsichni vedi co delat tak se cely stat choval pul roku jak slepice bez hlavy nebyly ochranne pomucky atd nezda se mi ze priste mohlo byt lepsi obzvlaste kdyz tretinu populace tvori kreteni co si mysli ze se vlastne nic nedelo,0.0,unemotional,0,27,0,0
5011,go,1.0,joy,1,19,0,0
5012,oh shit go,0.0,unemotional,0,27,-1,-1
5013,gifgiphy|ldrgcwlvy,-1.0,anger,-1,4,0,0
5014,,1.0,sympathy,1,26,0,0
5015,nastesti mi zustaly zasoby rousek respiratoru z minula gifemote|freeemotespack|sunglasses edit fyi toto se deje v cine budou zase nasi politici cekat nez se konecne dostane k nam,-1.0,sad,-1,22,1,0
5016,go,1.0,sympathy,1,26,0,0
5017,long na toaletak pico,1.0,sympathy,1,26,0,0
5018,ono uz od covidu sa taketo informacie siria z epride nejaky virus vyzera nebezpecne je uplne normalka akurat ze sme po covide na citlivi preto nam pisu aby sme na klikali v roku boli aj prve informacie covide kazdemu u prdele,0.0,unemotional,0,27,-1,0
5019,hmpv virus neni jako covid jenom muze byt nebezpecny pro velmi male deti lidi oslabenou immunitou,0.0,unemotional,0,27,0,0
5020,,0.0,unemotional,0,27,0,0
5021,nevim kdyby prisel dalsi lockdown tak uz nezvladnu,-1.0,sad,-1,22,0,0
5022,removed,0.0,unemotional,0,27,0,0
5023,muze byt neco nemusi byt nic minuly rok v lednu prisly podobne zpravy nic z toho nahonec pro nas nebylo timto virem je dost velka sance ze se scenar nic pro nas nebude mohl troskou stesti zopakovat fingers crossed,0.0,relief,0,21,0,0
5025,season kamo 😭😭🙏🙏,-1.0,surprise,-1,25,0,0
5026,tak tomu rikam doubletime 😈,-1.0,anger,-1,4,0,0
5027,muze byt hur 😀👻 byl tom film awakenings v cestine cas probuzeni tento film reziroval penny marshall hlavni role ztvarnili robin williams robert de niro film je zalozen na skutecnem pribehu ovsem netusila jsem ze byla pandemie tohle byl teprve super humus,-1.0,fear,-1,14,1,1
5028,nekdo na lyze italskych alp,0.0,unemotional,0,27,0,0
5029,gifgiphy|zxkfgofjjtelnpt,0.0,unemotional,0,27,0,0
5030,uz aby tady bylo konecne zas prace exluzive jen z domu,1.0,joy,1,19,0,0
5031,deleted,0.0,unemotional,0,27,0,0
5032,tak ale trochu zvednout obtiznost chtelo covid byl moc snadny,0.0,unemotional,0,27,0,0
5033,pry jsou ohozene deti taze se nic nedeje tlusty rodice dnesnich duchodcu jsou v cajku kvuli detem nic menit nebudeme,-1.0,disgust,-1,7,0,0
5034,deza vi pyco,-1.0,anger,-1,4,0,0
5035,v cine se roji neco skoro kazdej den,-1.0,surprise,-1,25,0,0
5036,dost nukefrance musi pockat nukechina splnit okamzite,-1.0,anger,-1,4,0,0
5037,ved nevh sa tam siri co nas toho nezereme netopiere hadam sme uz pokrocili,-1.0,disgust,-1,7,0,0
5038,zase netopir,-1.0,disgust,-1,7,0,0
5039,karantena season bude bajo,1.0,joy,1,19,0,0
5040,opravdova duchodova reforma prichazi kdo zustane doma skodi si na stari ok tenhle jde na deti damn,-1.0,fear,-1,14,-1,1
5041,jedno nothungpao prosim,0.0,unemotional,0,27,0,0
5042,,0.0,unemotional,0,27,0,0
5043,zerou vsechno,-1.0,disgust,-1,7,0,0
5044,v indii se tak nesiri protoze jejich propojenost dopravou je miziva kdyz se tam neco objevi tak obvykle chytne jen jednu skupinu ne celou indii ani nemluve zbytku sveta,0.0,unemotional,0,27,0,0
5045,tenhle virus taky neni nejaka novinka ale zase na druhou stranu covid vytvoril vytvari velkou populaci oslabenou imunitou takze veci co pred covidem byly lokalni nezajimava zalezitost ted maji potencial udelat peknou paseku,-1.0,fear,-1,14,0,0
5046,cena za preceneni hrozby je minimalni cena za podceneni je obrovska po sarsu byl program na vyvoj univerzalni vakciny proti koronavirum kdyz prestalo byt zajimave tak byl defundovan krasna ukazka politicke stupidity kratkozrakosti umis si predstavit jak jinak mohlo poslednich par let vypadat,-1.0,anger,-1,4,-1,-1
5047,doufam ze pravdu mas tentokrat,0.0,sympathy,0,26,0,0
5048,coronavirus taky nebyl nijak neznamy jenom ona varianta mela proste jine vlastnosti nez ty predchozi stejne jako predchozi pandemie spanelska chripka byla proste jen dalsi ze stovek verzi obycejne chripky,0.0,unemotional,0,27,1,0
5049,koronaviry asi tisic,0.0,unemotional,0,27,0,0
5050,konecne jsem nasel ten spravny prispevek nejedna se nic noveho,1.0,relief,1,21,0,0
5051,jo tak tahat se ti nechce,1.0,joy,1,19,0,0
5052,kdyz jim lidi trpi 🤷‍♂️ dnesni nezamestnanosti,-1.0,disgust,-1,7,0,0
5053,naopak kdyby melo vetsi mortalitu tak jsme v pohode covid byl zakerny protoze nebyl zprvu dobre poznat mortalitou je virus naopak jednodusi nalizt,-1.0,fear,-1,14,0,0
5054,je naopak virus ktery mel smrtnost budi respekt zatimco virus co mortalitu < ale v dlouhodobem horizontu kurvi zdravi nikoho nezajima viz lidi v cr,-1.0,fear,-1,14,0,0
5055,posledne byla take cina prakticky zodpovedna za jak se uplne posralo nejenom ze tam jeli maximalni cenzuru ohledne celkoveho deni poledne potencialne nebezpecneho viru ale oni dokonce zavedli opatreni proti sireni zpusobem ze nejvice postihovalo ostatni zeme vnitrostatni lety cestovani bylo pozastavene ale zaroven vubec neudelali nic lety mimo zemi nekteri tongove museli cestovat skrze zahranici aby se mohli dostat domu pak samozrejme neskutecna necinnost evropy protoze co kdyby nejakej crykid zacal na fb hulakat tom jak jsou jeho osobni svobody omezovany protoze nemuze na dovolenou k mori nebo alp,-1.0,anger,-1,4,0,0
5056,copak politici ale co lyzari,-1.0,disgust,-1,7,0,0
5057,taky si rikam ze je byla skoda vyhodit akorat jim bude koncit expirace na rymicky je skoda ale ted je prece jeste cas je daleko poslem jim nase prebytky nevyuzitych respiratoru v breznu nam pak poslou za miliardu zpatky ty jejich kn malirsky trychtyre proti prachu az ten vir ale zmutuje te doby pohoda jazz vsadit na ze neudela kdyz zmutuje tak uz mame nacvicene tvarit se zodpovedne pritom na opatreni kaslat v realu doufat ze ten vir se nejak sam oslabi jako dycky,-1.0,anger,-1,4,1,0
5058,ja bych si tydny hrani project zomboid klidne dal,1.0,enthusiasm,1,12,0,0
5059,ekonomicky protoze jinak se zas tak nic nedelo proste se par tydnu sedelo na zadku big deal,-1.0,disgust,-1,7,0,0
5060,ekonomicky psychicky covid vyrobil hromadu lidi psychickymi problemy z cenoveho soku se vzpamatovavame jeste ted,-1.0,sad,-1,22,0,0
5061,uz nacvicene ale prijde k moci akorat kdyz prvni vlna skonci tesne na startu druhe podzimni bude moct rikat ze jde straseni zadna druha vlna nebude ze se postara pac na kazdy vir telefon akorat nevim kde vezme dalsi stamiliardy na dluh taky kdo bude ministrovat mezi nastupy adama vojtecha havlicek,-1.0,disgust,-1,7,0,0
5062,koronaviry taky byly vzdycky staci kdyz nejak neprijemne zmutuje uz jede,-1.0,fear,-1,14,0,0
5063,pamatuji jak tohle rikali na zacatku covid,0.0,unemotional,0,27,0,0
5064,spanelska chripka byla proste jen varianta normalni obycejne hn chripky,0.0,unemotional,0,27,0,0
5065,moje idealni pandemie je takova proti ktere existovalo ockovani ale bez nej byla smrtnost aspon mimo jine pravdepodobne vymreli plochozemci,-1.0,anger,-1,4,0,0
5066,ale zase indu je jeste vic je tam vetsi spina nez v cine se divim ze z indie jeste nic neprislo,-1.0,disgust,-1,7,0,0
5067,vcetne psu ktery taky zerou vsechno takze vlastne zerou vsechno nadruhou,-1.0,disgust,-1,7,0,0
5068,je prave ten problem prevenci za problem kteremu se zabranilo nedostanes kredit tou vakcinou bys wuhanu naockoval desetitisice lidi vyvoj se nezaplatil ze usetrilo miliardy se nikdy nedovis nikdo ti neda kdyby crowdstrike pustil par korun testovani stejne jako ceske nemocnice ransomware,-1.0,anger,-1,4,-1,0
5069,je velmi zajimave zaznamenal jsem prvni vlnu sarscov kolem ale nevenoval jsem tomu tolik pozornosti abych vedel ze se na vyvijely nejake vakciny nasledne se vyvoj zastavil zajimave diky zkusim si tom zjistit neco navic,1.0,enthusiasm,1,12,0,0
5070,platilo v pripade kratke doby mezi infenkcnosti priznaky problem covidem byl prave ten ze ta doba byla mega dlouha,0.0,unemotional,0,27,-1,0
5071,coz je dalsi argument pro proc nelze na cinu vlastne na zadnou jednu zemi spolehat behem covidu jsem poslouchal podcast kde epidemiolog rikal ze mela vzniknout task force co monitorovala infekcni choroby po svete v realnem case lapace aerosolu na letistich nadrazich atd,-1.0,fear,-1,14,-1,0
5072,prave zahranicni delnici ciny stali za tim co se stalo v severni italii plno mistnich odevnich spolecnosti pouziva levne cinske pracovniky na vyrobu svych luxusnich vyrobku neni nahodou ze k nejvetsimu sireni v teto oblasti doslo behem unora brezna presne potom co se plno techto pracovniku vracelo z ciny po oslavach noveho lunarniho roku mam obavu ze behem unora brezna opet vypukne u nas snad se pletu,-1.0,fear,-1,14,-1,0
5073,kdyby kyselina z nebe prsela tak na tu dovolenou pojedeme prece jsme za ni jiz zaplatili ne,-1.0,anger,-1,4,0,0
5074,sad gastro people noises,-1.0,sad,-1,22,-1,-1
5075,jako clovek co se celozivotne leci depresemi byl jednou dobrovolne v lecebne co kurva vama nominalne mentalne zdravejma lidma je ze nedovedete stravit par mesicu doma v relativnim pohodli nezblaznit se z toho ja se naucil hromadu veci docetl knihy dohnal resty apod jestli jsem si z toho neco odnesl je ze dusevni zdravi je strasne relativni koncept stacili uz ti lidi co chytali hysteraky protoze museli nosit respirator kterej jako remeslnik nosim pul dne prekvapive dychat muzu co se tyce tech cen je spis symptom toho problemu ze mame neskutecne krehky ekonomicky system co nedovede takovehle porad relativne male krize ustat je co nas melo desit co az se stane neco vetsiho,-1.0,anger,-1,4,0,0
5076,je tomu tak,0.0,unemotional,0,27,0,0
5077,jsem presne rikal taky oni prej ze jsem blazen takova pandemie nam krasne procistila spolecnost,-1.0,disgust,-1,7,0,0
5078,videl si jejich street food videa ty maj tak silnou imunitu ze je nic neskoli,-1.0,disgust,-1,7,1,0
5079,indove obvykle prilis kulinarne neexperimentuji se zviraty podstatna cast jich je uplne vegetariany,0.0,unemotional,0,27,0,0
5080,v indii umira zloutenka,-1.0,fear,-1,14,0,0
5081,kazdy mikrob trochou sebeucty tam odmita zit,-1.0,disgust,-1,7,0,0
5082,kdybych se od mala koupal v rece kde vedle plave kravi hlava myslim ze taky nic nezabilo,-1.0,disgust,-1,7,0,0
5083,v indii je v prirode dost samoregulacnych mechanizmov navyse priemerne indicke jedlo obsahuje tolko bylin korenin ze nejaky farmakologicky ucinok automaticky prosim brat nadsazkou,1.0,relief,1,21,0,0
5084,tam nikdo nema prachy cestovat,-1.0,sympathy,-1,26,0,0
5085,,0.0,unemotional,0,27,0,0
5086,pani z cestovky rikala ze nam tam nic nehrozi ze je jinde delegatka rikala ze je ten resort uplne safe,-1.0,disgust,-1,7,1,1
5087,v te dobe jsem mel brigadu v jedne firme kdy ta pandemia teprva zacinala proste se nic nevedelo prisel reditel firmy zacal mit nejakej proslov tom omezeni takove ty veci aby se ta firma proste nerozsypala predevsim rikal ze v pripade dodrzeni karanteny si na budou muset proste vybrat vlastni dovolenou bylo prave v dobe kdy se velkem jezdilo alp lyzovat samozrejme navrhoval ze bylo nejlepsi takovou dovolenou zrusit tady kokoti strediskach v alpach take prohlasili ze proste nebudou vracet penize jedna zenska tam proste rekla ze ona si zaplatila proste pojede ze si tu dovolenou na tu karantenu radeji vybere vynasob stovkou nebo vice takovych kretenu uz jsme najednou vsichni doma kvuli nim,-1.0,anger,-1,4,1,0
5088,neni respiratorem je tim ze sice muzes v relativnim pohodli sedet doma jenomze tvuj zivot jaky jsi znal pomalu vymizi kamaradi se odcizi tobe proste ten lidsky kontakt bude chybet toho byla jeste nekonecna medialni masaz tom jak vsichni umrou,-1.0,sad,-1,22,0,0
5089,prave ty myslim,1.0,joy,1,19,1,0
5090,,0.0,unemotional,0,27,0,0
5091,navyse cast indov su moslimovia ti sa umyvaju povinne patkrat denne,0.0,unemotional,0,27,0,0
5092,indove je posvatna reka taky indove na co zpracovani odpadu kdyz mame reku,-1.0,disgust,-1,7,0,0
5093,kdyby kravi,0.0,unemotional,0,27,0,0
5094,jasne ze neni optimalni ale taky neni konec sveta kamarady muzes porad udrzovat kontakt jsme zacali hrat dnd online spolecne napr vlastne nas sblizilo zivot si tomu proste musis prizpusobit coz taky neni lehky ale jde medialni masaz tom jak vsichni umrou jsem fakt nezaznamenal proste jsme meli velkej problem bylo treba ho zvladnout je zivot celej zivot je prizpusobovani se zvladani problemu pokud se nekdo posere z toho ze musel par mesicu byt doma tak nevim jak chce zvladat real problemy,1.0,relief,1,21,-1,1
5095,kdyby hlava,0.0,unemotional,0,27,0,0
5096,welcome ucuriousfun thank posting rindianmedschool ensure read subreddit rules posting post violates rules removed immediately readers post violates subreddit rules engage report reminder subreddit intended seek medical advice kind please see doctor real life permaban users ask medical advice please respect community guidelines direct queries practitioners modern medicine real life please follow reddit content policy reddiquette times check indian medical school group chat wiki study resource recs important notices | discord server | modmail bot action performed automatically please contact moderators subredditmessagecomposeto=rindianmedschool questions concerns,0.0,unemotional,0,27,1,1
5097,padhai karu ya nahi koi bata,-1.0,sad,-1,22,0,0
5098,kuchh nhi hai bhai ye fake hai ye bas ese bolke mann ko samjha lo🥲,-1.0,sad,-1,22,-1,-1
5099,meme needs go viral like song loll,1.0,enthusiasm,1,12,1,0
5100,giving covid vibes bro,-1.0,fear,-1,14,1,0
5101,viral twitter,0.0,unemotional,0,27,0,0
5102,bhai ye pakka biological weapons bana rahe hai 💀,-1.0,fear,-1,14,-1,0
5103,china called factory,-1.0,disgust,-1,7,0,0
5104,waah bhai,1.0,joy,1,19,0,0
5105,looks like repost ive seen image time first seen match view search repostsleuthcom scope reddit | target percent | max age none | searched images | search time,0.0,unemotional,0,27,1,1
5106,best part actually get away old data irrespective outcome 🤷‍♂️,-1.0,disgust,-1,7,1,1
5107,already guess probably started testing,0.0,unemotional,0,27,0,0
5108,lol didnt say shit corona fucked b people,-1.0,anger,-1,4,1,0
5109,wasnt worried nadda saying worry worries lot,-1.0,fear,-1,14,-1,0
5110,> jp nadda says reason worry fucked get steel plates ready,-1.0,fear,-1,14,-1,-1
5111,deleted,0.0,unemotional,0,27,0,0
5112,time another magamodimegameetup yayyy,0.0,unemotional,0,27,0,0
5113,man giving deja vu vibes new virus disease next couple decades freak us coz experienced covid,-1.0,fear,-1,14,-1,1
5114,guys think time get worried 🤣,-1.0,fear,-1,14,-1,0
5115,spreading quickly makes think virus make india lockdown april,-1.0,fear,-1,14,0,1
5116,ah shit go,-1.0,fear,-1,14,-1,-1
5117,government says dont panic thats run life,-1.0,fear,-1,14,1,0
5118,honestly yall panicking much fucking normal flu,1.0,unemotional,1,27,-1,1
5119,evrryone get flu shots hope cross reactivity,1.0,relief,1,21,1,0
5120,,0.0,unemotional,0,27,0,0
5121,theres actually article mentioning wuhans local authorities closed schools due something percent hikespike hmpv cases within like days shown concern,-1.0,fear,-1,14,1,-1
5122,thalipeethcom loading,0.0,unemotional,0,27,0,0
5123,china hi hai jo work office rukwa skta hai,-1.0,anger,-1,4,0,0
5124,prevention better cure one thing suprises come babies young children get virus havent travelled,-1.0,fear,-1,14,1,1
5125,worries jp nadda telling dont worryevery thing starts sheer negligence,-1.0,anger,-1,4,-1,0
5126,omg india really start making rules mass places like japan unfortunately people wont listen,-1.0,anger,-1,4,0,-1
5127,actually know experience even kids die one cares long kids one religion,-1.0,disgust,-1,7,-1,0
5128,zero people died due oxygen shortage second wave covid,0.0,unemotional,0,27,-1,-1
5129,deleted,0.0,unemotional,0,27,0,0
5130,omw get steel plate scare virus away,-1.0,fear,-1,14,-1,0
5131,dont forget diyas,0.0,unemotional,0,27,1,0
5132,location,0.0,unemotional,0,27,0,0
5133,need worry right shit im sick rn,-1.0,fear,-1,14,-1,-1
5134,hmpv existed decades continue decades come,0.0,unemotional,0,27,0,0
5135,bhai past jaa raha ye toh,0.0,unemotional,0,27,0,-1
5136,get ready make chappri reels sell dignity want get rich,-1.0,disgust,-1,7,1,1
5137,virus thrives winters temperature sensitive,0.0,unemotional,0,27,0,1
5138,,0.0,unemotional,0,27,0,0
5139,wishhhh,-1.0,fear,-1,14,0,0
5140,ptsd,-1.0,fear,-1,14,0,0
5141,fear mongered,0.0,unemotional,0,27,-1,0
5142,article,0.0,unemotional,0,27,0,0
5143,cant tell youre serious,0.0,unemotional,0,27,1,-1
5144,,0.0,unemotional,0,27,0,0
5145,go hmpv go doesnt ring sorry,0.0,unemotional,0,27,1,-1
5146,kyunki bhai aisa hi hua tha timeline ekdum hai socho zara,-1.0,fear,-1,14,0,0
5147,fog may make worse,-1.0,fear,-1,14,-1,-1
5148,ah sorry ill edit,0.0,unemotional,0,27,-1,-1
5149,need chill influencers need better job,-1.0,anger,-1,4,1,1
5150,obvio,0.0,unemotional,0,27,0,0
5151,inoculating billion people small feat jfc lads,1.0,enthusiasm,1,12,0,-1
5152,maybe go humpvee go,0.0,joy,0,19,0,0
5153,apparently indian influencers china better job indian media,1.0,surprise,1,25,1,1
5154,surely cant forget absolute dogshit management situation,-1.0,anger,-1,4,1,1
5155,bad,1.0,relief,1,21,-1,-1
5156,oof sucks,-1.0,sympathy,-1,26,-1,-1
5157,idk cowin portal brilliant getting nd rd doses seamless give number nd rd time details got first dose variant vax got rollout could faster even respectable us uk russia first vax sii sent across globe,1.0,enthusiasm,1,12,1,1
5158,🙇,0.0,unemotional,0,27,0,0
5159,youre talking vaccination part agree small feat many really shitty things happened lot people forgotten,-1.0,anger,-1,4,-1,1
5160,🤣,1.0,joy,1,19,0,0
5161,oh remember migrant crisis bodies ganga horrible dont think hardly fair pin gov precipitated handling pandemic worlds populous country low discipline cant really expected easy handling couldve better sure wasnt shower shite things considered,0.0,unemotional,0,27,-1,1
5162,mean govt saying data absurd think govt responsible job,-1.0,anger,-1,4,1,-1
5163,hmpv like covid public health experts said noting virus around decades almost every child infected fifth birthday care e panica ca nu inteleg,0.0,unemotional,0,27,1,0
5164,sa dus naibii orasul de cand plecat bolojan,-1.0,sad,-1,22,0,0
5165,pentru asta nu exista vaccin suveranii sunt siguranta,-1.0,disgust,-1,7,0,0
5166,>virusul metapneumovirus uman hmpv nu reprezinta noutate intrucat fost identificat pentru prima oara iar romania fiecare se inregistreaza zeci de mii de cazuri de raceli cauzate de acest virus declarat joi ministrul sanatatii alexandru rafila pentru agerpres >rafila de cateva zile sunt vehiculate foarte multe informatii ca ar fi venit romania un virus din china care produce infectii foarte grave nu e cazul discutam despre viroza banala metapneumovirusul produce infectii obisnuite,1.0,relief,1,21,1,0
5167,nivel de incompetenta nu inceteaza sa uimeasca atat de la presa cat si de la autoritatile locale hmpv este endemic toata lumea las mai jos continutul unei postari facute de dr mihai craiu acesta nu este un tablou al unui pictor modern desi ar putea semana cu anemonele lui luchian sau mai bine cu cele ale lui gustav klimt acestea nu sunt niste flori asa arata la microscopul electronic hmpv faimosul metapneumovirus uman care generat emotii si discutii aprinse ultimele zile da multe tari asiatice sa observat crestere numarului de cazuri de infectare cu hmpv la copiii cu varsta sub ani si la seniori sau la cei cu imunodeficienta link comentarii dar cam atat sa ne uitam intai la ce este cunoscut inainte de genera alte mesaje foarte alarmiste🤗 pentru majoritatea pediatrilor nu fost nicio surpriza virusul fost descris de catre dr bernadette van den hoogen la copii raciti din olanda desi el exista de multa vreme se estimeaza ca el sa desprins dintro familie de virusuri similare ce infecteaza pasarile acum aproximativ de ani nu stiut sa il detectam pana acum dar el exista de foarte multa vreme eu un slide dedicat hmpv cursul despre bronsiolita acuta pe care il tin la studenti de peste ani publicat alaturi de colegii de la spitalul grigore alexandrescu si de colectivul de experti ai centrului national de referinta boli respiratorii de la institutul cantacuzino condus la acea vreme de catre dna dr cristina tecu rezultatele unei cercetari ce isi dorea sa evalueze ce virusuri produc boli respiratorii cu spitalizare cum ar fi bronsiolita acuta sau pneumonia la copii cel mai frecvent identificati la acel moment au fost vsr virusul sincitial respirator hmpv si adenovirus link comentarii deci nimic nou sub soare🤗 de unde emotia pentru ca vorbim despre un virus obisnuit din familia paramyxoviridae ruda cu virusul rujeolos de exemplu probabil neam speriat din cauza faptului ca acum stim ca exista acest dusman pentru ca putem testa pcrmultiplex timp real un numar extrem mare de persoane este mostenirea pandemiei aceste teste pcrmultiplex pot identifica rapid peste de virusuri si bacterii din secretiile nazale ale unui bolnav deci acum aflat cu totii ca exista hmpv desi el era pe podium alaturi de vsr si rhinovirusuri drept cauza bolilor respiratorii este atat de frecvent incat din copiii care merg la gradinita vor face pana la ani infectie cu hmpv si pentru ca imunitatea pentru acest virus nu tine boala se poate repeta oricand la fel ca si la gripa au fost descrise tipuri de hmpv functie de proteinele de suprafata f de fuziune si g de atasament care sunt notate cu b si b este simpla raceala pentru persoanele adulte sanatoase sau pentru copiii mai mari poate ceva mai zgomotoasa decat alti ani dar cam atat solutia avem rabdare luam antitermice si ne hidratam bine daca e rau continuare dupa zile mergem la medic si nu dam si altora boala adica respectam eticheta tusei ne izolam cateva zile si spalam bine mainile multa sanatate metapneumovirus,1.0,relief,1,21,1,1
5168,flashbacksand fucking want moments back dezvolta,1.0,joy,1,19,1,-1
5169,iohannis sa prinda pandemii,0.0,unemotional,0,27,0,0
5170,e atat de grav incat sosoaca care spus ca se retrage revenit ca sa posteze teorii conspirationiste despre virusul asta,-1.0,disgust,-1,7,1,0
5171,back,1.0,enthusiasm,1,12,0,0
5172,domnie binie,0.0,unemotional,0,27,0,0
5173,virusul hmpv human metapneumovirus este un virus respirator comun care apartine familiei paramyxoviridae fost identificat pentru prima data si este considerat cauza importanta infectiilor tractului respirator special la copii varstnici si persoanele cu sisteme imunitare compromise adica raceala gripa prezenta de ani de zile dar sure hai sa panicam populatia sa fac pipi pe ea de presa,-1.0,anger,-1,4,1,1
5174,hai cu panica,-1.0,disgust,-1,7,0,0
5175,nu ar deranja inca cateva saptamani de scoala online tbh,1.0,relief,1,21,0,0
5176,era suficient daca citeam doar titlul care fost oricum jumate din stire,-1.0,disgust,-1,7,1,0
5177,schengen domle altfel nu reusea virusul sa intre daca erau controale,-1.0,disgust,-1,7,0,0
5178,nu stiu nu vaccinez spor la munca,-1.0,anger,-1,4,0,0
5179,hai cu lockdownu,-1.0,disgust,-1,7,0,0
5180,gata incepe un nou circ cu alta pandemie nu tinut vrajeala cu razboiul se revine la povestea de dinainte interesant ca la guvernare e tot pnl usr psd si udmr,-1.0,anger,-1,4,0,0
5181,fearmongering,-1.0,disgust,-1,7,0,0
5182,curand sa avem etichete made china si pe majoritatea virusurilor 🙄,-1.0,disgust,-1,7,0,0
5183,n poza c femeie bihoreanul sa n beie,-1.0,disgust,-1,7,0,0
5184,deleted,0.0,unemotional,0,27,0,0
5185,> care e panica ca nu inteleg stire preluata de la bihoreanul care zice ca > judetul bihor fost confirmat miercuri primul caz de imbolnavire cu noul virus care se raspandeste masiv china metapneumovirusul uman hmpv extrem de contagios care poate determina complicatii severe special la copii varstnici si persoane cu sistem imunitar slabit urmat apoi de > virusul nu este unul nou dar numarul crescut de cazuri raportate ultimele doua saptamani mai ales la minori provoaca ingrijorare se contrazice articolul singur gg jurnalism de calitate,-1.0,anger,-1,4,1,1
5186,deleted,0.0,unemotional,0,27,0,0
5187,si virusul sars e de multin variatie sars cova ei facut tot lockdownul,0.0,unemotional,0,27,0,0
5188,clicks sell,-1.0,disgust,-1,7,0,0
5189,panica este ca trebuie sa fie panica nu indiferent de motiv,-1.0,anger,-1,4,0,0
5190,doamne nu cumva sa apara vreun vaccin si pentru virusul asta ca sa inceapa toti astia ca tine sa faca spume la gura din nou,-1.0,anger,-1,4,0,0
5191,nici covidul nu fost ceva demn de panica insa se pare ca se reitereaza pandemia,-1.0,disgust,-1,7,0,0
5192,panica e cea similara covid unde oamenii puteau fi asimptomatici dar sa inchis toata societatea si mai apoi disparut brusc si au reaparut racelile comune deci nu vorbim de riscul obiectiv ci de cel proiectat de catre massmedia,-1.0,anger,-1,4,0,0
5193,picat tencuiala dan centru da pa casi😂😂😂😂😂,1.0,joy,1,19,0,0
5194,vine bolojan face reforma si dispare si haspemeveu,1.0,enthusiasm,1,12,0,0
5195,plecat de la primaria oradea,0.0,unemotional,0,27,0,0
5196,nici pentru prostie nu exista tratament se pareasta ar fi pandemia anului,-1.0,disgust,-1,7,0,0
5197,covidul nu era tot forma evoluata unui virus cunoscut de de ani,0.0,unemotional,0,27,0,0
5198,> dezvolta foarte multi redditori sau simtit extrem de bine pandemie pentru ca toata lumea statea inchisa casa ca ei si atunci nu se mai simteau ciudat acum iar au iesit toti oamenii normali afara si nu e bine,0.0,unemotional,0,27,0,0
5199,adica sa moara oameni nevinovati banuiesc ca nu nicio problema cu asta,-1.0,anger,-1,4,0,0
5200,refer la personal memories deoarece perioada aia spirits timecu exceptiesi anume cand facut iesit pozitiv august insa rest simteam mai fericit ca niciodata spirits time high si atunci pus bazele ce sunt astazii thrived perioada aiainsa acum im even better ca atunci,1.0,joy,1,19,1,1
5201,nu stiu bro eu fost superior fata de altii si purtat masca folosit dezinfectant si miam facut si vaccinul cu toate boosterele dar mno nu folosesc facebooktiktok si nu votat cg sos aur,1.0,relief,1,21,1,1
5202,pot confirma ca inca sunt sanatos si nu simptomepoate carantineaza astia oradea cum au carantinat suceava cand inceput pandemia din,0.0,unemotional,0,27,0,0
5203,youre fck dumb,-1.0,anger,-1,4,-1,-1
5204,conspirolog de pl mea dute si mai bea vreun pahar de tuica ca sa te lase oleaca oameni prosti cred ca vezi conspirologii la orice colt,-1.0,anger,-1,4,0,0
5205,nu e ca si cand tot astia au fost la putere din dar ok sure e de la pandemie,-1.0,disgust,-1,7,1,1
5206,alea erau experimentele americanilor doar ca la chinezi au scapat din laborator,-1.0,fear,-1,14,0,0
5207,citit cg nu ca nu sar fi potrivit,-1.0,disgust,-1,7,0,0
5208,poate sa referit sensul ca e ultimul virus care se raspandeste zilele astea prin china,0.0,unemotional,0,27,1,0
5209,fi sincer ti ciuda ca oradea ii primul oras cu bolnav de hmpv si nu bucurestiul,-1.0,disgust,-1,7,0,0
5210,corect sa vezi invazie pe suplimente bomboane opinia mea exact asa fost sin au rupt romanii leau raschetat stocurile farmaciilor de orice era vitamina sau mineral ati observat ca suplimentele sunt mai scumpe ca medicamentele,-1.0,disgust,-1,7,-1,1
5211,virusul sars cov originalul din era mult mai letal ca al doilea,0.0,unemotional,0,27,0,0
5212,corect dar functionarii publici din toate tarile sau cam cacat pe pantaloni de consecinte necunoscute si au facut panica mai mare acelasi timp cineva au reactionat foarte repede de face si bani pe aceasta,-1.0,anger,-1,4,0,0
5213,casiuri,0.0,unemotional,0,27,0,0
5214,hai man,0.0,unemotional,0,27,0,0
5215,rwhoosh,0.0,unemotional,0,27,0,0
5216,> asta ar fi pandemia anului esti nou prin zonele astea se pare pamant adica,1.0,disgust,1,7,0,0
5217,da si nu depinde ce intelegi prin forma evoluata si virus cunoscut sarscov si fac parte din genul betacoronavirus alaturi de merscov dar sunt unice subgenul sarbecovirus adica pana sarscov era singurul sarbecovir ambele sarscov au un stramos comun avand similaritate genetica reciproca de ~ practic asta la facut novel human coronavirus diferenta genetica fata de cele cunoscute si faptul ca nu mai fost detectat oameni pana atunci hmpv face parte din genul metapneumovirus dar nu este mai departe segmentat subgenuri ci linii genetice ab toate cazurile de hmpv genotipate pana acum nu au indicat existenta unei noi linii genetice deci nu este novel ca idee cazul gripei literele abc reprezinta de fapt clasificarea de genus alphainfluenzavirus betainfluenzavirus etc mai departe ele sunt grupate subtipurilinii genetice h n yamagata etc,0.0,unemotional,0,27,1,0
5218,ah ok eventual sa fi fost si prin cand veneau ofertele pe banda rulanta bani multi glovo si dat la muie plebeilor caresi pierdeau bunastarea economica,-1.0,anger,-1,4,1,1
5219,e imposibil sa aleg intre cei anti vaxxgisti si doomeri introverti cu tendinte fasciste chiar nu pot alege care sunt mai retarzi,-1.0,disgust,-1,7,1,0
5220,doamne feresteeu mam referit la mine ca persoananu la ce fost pentru altiiimi cer scuze daca sa inteles ca nu miar pasa de cei care au murit de covid sau probleme postcovid,0.0,sympathy,0,26,1,0
5221,need break,1.0,relief,1,21,0,0
5222,ceea ce e un avantaj pentru noi din perspectiva prevenirii unei pandemii un patogen foarte letal isi omoara gazda prea repede si nu timp sa infecteze noi gazde ciuma bubonica nu fost una dintre cele mai mari pandemii pentru ca fost foarte letala din contra chiar ps vorbesc de cat de rapid ucide nu de cat ucide overall,0.0,unemotional,0,27,0,0
5223,dar oare cum sa fie sars cov 👀,0.0,surprise,0,25,0,0
5224,casi,0.0,unemotional,0,27,0,0
5225,era glumaprostia exista de cand exista pamantulnuma ca acum facut mutatii boala asta si ne cam fte,-1.0,disgust,-1,7,0,0
5226,multumesc pentru explicatie 🔝,1.0,relief,1,21,0,0
5227,este vorba despre varule >anti vaxxgisti si doomeri introverti esti atat de fanatic ca ei incat ai uitat ce teai vaccinat 😂,-1.0,anger,-1,4,0,-1
5228,intradevar ciuma bubonica era mega letala daca intra bacteria sistemul circulator dar daca era infectie la nivel superficial cum se intampla majoritatea cazurilor tot era letala dar general mai aveai saptamanadoua de trait suficient cat sa raspandesti si asa cum zice si uacanthocephalathin nu existau tratamente adecvate,0.0,unemotional,0,27,0,1
5229,ciuma bubonica fost asa de raspandita pentru ca nu existau antibiotice,0.0,unemotional,0,27,0,0
5230,sa speram ca nu sa fie,1.0,relief,1,21,0,0
5231,got fam editat,1.0,enthusiasm,1,12,0,0
5232,si totusi nu toate virusurile si bacteriile au dat pandemii,0.0,unemotional,0,27,0,0
5233,nothing afraid soon worlds wealthiest celebs make video mansions together itll fix everything like last time,-1.0,disgust,-1,7,1,-1
5234,people memed covid,0.0,unemotional,0,27,0,0
5235,isnt new virus probably even chinese around decades isolated netherlands,0.0,unemotional,0,27,-1,1
5236,looks like needs one eye 😂,1.0,joy,1,19,1,0
5237,killed humpev covid least sounded cool,-1.0,disgust,-1,7,-1,-1
5238,another one,0.0,surprise,0,25,0,0
5239,like since covid hmpv even close apparently hospitals china arent fuller usually around time,0.0,unemotional,0,27,1,-1
5240,ready nominate non essential schlep work every day covid everyone else sat home collected x unemployment time satan,-1.0,anger,-1,4,-1,1
5241,first meme ive seen tho,0.0,unemotional,0,27,0,1
5242,majestys papilloma virus,1.0,joy,1,19,0,0
5243,good made first one big deal lost faith one believed second one take us,-1.0,fear,-1,14,1,1
5244,pandemic found early,1.0,relief,1,21,0,1
5245,like first victims corona corona beer around real fuckin funny 😐,0.0,unemotional,0,27,1,1
5246,looking forward seeing virtue signaling mask sheep masks means really care,-1.0,disgust,-1,7,1,1
5247,singing cringey songs,-1.0,disgust,-1,7,0,0
5248,imagine people rioting streets yoohoooooo may say im dreamer im one,-1.0,anger,-1,4,0,0
5249,well find essential economy point whoosh americans head,-1.0,sad,-1,22,1,0
5250,yup corona jokes rampant months leading shut,0.0,unemotional,0,27,1,0
5251,mean else person theyve stocked toilet paper rice beans hand sanitizer,0.0,unemotional,0,27,1,-1
5252,dunno memeguy,0.0,unemotional,0,27,0,0
5253,known virus serious people make,1.0,relief,1,21,-1,-1
5254,lol fine,1.0,relief,1,21,1,1
5255,yeah looking back maybe great look mostly everybodys part granted totally different absolutely incompetent leader zero plan oh,-1.0,anger,-1,4,1,1
5256,tp panic buying surely one oddest responses pandemic posted five years ago yeesh,0.0,unemotional,0,27,-1,1
5257,love comment,1.0,enthusiasm,1,12,1,1
5258,deleted,0.0,unemotional,0,27,0,0
5259,government thinks serious serious dont worry,-1.0,disgust,-1,7,1,-1
5260,nah man time different got rid sciencey doctor guy wont problem,-1.0,anger,-1,4,1,0
5261,covid known virus corona viruss already corona describes shap virus werent thing,0.0,unemotional,0,27,0,0
5262,australia actually dealing since get occasional case yeah lets blow proportion get everyone scared,-1.0,disgust,-1,7,-1,0
5263,gujrat bangalore thats two,0.0,unemotional,0,27,0,0
5264,human metapneumovirus hmpv common respiratory virus causes infections similar flu cough fever runny nose sore throat currently rise hmpv cases china raised global health concerns however indian council medical research icmr detected cases india unusual surge infections cases india health authorities closely monitoring situation issued guidelines manage spread another pandemic indication new pandemic time,0.0,unemotional,0,27,-1,0
5265,worried,1.0,relief,1,21,-1,0
5266,shared link also came trading app sensex points broke points,-1.0,fear,-1,14,-1,0
5267,suspect key word,0.0,unemotional,0,27,-1,0
5268,confirmed bangalore first,-1.0,sad,-1,22,0,1
5269,damn virus struck best state country,-1.0,fear,-1,14,1,1
5270,symptoms kinda got really ill delhi flight paracetamol n usual antibiotics didnt work dengue similar symptoms coughing runny nose etc hospitalized days lot nebulizer n iv fluids n paracetamol doc said rt pcr would cost k wouldnt affect symptom treatment didnt go,-1.0,fear,-1,14,-1,-1
5271,careful usual antibiotics dont work also detected us southern region people underlying respiratory problems take note let family friends know right away,-1.0,fear ,-1,15,1,0
5272,aint bad last week basic flu like symptoms thats days cough cold fever symptoms much milder covid,1.0,relief,1,21,1,-1
5273,hey mate lets exclude indian media fiasco studying virus couple days hype conclusion summary topic hmpv virus everybody talking discussing year old version exact data epicentres china malaysia hence info provide old european strain keeping mind hmpv lower ro value covid delta variant ro means number people virus transmitted one affected person syptoms hmpv coincides common cold repoting identifying virus difficult individual hence less reportings less testing hospital incubation period hmpv less covid gestation period also less meaning week days hmpv extra complication pneumonia including bronchitis old age infants risk get uglier treated suspicison arises world experincing time high hmpv cases note years affected many people mutated dangerous note delta version arrived already vaccine world severly hit mild world government pating much attention cant happen indian media first death reported india due covid mad th march novel took much time billion people country please overconfident mistake done review past wait official report made cdc decide future world,0.0,unemotional,0,27,-1,-1
5274,fuck fuck,-1.0,fear,-1,14,-1,-1
5275,info genuine,0.0,unemotional,0,27,0,1
5276,nope bangalore gujarat,0.0,unemotional,0,27,0,0
5277,deleted,0.0,unemotional,0,27,0,0
5278,corona,1.0,relief,1,21,0,0
5279,aise empower nahi karna tha theek haitumse yahi expected hai,-1.0,anger,-1,4,0,-1
5280,karun go go karuna,0.0,unemotional,0,27,0,0
5281,anti national virus,-1.0,disgust,-1,7,-1,0
5282,fair viruses first detection nothing region means testing done state thats european counties didnt report first case till long many cases become live italy drastic testing saw cases europe,0.0,unemotional,0,27,1,1
5283,take care,1.0,sympathy,1,26,1,0
5284,quite informative plus cases total cases reported far two reported bengaluru one gujarat two chennai three kolkata two nagpur one mumbai yes mentioned need data confirm restrict,0.0,unemotional,0,27,0,0
5285,meant two locations,0.0,unemotional,0,27,0,0
5286,corona,1.0,relief,1,21,0,0
5287,,0.0,unemotional,0,27,0,0
5288,appreciate borther looks like hmpv dead intution says world waiting mahakumbh get done done real game begin chance see another march special one,-1.0,fear,-1,14,1,-1
5289,also northeast,0.0,unemotional,0,27,0,0
5290,comment btw,0.0,unemotional,0,27,0,0
5291,politicians love crisis left right communists fascists wood pushers fruit booters love good crisis,-1.0,disgust,-1,7,1,1
5292,media blows everything proportion look headline fox news article bird flu uptick us cdc alert pandemic red flags report even though last paragraph article says according cdc public health risk associated avian influenza remains low birds bird products infected hpai enter commercial food chain giant biased headline clicks like media media left media seen anyone left say want another pandemic im sure could find someone saying crazy extremists exist general thats sentiment among left,-1.0,anger,-1,4,-1,0
5293,left leftist media media pandemic big effect everyones lives right left publish headline saying another one coming people going click media business arent ideological think cut left vs right bullshit get together corporations please,-1.0,anger,-1,4,-1,1
5294,last pandemic hundred years covid isnt true quite inbetween like swine flu flu pandemics yet every sniffle anywhere world results calls next pandemic masking lockdowns monkey pox norovirus rsv hmpv bird flu every one existential crisis according media fear machine yes nothing new things reported possible mutate become severe pandemics important keep eye,-1.0,disgust,-1,7,-1,1
5295,hypochondriacs know people lose minds people coming work sick sneezed got taste theyve always wanted shutting everything every year seasonal bug peak theyre clamoring get attention right politicians throw us personal hell,-1.0,anger,-1,4,-1,-1
5296,constantly snarked needed another plague cull herd got plague turned hysterical hypochondriacs publicly screeched women children thought put danger theyre snarking need another one put trump voters place people dont know want danger society,-1.0,disgust,-1,7,-1,-1
5297,leftist media mainstream media owned billionaires really pushing media fear machine,-1.0,disgust,-1,7,-1,1
5298,worried want another pandemic different things,0.0,unemotional,0,27,-1,0
5299,interesting hear someone left recommend covid vaccines know exist politicized internet hard find 👏🏽,1.0,surprise,1,25,1,1
5300,told husband im willing bet another pandemic next years listen morning news every morning getting ready work channel recycles commercials morning election new commercial started rotation dr drew another guy dont know medical kit prepare another pandemic disease immediately wondered simpson episode foreshadowing 🙄,-1.0,fear,-1,14,1,1
5301,absolutely think much engagement would driven translates ad revenue lot people effectively forgotten crazy time,-1.0,disgust,-1,7,1,1
5302,nothing left leftist media wake question every disaster terrorist attack news sensationalist need try find political angle accept fact conservatism failed america chose embrace racism postholocaust world wont tolerate theres nothing hate left fact people like join youll able pressure left pain points whatever,-1.0,anger,-1,4,-1,-1
5303,idk post part propaganda op fallen propaganda another pandemic coming avoidable americans dont know selfindulgent fight see conservative narrative thats trying make coming pandemics leftist versus right thing thats hurt trumps last presidency contaxt covid coming back major way although didnt really go away people pretend deadly bird flu hitting united states china gotten weird new virus thats killing people pandemic coming imagine going get lot posts,-1.0,fear,-1,14,-1,0
5304,according still first pandemic bunch zero covid subreddits visited one year ago understand still masking even suggesting eventually get virus long enough timeline get banned truly indoctrinated,1.0,anger,1,4,-1,1
5305,think grossly underestimate extent another pandemic would exploited stakeholders across political spectrum agree far whatever leftist means opinion would included find take myopic overall,-1.0,anger,-1,4,-1,0
5306,thought covid hoax pandemic,0.0,unemotional,0,27,-1,0
5307,leftist,-1.0,anger,-1,4,0,0
5308,know covid statistically killed twice many conservatives democrats right precisely yall insisted politicizing wear slightly clothes,-1.0,disgust,-1,7,-1,1
5309,yea would love another months staying home,-1.0,disgust,-1,7,1,1
5310,dunno id consider left wing thing political media politicians chomping bit next big crisis population crisis easier manipulate,-1.0,anger,-1,4,-1,0
5311,people morons whole leftists add naive notion social welfare fails simplest run game theory add childish sense self world view beyond voila get hunger nonsensical authoritarian mask show vaccine id,-1.0,disgust,-1,7,-1,-1
5312,media fear = money,-1.0,disgust,-1,7,-1,0
5313,im personally excited donald trump killing another hundreds thousands fellow americans,-1.0,anger,-1,4,-1,1
5314,covid gods gift left jane fonda leftist,-1.0,disgust,-1,7,1,0
5315,want america suffer say told,-1.0,anger,-1,4,-1,0
5316,removed,0.0,unemotional,0,27,0,0
5317,pretty sure dont want another pandemic liberal,1.0,relief,1,21,1,1
5318,links op slander,-1.0,anger,-1,4,0,0
5319,taste control authority want larp underclass simultaneously aspiring ruling class,-1.0,anger,-1,4,1,0
5320,know popular opinion covid wasnt pandemic level problem called endemic deadly disease yes problem yes difficult yes horrible flu yes bad many people yes tragic yes covid wasnt anything like black death pandemic level problems faced history ebola one example many lids currently keep im trying downplay covid exactly disease world starter beginner threat monsters closet worse scarier covid could ever covid scary people sheltered dont understand depth shit horror world honestly covids origin scarest part far disease besides youre right op think many found power gained scare intoxicating,0.0,unemotional,0,27,-1,-1
5321,apparently op doesnt know medical history four flu pandemics happened last years pandemics nih criteria cholera sars ebola aids pandemics considered widespread previously unknown diseases diseases known become widespread uncontrollable pandemics regional epidemics norm throughout history havent exposed much modern sanitation strong health departments going wayside buckle kids ride going get real bumpy state stripped health department powers keep disease check one hundred years muh freedum,-1.0,disgust,-1,7,-1,1
5322,well enjoy way republicans killing prove last pandemic wasnt real,-1.0,anger,-1,4,0,1
5323,theyre dying opportunity shit people dont like matter consequences action,-1.0,anger,-1,4,-1,0
5324,want blame trump,-1.0,disgust,-1,7,-1,0
5325,think year long worldwide lockdown every years allow nice slow best time life peak covid lockdown honestly miss sometimes dont wish negative health aspects lockdown would nice year every years spend time reflecting relaxing recovering,1.0,relief,1,21,1,1
5326,supposed wish another pandemic trump kill another million innocent americans,-1.0,anger,-1,4,-1,1
5327,left isnt leftist would prefer people die media might though,0.0,unemotional,0,27,-1,0
5328,last pandemic referring spainish wasnt years next pandemic years asian flu wasnt years next pandemic years hong kong flu years hiv years sats years swine flu like rudolph famous one covid actually despite claims seem frequent every little sniffle reported potential candidate next pandemic spotted early primary function cdc labs around world monitor sniffles next epidemic covid originally listed unknown flu variant sudden surge sniffles gave away much earlier waited acknowledge pandemic,0.0,unemotional,0,27,-1,1
5329,believe bill mahr said paraphrasing cant arsed lookup precise quote >one ways get trump white house bad economy bring recession shortly covid response induced recession,0.0,unemotional,0,27,-1,-1
5330,entire post filled halftruths presumptions ill try address obvious ones > pandemics rare advent mass industrial animal agriculture well rise wet markets asia risk major pandemics rises lot something understood since potential viruses mutate much wider variety animals increases due modern agricultural methods sars contained spread much extraordinarily lucky contain took combined effort dozens countries mobilizing lockdowns restrictions take spread pandemic levels high chance would didnt catch early death rate aka hundreds millions dead sars uniquely spread due wet markets pandemic never would happened without modern factors mentioned covid > every one existential crisis according media fear machine rsv norovirus never viewed pandemics norovirus come waves awful go family awful nobody views crisis still news worthy cases spike city dishonest trying say viewed existential crisis real issue bird flu genuinely massive concern downplayed epidemiologist world right extremely concerned bird flu mutating human transmissibility spread animal populations worldwide rate never seen past year rapidly approaching ability cause human human transmission bird flu mortality rate something scoff even assuming bird flu doesnt materialize anything said modern agricultural still going dealing threat pandemics much much commonly premodern era,0.0,sympathy,0,26,-1,0
5331,safely say want another pandemic problem right never listen us telling needs done prevent pandemics case need herd culling prevent dont listen theres massive outbreak wont want anything prevent loss life either god right stupid,-1.0,anger,-1,4,-1,1
5332,would left want another pandemic trump didnt want help americans first place said wasnt real,-1.0,anger,-1,4,-1,1
5333,lol ok man agree truly unpopular opinion thats truly halfbaked nonsense,-1.0,disgust,-1,7,1,1
5334,tell dont know pandemic without telling dont know pandemic,-1.0,anger,-1,4,0,0
5335,ive honestly mostly seen freak outs right planning dupe us next lockdown violate us multitude ways outbreak insert virus avian flu rsv pretty fucking bad kids especially though could potentially big fucking deal mutates mostly media reporting outbreaks common winter viruses people know wash hands often take bunch vitamin c avoid little kids like plague take whatever preferred prevention method like reported decades lol swear right wasnt shitting pants regular run mill thing every two seconds id think world ended also peak entitled self centered american say things cause concern anyone functioning immune system lot viruses fuck people even kill large number people every single year dont hear much newer developments also guessing dont kids youve ever kid caught norovirus rocketing ends hours youd watching sign shit coming around trust,-1.0,anger,-1,4,-1,0
5336,think overblown paranoia one wants pandemic theyre catastrophic events media reports public health risks raise awareness save lives viruses like rsv bird flu arent framed existential crises reminders stay informed vaccines basic precautions protecting vulnerable populations fearmongering functioning immune system isnt bulletproof public health measures collective responsibilitynot media conspiracy,1.0,relief,1,21,-1,-1
5337,describing news cycle thats left discussing trends risks measures taken thats doctors thats job taking research notices trying sell newspapers,0.0,unemotional,0,27,-1,0
5338,someone considers pretty leftist hoping another pandemic,1.0,relief,1,21,1,1
5339,another particularly first months trump taking office think evangelicals wimould associate curse god picking suck morally bankrupt character yeah neither thats hard take seriously office theyd screaming thats cant take seriously,-1.0,disgust,-1,7,-1,-1
5340,last pandemic swine flu caused least schools operate,0.0,unemotional,0,27,-1,-1
5341,jenner fursts new doc thank dr fauci,1.0,enthusiasm,1,12,1,1
5342,going see pandemics world globalized temperature rises going become common anyway theres pretty big difference seasonal rhinovirus disease lethality like bird flu spreading animals right right wingers really care lockdowns dont want lose access treats,-1.0,fear,-1,14,1,1
5343,bull shit left doesnt want another pandemic,-1.0,anger,-1,4,-1,-1
5344,people see keeping pandemic alive people think covid fake vaccine bio weapon one fucking cares,-1.0,anger,-1,4,1,-1
5345,left would argue yes hindsight went way way far shelterinplace shut economy bullshit caused much unnecessary misery however hearts right place best information time sorry trying save lives,1.0,sympathy,1,26,0,1
5346,especially pin opposition,-1.0,disgust,-1,7,0,0
5347,never let good crisis go waste,0.0,unemotional,0,27,-1,1
5348,yeah whole point post left wing people especially seem want second pandemic read opinions people arent left wing none seem want second pandemic happens want repeat things done left lockdowns mandates etc,-1.0,anger,-1,4,1,0
5349,fruit booter havent heard since highschool,0.0,joy,0,19,0,0
5350,cant trust especially wood pushers fruit booters shifty shady sobs,-1.0,disgust,-1,7,-1,-1
5351,say public health risk mean active risk right meaning actively widely spreading people shouldnt need taking precautions fear bird flu mutate transmissibility among humans eventually could trigger pandemic fearmongering epidemiologist world right sounding alarms massively increased risk bird flu pandemic last years,0.0,unemotional,0,27,-1,0
5352,also sometimes theyll add paywall drives people away reading article even title always visible matter,0.0,unemotional,0,27,0,0
5353,take look reddit several subs dedicated worshipping pandemics even normal subs dominated pro pandemic weirdos,-1.0,disgust,-1,7,1,1
5354,one side falls actually want,-1.0,anger,-1,4,1,0
5355,> cut left vs right bullshit get together corporations please youre almost something happened dont ever want reoccur hence racial gender political tribalism anything keep unwashed masses discussing economic classes,1.0,enthusiasm,1,12,-1,1
5356,swine flu pandemic remember gf got brought food lunch break told like damn thats crazy hope youre okay invited fuck told kiss wouldnt get dumb enough time realize thats things work fucked like minutes late work perfectly fine,-1.0,disgust,-1,7,1,-1
5357,swine flue joy pandemic stretch imagination know pandemic describe fit definition,1.0,joy,1,19,1,1
5358,fox pushes different type fear agree owned billionaires mainstream media minus fox generally dnc propaganda machine,0.0,unemotional,0,27,-1,0
5359,worried world ending meteor strike supervolcano explosion plane crashing,-1.0,disgust,-1,7,-1,0
5360,add antivax covid hoax idiots dangerous every sniffle next covid idiots,-1.0,disgust,-1,7,-1,-1
5361,everyone thinks left bunch covid worshippers antivax thinks covid hoax dems consistently overestimated risk,0.0,relief,0,21,-1,1
5362,hate big pharma yet love drugs,-1.0,disgust,-1,7,1,-1
5363,yet presidency chambers congress horrible failed policies past four years cries racism meaningless anymore since even math racist according left,-1.0,anger,-1,4,-1,-1
5364,forget right racist repeating make true,-1.0,disgust,-1,7,-1,1
5365,sure pandemic coming near term sounds like one fell propaganda explain went hundred years pandemics,-1.0,disgust,-1,7,1,1
5366,everyone covidiot denier rational people middle ground,-1.0,sad,-1,22,-1,0
5367,claiming twice many republicans died didnt wear masks,-1.0,disgust,-1,7,-1,1
5368,see actually happened faucci engineered covid target conservatives somehow dems died collateral damage yeah thats ticket,-1.0,surprise,-1,25,-1,0
5369,take survey died,-1.0,disgust,-1,7,-1,0
5370,think good thing look increase suicides drug overdoses time still reeling economic impact,0.0,unemotional,0,27,1,1
5371,look easiest manipulate,-1.0,anger,-1,4,1,0
5372,guys crazy,-1.0,anger,-1,4,-1,-1
5373,hahahaha,-1.0,anger,-1,4,0,1
5374,let stay home undermine capitalism mad forced office another pandemic would put stop,-1.0,disgust,-1,7,-1,-1
5375,actually think ebola pandemic kool aid,-1.0,disgust,-1,7,0,0
5376,must really enjoyed cuomo packing old folks homes amp mortality statistics,-1.0,disgust,-1,7,1,1
5377,want everyone time disaster,-1.0,sympathy,-1,26,-1,0
5378,fewer died biden magic wand,-1.0,anger,-1,4,-1,1
5379,huh media wants people die,-1.0,disgust,-1,7,-1,1
5380,tds,-1.0,disgust,-1,7,0,0
5381,kids norovirus yes unpleasant bot end world also covid even though vaccinated worst cold ever,-1.0,anger,-1,4,-1,-1
5382,lethality🤣🤣🤣🤣,-1.0,disgust,-1,7,0,0
5383,make huge profits special interests,-1.0,disgust,-1,7,1,1
5384,speaking left democrat actual left dont want another pandemic people dying hospitals overwhelmed people losing homes businesses etc want money pockets breaks less long hours stuff ruling class needs pandemic consider left ruling class sarcastic sometimes praying another pandemic whatever means things said without death overwork suffering,1.0,relief,1,21,1,0
5385,fruit booter,0.0,unemotional,0,27,0,0
5386,uh huh think found one itching return mask vax mandates,-1.0,anger,-1,4,0,0
5387,theres also horse porn reddit mean mainstream views,-1.0,disgust,-1,7,0,-1
5388,show link havent seen reddit also reddit mainstream left takes niche specialty sub see mainstream left subs minority extremists general given much voice fringes,1.0,sympathy,1,26,0,1
5389,sounds like worship right wing politicians media,-1.0,anger,-1,4,1,1
5390,guess werent chan big ebola scare worshiping ebolachan making shrines blood rituals give strength fantasizing making plans theyd spread much possible reddit pandemic stuff pales comparison,-1.0,disgust,-1,7,1,0
5391,dude someone left dont want pandemic covid stole dont want locked little bit left,1.0,sad,1,22,-1,-1
5392,seem think leftists may even leftists want another pandemic leftists therefore must want another pandemic,1.0,sympathy,1,26,1,0
5393,thanks like staying alive like relatives alive literally one even slight sound mind wants another pandemic,1.0,fear,1,14,1,1
5394,depraved nonsense ^ 🤣,-1.0,disgust,-1,7,-1,0
5395,zany notion zany seem believe nobody wants pandemic youve strawmanned,1.0,surprise,1,25,0,1
5396,oh well obviously swine flu wasnt problem based anecdote,-1.0,joy,-1,19,1,0
5397,yeah vaccinating kids school remember pulled class times vaccination couldnt get nasal spray asthma,1.0,sympathy,1,26,1,0
5398,know people died itsojust cause harmless doesnt mean harmless everyone,-1.0,sad,-1,22,-1,-1
